match_id,team,total_runs,wickets_lost,balls_x,fours,sixes,run_rate,runs_conceded,wickets_taken,balls_y,team1,team2,winner,result,won,opponent,form_runs,form_wickets,win_ratio_5,h2h_winrate
1286681,Argentina,13.0,0.0,12.0,1.0,0.0,6.5,18.0,0.0,21.0,Argentina,United States of America,United States of America,"{""wickets"": 8}",0,United States of America,,,,0.0
1286685,Argentina,17.0,3.0,19.0,2.0,0.0,5.37,6.0,0.0,9.0,Argentina,Canada,Canada,"{""wickets"": 9}",0,Canada,,,,0.0
533273,Australia,31.0,1.0,19.0,3.0,1.0,9.79,,,,Australia,Ireland,Australia,"{""wickets"": 7}",1,Ireland,,,,0.5
682957,Australia,26.0,1.0,25.0,4.0,0.0,6.24,,,,Bangladesh,Australia,Australia,"{""wickets"": 7}",1,Bangladesh,,,,0.28
951337,Australia,23.0,1.0,15.0,4.0,0.0,9.2,2.0,1.0,2.0,Australia,New Zealand,New Zealand,"{""runs"": 8}",0,New Zealand,,,,0.4
951347,Australia,31.0,3.0,26.0,2.0,2.0,7.15,1.0,1.0,6.0,Australia,Bangladesh,Australia,"{""wickets"": 3}",1,Bangladesh,,,,0.28
1119501,Australia,16.0,2.0,24.0,0.0,0.0,4.0,,,,Australia,India,India,"{""wickets"": 9}",0,India,25.4,,0.6,0.17
1119502,Australia,46.0,0.0,24.0,3.0,3.0,11.5,19.0,2.0,21.0,India,Australia,Australia,"{""wickets"": 8}",1,India,28.4,,0.6,0.17
1142914,Australia,60.0,1.0,36.0,3.0,4.0,10.0,69.0,5.0,66.0,Pakistan,Australia,Australia,"{""wickets"": 9}",1,Pakistan,35.2,,0.6,0.29
1142917,Australia,97.0,5.0,73.0,9.0,2.0,7.97,114.0,4.0,76.0,Pakistan,Australia,Pakistan,"{""runs"": 45}",0,Pakistan,50.0,,0.6,0.29
1142919,Australia,149.0,7.0,101.0,9.0,8.0,8.85,98.0,3.0,54.0,Australia,Pakistan,Pakistan,"{""wickets"": 6}",0,Pakistan,73.6,,0.4,0.29
1144990,Australia,24.0,3.0,27.0,1.0,0.0,5.33,18.0,1.0,13.0,Australia,India,Australia,"{""runs"": 4}",1,India,75.2,3.0,0.6,0.17
1144991,Australia,23.0,1.0,25.0,1.0,1.0,5.52,,,,Australia,India,,,0,India,70.6,,0.4,0.17
1144992,Australia,20.0,1.0,26.0,1.0,0.0,4.62,16.0,1.0,21.0,Australia,India,India,"{""wickets"": 6}",0,India,62.6,,0.2,0.17
1157372,Australia,69.0,7.0,77.0,10.0,0.0,5.38,113.0,4.0,85.0,Pakistan,Australia,Pakistan,"{""runs"": 66}",0,Pakistan,57.0,,0.2,0.29
1157373,Australia,117.0,7.0,96.0,5.0,6.0,7.31,80.0,3.0,69.0,Pakistan,Australia,Pakistan,"{""runs"": 11}",0,Pakistan,50.6,,0.2,0.29
1157374,Australia,45.0,8.0,57.0,3.0,1.0,4.74,93.0,3.0,83.0,Pakistan,Australia,Pakistan,"{""runs"": 33}",0,Pakistan,54.8,,0.0,0.29
1168247,Australia,0.0,1.0,1.0,0.0,0.0,0.0,52.0,1.0,38.0,India,Australia,Australia,"{""wickets"": 3}",1,India,50.2,2.4,0.2,0.17
1168248,Australia,0.0,1.0,1.0,0.0,0.0,0.0,47.0,1.0,26.0,India,Australia,Australia,"{""wickets"": 7}",1,India,46.2,2.4,0.4,0.17
1183527,Australia,,,,,,,91.0,2.0,72.0,Australia,Pakistan,,,0,Pakistan,,2.0,0.4,0.29
1183528,Australia,25.0,1.0,25.0,2.0,0.0,6.0,67.0,3.0,61.0,Australia,Pakistan,Australia,"{""wickets"": 7}",1,Pakistan,,2.0,0.6,0.29
1183529,Australia,33.0,0.0,27.0,0.0,2.0,7.33,22.0,4.0,39.0,Australia,Pakistan,Australia,"{""wickets"": 10}",1,Pakistan,,2.2,0.8,0.29
1223952,Australia,18.0,0.0,24.0,1.0,0.0,4.5,61.0,2.0,46.0,India,Australia,India,"{""runs"": 11}",0,India,,2.4,0.6,0.17
1223953,Australia,36.0,3.0,27.0,3.0,1.0,8.0,31.0,1.0,22.0,Australia,India,India,"{""wickets"": 6}",0,India,,2.4,0.4,0.17
1223954,Australia,35.0,2.0,25.0,4.0,0.0,8.4,7.0,2.0,8.0,Australia,India,Australia,"{""runs"": 12}",1,India,29.4,2.4,0.6,0.17
1270834,Australia,77.0,9.0,94.0,4.0,1.0,4.91,74.0,5.0,71.0,Bangladesh,Australia,Bangladesh,"{""runs"": 23}",0,Bangladesh,39.8,2.8,0.4,0.28
1270835,Australia,99.0,6.0,97.0,10.0,1.0,6.12,97.0,3.0,97.0,Australia,Bangladesh,Bangladesh,"{""wickets"": 5}",0,Bangladesh,53.0,2.6,0.2,0.28
1270836,Australia,95.0,3.0,97.0,7.0,3.0,5.88,44.0,7.0,53.0,Bangladesh,Australia,Bangladesh,"{""runs"": 10}",0,Bangladesh,68.4,3.6,0.2,0.28
1270837,Australia,52.0,6.0,85.0,2.0,1.0,3.67,88.0,7.0,93.0,Bangladesh,Australia,Australia,"{""wickets"": 3}",1,Bangladesh,71.6,4.8,0.4,0.28
1270838,Australia,44.0,5.0,54.0,0.0,2.0,4.89,85.0,6.0,85.0,Bangladesh,Australia,Bangladesh,"{""runs"": 60}",0,Bangladesh,73.4,5.6,0.2,0.28
1273745,Australia,78.0,2.0,41.0,7.0,5.0,11.41,54.0,8.0,72.0,Bangladesh,Australia,Australia,"{""wickets"": 8}",1,Bangladesh,73.6,6.2,0.4,0.28
1273755,Australia,139.0,5.0,93.0,9.0,8.0,8.97,174.0,2.0,123.0,Pakistan,Australia,Australia,"{""wickets"": 5}",1,Pakistan,81.6,6.0,0.6,0.29
1273756,Australia,32.0,0.0,25.0,4.0,1.0,7.68,,,,New Zealand,Australia,Australia,"{""wickets"": 8}",1,New Zealand,69.0,,0.8,0.4
1288316,Australia,100.0,5.0,70.0,13.0,1.0,8.57,125.0,6.0,93.0,Pakistan,Australia,Australia,"{""wickets"": 3}",1,Pakistan,78.6,,0.8,0.29
1298165,Australia,24.0,1.0,25.0,0.0,1.0,5.76,0.0,1.0,4.0,Australia,Ireland,Australia,"{""runs"": 42}",1,Ireland,74.6,,1.0,0.5
1327503,Australia,,,,,,,56.0,1.0,36.0,India,Australia,Australia,"{""wickets"": 4}",1,India,,,1.0,0.17
1327504,Australia,,,,,,,10.0,1.0,6.0,Australia,India,India,"{""wickets"": 6}",0,India,,,0.8,0.17
1327505,Australia,0.0,1.0,1.0,0.0,0.0,0.0,3.0,1.0,5.0,Australia,India,India,"{""wickets"": 6}",0,India,,2.0,0.6,0.17
1388223,Australia,54.0,1.0,24.0,5.0,4.0,13.5,,,,New Zealand,Australia,Australia,"{""wickets"": 6}",1,New Zealand,,,0.6,0.4
1388224,Australia,40.0,2.0,27.0,3.0,3.0,8.89,0.0,1.0,1.0,Australia,New Zealand,Australia,"{""runs"": 72}",1,New Zealand,,,0.6,0.4
1388225,Australia,20.0,1.0,12.0,1.0,2.0,10.0,,,,Australia,New Zealand,Australia,"{""runs"": 27}",1,New Zealand,,,0.6,0.4
1389391,Australia,126.0,2.0,77.0,12.0,7.0,9.82,76.0,4.0,56.0,Australia,India,India,"{""wickets"": 2}",0,India,48.0,,0.6,0.17
1389392,Australia,121.0,5.0,76.0,8.0,8.0,9.55,62.0,1.0,37.0,India,Australia,India,"{""runs"": 44}",0,India,72.2,,0.6,0.17
1389393,Australia,116.0,4.0,77.0,13.0,4.0,9.04,39.0,1.0,33.0,India,Australia,Australia,"{""wickets"": 5}",1,India,84.6,,0.6,0.17
1389394,Australia,93.0,3.0,79.0,7.0,3.0,7.06,6.0,1.0,5.0,India,Australia,India,"{""runs"": 20}",0,India,95.2,,0.4,0.17
1389395,Australia,140.0,8.0,98.0,13.0,7.0,8.57,5.0,1.0,4.0,India,Australia,India,"{""runs"": 6}",0,India,119.2,1.6,0.2,0.17
1415710,Australia,126.0,5.0,101.0,13.0,3.0,7.49,49.0,5.0,61.0,Australia,Oman,Australia,"{""runs"": 39}",1,Oman,119.2,1.8,0.4,0.5
1415724,Australia,,,,,,,3.0,1.0,9.0,Namibia,Australia,Australia,"{""wickets"": 9}",1,Namibia,,1.8,0.6,0.5
1415744,Australia,100.0,2.0,68.0,9.0,6.0,8.82,77.0,5.0,73.0,Bangladesh,Australia,Australia,"{""runs"": 28}",1,Bangladesh,,2.6,0.6,0.28
1415751,Australia,65.0,5.0,50.0,5.0,3.0,7.8,,,,India,Australia,India,"{""runs"": 24}",0,India,,,0.6,0.17
1426552,Australia,93.0,4.0,44.0,9.0,6.0,12.68,64.0,9.0,42.0,Australia,Pakistan,Australia,"{""runs"": 29}",1,Pakistan,,,0.8,0.29
1426553,Australia,147.0,9.0,124.0,12.0,4.0,7.11,134.0,10.0,126.0,Australia,Pakistan,Australia,"{""runs"": 13}",1,Pakistan,,,0.8,0.29
1426554,Australia,118.0,3.0,70.0,13.0,6.0,10.11,117.0,10.0,114.0,Pakistan,Australia,Australia,"{""wickets"": 7}",1,Pakistan,104.6,,0.8,0.29
1478907,Australia,,,,,,,56.0,1.0,34.0,India,Australia,,,0,India,,,0.6,0.17
1478908,Australia,72.0,3.0,34.0,5.0,5.0,12.71,111.0,5.0,90.0,India,Australia,Australia,"{""wickets"": 4}",1,India,,7.0,0.8,0.17
1478909,Australia,49.0,5.0,32.0,7.0,1.0,9.19,123.0,3.0,79.0,Australia,India,India,"{""wickets"": 5}",0,India,,5.8,0.6,0.17
1478910,Australia,25.0,5.0,27.0,3.0,1.0,5.56,96.0,5.0,79.0,India,Australia,India,"{""runs"": 48}",0,India,,4.8,0.4,0.17
1478911,Australia,,,,,,,52.0,0.0,29.0,India,Australia,,,0,India,,2.8,0.2,0.17
1318357,Austria,,,,,,,12.0,1.0,18.0,Germany,Austria,Germany,"{""runs"": 54}",0,Germany,,,,0.0
1383074,Austria,0.0,1.0,1.0,0.0,0.0,0.0,9.0,0.0,3.0,Ireland,Austria,Ireland,"{""runs"": 128}",0,Ireland,,,,0.0
1436492,Austria,8.0,1.0,18.0,0.0,0.0,2.67,2.0,1.0,4.0,France,Austria,Austria,"{""wickets"": 6}",1,France,,,,0.5
1286682,Bahamas,0.0,1.0,1.0,0.0,0.0,0.0,45.0,0.0,41.0,Bahamas,United States of America,United States of America,"{""wickets"": 10}",0,United States of America,,,,0.0
1481305,Bahamas,0.0,3.0,9.0,0.0,0.0,0.0,53.0,1.0,29.0,United States of America,Bahamas,United States of America,"{""runs"": 149}",0,United States of America,,,,0.0
1481307,Bahamas,17.0,6.0,43.0,1.0,0.0,2.37,,,,Bahamas,Canada,Canada,"{""wickets"": 10}",0,Canada,,,,0.0
1488331,Bahamas,13.0,1.0,10.0,1.0,0.0,7.8,,,,Bahamas,Canada,Canada,"{""wickets"": 10}",0,Canada,,,,0.0
1488334,Bahamas,20.0,6.0,52.0,2.0,0.0,2.31,2.0,0.0,2.0,Bahamas,Canada,Canada,"{""wickets"": 7}",0,Canada,10.0,,0.0,0.0
1489581,Bahamas,15.0,1.0,24.0,2.0,0.0,3.75,21.0,2.0,18.0,Canada,Bahamas,Canada,"{""runs"": 107}",0,Canada,13.0,,0.0,0.0
1299573,Bahrain,0.0,1.0,1.0,0.0,0.0,0.0,24.0,1.0,11.0,Ireland,Bahrain,Ireland,"{""runs"": 21}",0,Ireland,,,,0.0
1299582,Bahrain,44.0,3.0,52.0,3.0,0.0,5.08,,,,Bahrain,Canada,Canada,"{""wickets"": 7}",0,Canada,,,,0.17
1344783,Bahrain,111.0,3.0,65.0,8.0,6.0,10.25,85.0,3.0,37.0,Bahrain,Canada,Canada,"{""wickets"": 4}",0,Canada,,,,0.17
1344785,Bahrain,87.0,0.0,75.0,8.0,3.0,6.96,43.0,4.0,51.0,Oman,Bahrain,Bahrain,"{""wickets"": 6}",1,Oman,,,,0.17
1344789,Bahrain,56.0,1.0,38.0,7.0,2.0,8.84,129.0,2.0,90.0,Canada,Bahrain,Bahrain,"{""wickets"": 8}",1,Canada,59.6,,0.4,0.17
1344791,Bahrain,59.0,3.0,45.0,3.0,5.0,7.87,150.0,2.0,73.0,Oman,Bahrain,Oman,"{""runs"": 106}",0,Oman,71.4,,0.4,0.17
1392811,Bahrain,87.0,7.0,99.0,4.0,2.0,5.27,26.0,4.0,32.0,Bahrain,Oman,Bahrain,"{""runs"": 1}",1,Oman,80.0,3.0,0.6,0.17
1405325,Bahrain,101.0,9.0,116.0,13.0,0.0,5.22,,,,Bahrain,Oman,Oman,"{""wickets"": 10}",0,Oman,78.0,,0.6,0.17
1426455,Bahrain,159.0,8.0,113.0,12.0,7.0,8.44,128.0,2.0,86.0,Oman,Bahrain,Oman,"{""runs"": 3}",0,Oman,92.4,,0.4,0.17
1457350,Bahrain,,,,,,,3.0,1.0,5.0,Bahrain,Uganda,Bahrain,"{""runs"": 17}",1,Uganda,,,0.4,0.5
1463661,Bahrain,40.0,4.0,37.0,1.0,3.0,6.49,54.0,2.0,56.0,Oman,Bahrain,Oman,"{""runs"": 2}",0,Oman,,,0.4,0.17
623571,Bangladesh,,,,,,,14.0,1.0,14.0,Zimbabwe,Bangladesh,Zimbabwe,"{""runs"": 6}",0,Zimbabwe,,,,0.33
623572,Bangladesh,0.0,2.0,2.0,0.0,0.0,0.0,39.0,2.0,33.0,Zimbabwe,Bangladesh,Bangladesh,"{""runs"": 34}",1,Zimbabwe,,,,0.33
682907,Bangladesh,21.0,0.0,12.0,1.0,2.0,10.5,,,,Bangladesh,Nepal,Bangladesh,"{""wickets"": 8}",1,Nepal,,,,0.5
682957,Bangladesh,,,,,,,26.0,1.0,25.0,Bangladesh,Australia,Australia,"{""wickets"": 7}",0,Australia,,,,0.22
817203,Bangladesh,31.0,4.0,40.0,1.0,1.0,4.65,32.0,1.0,26.0,Bangladesh,South Africa,South Africa,"{""runs"": 52}",0,South Africa,,,0.4,0.0
817205,Bangladesh,51.0,3.0,33.0,7.0,1.0,9.27,45.0,1.0,31.0,Bangladesh,South Africa,South Africa,"{""runs"": 31}",0,South Africa,,,0.4,0.0
858491,Bangladesh,0.0,1.0,1.0,0.0,0.0,0.0,52.0,4.0,50.0,Bangladesh,Pakistan,Bangladesh,"{""wickets"": 7}",1,Pakistan,,,0.4,0.13
931396,Bangladesh,18.0,2.0,13.0,2.0,0.0,8.31,21.0,3.0,27.0,Bangladesh,Zimbabwe,Bangladesh,"{""wickets"": 4}",1,Zimbabwe,,2.0,0.4,0.33
931398,Bangladesh,1.0,0.0,1.0,0.0,0.0,6.0,18.0,2.0,32.0,Bangladesh,Zimbabwe,Zimbabwe,"{""wickets"": 3}",0,Zimbabwe,20.2,2.2,0.4,0.33
951309,Bangladesh,15.0,1.0,13.0,2.0,0.0,6.92,24.0,1.0,24.0,Bangladesh,Netherlands,Bangladesh,"{""runs"": 8}",1,Netherlands,17.0,2.2,0.6,0.42
951319,Bangladesh,44.0,2.0,27.0,4.0,1.0,9.78,,,,Bangladesh,Ireland,,,0,Ireland,15.6,,0.6,0.25
951327,Bangladesh,24.0,1.0,39.0,4.0,0.0,3.69,10.0,2.0,15.0,Bangladesh,Oman,Bangladesh,"{""runs"": 54}",1,Oman,20.4,,0.6,0.5
951333,Bangladesh,0.0,1.0,2.0,0.0,0.0,0.0,33.0,3.0,25.0,Bangladesh,Pakistan,Pakistan,"{""runs"": 55}",0,Pakistan,16.8,,0.4,0.13
951347,Bangladesh,1.0,1.0,6.0,0.0,0.0,1.0,31.0,3.0,26.0,Australia,Bangladesh,Australia,"{""wickets"": 3}",0,Australia,16.8,,0.4,0.22
951353,Bangladesh,22.0,2.0,22.0,1.0,1.0,6.0,35.0,3.0,25.0,India,Bangladesh,India,"{""runs"": 1}",0,India,18.2,,0.2,0.03
951359,Bangladesh,13.0,2.0,12.0,0.0,1.0,6.5,22.0,5.0,24.0,Bangladesh,New Zealand,New Zealand,"{""runs"": 75}",0,New Zealand,12.0,3.2,0.2,0.12
958415,Bangladesh,30.0,2.0,18.0,3.0,1.0,10.0,23.0,4.0,30.0,Bangladesh,Zimbabwe,Bangladesh,"{""wickets"": 4}",1,Zimbabwe,13.2,3.6,0.2,0.33
958417,Bangladesh,46.0,1.0,35.0,4.0,3.0,7.89,21.0,4.0,26.0,Bangladesh,Zimbabwe,Bangladesh,"{""runs"": 42}",1,Zimbabwe,22.4,3.8,0.4,0.33
958419,Bangladesh,65.0,3.0,52.0,8.0,1.0,7.5,7.0,2.0,7.0,Bangladesh,Zimbabwe,Zimbabwe,"{""runs"": 31}",0,Zimbabwe,35.2,3.6,0.4,0.33
958421,Bangladesh,57.0,3.0,40.0,3.0,3.0,8.55,32.0,2.0,27.0,Bangladesh,Zimbabwe,Zimbabwe,"{""runs"": 18}",0,Zimbabwe,42.2,3.4,0.4,0.33
966745,Bangladesh,29.0,1.0,32.0,2.0,1.0,5.44,64.0,2.0,46.0,India,Bangladesh,India,"{""runs"": 45}",0,India,45.4,2.8,0.4,0.03
966749,Bangladesh,25.0,3.0,19.0,2.0,1.0,7.89,37.0,6.0,46.0,Bangladesh,United Arab Emirates,Bangladesh,"{""runs"": 51}",1,United Arab Emirates,44.4,3.2,0.4,0.33
966753,Bangladesh,2.0,2.0,8.0,0.0,0.0,1.5,39.0,5.0,47.0,Bangladesh,Sri Lanka,Bangladesh,"{""runs"": 23}",1,Sri Lanka,35.6,3.4,0.4,0.25
966759,Bangladesh,50.0,1.0,49.0,5.0,1.0,6.12,14.0,1.0,24.0,Bangladesh,Pakistan,Bangladesh,"{""wickets"": 5}",1,Pakistan,32.6,3.2,0.6,0.13
966765,Bangladesh,14.0,1.0,9.0,3.0,0.0,9.33,14.0,2.0,19.0,Bangladesh,India,India,"{""wickets"": 8}",0,India,24.0,3.2,0.6,0.03
1019979,Bangladesh,7.0,1.0,7.0,1.0,0.0,6.0,38.0,1.0,31.0,New Zealand,Bangladesh,New Zealand,"{""wickets"": 6}",0,New Zealand,19.6,3.0,0.6,0.12
1019981,Bangladesh,49.0,2.0,39.0,3.0,2.0,7.54,31.0,1.0,27.0,New Zealand,Bangladesh,New Zealand,"{""runs"": 47}",0,New Zealand,24.4,2.0,0.4,0.12
1019983,Bangladesh,51.0,1.0,35.0,7.0,0.0,8.74,59.0,1.0,33.0,New Zealand,Bangladesh,New Zealand,"{""runs"": 27}",0,New Zealand,34.2,1.2,0.2,0.12
1075507,Bangladesh,98.0,2.0,64.0,8.0,3.0,9.19,42.0,0.0,24.0,South Africa,Bangladesh,South Africa,"{""runs"": 20}",0,South Africa,43.8,1.0,0.0,0.0
1075508,Bangladesh,87.0,5.0,67.0,8.0,3.0,7.79,95.0,2.0,43.0,South Africa,Bangladesh,South Africa,"{""runs"": 83}",0,South Africa,58.4,1.0,0.0,0.0
1083449,Bangladesh,35.0,1.0,22.0,3.0,1.0,9.55,83.0,3.0,56.0,Sri Lanka,Bangladesh,Sri Lanka,"{""wickets"": 6}",0,Sri Lanka,64.0,1.4,0.0,0.25
1083450,Bangladesh,43.0,2.0,24.0,5.0,2.0,10.75,45.0,5.0,37.0,Sri Lanka,Bangladesh,Bangladesh,"{""runs"": 45}",1,Sri Lanka,62.8,2.2,0.2,0.25
1130746,Bangladesh,56.0,2.0,36.0,6.0,2.0,9.33,92.0,3.0,47.0,Bangladesh,Sri Lanka,Sri Lanka,"{""wickets"": 6}",0,Sri Lanka,63.8,2.6,0.2,0.25
1130747,Bangladesh,42.0,5.0,48.0,3.0,1.0,5.25,136.0,4.0,77.0,Sri Lanka,Bangladesh,Sri Lanka,"{""runs"": 75}",0,Sri Lanka,52.6,3.4,0.2,0.25
1133818,Bangladesh,68.0,3.0,69.0,5.0,1.0,5.91,67.0,2.0,49.0,Bangladesh,India,India,"{""wickets"": 6}",0,India,48.8,3.4,0.2,0.03
1133819,Bangladesh,70.0,2.0,43.0,4.0,6.0,9.77,103.0,4.0,56.0,Sri Lanka,Bangladesh,Bangladesh,"{""wickets"": 5}",1,Sri Lanka,55.8,3.6,0.4,0.25
1133821,Bangladesh,72.0,5.0,53.0,11.0,1.0,8.15,38.0,1.0,25.0,India,Bangladesh,India,"{""runs"": 17}",0,India,61.6,2.8,0.2,0.03
1133822,Bangladesh,11.0,3.0,17.0,0.0,0.0,3.88,64.0,5.0,40.0,Sri Lanka,Bangladesh,Bangladesh,"{""wickets"": 2}",1,Sri Lanka,52.6,3.2,0.4,0.25
1133823,Bangladesh,32.0,2.0,36.0,0.0,2.0,5.33,80.0,3.0,57.0,Bangladesh,India,India,"{""wickets"": 4}",0,India,50.6,3.0,0.4,0.03
1146723,Bangladesh,27.0,2.0,27.0,3.0,0.0,6.0,18.0,2.0,12.0,Bangladesh,West Indies,West Indies,"{""wickets"": 7}",0,West Indies,42.4,3.0,0.4,0.19
1146724,Bangladesh,16.0,2.0,23.0,1.0,1.0,4.17,50.0,5.0,31.0,Bangladesh,West Indies,Bangladesh,"{""runs"": 12}",1,West Indies,31.6,3.2,0.4,0.19
1146725,Bangladesh,66.0,2.0,36.0,7.0,3.0,11.0,49.0,4.0,39.0,Bangladesh,West Indies,Bangladesh,"{""runs"": 19}",1,West Indies,30.4,3.8,0.6,0.19
1153317,Bangladesh,16.0,4.0,13.0,2.0,0.0,7.38,28.0,2.0,14.0,Bangladesh,West Indies,West Indies,"{""wickets"": 8}",0,West Indies,31.4,3.2,0.4,0.19
1153318,Bangladesh,95.0,2.0,58.0,9.0,5.0,9.83,97.0,6.0,54.0,Bangladesh,West Indies,Bangladesh,"{""runs"": 36}",1,West Indies,44.0,3.8,0.6,0.19
1153319,Bangladesh,74.0,5.0,54.0,4.0,5.0,8.22,69.0,4.0,52.0,Bangladesh,West Indies,West Indies,"{""runs"": 50}",0,West Indies,53.4,4.2,0.6,0.19
1187013,Bangladesh,78.0,3.0,71.0,4.0,3.0,6.59,70.0,4.0,64.0,India,Bangladesh,Bangladesh,"{""wickets"": 7}",1,India,65.8,4.0,0.6,0.03
1187014,Bangladesh,106.0,4.0,84.0,11.0,1.0,7.57,54.0,0.0,39.0,India,Bangladesh,India,"{""wickets"": 8}",0,India,73.8,3.2,0.4,0.03
1187015,Bangladesh,102.0,7.0,73.0,12.0,3.0,8.38,124.0,3.0,78.0,India,Bangladesh,India,"{""runs"": 30}",0,India,91.0,3.4,0.4,0.03
1197140,Bangladesh,84.0,3.0,49.0,10.0,2.0,10.29,58.0,3.0,50.0,Bangladesh,Zimbabwe,Bangladesh,"{""wickets"": 3}",1,Zimbabwe,88.8,2.8,0.4,0.33
1197143,Bangladesh,51.0,2.0,32.0,5.0,2.0,9.56,53.0,5.0,51.0,Bangladesh,Zimbabwe,Bangladesh,"{""runs"": 39}",1,Zimbabwe,84.2,3.0,0.6,0.33
1213058,Bangladesh,132.0,5.0,113.0,12.0,3.0,7.01,72.0,3.0,53.0,Pakistan,Bangladesh,Pakistan,"{""wickets"": 5}",0,Pakistan,95.0,2.8,0.4,0.13
1213059,Bangladesh,112.0,6.0,105.0,11.0,2.0,6.4,93.0,0.0,67.0,Pakistan,Bangladesh,Pakistan,"{""wickets"": 9}",0,Pakistan,96.2,2.8,0.4,0.13
1214670,Bangladesh,132.0,1.0,82.0,9.0,8.0,9.66,100.0,10.0,91.0,Bangladesh,Zimbabwe,Bangladesh,"{""runs"": 48}",1,Zimbabwe,102.2,4.2,0.6,0.33
1214671,Bangladesh,120.0,1.0,99.0,13.0,2.0,7.27,96.0,6.0,97.0,Bangladesh,Zimbabwe,Bangladesh,"{""wickets"": 9}",1,Zimbabwe,109.4,4.8,0.6,0.33
1233979,Bangladesh,129.0,6.0,111.0,16.0,2.0,6.97,210.0,3.0,124.0,New Zealand,Bangladesh,New Zealand,"{""runs"": 66}",0,New Zealand,125.0,4.4,0.4,0.12
1233980,Bangladesh,125.0,6.0,91.0,11.0,4.0,8.24,173.0,5.0,111.0,New Zealand,Bangladesh,New Zealand,"{""runs"": 28}",0,New Zealand,123.6,4.8,0.4,0.12
1233981,Bangladesh,52.0,8.0,38.0,4.0,4.0,8.21,108.0,4.0,49.0,New Zealand,Bangladesh,New Zealand,"{""runs"": 65}",0,New Zealand,111.6,5.6,0.4,0.12
1267680,Bangladesh,137.0,2.0,108.0,11.0,3.0,7.61,109.0,9.0,84.0,Zimbabwe,Bangladesh,Bangladesh,"{""wickets"": 8}",1,Zimbabwe,112.6,5.4,0.4,0.33
1267681,Bangladesh,126.0,9.0,107.0,10.0,4.0,7.07,135.0,6.0,106.0,Zimbabwe,Bangladesh,Zimbabwe,"{""runs"": 23}",0,Zimbabwe,113.8,5.4,0.2,0.33
1267682,Bangladesh,128.0,3.0,80.0,15.0,3.0,9.6,169.0,5.0,98.0,Zimbabwe,Bangladesh,Bangladesh,"{""wickets"": 5}",1,Zimbabwe,113.6,5.8,0.4,0.33
1270834,Bangladesh,74.0,5.0,71.0,5.0,2.0,6.25,77.0,9.0,94.0,Bangladesh,Australia,Bangladesh,"{""runs"": 23}",1,Australia,103.4,6.6,0.6,0.22
1270835,Bangladesh,97.0,3.0,97.0,8.0,2.0,6.0,99.0,6.0,97.0,Australia,Bangladesh,Bangladesh,"{""wickets"": 5}",1,Australia,112.4,7.0,0.8,0.22
1270836,Bangladesh,44.0,7.0,53.0,1.0,2.0,4.98,95.0,3.0,97.0,Bangladesh,Australia,Bangladesh,"{""runs"": 10}",1,Australia,93.8,5.8,0.8,0.22
1270837,Bangladesh,88.0,7.0,93.0,3.0,3.0,5.68,52.0,6.0,85.0,Bangladesh,Australia,Australia,"{""wickets"": 3}",0,Australia,86.2,5.8,0.8,0.22
1270838,Bangladesh,85.0,6.0,85.0,4.0,3.0,6.0,44.0,5.0,54.0,Bangladesh,Australia,Bangladesh,"{""runs"": 60}",1,Australia,77.6,5.8,0.8,0.22
1272093,Bangladesh,2.0,2.0,9.0,0.0,0.0,1.33,40.0,8.0,65.0,New Zealand,Bangladesh,Bangladesh,"{""wickets"": 7}",1,New Zealand,63.2,5.6,0.8,0.12
1272094,Bangladesh,89.0,4.0,81.0,7.0,1.0,6.59,101.0,4.0,94.0,Bangladesh,New Zealand,Bangladesh,"{""runs"": 4}",1,New Zealand,61.6,5.2,0.8,0.12
1272095,Bangladesh,50.0,8.0,72.0,6.0,0.0,4.17,94.0,4.0,86.0,New Zealand,Bangladesh,New Zealand,"{""runs"": 52}",0,New Zealand,62.8,5.4,0.6,0.12
1272096,Bangladesh,43.0,2.0,57.0,2.0,1.0,4.53,60.0,10.0,88.0,New Zealand,Bangladesh,Bangladesh,"{""wickets"": 6}",1,New Zealand,53.8,6.2,0.8,0.12
1272097,Bangladesh,106.0,6.0,93.0,9.0,3.0,6.84,143.0,5.0,102.0,New Zealand,Bangladesh,New Zealand,"{""runs"": 27}",0,New Zealand,58.0,6.2,0.6,0.12
1273713,Bangladesh,48.0,4.0,34.0,5.0,1.0,8.47,122.0,9.0,103.0,Scotland,Bangladesh,Scotland,"{""runs"": 6}",0,Scotland,67.2,6.4,0.4,0.0
1273717,Bangladesh,153.0,10.0,124.0,11.0,5.0,7.4,102.0,8.0,111.0,Bangladesh,Oman,Bangladesh,"{""runs"": 26}",1,Oman,80.0,7.2,0.4,0.5
1273720,Bangladesh,76.0,4.0,53.0,5.0,3.0,8.6,88.0,10.0,101.0,Bangladesh,Papua New Guinea,Bangladesh,"{""runs"": 84}",1,Papua New Guinea,85.2,8.4,0.6,0.5
1273726,Bangladesh,87.0,3.0,74.0,9.0,0.0,7.05,134.0,3.0,89.0,Bangladesh,Sri Lanka,Sri Lanka,"{""wickets"": 5}",0,Sri Lanka,94.0,7.0,0.4,0.25
1273731,Bangladesh,70.0,6.0,62.0,6.0,2.0,6.77,102.0,2.0,70.0,Bangladesh,England,England,"{""wickets"": 8}",0,England,86.8,6.4,0.4,0.38
1273734,Bangladesh,88.0,3.0,79.0,8.0,0.0,6.68,112.0,7.0,101.0,West Indies,Bangladesh,West Indies,"{""runs"": 3}",0,West Indies,94.8,6.0,0.4,0.19
1273741,Bangladesh,78.0,8.0,102.0,4.0,1.0,4.59,86.0,4.0,84.0,Bangladesh,South Africa,South Africa,"{""wickets"": 6}",0,South Africa,79.8,5.2,0.2,0.0
1273745,Bangladesh,54.0,8.0,72.0,5.0,1.0,4.5,78.0,2.0,41.0,Bangladesh,Australia,Australia,"{""wickets"": 8}",0,Australia,75.4,3.6,0.0,0.22
1277974,Bangladesh,123.0,6.0,121.0,3.0,7.0,6.1,132.0,6.0,121.0,Bangladesh,Pakistan,Pakistan,"{""wickets"": 4}",0,Pakistan,82.6,4.2,0.0,0.13
1277975,Bangladesh,93.0,7.0,111.0,6.0,1.0,5.03,106.0,2.0,107.0,Bangladesh,Pakistan,Pakistan,"{""wickets"": 8}",0,Pakistan,87.2,4.2,0.0,0.13
1277976,Bangladesh,114.0,6.0,110.0,9.0,4.0,6.22,89.0,3.0,98.0,Bangladesh,Pakistan,Pakistan,"{""wickets"": 5}",0,Pakistan,92.4,3.4,0.0,0.13
1298151,Bangladesh,86.0,6.0,83.0,4.0,2.0,6.22,94.0,8.0,99.0,Bangladesh,Netherlands,Bangladesh,"{""runs"": 9}",1,Netherlands,94.0,4.2,0.2,0.42
1298156,Bangladesh,78.0,6.0,73.0,2.0,4.0,6.41,118.0,5.0,79.0,South Africa,Bangladesh,South Africa,"{""runs"": 104}",0,South Africa,98.8,4.8,0.2,0.0
1298162,Bangladesh,65.0,5.0,51.0,5.0,1.0,7.65,72.0,7.0,77.0,Bangladesh,Zimbabwe,Bangladesh,"{""runs"": 3}",1,Zimbabwe,87.2,5.0,0.4,0.33
1298169,Bangladesh,104.0,4.0,59.0,10.0,5.0,10.58,161.0,5.0,107.0,India,Bangladesh,India,"{""runs"": 5}",0,India,89.4,5.6,0.4,0.03
1298175,Bangladesh,104.0,7.0,98.0,9.0,2.0,6.37,114.0,5.0,106.0,Bangladesh,Pakistan,Pakistan,"{""wickets"": 5}",0,Pakistan,87.4,6.0,0.4,0.13
1317149,Bangladesh,49.0,4.0,40.0,4.0,2.0,7.35,,,,Bangladesh,West Indies,,,0,West Indies,80.0,,0.2,0.19
1317150,Bangladesh,51.0,3.0,46.0,5.0,1.0,6.65,155.0,3.0,98.0,West Indies,Bangladesh,West Indies,"{""runs"": 35}",0,West Indies,74.6,,0.2,0.19
1317151,Bangladesh,111.0,2.0,88.0,5.0,4.0,7.57,116.0,4.0,78.0,Bangladesh,West Indies,West Indies,"{""wickets"": 5}",0,West Indies,83.8,,0.0,0.19
1322334,Bangladesh,111.0,7.0,89.0,9.0,4.0,7.48,148.0,5.0,112.0,Pakistan,Bangladesh,Pakistan,"{""runs"": 21}",0,Pakistan,85.2,,0.0,0.13
1322336,Bangladesh,81.0,5.0,73.0,4.0,2.0,6.66,100.0,2.0,72.0,Bangladesh,New Zealand,New Zealand,"{""wickets"": 8}",0,New Zealand,80.6,,0.0,0.12
1322338,Bangladesh,80.0,5.0,66.0,8.0,1.0,7.27,101.0,3.0,62.0,New Zealand,Bangladesh,New Zealand,"{""runs"": 48}",0,New Zealand,86.8,3.4,0.0,0.12
1322339,Bangladesh,153.0,6.0,113.0,14.0,4.0,8.12,177.0,3.0,124.0,Bangladesh,Pakistan,Pakistan,"{""wickets"": 7}",0,Pakistan,107.2,3.4,0.0,0.13
1323295,Bangladesh,122.0,3.0,71.0,10.0,5.0,10.31,183.0,3.0,109.0,Zimbabwe,Bangladesh,Zimbabwe,"{""runs"": 17}",0,Zimbabwe,109.4,3.2,0.0,0.33
1323296,Bangladesh,99.0,2.0,75.0,9.0,3.0,7.92,123.0,7.0,113.0,Zimbabwe,Bangladesh,Bangladesh,"{""wickets"": 7}",1,Zimbabwe,107.0,3.6,0.2,0.33
1323297,Bangladesh,94.0,4.0,76.0,7.0,1.0,7.42,125.0,6.0,85.0,Zimbabwe,Bangladesh,Zimbabwe,"{""runs"": 10}",0,Zimbabwe,109.6,4.4,0.2,0.33
1327273,Bangladesh,51.0,2.0,30.0,4.0,3.0,10.2,89.0,6.0,66.0,Bangladesh,Sri Lanka,Sri Lanka,"{""wickets"": 2}",0,Sri Lanka,103.8,5.0,0.2,0.25
1336031,Bangladesh,132.0,1.0,93.0,12.0,5.0,8.52,124.0,9.0,99.0,Bangladesh,United Arab Emirates,Bangladesh,"{""runs"": 7}",1,United Arab Emirates,99.6,6.2,0.4,0.33
1336032,Bangladesh,62.0,2.0,40.0,7.0,2.0,9.3,84.0,4.0,73.0,Bangladesh,United Arab Emirates,Bangladesh,"{""runs"": 32}",1,United Arab Emirates,87.6,6.4,0.6,0.33
1351400,Bangladesh,52.0,2.0,41.0,6.0,1.0,7.61,130.0,5.0,99.0,England,Bangladesh,Bangladesh,"{""wickets"": 6}",1,England,78.2,6.0,0.6,0.38
1351401,Bangladesh,47.0,3.0,44.0,5.0,0.0,6.41,90.0,8.0,84.0,England,Bangladesh,Bangladesh,"{""wickets"": 4}",1,England,68.8,6.4,0.8,0.38
1351402,Bangladesh,89.0,1.0,67.0,10.0,2.0,7.97,94.0,6.0,87.0,Bangladesh,England,Bangladesh,"{""runs"": 16}",1,England,76.4,6.4,1.0,0.38
1355720,Bangladesh,93.0,3.0,53.0,6.0,5.0,10.53,76.0,5.0,45.0,Bangladesh,Ireland,Bangladesh,"{""runs"": 22}",1,Ireland,68.6,5.6,1.0,0.25
1355721,Bangladesh,112.0,2.0,57.0,13.0,4.0,11.79,95.0,6.0,76.0,Bangladesh,Ireland,Bangladesh,"{""runs"": 77}",1,Ireland,78.6,6.0,1.0,0.25
1355722,Bangladesh,100.0,7.0,95.0,8.0,4.0,6.32,111.0,3.0,75.0,Bangladesh,Ireland,Ireland,"{""wickets"": 7}",0,Ireland,88.2,5.6,0.8,0.25
1388213,Bangladesh,124.0,4.0,104.0,8.0,4.0,7.15,134.0,9.0,121.0,New Zealand,Bangladesh,Bangladesh,"{""wickets"": 5}",1,New Zealand,103.6,5.8,0.8,0.12
1388214,Bangladesh,,,,,,,72.0,2.0,66.0,New Zealand,Bangladesh,,,0,New Zealand,,5.0,0.6,0.12
1388215,Bangladesh,93.0,9.0,109.0,9.0,0.0,5.12,81.0,5.0,87.0,Bangladesh,New Zealand,New Zealand,"{""runs"": 17}",0,New Zealand,,5.0,0.4,0.12
1399116,Bangladesh,93.0,3.0,93.0,5.0,5.0,6.0,54.0,6.0,71.0,Bangladesh,Malaysia,Bangladesh,"{""runs"": 2}",1,Malaysia,,5.0,0.4,0.5
1399117,Bangladesh,80.0,8.0,106.0,0.0,4.0,4.53,58.0,0.0,35.0,Bangladesh,India,India,"{""wickets"": 9}",0,India,,4.4,0.4,0.03
1399119,Bangladesh,61.0,3.0,25.0,7.0,3.0,14.64,29.0,1.0,16.0,Pakistan,Bangladesh,Bangladesh,"{""wickets"": 6}",1,Pakistan,,2.8,0.4,0.13
1415715,Bangladesh,89.0,6.0,82.0,3.0,5.0,6.51,90.0,9.0,98.0,Sri Lanka,Bangladesh,Bangladesh,"{""wickets"": 2}",1,Sri Lanka,83.2,4.2,0.6,0.25
1415721,Bangladesh,69.0,4.0,69.0,5.0,2.0,6.0,89.0,6.0,99.0,South Africa,Bangladesh,South Africa,"{""runs"": 4}",0,South Africa,78.4,4.4,0.6,0.0
1415727,Bangladesh,62.0,4.0,51.0,8.0,1.0,7.29,112.0,8.0,98.0,Bangladesh,Netherlands,Bangladesh,"{""runs"": 25}",1,Netherlands,72.2,4.8,0.6,0.42
1415737,Bangladesh,75.0,7.0,90.0,6.0,1.0,5.0,79.0,9.0,109.0,Bangladesh,Nepal,Bangladesh,"{""runs"": 21}",1,Nepal,71.2,6.6,0.8,0.5
1415744,Bangladesh,77.0,5.0,73.0,5.0,2.0,6.33,100.0,2.0,68.0,Bangladesh,Australia,Australia,"{""runs"": 28}",0,Australia,74.4,6.8,0.6,0.22
1415747,Bangladesh,98.0,8.0,90.0,7.0,5.0,6.53,151.0,5.0,96.0,India,Bangladesh,India,"{""runs"": 50}",0,India,76.2,6.0,0.4,0.03
1419824,Bangladesh,123.0,6.0,79.0,9.0,7.0,9.34,206.0,3.0,127.0,Sri Lanka,Bangladesh,Sri Lanka,"{""runs"": 3}",0,Sri Lanka,87.0,5.4,0.4,0.25
1419825,Bangladesh,113.0,2.0,75.0,12.0,2.0,9.04,165.0,5.0,125.0,Sri Lanka,Bangladesh,Bangladesh,"{""wickets"": 8}",1,Sri Lanka,97.2,4.8,0.4,0.25
1419826,Bangladesh,144.0,8.0,116.0,9.0,10.0,7.45,174.0,7.0,123.0,Sri Lanka,Bangladesh,Sri Lanka,"{""runs"": 28}",0,Sri Lanka,111.0,4.4,0.2,0.25
1425126,Bangladesh,113.0,1.0,80.0,13.0,3.0,8.48,124.0,10.0,124.0,Zimbabwe,Bangladesh,Bangladesh,"{""wickets"": 8}",1,Zimbabwe,118.2,6.0,0.4,0.33
1425127,Bangladesh,110.0,3.0,92.0,6.0,6.0,7.17,138.0,7.0,121.0,Zimbabwe,Bangladesh,Bangladesh,"{""wickets"": 6}",1,Zimbabwe,120.6,6.4,0.6,0.33
1425128,Bangladesh,152.0,5.0,120.0,11.0,5.0,7.6,155.0,9.0,122.0,Bangladesh,Zimbabwe,Bangladesh,"{""runs"": 9}",1,Zimbabwe,126.4,7.6,0.8,0.33
1425129,Bangladesh,142.0,8.0,117.0,12.0,3.0,7.28,104.0,7.0,100.0,Bangladesh,Zimbabwe,Bangladesh,"{""runs"": 5}",1,Zimbabwe,132.2,8.0,0.8,0.33
1425130,Bangladesh,59.0,4.0,53.0,2.0,3.0,6.68,152.0,2.0,100.0,Bangladesh,Zimbabwe,Zimbabwe,"{""wickets"": 8}",0,Zimbabwe,115.2,7.0,0.8,0.33
1425131,Bangladesh,140.0,4.0,102.0,12.0,4.0,8.24,122.0,5.0,99.0,Bangladesh,United States of America,United States of America,"{""wickets"": 5}",0,United States of America,120.6,6.0,0.6,0.17
1425132,Bangladesh,84.0,9.0,71.0,4.0,3.0,7.1,119.0,6.0,110.0,United States of America,Bangladesh,United States of America,"{""runs"": 6}",0,United States of America,115.4,5.8,0.4,0.17
1425133,Bangladesh,108.0,0.0,72.0,9.0,5.0,9.0,82.0,9.0,108.0,United States of America,Bangladesh,Bangladesh,"{""wickets"": 10}",1,United States of America,106.6,5.8,0.4,0.17
1433383,Bangladesh,147.0,6.0,127.0,9.0,9.0,6.94,140.0,10.0,124.0,Bangladesh,West Indies,Bangladesh,"{""runs"": 7}",1,West Indies,107.6,6.4,0.4,0.19
1433384,Bangladesh,102.0,6.0,99.0,7.0,3.0,6.18,94.0,10.0,109.0,Bangladesh,West Indies,Bangladesh,"{""runs"": 27}",1,West Indies,116.2,8.0,0.6,0.19
1433385,Bangladesh,160.0,6.0,101.0,11.0,10.0,9.5,109.0,10.0,104.0,Bangladesh,West Indies,Bangladesh,"{""runs"": 80}",1,West Indies,120.2,9.0,0.8,0.19
1439893,Bangladesh,76.0,10.0,80.0,5.0,3.0,5.7,125.0,3.0,67.0,Bangladesh,India,India,"{""wickets"": 7}",0,India,118.6,8.4,0.8,0.03
1439894,Bangladesh,83.0,8.0,79.0,8.0,1.0,6.3,165.0,9.0,99.0,India,Bangladesh,India,"{""runs"": 86}",0,India,113.6,8.4,0.6,0.03
1439895,Bangladesh,136.0,6.0,110.0,17.0,3.0,7.42,271.0,6.0,114.0,India,Bangladesh,India,"{""runs"": 133}",0,India,111.4,7.6,0.4,0.03
1483785,Bangladesh,164.0,10.0,118.0,8.0,10.0,8.34,201.0,7.0,123.0,Pakistan,Bangladesh,Pakistan,"{""runs"": 37}",0,Pakistan,123.8,7.0,0.2,0.13
1483786,Bangladesh,144.0,9.0,116.0,10.0,6.0,7.45,189.0,6.0,117.0,Pakistan,Bangladesh,Pakistan,"{""runs"": 57}",0,Pakistan,120.6,6.2,0.0,0.13
1483787,Bangladesh,196.0,6.0,125.0,16.0,11.0,9.41,184.0,3.0,99.0,Bangladesh,Pakistan,Pakistan,"{""wickets"": 7}",0,Pakistan,144.6,6.2,0.0,0.13
1484051,Bangladesh,191.0,7.0,128.0,9.0,13.0,8.95,164.0,10.0,123.0,Bangladesh,United Arab Emirates,Bangladesh,"{""runs"": 27}",1,United Arab Emirates,166.2,6.4,0.2,0.33
1484052,Bangladesh,177.0,4.0,107.0,16.0,8.0,9.93,206.0,8.0,127.0,Bangladesh,United Arab Emirates,United Arab Emirates,"{""wickets"": 2}",0,United Arab Emirates,174.4,6.8,0.2,0.33
1485508,Bangladesh,124.0,4.0,98.0,8.0,4.0,7.59,135.0,3.0,91.0,Bangladesh,Sri Lanka,Sri Lanka,"{""wickets"": 7}",0,Sri Lanka,166.4,6.0,0.2,0.25
1485509,Bangladesh,176.0,6.0,120.0,9.0,8.0,8.8,68.0,10.0,79.0,Bangladesh,Sri Lanka,Bangladesh,"{""runs"": 83}",1,Sri Lanka,172.8,6.8,0.4,0.25
1485510,Bangladesh,133.0,2.0,99.0,4.0,8.0,8.06,132.0,7.0,123.0,Sri Lanka,Bangladesh,Bangladesh,"{""wickets"": 8}",1,Sri Lanka,160.2,7.6,0.6,0.25
1486582,Bangladesh,162.0,9.0,127.0,8.0,12.0,7.65,166.0,3.0,120.0,Bangladesh,United Arab Emirates,United Arab Emirates,"{""wickets"": 7}",0,United Arab Emirates,154.4,6.2,0.4,0.33
1491903,Bangladesh,112.0,3.0,96.0,8.0,7.0,7.0,110.0,10.0,119.0,Pakistan,Bangladesh,Bangladesh,"{""wickets"": 7}",1,Pakistan,141.4,6.6,0.6,0.13
1491904,Bangladesh,133.0,10.0,122.0,6.0,9.0,6.54,125.0,10.0,120.0,Bangladesh,Pakistan,Bangladesh,"{""runs"": 8}",1,Pakistan,143.2,8.0,0.8,0.13
1491905,Bangladesh,104.0,10.0,107.0,9.0,3.0,5.83,178.0,7.0,126.0,Pakistan,Bangladesh,Pakistan,"{""runs"": 74}",0,Pakistan,128.8,7.4,0.6,0.13
1496922,Bangladesh,144.0,3.0,113.0,10.0,2.0,7.65,143.0,7.0,125.0,Hong Kong,Bangladesh,Bangladesh,"{""wickets"": 7}",1,Hong Kong,131.0,7.4,0.6,0.5
1496924,Bangladesh,139.0,5.0,125.0,10.0,1.0,6.67,140.0,4.0,95.0,Bangladesh,Sri Lanka,Sri Lanka,"{""wickets"": 6}",0,Sri Lanka,126.4,7.6,0.6,0.25
1496932,Bangladesh,169.0,6.0,121.0,13.0,6.0,8.38,168.0,7.0,122.0,Sri Lanka,Bangladesh,Bangladesh,"{""wickets"": 4}",1,Sri Lanka,137.8,7.0,0.6,0.25
1496935,Bangladesh,127.0,10.0,122.0,6.0,6.0,6.25,168.0,6.0,123.0,India,Bangladesh,India,"{""runs"": 41}",0,India,136.6,6.2,0.4,0.03
1496936,Bangladesh,124.0,9.0,120.0,6.0,7.0,6.2,135.0,8.0,124.0,Pakistan,Bangladesh,Pakistan,"{""runs"": 11}",0,Pakistan,140.6,6.4,0.4,0.13
1498662,Bangladesh,138.0,2.0,85.0,11.0,6.0,9.74,136.0,8.0,123.0,Netherlands,Bangladesh,Bangladesh,"{""wickets"": 8}",1,Netherlands,139.4,6.6,0.4,0.42
1498663,Bangladesh,104.0,1.0,85.0,9.0,3.0,7.34,103.0,10.0,109.0,Netherlands,Bangladesh,Bangladesh,"{""wickets"": 9}",1,Netherlands,132.4,7.8,0.6,0.42
1498664,Bangladesh,164.0,4.0,114.0,10.0,7.0,8.63,,,,Bangladesh,Netherlands,,,0,Netherlands,131.4,,0.4,0.42
1505125,Bangladesh,149.0,10.0,123.0,13.0,5.0,7.27,165.0,3.0,125.0,West Indies,Bangladesh,West Indies,"{""runs"": 16}",0,West Indies,135.8,,0.4,0.19
1505126,Bangladesh,135.0,8.0,126.0,10.0,3.0,6.43,149.0,9.0,121.0,West Indies,Bangladesh,West Indies,"{""runs"": 14}",0,West Indies,138.0,,0.4,0.19
1505127,Bangladesh,151.0,10.0,125.0,11.0,8.0,7.25,152.0,5.0,102.0,Bangladesh,West Indies,West Indies,"{""wickets"": 5}",0,West Indies,140.6,,0.2,0.19
1432196,Belgium,24.0,3.0,24.0,1.0,1.0,6.0,29.0,1.0,26.0,Belgium,France,,,0,France,,,,0.33
1432200,Belgium,18.0,0.0,13.0,2.0,1.0,8.31,16.0,1.0,20.0,France,Belgium,Belgium,"{""runs"": 15}",1,France,,,,0.33
1490886,Belgium,29.0,2.0,25.0,1.0,2.0,6.96,11.0,1.0,11.0,Belgium,France,Belgium,"{""runs"": 16}",1,France,,,,0.33
1286667,Belize,5.0,1.0,7.0,1.0,0.0,4.29,,,,Belize,United States of America,United States of America,"{""wickets"": 10}",0,United States of America,,,,0.0
1286670,Belize,18.0,0.0,18.0,3.0,0.0,6.0,48.0,1.0,20.0,Canada,Belize,Canada,"{""runs"": 145}",0,Canada,,,,0.0
1197396,Bermuda,,,,,,,41.0,1.0,30.0,Bermuda,United States of America,Bermuda,"{""runs"": 6}",1,United States of America,,,,0.2
1197398,Bermuda,21.0,3.0,21.0,0.0,2.0,6.0,26.0,0.0,10.0,Bermuda,Canada,,,0,Canada,,,,0.1
1197403,Bermuda,,,,,,,4.0,1.0,5.0,United States of America,Bermuda,Bermuda,"{""wickets"": 4}",1,United States of America,,,,0.2
1199520,Bermuda,19.0,4.0,26.0,1.0,1.0,4.38,13.0,1.0,9.0,Bermuda,Namibia,Namibia,"{""wickets"": 6}",0,Namibia,,,,0.0
1199528,Bermuda,26.0,2.0,24.0,3.0,1.0,6.5,,,,Bermuda,Scotland,Scotland,"{""runs"": 46}",0,Scotland,,,0.4,0.0
1286673,Bermuda,15.0,2.0,27.0,0.0,0.0,3.33,51.0,2.0,35.0,United States of America,Bermuda,United States of America,"{""runs"": 23}",0,United States of America,,,0.2,0.2
1399150,Bermuda,47.0,5.0,40.0,6.0,1.0,7.05,39.0,3.0,43.0,Bermuda,Canada,Bermuda,"{""runs"": 86}",1,Canada,,,0.4,0.1
1399161,Bermuda,37.0,4.0,49.0,1.0,3.0,4.53,9.0,1.0,18.0,Canada,Bermuda,Canada,"{""runs"": 39}",0,Canada,28.8,,0.2,0.1
1481304,Bermuda,30.0,4.0,43.0,2.0,0.0,4.19,,,,Bermuda,Canada,Canada,"{""wickets"": 5}",0,Canada,31.0,,0.2,0.1
1481308,Bermuda,10.0,1.0,16.0,1.0,0.0,3.75,21.0,0.0,11.0,Bermuda,United States of America,United States of America,"{""wickets"": 10}",0,United States of America,27.8,,0.2,0.2
1481314,Bermuda,6.0,4.0,15.0,0.0,0.0,2.4,37.0,0.0,39.0,Bermuda,United States of America,United States of America,"{""wickets"": 10}",0,United States of America,26.0,,0.2,0.2
1488326,Bermuda,37.0,3.0,48.0,3.0,0.0,4.62,32.0,1.0,19.0,Canada,Bermuda,Canada,"{""runs"": 110}",0,Canada,24.0,,0.0,0.1
1208606,Bhutan,16.0,2.0,25.0,3.0,0.0,3.84,,,,Nepal,Bhutan,Nepal,"{""runs"": 141}",0,Nepal,,,,0.0
1184260,Botswana,,,,,,,24.0,1.0,21.0,Uganda,Botswana,Uganda,"{""runs"": 52}",0,Uganda,,,,0.0
1197508,Botswana,,,,,,,103.0,0.0,45.0,Namibia,Botswana,Namibia,"{""runs"": 124}",0,Namibia,,,,0.0
1197509,Botswana,,,,,,,12.0,1.0,14.0,Namibia,Botswana,Namibia,"{""runs"": 78}",0,Namibia,,,,0.0
1197510,Botswana,,,,,,,8.0,1.0,7.0,Namibia,Botswana,Namibia,"{""wickets"": 8}",0,Namibia,,,,0.0
1332496,Botswana,14.0,0.0,19.0,1.0,0.0,4.42,37.0,0.0,30.0,Botswana,Uganda,Uganda,"{""wickets"": 7}",0,Uganda,,0.6,0.0,0.0
1379575,Botswana,8.0,0.0,12.0,0.0,0.0,4.0,15.0,0.0,7.0,Botswana,Uganda,Uganda,"{""wickets"": 7}",0,Uganda,,0.4,0.0,0.0
1379583,Botswana,0.0,1.0,1.0,0.0,0.0,0.0,29.0,1.0,21.0,Uganda,Botswana,Uganda,"{""runs"": 64}",0,Uganda,,0.6,0.0,0.0
1462912,Botswana,,,,,,,12.0,1.0,8.0,Uganda,Botswana,Uganda,"{""runs"": 78}",0,Uganda,,0.6,0.0,0.0
1462928,Botswana,19.0,0.0,12.0,2.0,1.0,9.5,36.0,1.0,15.0,Uganda,Botswana,Uganda,"{""runs"": 108}",0,Uganda,,0.6,0.0,0.0
1462930,Botswana,15.0,2.0,16.0,1.0,0.0,5.62,47.0,0.0,42.0,Uganda,Botswana,Uganda,"{""runs"": 32}",0,Uganda,,0.6,0.0,0.0
1502749,Botswana,14.0,1.0,24.0,2.0,0.0,3.5,21.0,1.0,10.0,Zimbabwe,Botswana,Zimbabwe,"{""runs"": 170}",0,Zimbabwe,,0.8,0.0,0.0
1502752,Botswana,7.0,2.0,13.0,0.0,0.0,3.23,,,,Botswana,Uganda,Uganda,"{""wickets"": 8}",0,Uganda,,,0.0,0.0
1426463,Cambodia,69.0,6.0,50.0,1.0,5.0,8.28,106.0,3.0,47.0,Oman,Cambodia,Oman,"{""runs"": 63}",0,Oman,,,,0.0
439497,Canada,4.0,1.0,4.0,0.0,0.0,6.0,,,,Canada,Netherlands,Netherlands,"{""wickets"": 6}",0,Netherlands,,,,0.12
439499,Canada,33.0,1.0,22.0,2.0,3.0,9.0,17.0,0.0,12.0,Canada,Kenya,Kenya,"{""wickets"": 9}",0,Kenya,,,,0.12
546410,Canada,0.0,1.0,2.0,0.0,0.0,0.0,30.0,1.0,25.0,Canada,Netherlands,Netherlands,"{""runs"": 42}",0,Netherlands,,,,0.12
546462,Canada,23.0,4.0,29.0,1.0,0.0,4.76,18.0,0.0,6.0,Canada,Ireland,Ireland,"{""wickets"": 10}",0,Ireland,,,,0.25
546473,Canada,12.0,1.0,9.0,0.0,1.0,8.0,24.0,1.0,24.0,Canada,Scotland,Scotland,"{""wickets"": 4}",0,Scotland,14.4,,0.0,0.0
592268,Canada,5.0,1.0,8.0,1.0,0.0,3.75,30.0,1.0,24.0,Canada,Kenya,Canada,"{""wickets"": 5}",1,Kenya,14.6,0.6,0.2,0.12
592269,Canada,9.0,1.0,8.0,2.0,0.0,6.75,24.0,2.0,19.0,Canada,Kenya,Kenya,"{""runs"": 21}",0,Kenya,9.8,1.0,0.2,0.12
660113,Canada,30.0,1.0,25.0,1.0,0.0,7.2,30.0,1.0,25.0,Canada,Ireland,Ireland,"{""runs"": 2}",0,Ireland,15.8,1.0,0.2,0.25
660209,Canada,0.0,1.0,3.0,0.0,0.0,0.0,18.0,3.0,14.0,Canada,Kenya,Kenya,"{""runs"": 21}",0,Kenya,11.2,1.6,0.2,0.12
1197397,Canada,102.0,2.0,50.0,6.0,10.0,12.24,30.0,0.0,24.0,Canada,Cayman Islands,Canada,"{""runs"": 84}",1,Cayman Islands,29.2,1.4,0.4,0.5
1197398,Canada,26.0,0.0,10.0,1.0,3.0,15.6,21.0,3.0,21.0,Bermuda,Canada,,,0,Bermuda,33.4,1.8,0.2,0.3
1197401,Canada,30.0,3.0,30.0,1.0,2.0,6.0,34.0,3.0,38.0,Canada,United States of America,Canada,"{""wickets"": 4}",1,United States of America,37.6,2.0,0.4,0.12
1197402,Canada,0.0,1.0,5.0,0.0,0.0,0.0,8.0,4.0,25.0,Canada,Cayman Islands,Canada,"{""wickets"": 8}",1,Cayman Islands,31.6,2.6,0.6,0.5
1197406,Canada,101.0,3.0,53.0,5.0,10.0,11.43,44.0,5.0,38.0,Canada,United States of America,Canada,"{""runs"": 15}",1,United States of America,51.8,3.0,0.8,0.12
1199509,Canada,12.0,0.0,12.0,0.0,0.0,6.0,34.0,2.0,25.0,Canada,Jersey,Canada,"{""runs"": 53}",1,Jersey,33.8,3.4,0.8,0.5
1199516,Canada,14.0,2.0,12.0,2.0,0.0,7.0,25.0,4.0,27.0,Canada,Nigeria,Canada,"{""runs"": 50}",1,Nigeria,31.4,3.6,1.0,0.5
1199523,Canada,44.0,2.0,36.0,1.0,1.0,7.33,49.0,3.0,36.0,Canada,Ireland,Canada,"{""runs"": 10}",1,Ireland,34.2,3.6,1.0,0.25
1199527,Canada,35.0,2.0,37.0,3.0,0.0,5.68,33.0,3.0,25.0,Canada,Hong Kong,Hong Kong,"{""runs"": 32}",0,Hong Kong,41.2,3.4,0.8,0.0
1199532,Canada,110.0,6.0,85.0,10.0,0.0,7.76,72.0,1.0,49.0,Canada,Oman,Oman,"{""wickets"": 8}",0,Oman,43.0,2.6,0.6,0.29
1199540,Canada,18.0,1.0,11.0,1.0,1.0,9.82,21.0,4.0,25.0,United Arab Emirates,Canada,United Arab Emirates,"{""runs"": 14}",0,United Arab Emirates,44.2,3.0,0.4,0.0
1286670,Canada,48.0,1.0,20.0,6.0,1.0,14.4,18.0,0.0,18.0,Canada,Belize,Canada,"{""runs"": 145}",1,Belize,51.0,2.2,0.4,0.5
1286674,Canada,84.0,2.0,61.0,8.0,1.0,8.26,33.0,5.0,34.0,Canada,United States of America,,,0,United States of America,59.0,2.6,0.2,0.12
1286685,Canada,6.0,0.0,9.0,1.0,0.0,4.0,17.0,3.0,19.0,Argentina,Canada,Canada,"{""wickets"": 9}",1,Argentina,53.2,2.6,0.4,0.5
1286686,Canada,,,,,,,0.0,6.0,27.0,Canada,Panama,Canada,"{""runs"": 208}",1,Panama,,3.6,0.6,0.5
1299567,Canada,,,,,,,34.0,4.0,49.0,Canada,Philippines,Canada,"{""runs"": 118}",1,Philippines,,3.6,0.8,0.5
1299570,Canada,143.0,6.0,111.0,13.0,5.0,7.73,106.0,1.0,75.0,Canada,Oman,Oman,"{""wickets"": 9}",0,Oman,,3.8,0.6,0.29
1299576,Canada,10.0,7.0,27.0,0.0,0.0,2.22,51.0,2.0,47.0,Canada,Nepal,Nepal,"{""wickets"": 8}",0,Nepal,,3.2,0.6,0.33
1299578,Canada,3.0,1.0,7.0,0.0,0.0,2.57,47.0,0.0,50.0,Germany,Canada,Canada,"{""wickets"": 6}",1,Germany,,2.6,0.6,0.5
1299582,Canada,,,,,,,44.0,3.0,52.0,Bahrain,Canada,Canada,"{""wickets"": 7}",1,Bahrain,,2.0,0.6,0.33
1344783,Canada,85.0,3.0,37.0,9.0,4.0,13.78,111.0,3.0,65.0,Bahrain,Canada,Canada,"{""wickets"": 4}",1,Bahrain,,1.8,0.6,0.33
1344784,Canada,46.0,3.0,39.0,3.0,2.0,7.08,47.0,5.0,43.0,Canada,Saudi Arabia,Canada,"{""runs"": 66}",1,Saudi Arabia,,2.6,0.8,0.5
1344787,Canada,134.0,2.0,96.0,10.0,7.0,8.38,149.0,3.0,96.0,Canada,Oman,Canada,"{""runs"": 1}",1,Oman,,2.8,1.0,0.29
1344789,Canada,129.0,2.0,90.0,11.0,6.0,8.6,56.0,1.0,38.0,Canada,Bahrain,Bahrain,"{""wickets"": 8}",0,Bahrain,,3.0,0.8,0.33
1344790,Canada,55.0,2.0,32.0,6.0,2.0,10.31,41.0,3.0,51.0,Canada,Saudi Arabia,Canada,"{""runs"": 45}",1,Saudi Arabia,89.8,3.0,0.8,0.5
1344792,Canada,103.0,6.0,88.0,8.0,4.0,7.02,136.0,7.0,93.0,Oman,Canada,Canada,"{""wickets"": 3}",1,Oman,93.4,3.8,0.8,0.29
1344795,Canada,89.0,2.0,61.0,11.0,3.0,8.75,106.0,9.0,98.0,Oman,Canada,Canada,"{""wickets"": 8}",1,Oman,102.0,4.6,0.8,0.29
1399150,Canada,39.0,3.0,43.0,3.0,1.0,5.44,47.0,5.0,40.0,Bermuda,Canada,Bermuda,"{""runs"": 86}",0,Bermuda,83.0,5.0,0.6,0.3
1399153,Canada,23.0,1.0,12.0,1.0,1.0,11.5,23.0,3.0,43.0,Canada,Cayman Islands,Canada,"{""runs"": 108}",1,Cayman Islands,61.8,5.4,0.8,0.5
1399154,Canada,3.0,1.0,4.0,0.0,0.0,4.5,36.0,5.0,51.0,Canada,Panama,Canada,"{""runs"": 163}",1,Panama,51.4,5.8,0.8,0.5
1399156,Canada,85.0,1.0,62.0,7.0,2.0,8.23,18.0,5.0,29.0,Canada,Cayman Islands,Canada,"{""runs"": 166}",1,Cayman Islands,47.8,5.4,0.8,0.5
1399161,Canada,9.0,1.0,18.0,0.0,0.0,3.0,37.0,4.0,49.0,Canada,Bermuda,Canada,"{""runs"": 39}",1,Bermuda,31.8,4.4,0.8,0.3
1415701,Canada,80.0,3.0,55.0,8.0,3.0,8.73,140.0,1.0,76.0,Canada,United States of America,United States of America,"{""wickets"": 7}",0,United States of America,40.0,3.6,0.8,0.12
1415713,Canada,21.0,2.0,18.0,2.0,0.0,7.0,87.0,2.0,68.0,Canada,Ireland,Canada,"{""runs"": 12}",1,Ireland,39.6,3.4,0.8,0.25
1415722,Canada,80.0,6.0,96.0,5.0,3.0,5.0,107.0,3.0,110.0,Canada,Pakistan,Pakistan,"{""wickets"": 7}",0,Pakistan,55.0,3.0,0.6,0.0
1425121,Canada,65.0,4.0,52.0,9.0,1.0,7.5,26.0,2.0,26.0,Canada,United States of America,United States of America,"{""wickets"": 6}",0,United States of America,51.0,2.4,0.4,0.12
1425122,Canada,43.0,4.0,43.0,4.0,0.0,6.0,57.0,2.0,39.0,United States of America,Canada,United States of America,"{""runs"": 31}",0,United States of America,57.8,2.0,0.2,0.12
1425124,Canada,43.0,5.0,41.0,2.0,2.0,6.29,87.0,2.0,63.0,United States of America,Canada,United States of America,"{""runs"": 14}",0,United States of America,50.4,2.2,0.2,0.12
1425125,Canada,50.0,1.0,45.0,5.0,1.0,6.67,39.0,2.0,29.0,Canada,United States of America,United States of America,"{""wickets"": 4}",0,United States of America,56.2,2.2,0.0,0.12
1446761,Canada,41.0,1.0,20.0,1.0,4.0,12.3,100.0,4.0,63.0,Canada,Netherlands,Netherlands,"{""wickets"": 5}",0,Netherlands,48.4,2.4,0.0,0.12
1446762,Canada,34.0,1.0,28.0,1.0,0.0,7.29,,,,Canada,United States of America,,,0,United States of America,42.2,,0.0,0.12
1446764,Canada,59.0,2.0,53.0,3.0,2.0,6.68,58.0,5.0,64.0,Canada,Netherlands,Canada,"{""runs"": 8}",1,Netherlands,45.4,,0.2,0.12
1446765,Canada,31.0,3.0,39.0,1.0,0.0,4.77,92.0,6.0,70.0,United States of America,Canada,United States of America,"{""runs"": 20}",0,United States of America,43.0,,0.2,0.12
1450823,Canada,75.0,4.0,66.0,6.0,3.0,6.82,58.0,10.0,68.0,Canada,Nepal,Canada,"{""runs"": 14}",1,Nepal,48.0,,0.4,0.33
1450825,Canada,95.0,9.0,116.0,7.0,1.0,4.91,103.0,1.0,91.0,Canada,Oman,Oman,"{""wickets"": 8}",0,Oman,58.8,,0.4,0.29
1450826,Canada,87.0,4.0,71.0,9.0,2.0,7.35,81.0,3.0,79.0,Nepal,Canada,Canada,"{""wickets"": 4}",1,Nepal,69.4,5.0,0.6,0.33
1450828,Canada,74.0,5.0,81.0,4.0,2.0,5.48,72.0,8.0,104.0,Oman,Canada,Canada,"{""wickets"": 5}",1,Oman,72.4,5.6,0.6,0.29
1476795,Canada,29.0,4.0,25.0,2.0,1.0,6.96,81.0,4.0,53.0,Canada,Namibia,Namibia,"{""wickets"": 3}",0,Namibia,72.0,5.2,0.6,0.0
1476797,Canada,22.0,4.0,50.0,1.0,0.0,2.64,38.0,0.0,15.0,Canada,Namibia,Namibia,"{""wickets"": 10}",0,Namibia,61.4,3.2,0.4,0.0
1476798,Canada,3.0,2.0,4.0,0.0,0.0,4.5,43.0,1.0,35.0,Canada,Namibia,Namibia,"{""wickets"": 8}",0,Namibia,43.0,3.2,0.4,0.0
1481304,Canada,,,,,,,30.0,4.0,43.0,Bermuda,Canada,Canada,"{""wickets"": 5}",1,Bermuda,,3.4,0.4,0.3
1481307,Canada,,,,,,,17.0,6.0,43.0,Bahamas,Canada,Canada,"{""wickets"": 10}",1,Bahamas,,3.0,0.4,0.5
1481309,Canada,16.0,2.0,11.0,1.0,1.0,8.73,38.0,6.0,56.0,Canada,Cayman Islands,Canada,"{""runs"": 94}",1,Cayman Islands,,3.4,0.6,0.5
1481312,Canada,28.0,2.0,24.0,1.0,0.0,7.0,110.0,7.0,83.0,Canada,United States of America,Canada,"{""runs"": 17}",1,United States of America,,4.8,0.8,0.12
1481313,Canada,,,,,,,44.0,5.0,49.0,Cayman Islands,Canada,Canada,"{""wickets"": 10}",1,Cayman Islands,,5.6,1.0,0.5
1481315,Canada,63.0,6.0,57.0,2.0,3.0,6.63,71.0,4.0,75.0,Canada,United States of America,United States of America,"{""wickets"": 6}",0,United States of America,,5.6,0.8,0.12
1488326,Canada,32.0,1.0,19.0,3.0,2.0,10.11,37.0,3.0,48.0,Canada,Bermuda,Canada,"{""runs"": 110}",1,Bermuda,,5.0,0.8,0.3
1488328,Canada,1.0,1.0,2.0,0.0,0.0,3.0,31.0,5.0,51.0,Canada,Cayman Islands,Canada,"{""runs"": 59}",1,Cayman Islands,,4.8,0.8,0.5
1488331,Canada,,,,,,,13.0,1.0,10.0,Bahamas,Canada,Canada,"{""wickets"": 10}",1,Bahamas,,3.6,0.8,0.5
1488333,Canada,,,,,,,22.0,2.0,12.0,Canada,Cayman Islands,Canada,"{""runs"": 42}",1,Cayman Islands,,3.0,0.8,0.5
1488334,Canada,2.0,0.0,2.0,0.0,0.0,6.0,20.0,6.0,52.0,Bahamas,Canada,Canada,"{""wickets"": 7}",1,Bahamas,,3.4,1.0,0.5
1489581,Canada,21.0,2.0,18.0,1.0,2.0,7.0,15.0,1.0,24.0,Canada,Bahamas,Canada,"{""runs"": 107}",1,Bahamas,,3.0,1.0,0.5
1489585,Canada,97.0,1.0,46.0,6.0,6.0,12.65,33.0,4.0,43.0,Canada,Cayman Islands,Canada,"{""runs"": 126}",1,Cayman Islands,,2.8,1.0,0.5
1197397,Cayman Islands,30.0,0.0,24.0,2.0,1.0,7.5,102.0,2.0,50.0,Canada,Cayman Islands,Canada,"{""runs"": 84}",0,Canada,,,,0.0
1197399,Cayman Islands,6.0,1.0,12.0,0.0,0.0,3.0,18.0,0.0,19.0,Cayman Islands,United States of America,United States of America,"{""runs"": 10}",0,United States of America,,,,0.0
1197402,Cayman Islands,8.0,4.0,25.0,0.0,0.0,1.92,0.0,1.0,5.0,Canada,Cayman Islands,Canada,"{""wickets"": 8}",0,Canada,,,,0.0
1197404,Cayman Islands,7.0,2.0,24.0,0.0,0.0,1.75,,,,Cayman Islands,United States of America,United States of America,"{""wickets"": 9}",0,United States of America,,,,0.0
1399153,Cayman Islands,23.0,3.0,43.0,2.0,1.0,3.21,23.0,1.0,12.0,Canada,Cayman Islands,Canada,"{""runs"": 108}",0,Canada,14.8,,0.0,0.0
1399156,Cayman Islands,18.0,5.0,29.0,1.0,0.0,3.72,85.0,1.0,62.0,Canada,Cayman Islands,Canada,"{""runs"": 166}",0,Canada,12.4,,0.0,0.0
1481303,Cayman Islands,0.0,3.0,3.0,0.0,0.0,0.0,74.0,3.0,56.0,United States of America,Cayman Islands,United States of America,"{""runs"": 79}",0,United States of America,11.2,,0.0,0.0
1481309,Cayman Islands,38.0,6.0,56.0,2.0,1.0,4.07,16.0,2.0,11.0,Canada,Cayman Islands,Canada,"{""runs"": 94}",0,Canada,17.2,,0.0,0.0
1481313,Cayman Islands,44.0,5.0,49.0,4.0,1.0,5.39,,,,Cayman Islands,Canada,Canada,"{""wickets"": 10}",0,Canada,24.6,,0.0,0.0
1488328,Cayman Islands,31.0,5.0,51.0,4.0,0.0,3.65,1.0,1.0,2.0,Canada,Cayman Islands,Canada,"{""runs"": 59}",0,Canada,26.2,,0.0,0.0
1488333,Cayman Islands,22.0,2.0,12.0,1.0,2.0,11.0,,,,Canada,Cayman Islands,Canada,"{""runs"": 42}",0,Canada,27.0,,0.0,0.0
1489585,Cayman Islands,33.0,4.0,43.0,2.0,1.0,4.6,97.0,1.0,46.0,Canada,Cayman Islands,Canada,"{""runs"": 126}",0,Canada,33.6,,0.0,0.0
1482826,Cook Islands,13.0,3.0,25.0,1.0,0.0,3.12,2.0,0.0,7.0,Cook Islands,Japan,Japan,"{""wickets"": 2}",0,Japan,,,,0.0
1482827,Cook Islands,8.0,2.0,12.0,0.0,1.0,4.0,,,,Japan,Cook Islands,Japan,"{""runs"": 42}",0,Japan,,,,0.0
412681,England,19.0,0.0,24.0,2.0,0.0,4.75,,,,England,Ireland,,,0,Ireland,,,,0.25
902649,England,,,,,,,6.0,1.0,9.0,England,Pakistan,England,"{""runs"": 14}",1,Pakistan,,,,0.3
902653,England,0.0,1.0,1.0,0.0,0.0,0.0,25.0,1.0,24.0,England,Pakistan,,,0,Pakistan,,,,0.3
913663,England,25.0,2.0,24.0,2.0,0.0,6.25,15.0,0.0,11.0,England,Pakistan,Pakistan,"{""wickets"": 9}",0,Pakistan,,,,0.3
951369,England,27.0,0.0,18.0,3.0,1.0,9.0,,,,England,New Zealand,England,"{""wickets"": 7}",1,New Zealand,,,0.4,0.3
1034825,England,,,,,,,9.0,1.0,10.0,India,England,England,"{""wickets"": 7}",1,India,,,0.6,0.18
1034827,England,,,,,,,73.0,1.0,48.0,India,England,India,"{""runs"": 5}",0,India,,,0.4,0.18
1034829,England,,,,,,,24.0,1.0,18.0,India,England,India,"{""runs"": 75}",0,India,,,0.4,0.18
1119543,England,24.0,5.0,24.0,1.0,1.0,6.0,102.0,0.0,55.0,England,India,India,"{""wickets"": 8}",0,India,,,0.4,0.18
1119544,England,37.0,1.0,25.0,1.0,3.0,8.88,6.0,1.0,8.0,India,England,England,"{""wickets"": 5}",1,India,,0.8,0.4,0.18
1119545,England,,,,,,,19.0,1.0,10.0,England,India,India,"{""wickets"": 7}",0,India,,0.8,0.2,0.18
1152840,England,151.0,2.0,96.0,15.0,5.0,9.44,92.0,3.0,59.0,England,Pakistan,England,"{""wickets"": 7}",1,Pakistan,,1.2,0.4,0.3
1198244,England,75.0,4.0,56.0,6.0,4.0,8.04,,,,England,Pakistan,,,0,Pakistan,,,0.4,0.3
1198245,England,113.0,5.0,70.0,11.0,4.0,9.69,93.0,2.0,66.0,Pakistan,England,England,"{""wickets"": 5}",1,Pakistan,,,0.6,0.3
1198246,England,120.0,5.0,75.0,10.0,6.0,9.6,37.0,3.0,32.0,Pakistan,England,Pakistan,"{""runs"": 5}",0,Pakistan,,,0.4,0.3
1239540,England,155.0,10.0,98.0,9.0,11.0,9.49,178.0,3.0,100.0,Pakistan,England,Pakistan,"{""runs"": 31}",0,Pakistan,122.8,,0.4,0.3
1239541,England,163.0,8.0,101.0,19.0,5.0,9.68,108.0,5.0,84.0,England,Pakistan,England,"{""runs"": 45}",1,Pakistan,125.2,,0.4,0.3
1239542,England,66.0,3.0,48.0,8.0,2.0,8.25,133.0,3.0,107.0,Pakistan,England,England,"{""wickets"": 3}",1,Pakistan,123.4,3.2,0.6,0.3
1243388,England,18.0,1.0,15.0,1.0,1.0,7.2,6.0,1.0,9.0,India,England,England,"{""wickets"": 8}",1,India,104.4,3.0,0.6,0.18
1243389,England,29.0,2.0,24.0,2.0,2.0,7.25,58.0,2.0,39.0,England,India,India,"{""wickets"": 7}",0,India,86.2,2.8,0.6,0.18
1243390,England,27.0,1.0,24.0,1.0,1.0,6.75,4.0,2.0,13.0,India,England,England,"{""wickets"": 8}",1,India,60.6,2.6,0.8,0.18
1243391,England,52.0,3.0,27.0,5.0,3.0,11.56,20.0,2.0,20.0,India,England,India,"{""runs"": 8}",0,India,38.4,2.0,0.6,0.18
1243392,England,13.0,1.0,7.0,2.0,0.0,11.14,,,,India,England,India,"{""runs"": 36}",0,India,27.8,,0.4,0.18
1273731,England,102.0,2.0,70.0,9.0,3.0,8.74,70.0,6.0,62.0,Bangladesh,England,England,"{""wickets"": 8}",1,Bangladesh,44.6,,0.4,0.12
1273754,England,32.0,1.0,25.0,0.0,2.0,7.68,,,,England,New Zealand,New Zealand,"{""wickets"": 5}",0,New Zealand,45.2,,0.4,0.3
1276904,England,20.0,2.0,23.0,2.0,0.0,5.22,10.0,1.0,11.0,India,England,India,"{""runs"": 50}",0,India,43.8,,0.2,0.18
1276906,England,76.0,4.0,52.0,4.0,4.0,8.77,3.0,1.0,3.0,England,India,England,"{""runs"": 17}",1,India,48.6,,0.4,0.18
1298154,England,5.0,1.0,6.0,0.0,0.0,5.0,0.0,1.0,1.0,Ireland,England,Ireland,"{""runs"": 5}",0,Ireland,47.0,,0.4,0.25
1298178,England,15.0,0.0,13.0,2.0,0.0,6.92,5.0,1.0,5.0,India,England,England,"{""wickets"": 10}",1,India,29.6,,0.4,0.18
1298179,England,87.0,4.0,87.0,8.0,1.0,6.0,92.0,5.0,83.0,Pakistan,England,England,"{""wickets"": 5}",1,Pakistan,40.6,1.8,0.6,0.3
1327228,England,86.0,1.0,73.0,10.0,0.0,7.07,111.0,4.0,86.0,Pakistan,England,England,"{""wickets"": 6}",1,Pakistan,53.8,2.4,0.8,0.3
1327229,England,121.0,3.0,73.0,10.0,6.0,9.95,203.0,0.0,122.0,England,Pakistan,Pakistan,"{""wickets"": 10}",0,Pakistan,62.8,2.2,0.6,0.3
1327230,England,111.0,2.0,76.0,12.0,2.0,8.76,76.0,5.0,68.0,England,Pakistan,England,"{""runs"": 63}",1,Pakistan,84.0,3.0,0.8,0.3
1327231,England,110.0,9.0,75.0,14.0,3.0,8.8,128.0,3.0,99.0,Pakistan,England,Pakistan,"{""runs"": 3}",0,Pakistan,103.0,3.4,0.6,0.3
1327232,England,77.0,4.0,61.0,8.0,2.0,7.57,92.0,5.0,71.0,Pakistan,England,Pakistan,"{""runs"": 6}",0,Pakistan,101.0,3.4,0.4,0.3
1327233,England,77.0,2.0,48.0,11.0,1.0,9.62,110.0,2.0,75.0,Pakistan,England,England,"{""wickets"": 8}",1,Pakistan,99.2,3.0,0.4,0.3
1327234,England,110.0,3.0,78.0,8.0,4.0,8.46,49.0,4.0,49.0,England,Pakistan,England,"{""runs"": 67}",1,Pakistan,97.0,3.8,0.6,0.3
1336048,England,30.0,0.0,21.0,3.0,1.0,8.57,10.0,1.0,9.0,New Zealand,England,England,"{""wickets"": 7}",1,New Zealand,80.8,3.0,0.6,0.3
1336049,England,23.0,1.0,25.0,2.0,0.0,5.52,2.0,1.0,3.0,England,New Zealand,England,"{""runs"": 95}",1,New Zealand,63.4,2.6,0.8,0.3
1336051,England,11.0,1.0,7.0,0.0,1.0,9.43,27.0,3.0,24.0,England,New Zealand,New Zealand,"{""wickets"": 6}",0,New Zealand,50.2,2.2,0.8,0.3
1351400,England,130.0,5.0,99.0,11.0,4.0,7.88,52.0,2.0,41.0,England,Bangladesh,Bangladesh,"{""wickets"": 6}",0,Bangladesh,60.8,2.2,0.6,0.12
1351401,England,90.0,8.0,84.0,9.0,2.0,6.43,47.0,3.0,44.0,England,Bangladesh,Bangladesh,"{""wickets"": 4}",0,Bangladesh,56.8,2.0,0.4,0.12
1351402,England,94.0,6.0,87.0,10.0,2.0,6.48,89.0,1.0,67.0,Bangladesh,England,Bangladesh,"{""runs"": 16}",0,Bangladesh,69.6,2.0,0.2,0.12
1373579,England,1.0,1.0,3.0,0.0,0.0,2.0,39.0,3.0,24.0,England,West Indies,West Indies,"{""wickets"": 4}",0,West Indies,65.2,2.4,0.0,0.17
1373580,England,10.0,0.0,3.0,1.0,1.0,20.0,47.0,1.0,24.0,West Indies,England,West Indies,"{""runs"": 10}",0,West Indies,65.0,2.0,0.0,0.17
1373582,England,,,,,,,42.0,2.0,18.0,England,West Indies,England,"{""runs"": 75}",1,West Indies,,2.0,0.2,0.17
1373583,England,0.0,1.0,1.0,0.0,0.0,0.0,36.0,0.0,24.0,England,West Indies,West Indies,"{""wickets"": 4}",0,West Indies,,1.4,0.2,0.17
1385688,England,129.0,6.0,74.0,13.0,6.0,10.46,98.0,6.0,78.0,England,Pakistan,England,"{""runs"": 23}",1,Pakistan,,2.4,0.4,0.3
1385690,England,131.0,3.0,84.0,12.0,7.0,9.36,133.0,8.0,98.0,Pakistan,England,England,"{""wickets"": 7}",1,Pakistan,,3.4,0.6,0.3
1415728,England,50.0,2.0,20.0,7.0,3.0,15.0,31.0,6.0,57.0,Oman,England,England,"{""wickets"": 8}",1,Oman,,4.4,0.8,0.5
1415734,England,,,,,,,2.0,0.0,2.0,England,Namibia,England,"{""runs"": 41}",1,Namibia,,4.0,0.8,0.5
1415749,England,62.0,0.0,28.0,2.0,5.0,13.29,35.0,4.0,41.0,United States of America,England,England,"{""wickets"": 10}",1,United States of America,,4.8,1.0,0.5
1415754,England,37.0,3.0,36.0,5.0,0.0,6.17,1.0,0.0,1.0,India,England,India,"{""runs"": 68}",0,India,,3.6,0.8,0.18
1433375,England,5.0,0.0,4.0,1.0,0.0,7.5,29.0,0.0,18.0,West Indies,England,England,"{""wickets"": 3}",1,West Indies,,2.0,0.8,0.17
1433376,England,,,,,,,43.0,4.0,24.0,England,West Indies,West Indies,"{""wickets"": 5}",0,West Indies,,1.6,0.6,0.17
1439899,England,40.0,3.0,51.0,4.0,0.0,4.71,99.0,1.0,50.0,England,India,India,"{""wickets"": 7}",0,India,,1.8,0.4,0.18
1439900,England,89.0,6.0,63.0,7.0,4.0,8.48,138.0,4.0,97.0,England,India,India,"{""wickets"": 2}",0,India,,1.8,0.2,0.18
1439901,England,65.0,6.0,42.0,4.0,6.0,9.29,60.0,4.0,52.0,England,India,England,"{""runs"": 26}",1,India,,2.6,0.4,0.18
1439902,England,96.0,8.0,71.0,8.0,4.0,8.11,30.0,3.0,21.0,India,England,India,"{""runs"": 15}",0,India,,3.2,0.2,0.18
1439903,England,12.0,8.0,18.0,2.0,0.0,4.0,165.0,3.0,73.0,India,England,India,"{""runs"": 150}",0,India,60.4,3.0,0.2,0.18
1448360,England,8.0,2.0,10.0,0.0,1.0,4.8,15.0,0.0,7.0,Ireland,England,England,"{""wickets"": 4}",1,Ireland,54.0,2.8,0.4,0.25
1448362,England,9.0,0.0,7.0,1.0,0.0,7.71,24.0,1.0,19.0,Ireland,England,England,"{""wickets"": 6}",1,Ireland,38.0,2.2,0.6,0.25
1271446,France,0.0,1.0,2.0,0.0,0.0,0.0,24.0,0.0,25.0,Norway,France,France,"{""wickets"": 4}",1,Norway,,,,0.25
1271447,France,27.0,1.0,26.0,3.0,0.0,6.23,7.0,1.0,8.0,France,Germany,Germany,"{""wickets"": 2}",0,Germany,,,,0.0
1271448,France,4.0,1.0,5.0,1.0,0.0,4.8,30.0,1.0,27.0,Germany,France,Germany,"{""runs"": 48}",0,Germany,,,,0.0
1271449,France,12.0,1.0,8.0,1.0,1.0,9.0,28.0,3.0,25.0,Norway,France,Norway,"{""runs"": 3}",0,Norway,,,,0.25
1384582,France,58.0,1.0,43.0,7.0,2.0,8.09,26.0,5.0,28.0,France,Malta,France,"{""runs"": 9}",1,Malta,20.2,2.0,0.4,0.29
1384583,France,29.0,1.0,24.0,3.0,1.0,7.25,12.0,3.0,19.0,Malta,France,Malta,"{""runs"": 4}",0,Malta,26.0,2.6,0.2,0.29
1384585,France,17.0,1.0,12.0,2.0,0.0,8.5,19.0,1.0,16.0,France,Luxembourg,France,"{""runs"": 51}",1,Luxembourg,24.0,2.6,0.4,0.38
1384587,France,,,,,,,15.0,2.0,20.0,Luxembourg,France,France,"{""wickets"": 9}",1,Luxembourg,,2.8,0.6,0.38
1384588,France,22.0,1.0,18.0,0.0,1.0,7.33,17.0,5.0,22.0,France,Malta,France,"{""runs"": 30}",1,Malta,,3.2,0.8,0.29
1384591,France,66.0,0.0,51.0,5.0,2.0,7.76,,,,France,Romania,France,"{""runs"": 88}",1,Romania,,,0.8,0.5
1384594,France,60.0,0.0,38.0,11.0,0.0,9.47,22.0,0.0,24.0,France,Switzerland,Switzerland,"{""wickets"": 6}",0,Switzerland,,,0.8,0.0
1384597,France,,,,,,,20.0,0.0,12.0,France,Luxembourg,Luxembourg,"{""wickets"": 4}",0,Luxembourg,,,0.6,0.38
1384598,France,19.0,1.0,20.0,0.0,1.0,5.7,,,,France,Malta,Malta,"{""wickets"": 7}",0,Malta,,,0.4,0.29
1432194,France,0.0,1.0,1.0,0.0,0.0,0.0,32.0,3.0,25.0,France,Malta,France,"{""runs"": 9}",1,Malta,,,0.4,0.29
1432195,France,16.0,0.0,11.0,2.0,0.0,8.73,2.0,1.0,7.0,France,Malta,France,"{""runs"": 86}",1,Malta,,,0.4,0.29
1432196,France,29.0,1.0,26.0,1.0,1.0,6.69,24.0,3.0,24.0,Belgium,France,,,0,Belgium,,,0.4,0.0
1432200,France,16.0,1.0,20.0,2.0,0.0,4.8,18.0,0.0,13.0,France,Belgium,Belgium,"{""runs"": 15}",0,Belgium,16.0,,0.4,0.0
1436473,France,26.0,1.0,21.0,2.0,0.0,7.43,40.0,4.0,29.0,France,Isle of Man,France,"{""runs"": 16}",1,Isle of Man,17.4,2.2,0.6,0.5
1436478,France,7.0,1.0,11.0,0.0,0.0,3.82,30.0,1.0,24.0,France,Italy,Italy,"{""wickets"": 5}",0,Italy,18.8,1.8,0.4,0.0
1436484,France,9.0,0.0,7.0,1.0,0.0,7.71,16.0,2.0,26.0,France,Luxembourg,France,"{""runs"": 13}",1,Luxembourg,17.4,2.0,0.4,0.38
1436489,France,14.0,1.0,12.0,2.0,0.0,7.0,3.0,3.0,11.0,France,Turkey,France,"{""runs"": 40}",1,Turkey,14.4,2.0,0.6,0.5
1436492,France,2.0,1.0,4.0,0.0,0.0,3.0,8.0,1.0,18.0,France,Austria,Austria,"{""wickets"": 6}",0,Austria,11.6,2.2,0.6,0.0
1490882,France,0.0,1.0,1.0,0.0,0.0,0.0,20.0,1.0,13.0,France,Malta,Malta,"{""wickets"": 6}",0,Malta,6.4,1.6,0.4,0.29
1490886,France,11.0,1.0,11.0,2.0,0.0,6.0,29.0,2.0,25.0,Belgium,France,Belgium,"{""runs"": 16}",0,Belgium,7.2,1.8,0.4,0.0
1490890,France,12.0,1.0,9.0,1.0,0.0,8.0,38.0,2.0,21.0,Hungary,France,Hungary,"{""runs"": 52}",0,Hungary,7.8,1.8,0.2,0.0
1453932,Gambia,,,,,,,136.0,0.0,44.0,Zimbabwe,Gambia,Zimbabwe,"{""runs"": 290}",0,Zimbabwe,,,,0.0
1271447,Germany,7.0,1.0,8.0,1.0,0.0,5.25,27.0,1.0,26.0,France,Germany,Germany,"{""wickets"": 2}",1,France,,,,0.5
1271448,Germany,30.0,1.0,27.0,1.0,0.0,6.67,4.0,1.0,5.0,Germany,France,Germany,"{""runs"": 48}",1,France,,,,0.5
1299574,Germany,0.0,1.0,1.0,0.0,0.0,0.0,,,,Germany,Ireland,Ireland,"{""wickets"": 7}",0,Ireland,,,,0.0
1299578,Germany,47.0,0.0,50.0,2.0,0.0,5.64,3.0,1.0,7.0,Germany,Canada,Canada,"{""wickets"": 6}",0,Canada,,,,0.0
1318357,Germany,12.0,1.0,18.0,0.0,0.0,4.0,,,,Germany,Austria,Germany,"{""runs"": 54}",1,Austria,19.2,,0.6,0.5
1318362,Germany,8.0,1.0,5.0,1.0,0.0,9.6,,,,Germany,Sweden,Germany,"{""runs"": 29}",1,Sweden,19.4,,0.6,0.5
1184258,Ghana,22.0,0.0,24.0,1.0,0.0,5.5,,,,Ghana,Namibia,Namibia,"{""wickets"": 9}",0,Namibia,,,,0.0
1184266,Ghana,15.0,0.0,10.0,2.0,0.0,9.0,53.0,0.0,36.0,Uganda,Ghana,Uganda,"{""wickets"": 7}",0,Uganda,,,,0.0
1283037,Ghana,9.0,2.0,24.0,0.0,0.0,2.25,15.0,1.0,13.0,Uganda,Ghana,Uganda,"{""runs"": 79}",0,Uganda,,,,0.0
1332501,Ghana,34.0,2.0,24.0,4.0,1.0,8.5,17.0,0.0,10.0,Ghana,Uganda,Uganda,"{""wickets"": 8}",0,Uganda,,,,0.0
682899,Hong Kong,13.0,2.0,18.0,2.0,0.0,4.33,,,,Hong Kong,Nepal,Nepal,"{""runs"": 80}",0,Nepal,,,,0.21
802327,Hong Kong,18.0,1.0,24.0,2.0,0.0,4.5,40.0,1.0,31.0,Hong Kong,Nepal,Hong Kong,"{""wickets"": 2}",1,Nepal,,,,0.21
875507,Hong Kong,27.0,1.0,19.0,2.0,1.0,8.53,17.0,1.0,12.0,Hong Kong,Nepal,Hong Kong,"{""wickets"": 5}",1,Nepal,,,,0.21
875521,Hong Kong,23.0,2.0,25.0,2.0,1.0,5.52,0.0,1.0,2.0,Ireland,Hong Kong,Hong Kong,"{""runs"": 5}",1,Ireland,,,,0.25
930575,Hong Kong,29.0,3.0,25.0,3.0,0.0,6.96,,,,Hong Kong,Oman,Oman,"{""wickets"": 6}",0,Oman,22.0,,0.6,0.06
930577,Hong Kong,42.0,8.0,48.0,4.0,1.0,5.25,0.0,1.0,2.0,Hong Kong,Oman,Oman,"{""runs"": 4}",0,Oman,27.8,,0.6,0.06
930579,Hong Kong,48.0,0.0,30.0,4.0,2.0,9.6,25.0,1.0,16.0,Hong Kong,Oman,Hong Kong,"{""wickets"": 8}",1,Oman,33.8,,0.6,0.06
951305,Hong Kong,12.0,1.0,13.0,1.0,0.0,5.54,4.0,1.0,5.0,Hong Kong,Zimbabwe,Zimbabwe,"{""runs"": 14}",0,Zimbabwe,30.8,,0.4,0.0
966735,Hong Kong,82.0,2.0,48.0,6.0,5.0,10.25,18.0,1.0,13.0,Hong Kong,Oman,Oman,"{""runs"": 5}",0,Oman,42.6,,0.2,0.06
1074961,Hong Kong,75.0,8.0,92.0,8.0,0.0,4.89,71.0,1.0,48.0,Hong Kong,Oman,Oman,"{""wickets"": 7}",0,Oman,51.8,1.0,0.2,0.06
1197523,Hong Kong,59.0,4.0,43.0,7.0,1.0,8.23,14.0,1.0,15.0,Hong Kong,Nepal,Nepal,"{""wickets"": 4}",0,Nepal,55.2,1.0,0.2,0.21
1199500,Hong Kong,23.0,0.0,18.0,1.0,0.0,7.67,,,,Hong Kong,Ireland,Ireland,"{""wickets"": 8}",0,Ireland,50.2,,0.0,0.25
1199511,Hong Kong,64.0,5.0,74.0,3.0,1.0,5.19,65.0,1.0,61.0,Hong Kong,Oman,Oman,"{""wickets"": 7}",0,Oman,60.6,,0.0,0.06
1199527,Hong Kong,33.0,3.0,25.0,3.0,2.0,7.92,35.0,2.0,37.0,Canada,Hong Kong,Hong Kong,"{""runs"": 32}",1,Canada,50.8,,0.2,0.5
1199544,Hong Kong,80.0,7.0,87.0,7.0,0.0,5.52,35.0,3.0,24.0,Hong Kong,Oman,Oman,"{""runs"": 12}",0,Oman,51.8,,0.2,0.06
1217740,Hong Kong,51.0,3.0,37.0,4.0,2.0,8.27,26.0,2.0,20.0,Hong Kong,Nepal,Hong Kong,"{""runs"": 43}",1,Nepal,50.2,,0.4,0.21
1321468,Hong Kong,20.0,2.0,21.0,1.0,0.0,5.71,31.0,0.0,42.0,Hong Kong,Uganda,Uganda,"{""wickets"": 2}",0,Uganda,49.6,1.6,0.4,0.0
1321471,Hong Kong,17.0,1.0,12.0,1.0,1.0,8.5,,,,Hong Kong,Netherlands,Netherlands,"{""wickets"": 7}",0,Netherlands,40.2,,0.4,0.0
1321481,Hong Kong,,,,,,,14.0,1.0,16.0,Uganda,Hong Kong,Uganda,"{""runs"": 4}",0,Uganda,,,0.2,0.0
1327272,Hong Kong,98.0,5.0,52.0,13.0,4.0,11.31,40.0,1.0,41.0,India,Hong Kong,India,"{""runs"": 40}",0,India,,,0.2,0.0
1327274,Hong Kong,26.0,10.0,51.0,1.0,0.0,3.06,193.0,2.0,129.0,Pakistan,Hong Kong,Pakistan,"{""runs"": 155}",0,Pakistan,,,0.0,0.0
1399114,Hong Kong,50.0,10.0,86.0,6.0,0.0,3.49,75.0,4.0,70.0,Pakistan,Hong Kong,Pakistan,"{""runs"": 68}",0,Pakistan,,,0.0,0.0
1403289,Hong Kong,35.0,9.0,59.0,1.0,0.0,3.56,48.0,2.0,44.0,Hong Kong,Nepal,Nepal,"{""wickets"": 6}",0,Nepal,,2.0,0.0,0.21
1403290,Hong Kong,85.0,6.0,73.0,11.0,0.0,6.99,134.0,3.0,69.0,Nepal,Hong Kong,Nepal,"{""runs"": 79}",0,Nepal,58.8,2.4,0.0,0.21
1423439,Hong Kong,29.0,2.0,26.0,3.0,1.0,6.69,0.0,1.0,1.0,Hong Kong,Nepal,Hong Kong,"{""runs"": 73}",1,Nepal,45.0,2.4,0.2,0.21
1423440,Hong Kong,47.0,1.0,37.0,4.0,2.0,7.62,,,,Hong Kong,Nepal,,,0,Nepal,49.2,,0.2,0.21
1426465,Hong Kong,50.0,1.0,44.0,5.0,1.0,6.82,41.0,1.0,19.0,Hong Kong,Nepal,Nepal,"{""wickets"": 8}",0,Nepal,49.2,,0.2,0.21
1426476,Hong Kong,109.0,9.0,104.0,11.0,2.0,6.29,107.0,2.0,88.0,Hong Kong,Oman,Oman,"{""wickets"": 5}",0,Oman,64.0,,0.2,0.06
1426477,Hong Kong,46.0,4.0,43.0,4.0,2.0,6.42,36.0,4.0,41.0,Nepal,Hong Kong,Hong Kong,"{""wickets"": 4}",1,Nepal,56.2,,0.4,0.21
1479325,Hong Kong,9.0,0.0,9.0,1.0,0.0,6.0,,,,Hong Kong,Nepal,,,0,Nepal,52.2,,0.2,0.21
1496922,Hong Kong,143.0,7.0,125.0,8.0,5.0,6.86,144.0,3.0,113.0,Hong Kong,Bangladesh,Bangladesh,"{""wickets"": 7}",0,Bangladesh,71.4,,0.2,0.0
1490890,Hungary,38.0,2.0,21.0,2.0,3.0,10.86,12.0,1.0,9.0,Hungary,France,Hungary,"{""runs"": 52}",1,France,,,,0.5
1117821,ICC World XI,88.0,3.0,55.0,9.0,4.0,9.6,100.0,2.0,58.0,Pakistan,ICC World XI,Pakistan,"{""runs"": 20}",0,Pakistan,,,,0.17
1117822,ICC World XI,32.0,1.0,25.0,0.0,2.0,7.68,68.0,2.0,53.0,Pakistan,ICC World XI,ICC World XI,"{""wickets"": 7}",1,Pakistan,,,,0.17
1117824,ICC World XI,62.0,4.0,43.0,4.0,4.0,8.65,77.0,3.0,59.0,Pakistan,ICC World XI,Pakistan,"{""runs"": 33}",0,Pakistan,,,,0.17
565820,India,36.0,0.0,18.0,6.0,0.0,12.0,,,,India,New Zealand,New Zealand,"{""runs"": 1}",0,New Zealand,,,,0.25
885969,India,6.0,2.0,8.0,0.0,0.0,4.5,15.0,2.0,18.0,Zimbabwe,India,India,"{""runs"": 54}",1,Zimbabwe,,,,0.36
885971,India,9.0,0.0,12.0,0.0,0.0,4.5,8.0,1.0,7.0,Zimbabwe,India,Zimbabwe,"{""runs"": 10}",0,Zimbabwe,,,,0.36
951329,India,8.0,1.0,14.0,0.0,0.0,3.43,,,,India,New Zealand,New Zealand,"{""runs"": 47}",0,New Zealand,,,,0.25
951353,India,35.0,3.0,25.0,2.0,2.0,8.4,22.0,2.0,22.0,India,Bangladesh,India,"{""runs"": 1}",1,Bangladesh,18.8,,0.4,0.47
966745,India,64.0,2.0,46.0,6.0,3.0,8.35,29.0,1.0,32.0,India,Bangladesh,India,"{""runs"": 45}",1,Bangladesh,24.4,,0.6,0.47
966765,India,14.0,2.0,19.0,1.0,0.0,4.42,14.0,1.0,9.0,Bangladesh,India,India,"{""wickets"": 8}",1,Bangladesh,26.0,,0.6,0.47
1007655,India,18.0,1.0,20.0,0.0,1.0,5.4,20.0,1.0,19.0,Zimbabwe,India,Zimbabwe,"{""runs"": 2}",0,Zimbabwe,27.8,,0.6,0.36
1007657,India,58.0,0.0,46.0,3.0,2.0,7.57,1.0,1.0,2.0,Zimbabwe,India,India,"{""wickets"": 10}",1,Zimbabwe,37.8,1.2,0.8,0.36
1007659,India,22.0,1.0,20.0,3.0,1.0,6.6,,,,Zimbabwe,India,India,"{""runs"": 3}",1,Zimbabwe,35.2,,0.8,0.36
1034825,India,9.0,1.0,10.0,1.0,0.0,5.4,,,,India,England,England,"{""wickets"": 7}",0,England,24.2,,0.6,0.32
1034827,India,73.0,1.0,48.0,6.0,2.0,9.12,,,,India,England,India,"{""runs"": 5}",1,England,36.0,,0.6,0.32
1034829,India,24.0,1.0,18.0,2.0,1.0,8.0,,,,India,England,India,"{""runs"": 75}",1,England,37.2,,0.8,0.32
1041615,India,113.0,0.0,53.0,12.0,5.0,12.79,,,,India,West Indies,West Indies,"{""runs"": 1}",0,West Indies,48.2,,0.6,0.35
1098211,India,,,,,,,39.0,1.0,27.0,West Indies,India,West Indies,"{""wickets"": 9}",0,West Indies,,,0.4,0.35
1109610,India,24.0,1.0,18.0,3.0,0.0,8.0,20.0,2.0,24.0,Sri Lanka,India,India,"{""wickets"": 7}",1,Sri Lanka,,,0.6,0.34
1119501,India,,,,,,,16.0,2.0,24.0,Australia,India,India,"{""wickets"": 9}",1,Australia,,,0.6,0.27
1119502,India,19.0,2.0,21.0,1.0,0.0,5.43,46.0,0.0,24.0,India,Australia,Australia,"{""wickets"": 8}",0,Australia,,,0.4,0.27
1119543,India,102.0,0.0,55.0,10.0,5.0,11.13,24.0,5.0,24.0,England,India,India,"{""wickets"": 8}",1,England,,2.0,0.6,0.32
1119544,India,6.0,1.0,8.0,0.0,0.0,4.5,37.0,1.0,25.0,India,England,England,"{""wickets"": 5}",0,England,,2.0,0.6,0.32
1119545,India,19.0,1.0,10.0,1.0,2.0,11.4,,,,England,India,India,"{""wickets"": 7}",1,England,,,0.6,0.32
1120094,India,30.0,0.0,25.0,4.0,0.0,7.2,53.0,1.0,25.0,New Zealand,India,New Zealand,"{""runs"": 40}",0,New Zealand,35.2,,0.4,0.25
1120095,India,,,,,,,10.0,2.0,6.0,India,New Zealand,India,"{""runs"": 6}",1,New Zealand,,,0.6,0.25
1122729,India,63.0,1.0,49.0,7.0,1.0,7.71,18.0,4.0,26.0,India,Sri Lanka,India,"{""runs"": 93}",1,Sri Lanka,,,0.6,0.34
1122730,India,91.0,1.0,51.0,5.0,8.0,10.71,53.0,3.0,25.0,India,Sri Lanka,India,"{""runs"": 88}",1,Sri Lanka,,,0.8,0.34
1122731,India,4.0,1.0,9.0,0.0,0.0,2.67,94.0,5.0,76.0,Sri Lanka,India,India,"{""wickets"": 5}",1,Sri Lanka,,3.0,0.8,0.34
1133817,India,,,,,,,29.0,2.0,25.0,India,Sri Lanka,Sri Lanka,"{""wickets"": 5}",0,Sri Lanka,,3.2,0.8,0.34
1133818,India,67.0,2.0,49.0,8.0,1.0,8.2,68.0,3.0,69.0,Bangladesh,India,India,"{""wickets"": 6}",1,Bangladesh,,3.4,0.8,0.47
1133820,India,23.0,1.0,19.0,1.0,0.0,7.26,21.0,3.0,25.0,Sri Lanka,India,India,"{""wickets"": 6}",1,Sri Lanka,,3.2,0.8,0.34
1133821,India,38.0,1.0,25.0,3.0,2.0,9.12,72.0,5.0,53.0,India,Bangladesh,India,"{""runs"": 17}",1,Bangladesh,,3.6,0.8,0.47
1133823,India,80.0,3.0,57.0,8.0,2.0,8.42,32.0,2.0,36.0,Bangladesh,India,India,"{""wickets"": 4}",1,Bangladesh,,3.0,0.8,0.47
1140992,India,40.0,0.0,24.0,2.0,3.0,10.0,24.0,6.0,29.0,India,Ireland,India,"{""runs"": 76}",1,Ireland,49.6,3.8,1.0,0.5
1140993,India,90.0,3.0,57.0,4.0,6.0,9.47,19.0,5.0,21.0,India,Ireland,India,"{""runs"": 143}",1,Ireland,54.2,4.2,1.0,0.5
1144990,India,18.0,1.0,13.0,2.0,0.0,8.31,24.0,3.0,27.0,Australia,India,Australia,"{""runs"": 4}",0,Australia,53.2,4.2,0.8,0.27
1144991,India,,,,,,,23.0,1.0,25.0,Australia,India,,,0,Australia,,3.4,0.6,0.27
1144992,India,16.0,1.0,21.0,0.0,1.0,4.57,20.0,1.0,26.0,Australia,India,India,"{""wickets"": 6}",1,Australia,,3.2,0.6,0.27
1153696,India,,,,,,,0.0,1.0,1.0,New Zealand,India,New Zealand,"{""runs"": 80}",0,New Zealand,,2.2,0.4,0.25
1153698,India,,,,,,,26.0,3.0,25.0,New Zealand,India,New Zealand,"{""runs"": 4}",0,New Zealand,,1.8,0.2,0.25
1157759,India,22.0,1.0,23.0,2.0,0.0,5.74,14.0,3.0,24.0,West Indies,India,India,"{""wickets"": 5}",1,West Indies,,1.8,0.4,0.35
1157760,India,28.0,0.0,16.0,2.0,1.0,10.5,32.0,2.0,24.0,India,West Indies,India,"{""runs"": 71}",1,West Indies,,2.0,0.6,0.35
1157761,India,18.0,1.0,11.0,4.0,0.0,9.82,33.0,2.0,28.0,West Indies,India,India,"{""wickets"": 6}",1,West Indies,,2.2,0.6,0.35
1168247,India,52.0,1.0,38.0,6.0,1.0,8.21,0.0,1.0,1.0,India,Australia,Australia,"{""wickets"": 3}",0,Australia,,2.2,0.6,0.27
1168248,India,47.0,1.0,26.0,3.0,4.0,10.85,0.0,1.0,1.0,India,Australia,Australia,"{""wickets"": 7}",0,Australia,33.4,1.8,0.6,0.27
1187005,India,,,,,,,19.0,1.0,19.0,India,South Africa,India,"{""wickets"": 7}",1,South Africa,,1.4,0.6,0.28
1187006,India,5.0,1.0,2.0,1.0,0.0,15.0,28.0,0.0,24.0,India,South Africa,South Africa,"{""wickets"": 9}",0,South Africa,,1.0,0.4,0.28
1187013,India,70.0,4.0,64.0,7.0,2.0,6.56,78.0,3.0,71.0,India,Bangladesh,Bangladesh,"{""wickets"": 7}",0,Bangladesh,,1.2,0.2,0.47
1187014,India,54.0,0.0,39.0,5.0,2.0,8.31,106.0,4.0,84.0,India,Bangladesh,India,"{""wickets"": 8}",1,Bangladesh,,1.8,0.4,0.47
1187015,India,124.0,3.0,78.0,12.0,4.0,9.54,102.0,7.0,73.0,India,Bangladesh,India,"{""runs"": 30}",1,Bangladesh,,3.0,0.6,0.47
1187018,India,70.0,1.0,43.0,5.0,4.0,9.77,34.0,1.0,19.0,India,West Indies,India,"{""wickets"": 6}",1,West Indies,64.6,3.0,0.6,0.35
1187019,India,16.0,2.0,13.0,1.0,0.0,7.38,26.0,1.0,25.0,India,West Indies,West Indies,"{""wickets"": 8}",0,West Indies,66.8,3.2,0.6,0.35
1187020,India,94.0,1.0,58.0,9.0,4.0,9.72,50.0,3.0,33.0,India,West Indies,India,"{""runs"": 67}",1,West Indies,71.6,3.2,0.8,0.35
1187677,India,61.0,1.0,31.0,4.0,3.0,11.81,,,,New Zealand,India,India,"{""wickets"": 6}",1,New Zealand,73.0,,0.8,0.25
1187678,India,63.0,0.0,52.0,3.0,2.0,7.27,,,,New Zealand,India,India,"{""wickets"": 7}",1,New Zealand,60.8,,0.8,0.25
1187679,India,32.0,1.0,21.0,3.0,1.0,9.14,0.0,2.0,2.0,New Zealand,India,,,0,New Zealand,53.2,,0.6,0.25
1187680,India,52.0,3.0,34.0,4.0,3.0,9.18,24.0,2.0,14.0,New Zealand,India,,,0,New Zealand,60.4,,0.6,0.25
1187681,India,50.0,1.0,34.0,4.0,2.0,8.82,20.0,3.0,20.0,New Zealand,India,India,"{""runs"": 7}",1,New Zealand,51.6,,0.6,0.25
1188621,India,8.0,0.0,5.0,0.0,1.0,9.6,18.0,1.0,13.0,India,West Indies,India,"{""wickets"": 4}",1,West Indies,41.0,,0.6,0.35
1188622,India,,,,,,,13.0,1.0,19.0,India,West Indies,India,"{""runs"": 22}",1,West Indies,,1.8,0.6,0.35
1188623,India,21.0,1.0,19.0,2.0,1.0,6.63,23.0,1.0,22.0,West Indies,India,India,"{""wickets"": 7}",1,West Indies,,1.6,0.8,0.35
1202243,India,46.0,1.0,32.0,6.0,0.0,8.62,68.0,4.0,49.0,India,Sri Lanka,India,"{""wickets"": 7}",1,Sri Lanka,,2.0,1.0,0.34
1202244,India,54.0,2.0,37.0,5.0,1.0,8.76,38.0,3.0,25.0,India,Sri Lanka,India,"{""runs"": 78}",1,Sri Lanka,,2.0,1.0,0.34
1223952,India,61.0,2.0,46.0,6.0,1.0,7.96,18.0,0.0,24.0,India,Australia,India,"{""runs"": 11}",1,Australia,,1.8,1.0,0.27
1223953,India,31.0,1.0,22.0,2.0,1.0,8.45,36.0,3.0,27.0,Australia,India,India,"{""wickets"": 6}",1,Australia,42.6,2.2,1.0,0.27
1223954,India,7.0,2.0,8.0,1.0,0.0,5.25,35.0,2.0,25.0,Australia,India,Australia,"{""runs"": 12}",0,Australia,39.8,2.4,0.8,0.27
1243388,India,6.0,1.0,9.0,0.0,0.0,4.0,18.0,1.0,15.0,India,England,England,"{""wickets"": 8}",0,England,31.8,1.8,0.6,0.32
1243389,India,58.0,2.0,39.0,5.0,4.0,8.92,29.0,2.0,24.0,England,India,India,"{""wickets"": 7}",1,England,32.6,1.6,0.6,0.32
1243390,India,4.0,2.0,13.0,0.0,0.0,1.85,27.0,1.0,24.0,India,England,England,"{""wickets"": 8}",0,England,21.2,1.8,0.4,0.32
1243391,India,20.0,2.0,20.0,3.0,0.0,6.0,52.0,3.0,27.0,India,England,India,"{""runs"": 8}",1,England,19.0,1.8,0.4,0.32
1243392,India,,,,,,,13.0,1.0,7.0,India,England,India,"{""runs"": 36}",1,England,,1.6,0.6,0.32
1262758,India,23.0,0.0,15.0,1.0,1.0,9.2,0.0,1.0,1.0,India,Sri Lanka,India,"{""runs"": 38}",1,Sri Lanka,,1.6,0.8,0.34
1262759,India,,,,,,,30.0,2.0,25.0,India,Sri Lanka,Sri Lanka,"{""wickets"": 4}",0,Sri Lanka,,1.6,0.6,0.34
1262760,India,24.0,0.0,29.0,0.0,0.0,4.97,16.0,0.0,13.0,India,Sri Lanka,Sri Lanka,"{""wickets"": 7}",0,Sri Lanka,,1.4,0.6,0.34
1273727,India,130.0,7.0,105.0,9.0,4.0,7.43,152.0,0.0,111.0,India,Pakistan,Pakistan,"{""wickets"": 10}",0,Pakistan,,0.8,0.4,0.38
1273739,India,48.0,3.0,47.0,6.0,1.0,6.13,0.0,1.0,1.0,India,New Zealand,New Zealand,"{""wickets"": 8}",0,New Zealand,,0.8,0.2,0.25
1273748,India,51.0,1.0,20.0,6.0,3.0,15.3,0.0,1.0,1.0,Scotland,India,India,"{""wickets"": 8}",1,Scotland,,0.8,0.2,0.5
1273753,India,61.0,0.0,42.0,5.0,2.0,8.71,9.0,1.0,9.0,Namibia,India,India,"{""wickets"": 9}",1,Namibia,62.8,0.6,0.4,0.5
1276904,India,10.0,1.0,11.0,0.0,0.0,5.45,20.0,2.0,23.0,India,England,India,"{""runs"": 50}",1,England,60.0,1.0,0.6,0.32
1276906,India,3.0,1.0,3.0,0.0,0.0,6.0,76.0,4.0,52.0,England,India,England,"{""runs"": 17}",0,England,34.6,1.8,0.6,0.32
1278671,India,17.0,1.0,14.0,1.0,1.0,7.29,41.0,1.0,25.0,New Zealand,India,India,"{""wickets"": 5}",1,New Zealand,28.4,1.8,0.8,0.25
1278672,India,88.0,1.0,61.0,7.0,4.0,8.66,6.0,1.0,5.0,New Zealand,India,India,"{""wickets"": 7}",1,New Zealand,35.8,1.8,0.8,0.25
1278673,India,57.0,2.0,35.0,9.0,1.0,9.77,8.0,2.0,7.0,India,New Zealand,India,"{""runs"": 73}",1,New Zealand,35.0,2.0,0.8,0.25
1278679,India,36.0,1.0,42.0,4.0,0.0,5.14,22.0,2.0,30.0,West Indies,India,India,"{""wickets"": 6}",1,West Indies,40.2,2.0,0.8,0.35
1278680,India,8.0,1.0,10.0,0.0,0.0,4.8,30.0,2.0,27.0,India,West Indies,India,"{""runs"": 8}",1,West Indies,41.2,1.6,1.0,0.35
1278681,India,35.0,1.0,31.0,5.0,0.0,6.77,72.0,4.0,55.0,India,West Indies,India,"{""runs"": 17}",1,West Indies,44.8,2.2,1.0,0.35
1278684,India,93.0,1.0,59.0,10.0,3.0,9.46,0.0,2.0,2.0,India,Sri Lanka,India,"{""runs"": 62}",1,Sri Lanka,45.8,2.4,1.0,0.34
1278685,India,18.0,1.0,17.0,2.0,0.0,6.35,,,,Sri Lanka,India,India,"{""wickets"": 7}",1,Sri Lanka,38.0,,1.0,0.34
1278686,India,,,,,,,112.0,4.0,100.0,Sri Lanka,India,India,"{""wickets"": 6}",1,Sri Lanka,,,1.0,0.34
1278687,India,83.0,1.0,50.0,11.0,3.0,9.96,36.0,1.0,28.0,India,South Africa,South Africa,"{""wickets"": 7}",0,South Africa,,,0.8,0.28
1278688,India,34.0,1.0,21.0,2.0,3.0,9.71,18.0,2.0,20.0,India,South Africa,South Africa,"{""wickets"": 4}",0,South Africa,,,0.6,0.28
1278689,India,55.0,1.0,36.0,5.0,2.0,9.17,35.0,2.0,26.0,India,South Africa,India,"{""runs"": 48}",1,South Africa,,,0.6,0.28
1278690,India,28.0,1.0,26.0,3.0,1.0,6.46,23.0,6.0,25.0,India,South Africa,India,"{""runs"": 82}",1,South Africa,,3.0,0.6,0.28
1278691,India,17.0,1.0,8.0,0.0,2.0,12.75,,,,India,South Africa,,,0,South Africa,43.4,,0.4,0.28
1298150,India,160.0,6.0,125.0,9.0,6.0,7.68,58.0,6.0,52.0,Pakistan,India,India,"{""wickets"": 4}",1,Pakistan,58.8,,0.6,0.38
1298157,India,15.0,1.0,19.0,1.0,0.0,4.74,53.0,3.0,42.0,India,Netherlands,India,"{""runs"": 56}",1,Netherlands,55.0,,0.8,0.5
1298164,India,11.0,1.0,15.0,0.0,1.0,4.4,25.0,2.0,25.0,India,South Africa,South Africa,"{""wickets"": 5}",0,South Africa,46.2,,0.6,0.28
1298169,India,161.0,5.0,107.0,17.0,6.0,9.03,104.0,4.0,59.0,India,Bangladesh,India,"{""runs"": 5}",1,Bangladesh,72.8,,0.6,0.47
1298176,India,59.0,1.0,46.0,3.0,3.0,7.7,45.0,2.0,40.0,India,Zimbabwe,India,"{""runs"": 71}",1,Zimbabwe,81.2,3.4,0.8,0.36
1298178,India,5.0,1.0,5.0,1.0,0.0,6.0,15.0,0.0,13.0,India,England,England,"{""wickets"": 10}",0,England,50.2,2.2,0.6,0.32
1303307,India,27.0,1.0,12.0,3.0,2.0,13.5,25.0,1.0,19.0,Ireland,India,India,"{""wickets"": 7}",1,Ireland,52.6,1.8,0.6,0.5
1303308,India,3.0,2.0,6.0,0.0,0.0,3.0,64.0,2.0,40.0,India,Ireland,India,"{""runs"": 4}",1,Ireland,51.0,1.8,0.8,0.5
1317903,India,,,,,,,51.0,4.0,53.0,India,West Indies,India,"{""runs"": 68}",1,West Indies,,1.8,0.8,0.35
1317904,India,10.0,1.0,6.0,0.0,1.0,10.0,57.0,2.0,40.0,India,West Indies,West Indies,"{""wickets"": 5}",0,West Indies,,1.8,0.6,0.35
1317905,India,,,,,,,80.0,2.0,44.0,West Indies,India,India,"{""wickets"": 7}",1,West Indies,,2.2,0.8,0.35
1317906,India,,,,,,,58.0,7.0,68.0,India,West Indies,India,"{""runs"": 59}",1,West Indies,,3.4,0.8,0.35
1317907,India,16.0,1.0,18.0,1.0,0.0,5.33,66.0,7.0,67.0,India,West Indies,India,"{""runs"": 88}",1,West Indies,,4.4,0.8,0.35
1322276,India,67.0,2.0,54.0,5.0,3.0,7.44,78.0,6.0,60.0,India,New Zealand,India,"{""runs"": 65}",1,New Zealand,,4.8,0.8,0.25
1322277,India,29.0,1.0,18.0,4.0,1.0,9.67,59.0,9.0,51.0,New Zealand,India,,,0,New Zealand,,6.2,0.8,0.25
1327270,India,119.0,5.0,98.0,8.0,5.0,7.29,102.0,8.0,92.0,Pakistan,India,India,"{""wickets"": 5}",1,Pakistan,,7.4,0.8,0.38
1327272,India,40.0,1.0,41.0,0.0,2.0,5.85,98.0,5.0,52.0,India,Hong Kong,India,"{""runs"": 40}",1,Hong Kong,54.2,7.0,0.8,0.5
1327276,India,181.0,7.0,126.0,16.0,5.0,8.62,170.0,5.0,121.0,India,Pakistan,Pakistan,"{""wickets"": 5}",0,Pakistan,87.2,6.6,0.6,0.38
1327277,India,8.0,1.0,9.0,1.0,0.0,5.33,42.0,1.0,24.0,India,Sri Lanka,Sri Lanka,"{""wickets"": 6}",0,Sri Lanka,75.4,5.6,0.4,0.34
1327503,India,56.0,1.0,36.0,4.0,3.0,9.33,,,,India,Australia,Australia,"{""wickets"": 4}",0,Australia,80.8,,0.4,0.27
1327504,India,10.0,1.0,6.0,0.0,1.0,10.0,,,,Australia,India,India,"{""wickets"": 6}",1,Australia,59.0,,0.4,0.27
1327505,India,3.0,1.0,5.0,0.0,0.0,3.6,0.0,1.0,1.0,Australia,India,India,"{""wickets"": 6}",1,Australia,51.6,,0.4,0.27
1327506,India,52.0,0.0,57.0,2.0,4.0,5.47,32.0,4.0,27.0,South Africa,India,India,"{""wickets"": 8}",1,South Africa,25.8,,0.6,0.28
1327507,India,60.0,1.0,30.0,5.0,4.0,12.0,62.0,2.0,29.0,India,South Africa,India,"{""runs"": 16}",1,South Africa,36.2,,0.8,0.28
1327508,India,5.0,1.0,7.0,1.0,0.0,4.29,45.0,0.0,26.0,South Africa,India,South Africa,"{""runs"": 49}",0,South Africa,26.0,,0.8,0.28
1348640,India,46.0,2.0,36.0,4.0,2.0,7.67,0.0,1.0,1.0,India,Sri Lanka,India,"{""runs"": 2}",1,Sri Lanka,33.2,1.6,0.8,0.34
1348641,India,12.0,2.0,9.0,1.0,0.0,8.0,37.0,1.0,18.0,Sri Lanka,India,Sri Lanka,"{""runs"": 16}",0,Sri Lanka,35.0,1.6,0.6,0.34
1348642,India,49.0,2.0,39.0,2.0,3.0,7.54,20.0,5.0,22.0,India,Sri Lanka,India,"{""runs"": 91}",1,Sri Lanka,34.4,1.8,0.6,0.34
1348649,India,67.0,4.0,51.0,7.0,3.0,7.88,93.0,5.0,75.0,New Zealand,India,New Zealand,"{""runs"": 21}",0,New Zealand,35.8,2.4,0.4,0.25
1348650,India,44.0,3.0,55.0,5.0,0.0,4.8,42.0,5.0,56.0,New Zealand,India,India,"{""wickets"": 6}",1,New Zealand,43.6,3.4,0.6,0.25
1348651,India,130.0,1.0,68.0,12.0,7.0,11.47,29.0,3.0,25.0,India,New Zealand,India,"{""runs"": 168}",1,New Zealand,60.4,3.8,0.6,0.25
1381217,India,68.0,5.0,58.0,6.0,3.0,7.03,76.0,4.0,73.0,West Indies,India,West Indies,"{""runs"": 4}",0,West Indies,71.6,4.4,0.6,0.35
1381218,India,104.0,4.0,85.0,8.0,5.0,7.34,101.0,5.0,74.0,India,West Indies,West Indies,"{""wickets"": 2}",0,West Indies,82.6,4.4,0.4,0.35
1381219,India,58.0,1.0,49.0,5.0,1.0,7.1,81.0,5.0,59.0,West Indies,India,India,"{""wickets"": 7}",1,West Indies,80.8,4.4,0.6,0.35
1381220,India,91.0,1.0,54.0,4.0,5.0,10.11,89.0,6.0,69.0,West Indies,India,India,"{""wickets"": 9}",1,West Indies,90.2,4.6,0.6,0.35
1381221,India,49.0,4.0,34.0,5.0,3.0,8.65,67.0,2.0,57.0,India,West Indies,West Indies,"{""wickets"": 8}",0,West Indies,74.0,4.4,0.4,0.35
1384634,India,0.0,1.0,1.0,0.0,0.0,0.0,77.0,5.0,74.0,Ireland,India,India,"{""runs"": 2}",1,Ireland,60.4,4.6,0.6,0.5
1384637,India,2.0,1.0,3.0,0.0,0.0,4.0,91.0,7.0,75.0,India,Ireland,India,"{""runs"": 33}",1,Ireland,40.0,5.0,0.8,0.5
1387598,India,32.0,3.0,25.0,4.0,1.0,7.68,126.0,4.0,68.0,India,South Africa,South Africa,"{""wickets"": 5}",0,South Africa,34.8,4.8,0.6,0.28
1387599,India,15.0,2.0,9.0,2.0,0.0,10.0,68.0,8.0,66.0,India,South Africa,India,"{""runs"": 106}",1,South Africa,19.6,5.2,0.6,0.28
1389391,India,76.0,4.0,56.0,4.0,5.0,8.14,126.0,2.0,77.0,Australia,India,India,"{""wickets"": 2}",1,Australia,25.0,5.2,0.8,0.27
1389392,India,62.0,1.0,37.0,3.0,5.0,10.05,121.0,5.0,76.0,India,Australia,India,"{""runs"": 44}",1,Australia,37.4,5.2,0.8,0.27
1389393,India,39.0,1.0,33.0,4.0,0.0,7.09,116.0,4.0,77.0,India,Australia,Australia,"{""wickets"": 5}",0,Australia,44.8,4.6,0.6,0.27
1389394,India,6.0,1.0,5.0,0.0,0.0,7.2,93.0,3.0,79.0,India,Australia,India,"{""runs"": 20}",1,Australia,39.6,4.4,0.8,0.27
1389395,India,5.0,1.0,4.0,0.0,0.0,7.5,140.0,8.0,98.0,India,Australia,India,"{""runs"": 6}",1,Australia,37.6,4.4,0.8,0.27
1399113,India,64.0,1.0,44.0,7.0,3.0,8.73,129.0,9.0,95.0,India,Nepal,India,"{""runs"": 23}",1,Nepal,35.2,5.8,0.8,0.5
1399117,India,58.0,0.0,35.0,2.0,6.0,9.94,80.0,8.0,106.0,Bangladesh,India,India,"{""wickets"": 9}",1,Bangladesh,34.4,6.4,0.8,0.47
1415708,India,0.0,1.0,1.0,0.0,0.0,0.0,49.0,4.0,49.0,Ireland,India,India,"{""wickets"": 8}",1,Ireland,26.6,6.4,1.0,0.5
1415719,India,78.0,9.0,78.0,9.0,2.0,6.0,104.0,7.0,105.0,India,Pakistan,India,"{""runs"": 6}",1,Pakistan,41.0,7.2,1.0,0.38
1415725,India,22.0,2.0,22.0,2.0,0.0,6.0,45.0,6.0,66.0,United States of America,India,India,"{""wickets"": 7}",1,United States of America,44.4,6.8,1.0,0.5
1415747,India,151.0,5.0,96.0,10.0,10.0,9.44,98.0,8.0,90.0,India,Bangladesh,India,"{""runs"": 50}",1,Bangladesh,61.8,6.6,1.0,0.47
1415751,India,,,,,,,65.0,5.0,50.0,India,Australia,India,"{""runs"": 24}",1,Australia,,6.0,1.0,0.27
1415754,India,1.0,0.0,1.0,0.0,0.0,6.0,37.0,3.0,36.0,India,England,India,"{""runs"": 68}",1,England,,5.8,1.0,0.32
1415755,India,,,,,,,66.0,2.0,48.0,India,South Africa,India,"{""runs"": 7}",1,South Africa,,4.8,1.0,0.28
1420223,India,93.0,7.0,107.0,12.0,1.0,5.21,87.0,9.0,103.0,Zimbabwe,India,Zimbabwe,"{""runs"": 13}",0,Zimbabwe,,5.4,0.8,0.36
1420224,India,112.0,2.0,58.0,8.0,8.0,11.59,129.0,10.0,111.0,India,Zimbabwe,India,"{""runs"": 100}",1,Zimbabwe,,5.8,0.8,0.36
1420225,India,90.0,3.0,68.0,8.0,4.0,7.94,116.0,5.0,91.0,India,Zimbabwe,India,"{""runs"": 23}",1,Zimbabwe,,5.8,0.8,0.36
1420226,India,75.0,0.0,49.0,9.0,2.0,9.18,97.0,4.0,77.0,Zimbabwe,India,India,"{""wickets"": 10}",1,Zimbabwe,,6.0,0.8,0.36
1420227,India,63.0,3.0,51.0,3.0,4.0,7.41,80.0,8.0,79.0,India,Zimbabwe,India,"{""runs"": 42}",1,Zimbabwe,86.6,7.2,0.8,0.36
1439893,India,125.0,3.0,67.0,14.0,7.0,11.19,76.0,10.0,80.0,Bangladesh,India,India,"{""wickets"": 7}",1,Bangladesh,93.0,7.4,1.0,0.47
1439894,India,165.0,9.0,99.0,13.0,11.0,10.0,83.0,8.0,79.0,India,Bangladesh,India,"{""runs"": 86}",1,Bangladesh,103.6,7.0,1.0,0.47
1439895,India,271.0,6.0,114.0,24.0,20.0,14.26,136.0,6.0,110.0,India,Bangladesh,India,"{""runs"": 133}",1,Bangladesh,139.8,7.2,1.0,0.47
1439899,India,99.0,1.0,50.0,8.0,8.0,11.88,40.0,3.0,51.0,England,India,India,"{""wickets"": 7}",1,England,144.6,7.0,1.0,0.32
1439900,India,138.0,4.0,97.0,13.0,6.0,8.54,89.0,6.0,63.0,England,India,India,"{""wickets"": 2}",1,England,159.6,6.6,1.0,0.32
1439901,India,60.0,4.0,52.0,7.0,1.0,6.92,65.0,6.0,42.0,England,India,England,"{""runs"": 26}",0,England,146.6,5.8,0.8,0.32
1439902,India,30.0,3.0,21.0,4.0,1.0,8.57,96.0,8.0,71.0,India,England,India,"{""runs"": 15}",1,England,119.6,5.8,0.8,0.32
1439903,India,165.0,3.0,73.0,10.0,14.0,13.56,12.0,8.0,18.0,India,England,India,"{""runs"": 150}",1,England,98.4,6.2,0.8,0.32
1442987,India,35.0,1.0,17.0,6.0,1.0,12.35,84.0,5.0,61.0,India,Sri Lanka,India,"{""runs"": 43}",1,Sri Lanka,85.6,6.6,0.8,0.34
1442988,India,,,,,,,77.0,5.0,62.0,Sri Lanka,India,India,"{""wickets"": 7}",1,Sri Lanka,,6.4,0.8,0.34
1442989,India,76.0,3.0,66.0,6.0,1.0,6.91,75.0,7.0,72.0,India,Sri Lanka,,,0,Sri Lanka,,6.6,0.8,0.34
1449301,India,47.0,3.0,33.0,5.0,2.0,8.55,81.0,9.0,64.0,India,South Africa,India,"{""runs"": 61}",1,South Africa,,6.8,0.8,0.28
1449302,India,34.0,2.0,34.0,2.0,2.0,6.0,87.0,2.0,67.0,India,South Africa,South Africa,"{""wickets"": 3}",0,South Africa,,5.6,0.6,0.28
1449303,India,187.0,2.0,93.0,12.0,13.0,12.06,75.0,4.0,49.0,India,South Africa,India,"{""runs"": 11}",1,South Africa,,5.4,0.6,0.28
1449304,India,170.0,1.0,73.0,11.0,14.0,13.97,91.0,8.0,63.0,India,South Africa,India,"{""runs"": 135}",1,South Africa,102.8,6.0,0.6,0.28
1478907,India,56.0,1.0,34.0,8.0,1.0,9.88,,,,India,Australia,,,0,Australia,98.8,,0.6,0.27
1478908,India,111.0,5.0,90.0,11.0,3.0,7.4,72.0,3.0,34.0,India,Australia,Australia,"{""wickets"": 4}",0,Australia,111.6,,0.4,0.27
1478909,India,123.0,3.0,79.0,7.0,7.0,9.34,49.0,5.0,32.0,Australia,India,India,"{""wickets"": 5}",1,Australia,129.4,,0.6,0.27
1478910,India,96.0,5.0,79.0,9.0,2.0,7.29,25.0,5.0,27.0,India,Australia,India,"{""runs"": 48}",1,Australia,111.2,,0.6,0.27
1478911,India,52.0,0.0,29.0,7.0,1.0,10.76,,,,India,Australia,,,0,Australia,87.6,,0.4,0.27
1496921,India,53.0,1.0,28.0,4.0,4.0,11.36,7.0,5.0,14.0,United Arab Emirates,India,India,"{""wickets"": 9}",1,United Arab Emirates,87.0,,0.6,0.5
1496925,India,131.0,3.0,96.0,13.0,5.0,8.19,126.0,9.0,122.0,Pakistan,India,India,"{""wickets"": 7}",1,Pakistan,91.0,,0.8,0.38
1496931,India,105.0,4.0,64.0,9.0,5.0,9.84,106.0,3.0,75.0,India,Oman,India,"{""runs"": 21}",1,Oman,87.4,,0.8,0.5
1496933,India,174.0,4.0,116.0,18.0,7.0,9.0,171.0,5.0,129.0,Pakistan,India,India,"{""wickets"": 6}",1,Pakistan,103.0,,0.8,0.38
1496935,India,168.0,6.0,123.0,12.0,7.0,8.2,127.0,10.0,122.0,India,Bangladesh,India,"{""runs"": 41}",1,Bangladesh,126.2,6.4,1.0,0.47
1496937,India,123.0,2.0,72.0,13.0,3.0,10.25,134.0,6.0,83.0,India,Sri Lanka,,,0,Sri Lanka,140.2,6.6,0.8,0.34
1496938,India,150.0,5.0,120.0,10.0,7.0,7.5,146.0,10.0,119.0,Pakistan,India,India,"{""wickets"": 5}",1,Pakistan,144.0,6.8,0.8,0.38
412677,Ireland,2.0,1.0,8.0,0.0,0.0,1.5,16.0,3.0,24.0,West Indies,Ireland,West Indies,"{""runs"": 70}",0,West Indies,,,,0.17
412681,Ireland,,,,,,,19.0,0.0,24.0,England,Ireland,,,0,England,,,,0.12
439505,Ireland,,,,,,,9.0,2.0,12.0,Ireland,Scotland,Ireland,"{""runs"": 37}",1,Scotland,,,,0.32
439510,Ireland,,,,,,,20.0,4.0,21.0,Ireland,Netherlands,Ireland,"{""runs"": 65}",1,Netherlands,,,,0.23
533273,Ireland,,,,,,,31.0,1.0,19.0,Australia,Ireland,Australia,"{""wickets"": 7}",0,Australia,,2.0,0.4,0.0
543883,Ireland,,,,,,,15.0,3.0,24.0,Kenya,Ireland,Ireland,"{""wickets"": 6}",1,Kenya,,2.0,0.6,0.5
543884,Ireland,,,,,,,27.0,1.0,25.0,Kenya,Ireland,Ireland,"{""wickets"": 8}",1,Kenya,,2.2,0.8,0.5
543885,Ireland,2.0,0.0,2.0,0.0,0.0,6.0,13.0,2.0,24.0,Kenya,Ireland,Ireland,"{""runs"": 2}",1,Kenya,,2.2,0.8,0.5
546414,Ireland,,,,,,,16.0,2.0,24.0,Ireland,Kenya,Ireland,"{""wickets"": 10}",1,Kenya,,1.8,0.8,0.5
546442,Ireland,,,,,,,13.0,0.0,12.0,Ireland,Scotland,Ireland,"{""runs"": 17}",1,Scotland,,1.6,1.0,0.32
546462,Ireland,18.0,0.0,6.0,4.0,0.0,18.0,23.0,4.0,29.0,Canada,Ireland,Ireland,"{""wickets"": 10}",1,Canada,,1.8,1.0,0.25
546470,Ireland,,,,,,,29.0,2.0,24.0,Ireland,Netherlands,Ireland,"{""wickets"": 7}",1,Netherlands,,2.0,1.0,0.23
660113,Ireland,30.0,1.0,25.0,2.0,0.0,7.2,30.0,1.0,25.0,Canada,Ireland,Ireland,"{""runs"": 2}",1,Canada,,1.8,1.0,0.25
682901,Ireland,0.0,1.0,1.0,0.0,0.0,0.0,30.0,3.0,32.0,Ireland,Zimbabwe,Ireland,"{""wickets"": 3}",1,Zimbabwe,,2.0,1.0,0.22
682911,Ireland,,,,,,,10.0,1.0,7.0,Ireland,United Arab Emirates,Ireland,"{""runs"": 21}",1,United Arab Emirates,,2.2,1.0,0.17
682919,Ireland,,,,,,,43.0,2.0,19.0,Ireland,Netherlands,Netherlands,"{""wickets"": 6}",0,Netherlands,,1.8,0.8,0.23
702141,Ireland,,,,,,,15.0,2.0,25.0,West Indies,Ireland,Ireland,"{""wickets"": 6}",1,West Indies,,1.8,0.8,0.17
702143,Ireland,,,,,,,14.0,1.0,18.0,West Indies,Ireland,West Indies,"{""runs"": 11}",0,West Indies,,1.8,0.6,0.17
875491,Ireland,28.0,2.0,19.0,4.0,1.0,8.84,0.0,0.0,5.0,Nepal,Ireland,Ireland,"{""wickets"": 8}",1,Nepal,,1.2,0.6,0.5
875501,Ireland,8.0,1.0,8.0,0.0,0.0,6.0,9.0,2.0,8.0,Ireland,Papua New Guinea,Papua New Guinea,"{""wickets"": 2}",0,Papua New Guinea,,1.4,0.4,0.17
875521,Ireland,0.0,1.0,2.0,0.0,0.0,0.0,23.0,2.0,25.0,Ireland,Hong Kong,Hong Kong,"{""runs"": 5}",0,Hong Kong,,1.4,0.4,0.25
875553,Ireland,8.0,1.0,5.0,0.0,1.0,9.6,35.0,2.0,27.0,Ireland,Netherlands,Netherlands,"{""wickets"": 5}",0,Netherlands,,1.4,0.2,0.23
889463,Ireland,10.0,0.0,6.0,1.0,0.0,10.0,22.0,3.0,24.0,Ireland,Scotland,Scotland,"{""wickets"": 6}",0,Scotland,10.8,1.8,0.2,0.32
951311,Ireland,32.0,1.0,25.0,4.0,0.0,7.68,38.0,1.0,33.0,Ireland,Oman,Oman,"{""wickets"": 2}",0,Oman,11.6,2.0,0.0,0.33
951319,Ireland,,,,,,,44.0,2.0,27.0,Bangladesh,Ireland,,,0,Bangladesh,,2.0,0.0,0.12
951325,Ireland,0.0,1.0,1.0,0.0,0.0,0.0,9.0,3.0,12.0,Ireland,Netherlands,Netherlands,"{""runs"": 12}",0,Netherlands,,2.2,0.0,0.23
954735,Ireland,,,,,,,18.0,4.0,19.0,Ireland,Papua New Guinea,Ireland,"{""runs"": 7}",1,Papua New Guinea,,2.6,0.2,0.17
954737,Ireland,7.0,1.0,6.0,1.0,0.0,7.0,16.0,3.0,25.0,Ireland,Papua New Guinea,Papua New Guinea,"{""runs"": 11}",0,Papua New Guinea,,2.6,0.2,0.17
954743,Ireland,5.0,2.0,5.0,0.0,0.0,6.0,39.0,1.0,28.0,United Arab Emirates,Ireland,United Arab Emirates,"{""runs"": 5}",0,United Arab Emirates,,2.6,0.2,0.17
1074965,Ireland,7.0,0.0,4.0,0.0,0.0,10.5,24.0,2.0,28.0,United Arab Emirates,Ireland,Ireland,"{""runs"": 24}",1,United Arab Emirates,,2.6,0.4,0.17
1074970,Ireland,3.0,0.0,3.0,0.0,0.0,6.0,28.0,5.0,21.0,Ireland,Scotland,Ireland,"{""runs"": 98}",1,Scotland,,3.0,0.6,0.32
1140992,Ireland,24.0,6.0,29.0,0.0,1.0,4.97,40.0,0.0,24.0,India,Ireland,India,"{""runs"": 76}",0,India,9.2,2.2,0.4,0.0
1140993,Ireland,19.0,5.0,21.0,1.0,1.0,5.43,90.0,3.0,57.0,India,Ireland,India,"{""runs"": 143}",0,India,11.6,2.2,0.4,0.0
1142501,Ireland,10.0,1.0,10.0,0.0,0.0,6.0,19.0,3.0,25.0,Netherlands,Ireland,Netherlands,"{""runs"": 4}",0,Netherlands,12.6,2.6,0.4,0.23
1142502,Ireland,,,,,,,30.0,2.0,24.0,Ireland,Netherlands,Netherlands,"{""wickets"": 4}",0,Netherlands,,2.6,0.2,0.23
1142503,Ireland,,,,,,,15.0,3.0,19.0,Ireland,Scotland,Ireland,"{""runs"": 46}",1,Scotland,,2.2,0.2,0.32
1142504,Ireland,43.0,2.0,25.0,2.0,3.0,10.32,36.0,1.0,25.0,Scotland,Ireland,,,0,Scotland,,2.4,0.2,0.32
1168521,Ireland,14.0,0.0,6.0,0.0,2.0,14.0,4.0,1.0,6.0,Ireland,Zimbabwe,Ireland,"{""wickets"": 9}",1,Zimbabwe,,2.0,0.4,0.22
1168522,Ireland,1.0,1.0,2.0,0.0,0.0,3.0,16.0,1.0,13.0,Ireland,Zimbabwe,Zimbabwe,"{""wickets"": 8}",0,Zimbabwe,,1.6,0.4,0.22
1172506,Ireland,74.0,4.0,72.0,9.0,0.0,6.17,78.0,5.0,73.0,Oman,Ireland,Ireland,"{""runs"": 15}",1,Oman,,2.2,0.6,0.33
1172508,Ireland,15.0,0.0,7.0,1.0,1.0,12.86,35.0,0.0,19.0,Ireland,Scotland,Scotland,"{""wickets"": 6}",0,Scotland,29.4,1.6,0.4,0.32
1172509,Ireland,12.0,1.0,7.0,2.0,0.0,10.29,26.0,1.0,22.0,Ireland,Netherlands,Ireland,"{""wickets"": 1}",1,Netherlands,23.2,1.6,0.6,0.23
1197521,Ireland,,,,,,,15.0,1.0,6.0,Ireland,Netherlands,Ireland,"{""wickets"": 6}",1,Netherlands,,1.6,0.6,0.23
1197522,Ireland,83.0,8.0,69.0,8.0,3.0,7.22,68.0,3.0,46.0,Oman,Ireland,Oman,"{""runs"": 43}",0,Oman,,2.0,0.6,0.33
1197526,Ireland,66.0,4.0,45.0,6.0,2.0,8.8,39.0,4.0,37.0,Ireland,Nepal,Ireland,"{""runs"": 13}",1,Nepal,,1.8,0.6,0.5
1199500,Ireland,,,,,,,23.0,0.0,18.0,Hong Kong,Ireland,Ireland,"{""wickets"": 8}",1,Hong Kong,,1.8,0.8,0.25
1199507,Ireland,1.0,1.0,2.0,0.0,0.0,3.0,17.0,0.0,6.0,United Arab Emirates,Ireland,United Arab Emirates,"{""wickets"": 5}",0,United Arab Emirates,,1.6,0.6,0.17
1199514,Ireland,134.0,2.0,86.0,12.0,5.0,9.35,57.0,7.0,53.0,Ireland,Oman,Ireland,"{""runs"": 35}",1,Oman,,2.8,0.6,0.33
1199523,Ireland,49.0,3.0,36.0,5.0,0.0,8.17,44.0,2.0,36.0,Canada,Ireland,Canada,"{""runs"": 10}",0,Canada,,2.6,0.6,0.25
1199530,Ireland,,,,,,,16.0,1.0,15.0,Ireland,Jersey,Ireland,"{""wickets"": 8}",1,Jersey,,2.0,0.6,0.5
1199533,Ireland,,,,,,,16.0,2.0,25.0,Ireland,Nigeria,Ireland,"{""wickets"": 8}",1,Nigeria,,2.4,0.6,0.5
1199546,Ireland,25.0,0.0,12.0,2.0,1.0,12.5,19.0,0.0,13.0,Ireland,Netherlands,Netherlands,"{""runs"": 21}",0,Netherlands,,2.4,0.6,0.23
1199548,Ireland,19.0,4.0,20.0,2.0,0.0,5.7,15.0,2.0,20.0,Ireland,Namibia,Ireland,"{""runs"": 27}",1,Namibia,,1.4,0.6,0.25
1200426,Ireland,43.0,2.0,26.0,5.0,0.0,9.92,0.0,1.0,1.0,Ireland,Scotland,Ireland,"{""wickets"": 4}",1,Scotland,,1.2,0.8,0.32
1200427,Ireland,,,,,,,23.0,3.0,19.0,Ireland,Netherlands,Netherlands,"{""wickets"": 6}",0,Netherlands,,1.6,0.6,0.23
1203676,Ireland,7.0,0.0,6.0,0.0,0.0,7.0,51.0,4.0,30.0,West Indies,Ireland,Ireland,"{""runs"": 4}",1,West Indies,,2.0,0.6,0.17
1203677,Ireland,2.0,1.0,3.0,0.0,0.0,4.0,,,,West Indies,Ireland,,,0,West Indies,,,0.6,0.17
1251953,Ireland,2.0,1.0,6.0,0.0,0.0,2.0,19.0,0.0,12.0,South Africa,Ireland,South Africa,"{""runs"": 33}",0,South Africa,,,0.4,0.08
1251954,Ireland,23.0,1.0,23.0,1.0,1.0,6.0,,,,South Africa,Ireland,South Africa,"{""runs"": 42}",0,South Africa,,,0.2,0.08
1272373,Ireland,8.0,1.0,6.0,1.0,0.0,8.0,,,,Zimbabwe,Ireland,Zimbabwe,"{""runs"": 3}",0,Zimbabwe,8.4,,0.2,0.22
1272374,Ireland,39.0,0.0,28.0,3.0,0.0,8.36,,,,Zimbabwe,Ireland,Ireland,"{""wickets"": 7}",1,Zimbabwe,14.8,,0.2,0.22
1272376,Ireland,14.0,0.0,7.0,0.0,1.0,12.0,,,,Ireland,Zimbabwe,Ireland,"{""runs"": 64}",1,Zimbabwe,17.2,,0.4,0.22
1273722,Ireland,27.0,1.0,24.0,0.0,1.0,6.75,,,,Ireland,Namibia,Namibia,"{""wickets"": 8}",0,Namibia,22.2,,0.4,0.25
1280060,Ireland,,,,,,,0.0,1.0,1.0,United Arab Emirates,Ireland,Ireland,"{""wickets"": 7}",1,United Arab Emirates,,,0.6,0.17
1280061,Ireland,20.0,1.0,18.0,0.0,1.0,6.67,,,,United Arab Emirates,Ireland,United Arab Emirates,"{""runs"": 54}",0,United Arab Emirates,,,0.6,0.17
1280062,Ireland,1.0,1.0,2.0,0.0,0.0,3.0,,,,Ireland,United Arab Emirates,United Arab Emirates,"{""wickets"": 7}",0,United Arab Emirates,,,0.4,0.17
1291187,Ireland,33.0,2.0,25.0,3.0,1.0,7.92,,,,United States of America,Ireland,United States of America,"{""runs"": 26}",0,United States of America,,,0.2,0.25
1291188,Ireland,34.0,2.0,19.0,2.0,3.0,10.74,,,,Ireland,United States of America,Ireland,"{""runs"": 9}",1,United States of America,,,0.4,0.25
1298138,Ireland,51.0,2.0,40.0,4.0,1.0,7.65,84.0,1.0,50.0,Zimbabwe,Ireland,Zimbabwe,"{""runs"": 31}",0,Zimbabwe,27.8,,0.2,0.22
1298141,Ireland,47.0,0.0,29.0,4.0,1.0,9.72,9.0,1.0,7.0,Scotland,Ireland,Ireland,"{""wickets"": 6}",1,Scotland,33.2,,0.4,0.32
1298149,Ireland,14.0,1.0,16.0,0.0,0.0,5.25,,,,Ireland,Sri Lanka,Sri Lanka,"{""wickets"": 9}",0,Sri Lanka,35.8,,0.4,0.0
1298154,Ireland,0.0,1.0,1.0,0.0,0.0,0.0,5.0,1.0,6.0,Ireland,England,Ireland,"{""runs"": 5}",1,England,29.2,,0.6,0.12
1298165,Ireland,0.0,1.0,4.0,0.0,0.0,0.0,24.0,1.0,25.0,Australia,Ireland,Australia,"{""runs"": 42}",0,Australia,22.4,,0.4,0.0
1298171,Ireland,23.0,1.0,15.0,3.0,0.0,9.2,18.0,1.0,15.0,New Zealand,Ireland,New Zealand,"{""runs"": 35}",0,New Zealand,16.8,,0.4,0.0
1299568,Ireland,11.0,1.0,9.0,1.0,1.0,7.33,,,,United Arab Emirates,Ireland,United Arab Emirates,"{""runs"": 18}",0,United Arab Emirates,9.6,,0.2,0.17
1299573,Ireland,24.0,1.0,11.0,1.0,2.0,13.09,0.0,1.0,1.0,Ireland,Bahrain,Ireland,"{""runs"": 21}",1,Bahrain,11.6,,0.4,0.5
1299574,Ireland,,,,,,,0.0,1.0,1.0,Germany,Ireland,Ireland,"{""wickets"": 7}",1,Germany,,,0.4,0.5
1299581,Ireland,125.0,7.0,87.0,11.0,6.0,8.62,81.0,5.0,74.0,Ireland,Oman,Ireland,"{""runs"": 56}",1,Oman,,,0.6,0.33
1299592,Ireland,1.0,1.0,2.0,0.0,0.0,3.0,,,,United Arab Emirates,Ireland,United Arab Emirates,"{""runs"": 13}",0,United Arab Emirates,,,0.6,0.17
1299594,Ireland,93.0,1.0,74.0,8.0,4.0,7.54,102.0,6.0,75.0,Oman,Ireland,Ireland,"{""wickets"": 9}",1,Oman,,,0.8,0.33
1299596,Ireland,39.0,2.0,35.0,3.0,1.0,6.69,33.0,3.0,40.0,Ireland,Nepal,Ireland,"{""runs"": 16}",1,Nepal,,,0.8,0.5
1303307,Ireland,25.0,1.0,19.0,2.0,1.0,7.89,27.0,1.0,12.0,Ireland,India,India,"{""wickets"": 7}",0,India,56.6,,0.6,0.0
1303308,Ireland,64.0,2.0,40.0,5.0,4.0,9.6,3.0,2.0,6.0,India,Ireland,India,"{""runs"": 4}",0,India,44.4,,0.4,0.0
1303312,Ireland,15.0,1.0,7.0,3.0,0.0,12.86,33.0,2.0,26.0,New Zealand,Ireland,New Zealand,"{""runs"": 31}",0,New Zealand,47.2,2.8,0.4,0.0
1303313,Ireland,0.0,1.0,1.0,0.0,0.0,0.0,21.0,0.0,18.0,New Zealand,Ireland,New Zealand,"{""runs"": 88}",0,New Zealand,28.6,1.6,0.2,0.0
1303314,Ireland,11.0,1.0,13.0,1.0,0.0,5.08,14.0,1.0,13.0,Ireland,New Zealand,New Zealand,"{""wickets"": 6}",0,New Zealand,23.0,1.2,0.0,0.0
1303315,Ireland,44.0,1.0,28.0,2.0,3.0,9.43,11.0,0.0,6.0,South Africa,Ireland,South Africa,"{""runs"": 21}",0,South Africa,26.8,1.0,0.0,0.08
1303316,Ireland,3.0,1.0,4.0,0.0,0.0,4.5,,,,South Africa,Ireland,South Africa,"{""runs"": 44}",0,South Africa,14.6,,0.0,0.08
1348323,Ireland,9.0,1.0,8.0,0.0,1.0,6.75,17.0,1.0,13.0,Ireland,Zimbabwe,Zimbabwe,"{""wickets"": 5}",0,Zimbabwe,13.4,,0.0,0.22
1348324,Ireland,16.0,0.0,10.0,1.0,1.0,9.6,5.0,0.0,6.0,Zimbabwe,Ireland,Ireland,"{""wickets"": 6}",1,Zimbabwe,16.6,,0.2,0.22
1348325,Ireland,23.0,1.0,17.0,1.0,0.0,8.12,31.0,0.0,19.0,Ireland,Zimbabwe,Zimbabwe,"{""wickets"": 4}",0,Zimbabwe,19.0,,0.2,0.22
1355720,Ireland,76.0,5.0,45.0,12.0,0.0,10.13,93.0,3.0,53.0,Bangladesh,Ireland,Bangladesh,"{""runs"": 22}",0,Bangladesh,25.4,,0.2,0.12
1355721,Ireland,95.0,6.0,76.0,2.0,8.0,7.5,112.0,2.0,57.0,Bangladesh,Ireland,Bangladesh,"{""runs"": 77}",0,Bangladesh,43.8,1.2,0.2,0.12
1355722,Ireland,111.0,3.0,75.0,11.0,5.0,8.88,100.0,7.0,95.0,Bangladesh,Ireland,Ireland,"{""wickets"": 7}",1,Bangladesh,64.2,2.4,0.4,0.12
1383069,Ireland,12.0,1.0,5.0,2.0,0.0,14.4,12.0,1.0,10.0,Ireland,Italy,Ireland,"{""runs"": 7}",1,Italy,63.4,2.6,0.4,0.5
1383074,Ireland,9.0,0.0,3.0,0.0,1.0,18.0,0.0,1.0,1.0,Ireland,Austria,Ireland,"{""runs"": 128}",1,Austria,60.6,2.8,0.6,0.5
1383079,Ireland,,,,,,,10.0,2.0,13.0,Jersey,Ireland,Ireland,"{""wickets"": 9}",1,Jersey,,2.6,0.8,0.5
1383088,Ireland,21.0,1.0,10.0,0.0,2.0,12.6,15.0,0.0,6.0,Scotland,Ireland,Scotland,"{""runs"": 8}",0,Scotland,,2.2,0.8,0.32
1384634,Ireland,77.0,5.0,74.0,4.0,3.0,6.24,0.0,1.0,1.0,Ireland,India,India,"{""runs"": 2}",0,India,,1.0,0.6,0.0
1384637,Ireland,91.0,7.0,75.0,6.0,4.0,7.28,2.0,1.0,3.0,India,Ireland,India,"{""runs"": 33}",0,India,,1.0,0.4,0.0
1408103,Ireland,31.0,4.0,31.0,3.0,0.0,6.0,71.0,2.0,47.0,Ireland,Zimbabwe,Zimbabwe,"{""wickets"": 1}",0,Zimbabwe,,1.2,0.2,0.22
1408104,Ireland,20.0,0.0,13.0,2.0,0.0,9.23,,,,Zimbabwe,Ireland,Ireland,"{""wickets"": 4}",1,Zimbabwe,48.0,,0.2,0.22
1408105,Ireland,52.0,0.0,34.0,3.0,3.0,9.18,,,,Zimbabwe,Ireland,Ireland,"{""wickets"": 6}",1,Zimbabwe,54.2,,0.4,0.22
1415708,Ireland,49.0,4.0,49.0,5.0,1.0,6.0,0.0,1.0,1.0,Ireland,India,India,"{""wickets"": 8}",0,India,48.6,,0.4,0.0
1415713,Ireland,87.0,2.0,68.0,6.0,2.0,7.68,21.0,2.0,18.0,Canada,Ireland,Canada,"{""runs"": 12}",0,Canada,47.8,,0.4,0.25
1415736,Ireland,86.0,8.0,82.0,6.0,4.0,6.29,107.0,6.0,110.0,Ireland,Pakistan,Pakistan,"{""wickets"": 3}",0,Pakistan,58.8,,0.4,0.12
1426830,Ireland,156.0,5.0,104.0,16.0,6.0,9.0,144.0,5.0,107.0,Pakistan,Ireland,Ireland,"{""wickets"": 5}",1,Pakistan,86.0,,0.4,0.12
1426831,Ireland,136.0,6.0,85.0,18.0,4.0,9.6,164.0,3.0,93.0,Ireland,Pakistan,Pakistan,"{""wickets"": 7}",0,Pakistan,102.8,3.4,0.2,0.12
1426832,Ireland,128.0,7.0,86.0,16.0,5.0,8.93,156.0,3.0,98.0,Ireland,Pakistan,Pakistan,"{""wickets"": 6}",0,Pakistan,118.6,3.8,0.2,0.12
1428152,Ireland,6.0,3.0,13.0,0.0,0.0,2.77,11.0,1.0,14.0,Ireland,Netherlands,Ireland,"{""runs"": 1}",1,Netherlands,102.4,3.6,0.4,0.23
1428155,Ireland,4.0,1.0,5.0,0.0,0.0,4.8,5.0,0.0,6.0,Scotland,Ireland,Ireland,"{""wickets"": 5}",1,Scotland,86.0,2.4,0.6,0.32
1428156,Ireland,56.0,1.0,33.0,5.0,2.0,10.18,34.0,1.0,28.0,Ireland,Netherlands,Ireland,"{""runs"": 3}",1,Netherlands,66.0,1.6,0.6,0.23
1431086,Ireland,22.0,1.0,16.0,1.0,1.0,8.25,,,,Ireland,South Africa,South Africa,"{""wickets"": 8}",0,South Africa,43.2,,0.6,0.08
1431087,Ireland,20.0,0.0,13.0,1.0,0.0,9.23,,,,Ireland,South Africa,Ireland,"{""runs"": 10}",1,South Africa,21.6,,0.8,0.08
1448360,Ireland,15.0,0.0,7.0,1.0,1.0,12.86,8.0,2.0,10.0,Ireland,England,England,"{""wickets"": 4}",0,England,23.4,,0.6,0.12
1448362,Ireland,24.0,1.0,19.0,2.0,1.0,7.58,9.0,0.0,7.0,Ireland,England,England,"{""wickets"": 6}",0,England,27.4,,0.4,0.12
1467704,Ireland,,,,,,,0.0,1.0,1.0,Zimbabwe,Ireland,,,0,Zimbabwe,,,0.2,0.22
1467705,Ireland,31.0,3.0,28.0,2.0,0.0,6.64,24.0,1.0,29.0,Ireland,Zimbabwe,Zimbabwe,"{""wickets"": 3}",0,Zimbabwe,,,0.2,0.22
1467706,Ireland,,,,,,,35.0,1.0,28.0,Zimbabwe,Ireland,,,0,Zimbabwe,,1.0,0.0,0.22
1472516,Ireland,20.0,1.0,9.0,3.0,0.0,13.33,,,,West Indies,Ireland,West Indies,"{""runs"": 62}",0,West Indies,,,0.0,0.17
1436473,Isle of Man,40.0,4.0,29.0,3.0,2.0,8.28,26.0,1.0,21.0,France,Isle of Man,France,"{""runs"": 16}",0,France,,,,0.0
1383069,Italy,12.0,1.0,10.0,1.0,0.0,7.2,12.0,1.0,5.0,Ireland,Italy,Ireland,"{""runs"": 7}",0,Ireland,,,,0.0
1436478,Italy,30.0,1.0,24.0,3.0,1.0,7.5,7.0,1.0,11.0,France,Italy,Italy,"{""wickets"": 5}",1,France,,,,0.5
1431120,Japan,,,,,,,4.0,1.0,13.0,Japan,Mongolia,Japan,"{""runs"": 166}",1,Mongolia,,,,0.38
1431121,Japan,,,,,,,4.0,2.0,6.0,Japan,Mongolia,Japan,"{""runs"": 205}",1,Mongolia,,,,0.38
1431122,Japan,,,,,,,2.0,1.0,4.0,Japan,Mongolia,,,0,Mongolia,,,,0.38
1431123,Japan,,,,,,,3.0,0.0,13.0,Mongolia,Japan,Japan,"{""wickets"": 10}",1,Mongolia,,,,0.38
1482820,Japan,3.0,0.0,2.0,0.0,0.0,9.0,11.0,1.0,12.0,Japan,Thailand,Japan,"{""runs"": 61}",1,Thailand,,1.0,0.8,0.25
1482825,Japan,,,,,,,14.0,1.0,25.0,Japan,Thailand,Thailand,"{""wickets"": 6}",0,Thailand,,1.0,0.6,0.25
1482826,Japan,2.0,0.0,7.0,0.0,0.0,1.71,13.0,3.0,25.0,Cook Islands,Japan,Japan,"{""wickets"": 2}",1,Cook Islands,,1.2,0.6,0.5
1482827,Japan,,,,,,,8.0,2.0,12.0,Japan,Cook Islands,Japan,"{""runs"": 42}",1,Cook Islands,,1.4,0.8,0.5
1503454,Japan,,,,,,,15.0,1.0,12.0,Kuwait,Japan,Japan,"{""wickets"": 5}",1,Kuwait,,1.6,0.8,0.5
1503457,Japan,21.0,2.0,27.0,0.0,1.0,4.67,43.0,2.0,28.0,Japan,Nepal,Nepal,"{""wickets"": 5}",0,Nepal,,1.8,0.6,0.0
1503467,Japan,11.0,0.0,13.0,1.0,0.0,5.08,24.0,0.0,12.0,Japan,United Arab Emirates,United Arab Emirates,"{""wickets"": 8}",0,United Arab Emirates,,1.6,0.6,0.0
1503469,Japan,23.0,1.0,18.0,2.0,2.0,7.67,21.0,0.0,24.0,Japan,Oman,Oman,"{""wickets"": 9}",0,Oman,,1.0,0.4,0.0
1199509,Jersey,34.0,2.0,25.0,2.0,2.0,8.16,12.0,0.0,12.0,Canada,Jersey,Canada,"{""runs"": 53}",0,Canada,,,,0.0
1199530,Jersey,16.0,1.0,15.0,1.0,0.0,6.4,,,,Ireland,Jersey,Ireland,"{""wickets"": 8}",0,Ireland,,,,0.0
1199538,Jersey,101.0,6.0,86.0,6.0,1.0,7.05,74.0,3.0,59.0,Jersey,Oman,Jersey,"{""runs"": 14}",1,Oman,,,,0.5
1321466,Jersey,40.0,0.0,33.0,1.0,2.0,7.27,38.0,1.0,30.0,Jersey,United States of America,United States of America,"{""wickets"": 8}",0,United States of America,,,,0.0
1321469,Jersey,,,,,,,21.0,1.0,23.0,Zimbabwe,Jersey,Zimbabwe,"{""runs"": 23}",0,Zimbabwe,,,0.2,0.0
1321477,Jersey,,,,,,,1.0,1.0,4.0,Uganda,Jersey,Uganda,"{""runs"": 5}",0,Uganda,,,0.2,0.0
1383079,Jersey,10.0,2.0,13.0,1.0,0.0,4.62,,,,Jersey,Ireland,Ireland,"{""wickets"": 9}",0,Ireland,,,0.2,0.0
439499,Kenya,17.0,0.0,12.0,3.0,0.0,8.5,33.0,1.0,22.0,Canada,Kenya,Kenya,"{""wickets"": 9}",1,Canada,,,,0.38
543883,Kenya,15.0,3.0,24.0,1.0,0.0,3.75,,,,Kenya,Ireland,Ireland,"{""wickets"": 6}",0,Ireland,,,,0.0
543884,Kenya,27.0,1.0,25.0,1.0,0.0,6.48,,,,Kenya,Ireland,Ireland,"{""wickets"": 8}",0,Ireland,,,,0.0
543885,Kenya,13.0,2.0,24.0,0.0,0.0,3.25,2.0,0.0,2.0,Kenya,Ireland,Ireland,"{""runs"": 2}",0,Ireland,,,,0.0
546414,Kenya,16.0,2.0,24.0,1.0,0.0,4.0,,,,Ireland,Kenya,Ireland,"{""wickets"": 10}",0,Ireland,17.6,,0.2,0.0
592268,Kenya,30.0,1.0,24.0,1.0,2.0,7.5,5.0,1.0,8.0,Canada,Kenya,Canada,"{""wickets"": 5}",0,Canada,20.2,,0.0,0.38
592269,Kenya,24.0,2.0,19.0,2.0,0.0,7.58,9.0,1.0,8.0,Canada,Kenya,Kenya,"{""runs"": 21}",1,Canada,22.0,,0.2,0.38
660209,Kenya,18.0,3.0,14.0,1.0,1.0,7.71,0.0,1.0,3.0,Canada,Kenya,Kenya,"{""runs"": 21}",1,Canada,20.2,,0.4,0.38
1184902,Kenya,23.0,0.0,18.0,0.0,3.0,7.67,45.0,0.0,36.0,Uganda,Kenya,Kenya,"{""runs"": 1}",1,Uganda,22.2,,0.6,0.18
1199506,Kenya,28.0,0.0,19.0,0.0,2.0,8.84,,,,Kenya,Scotland,Scotland,"{""runs"": 31}",0,Scotland,24.6,,0.6,0.0
1199531,Kenya,19.0,4.0,26.0,0.0,0.0,4.38,34.0,2.0,34.0,Kenya,Namibia,Namibia,"{""runs"": 87}",0,Namibia,22.4,,0.6,0.0
1275044,Kenya,22.0,1.0,20.0,2.0,0.0,6.6,33.0,1.0,30.0,Kenya,Uganda,Kenya,"{""runs"": 22}",1,Uganda,22.0,,0.6,0.18
1275051,Kenya,0.0,1.0,1.0,0.0,0.0,0.0,4.0,2.0,7.0,Uganda,Kenya,Uganda,"{""runs"": 6}",0,Uganda,18.4,,0.4,0.18
1289043,Kenya,27.0,3.0,20.0,3.0,1.0,8.1,0.0,1.0,2.0,Kenya,Uganda,Kenya,"{""runs"": 1}",1,Uganda,19.2,,0.4,0.18
1289052,Kenya,36.0,1.0,19.0,2.0,3.0,11.37,43.0,0.0,31.0,Kenya,Uganda,Uganda,"{""wickets"": 6}",0,Uganda,20.8,1.2,0.4,0.18
1328474,Kenya,46.0,4.0,48.0,4.0,3.0,5.75,25.0,1.0,29.0,Kenya,Nepal,Nepal,"{""wickets"": 5}",0,Nepal,26.2,1.0,0.4,0.12
1328476,Kenya,37.0,1.0,36.0,3.0,2.0,6.17,,,,Kenya,Nepal,Nepal,"{""wickets"": 4}",0,Nepal,29.2,,0.2,0.12
1328477,Kenya,46.0,2.0,51.0,3.0,2.0,5.41,6.0,2.0,13.0,Kenya,Nepal,Kenya,"{""runs"": 7}",1,Nepal,38.4,,0.4,0.12
1328478,Kenya,34.0,2.0,31.0,3.0,0.0,6.58,2.0,0.0,2.0,Nepal,Kenya,Nepal,"{""runs"": 31}",0,Nepal,39.8,,0.2,0.12
1332508,Kenya,16.0,2.0,26.0,0.0,1.0,3.69,49.0,1.0,44.0,Kenya,Uganda,Uganda,"{""wickets"": 3}",0,Uganda,35.8,,0.2,0.18
1379577,Kenya,51.0,2.0,26.0,4.0,4.0,11.77,0.0,1.0,1.0,Kenya,Uganda,Kenya,"{""runs"": 88}",1,Uganda,36.8,,0.4,0.18
1379581,Kenya,21.0,3.0,20.0,2.0,1.0,6.3,4.0,1.0,2.0,Kenya,Uganda,Uganda,"{""wickets"": 5}",0,Uganda,33.6,1.0,0.4,0.18
1379589,Kenya,29.0,4.0,25.0,1.0,1.0,6.96,43.0,1.0,31.0,Uganda,Kenya,Uganda,"{""runs"": 47}",0,Uganda,30.2,0.8,0.2,0.18
1379592,Kenya,23.0,2.0,19.0,2.0,0.0,7.26,0.0,1.0,4.0,Uganda,Kenya,Uganda,"{""runs"": 1}",0,Uganda,28.0,1.0,0.2,0.18
1407102,Kenya,19.0,1.0,24.0,1.0,0.0,4.75,14.0,0.0,14.0,Kenya,Namibia,Namibia,"{""wickets"": 6}",0,Namibia,28.6,0.8,0.2,0.0
1407106,Kenya,24.0,3.0,20.0,3.0,0.0,7.2,26.0,1.0,24.0,Uganda,Kenya,Uganda,"{""runs"": 33}",0,Uganda,23.2,0.8,0.0,0.18
1407107,Kenya,22.0,3.0,25.0,2.0,0.0,5.28,83.0,1.0,49.0,Zimbabwe,Kenya,Zimbabwe,"{""runs"": 110}",0,Zimbabwe,23.4,0.8,0.0,0.0
1453925,Kenya,17.0,5.0,26.0,1.0,0.0,3.92,28.0,1.0,28.0,Zimbabwe,Kenya,Zimbabwe,"{""runs"": 61}",0,Zimbabwe,21.0,0.8,0.0,0.0
1502743,Kenya,5.0,1.0,15.0,0.0,0.0,2.0,118.0,0.0,45.0,Namibia,Kenya,Namibia,"{""runs"": 136}",0,Namibia,17.4,0.6,0.0,0.0
1502757,Kenya,20.0,0.0,24.0,0.0,0.0,5.0,11.0,1.0,18.0,Kenya,Zimbabwe,Zimbabwe,"{""wickets"": 7}",0,Zimbabwe,17.6,0.8,0.0,0.0
1190774,Kuwait,64.0,2.0,50.0,7.0,2.0,7.68,,,,Kuwait,Nepal,Nepal,"{""wickets"": 7}",0,Nepal,,,,0.12
1397438,Kuwait,58.0,9.0,86.0,3.0,1.0,4.05,88.0,3.0,61.0,Oman,Kuwait,Oman,"{""runs"": 68}",0,Oman,,,,0.12
1426474,Kuwait,136.0,9.0,119.0,10.0,5.0,6.86,104.0,6.0,80.0,Oman,Kuwait,Oman,"{""runs"": 46}",0,Oman,,,,0.12
1463666,Kuwait,43.0,4.0,39.0,4.0,2.0,6.62,13.0,2.0,14.0,Oman,Kuwait,Kuwait,"{""wickets"": 3}",1,Oman,,,,0.12
1479322,Kuwait,72.0,3.0,43.0,4.0,5.0,10.05,59.0,2.0,46.0,Kuwait,Nepal,Nepal,"{""wickets"": 6}",0,Nepal,74.6,,0.2,0.12
1479327,Kuwait,70.0,5.0,51.0,4.0,5.0,8.24,30.0,4.0,26.0,Kuwait,Nepal,Kuwait,"{""runs"": 3}",1,Nepal,75.8,3.4,0.4,0.12
1503452,Kuwait,5.0,3.0,14.0,0.0,0.0,2.14,8.0,2.0,18.0,Nepal,Kuwait,Nepal,"{""runs"": 58}",0,Nepal,65.2,3.2,0.4,0.12
1503454,Kuwait,15.0,1.0,12.0,3.0,0.0,7.5,,,,Kuwait,Japan,Japan,"{""wickets"": 5}",0,Japan,41.0,,0.4,0.0
1504941,Kuwait,30.0,1.0,25.0,2.0,2.0,7.2,41.0,0.0,39.0,Kuwait,Oman,Oman,"{""wickets"": 5}",0,Oman,38.4,,0.2,0.12
1283030,Lesotho,0.0,1.0,1.0,0.0,0.0,0.0,,,,Lesotho,Uganda,Uganda,"{""wickets"": 10}",0,Uganda,,,,0.0
1384585,Luxembourg,19.0,1.0,16.0,1.0,1.0,7.12,17.0,1.0,12.0,France,Luxembourg,France,"{""runs"": 51}",0,France,,,,0.12
1384587,Luxembourg,15.0,2.0,20.0,0.0,0.0,4.5,,,,Luxembourg,France,France,"{""wickets"": 9}",0,France,,,,0.12
1384597,Luxembourg,20.0,0.0,12.0,1.0,1.0,10.0,,,,France,Luxembourg,Luxembourg,"{""wickets"": 4}",1,France,,,,0.12
1436484,Luxembourg,16.0,2.0,26.0,1.0,0.0,3.69,9.0,0.0,7.0,France,Luxembourg,France,"{""runs"": 13}",0,France,,,,0.12
1283024,Malawi,13.0,2.0,20.0,0.0,0.0,3.9,,,,Malawi,Uganda,Uganda,"{""wickets"": 10}",0,Uganda,,,,0.0
1502753,Malawi,10.0,3.0,21.0,0.0,0.0,2.86,,,,Malawi,Namibia,Namibia,"{""wickets"": 8}",0,Namibia,,,,0.0
1502758,Malawi,7.0,0.0,12.0,0.0,0.0,3.5,19.0,0.0,8.0,Uganda,Malawi,Uganda,"{""runs"": 117}",0,Uganda,,,,0.0
1190771,Malaysia,36.0,4.0,25.0,6.0,0.0,8.64,,,,Malaysia,Nepal,Nepal,"{""wickets"": 7}",0,Nepal,,,,0.0
1192223,Malaysia,43.0,6.0,45.0,5.0,1.0,5.73,,,,Malaysia,Nepal,Nepal,"{""wickets"": 7}",0,Nepal,,,,0.0
1192224,Malaysia,56.0,4.0,46.0,8.0,1.0,7.3,17.0,1.0,11.0,Malaysia,Nepal,Nepal,"{""runs"": 6}",0,Nepal,,,,0.0
1257947,Malaysia,46.0,7.0,53.0,4.0,1.0,5.21,44.0,1.0,31.0,Malaysia,Nepal,Nepal,"{""wickets"": 9}",0,Nepal,,,,0.0
1257949,Malaysia,,,,,,,1.0,1.0,5.0,Netherlands,Malaysia,,,0,Netherlands,,,0.0,0.0
1257950,Malaysia,48.0,6.0,51.0,4.0,3.0,5.65,115.0,3.0,61.0,Nepal,Malaysia,Nepal,"{""runs"": 69}",0,Nepal,,,0.0,0.0
1305500,Malaysia,39.0,4.0,44.0,4.0,1.0,5.32,63.0,1.0,45.0,Malaysia,Nepal,Nepal,"{""wickets"": 6}",0,Nepal,,1.4,0.0,0.0
1305503,Malaysia,34.0,1.0,19.0,7.0,0.0,10.74,19.0,1.0,10.0,Nepal,Malaysia,Nepal,"{""runs"": 85}",0,Nepal,,1.4,0.0,0.0
1399116,Malaysia,54.0,6.0,71.0,4.0,2.0,4.56,93.0,3.0,93.0,Bangladesh,Malaysia,Bangladesh,"{""runs"": 2}",0,Bangladesh,,1.8,0.0,0.0
1405315,Malaysia,107.0,7.0,112.0,7.0,2.0,5.73,91.0,2.0,75.0,Oman,Malaysia,Oman,"{""runs"": 32}",0,Oman,56.4,2.0,0.0,0.0
1405319,Malaysia,77.0,2.0,46.0,8.0,2.0,10.04,101.0,2.0,60.0,Malaysia,Nepal,Nepal,"{""wickets"": 6}",0,Nepal,62.2,1.8,0.0,0.0
1426457,Malaysia,43.0,1.0,32.0,4.0,2.0,8.06,40.0,2.0,42.0,Malaysia,Nepal,Nepal,"{""wickets"": 5}",0,Nepal,63.0,2.0,0.0,0.0
1208609,Maldives,14.0,0.0,26.0,1.0,0.0,3.23,42.0,0.0,18.0,Nepal,Maldives,Nepal,"{""runs"": 84}",0,Nepal,,,,0.0
1208613,Maldives,18.0,0.0,18.0,2.0,1.0,6.0,,,,Nepal,Maldives,Nepal,"{""wickets"": 5}",0,Nepal,,,,0.0
1215159,Maldives,59.0,6.0,57.0,4.0,2.0,6.21,,,,Oman,Maldives,Oman,"{""wickets"": 10}",0,Oman,,,,0.0
1384582,Malta,26.0,5.0,28.0,2.0,1.0,5.57,58.0,1.0,43.0,France,Malta,France,"{""runs"": 9}",0,France,,,,0.21
1384583,Malta,12.0,3.0,19.0,0.0,1.0,3.79,29.0,1.0,24.0,Malta,France,Malta,"{""runs"": 4}",1,France,,,,0.21
1384588,Malta,17.0,5.0,22.0,1.0,1.0,4.64,22.0,1.0,18.0,France,Malta,France,"{""runs"": 30}",0,France,,,,0.21
1384598,Malta,,,,,,,19.0,1.0,20.0,France,Malta,Malta,"{""wickets"": 7}",1,France,,,,0.21
1432194,Malta,32.0,3.0,25.0,1.0,2.0,7.68,0.0,1.0,1.0,France,Malta,France,"{""runs"": 9}",0,France,,1.0,0.4,0.21
1432195,Malta,2.0,1.0,7.0,0.0,0.0,1.71,16.0,0.0,11.0,France,Malta,France,"{""runs"": 86}",0,France,,0.8,0.4,0.21
1490882,Malta,20.0,1.0,13.0,2.0,1.0,9.23,0.0,1.0,1.0,France,Malta,Malta,"{""wickets"": 6}",1,France,,0.8,0.4,0.21
1399104,Mongolia,12.0,5.0,30.0,0.0,0.0,2.4,174.0,1.0,78.0,Nepal,Mongolia,Nepal,"{""runs"": 273}",0,Nepal,,,,0.0
1431120,Mongolia,4.0,1.0,13.0,0.0,0.0,1.85,,,,Japan,Mongolia,Japan,"{""runs"": 166}",0,Japan,,,,0.0
1431121,Mongolia,4.0,2.0,6.0,0.0,0.0,4.0,,,,Japan,Mongolia,Japan,"{""runs"": 205}",0,Japan,,,,0.0
1431122,Mongolia,2.0,1.0,4.0,0.0,0.0,3.0,,,,Japan,Mongolia,,,0,Japan,,,,0.0
1431123,Mongolia,3.0,0.0,13.0,0.0,0.0,1.38,,,,Mongolia,Japan,Japan,"{""wickets"": 10}",0,Japan,5.0,,0.0,0.0
1332503,Mozambique,15.0,0.0,18.0,1.0,1.0,5.0,23.0,2.0,17.0,Uganda,Mozambique,Uganda,"{""runs"": 38}",0,Uganda,,,,0.0
1453927,Mozambique,12.0,2.0,19.0,0.0,0.0,3.79,,,,Mozambique,Zimbabwe,Zimbabwe,"{""wickets"": 9}",0,Zimbabwe,,,,0.0
1184258,Namibia,,,,,,,22.0,0.0,24.0,Ghana,Namibia,Namibia,"{""wickets"": 9}",1,Ghana,,,,0.5
1184262,Namibia,23.0,3.0,24.0,2.0,0.0,5.75,19.0,1.0,16.0,Uganda,Namibia,Namibia,"{""runs"": 42}",1,Uganda,,,,0.44
1197508,Namibia,103.0,0.0,45.0,7.0,9.0,13.73,,,,Namibia,Botswana,Namibia,"{""runs"": 124}",1,Botswana,,,,0.5
1197509,Namibia,12.0,1.0,14.0,1.0,0.0,5.14,,,,Namibia,Botswana,Namibia,"{""runs"": 78}",1,Botswana,,,,0.5
1197510,Namibia,8.0,1.0,7.0,2.0,0.0,6.86,,,,Namibia,Botswana,Namibia,"{""wickets"": 8}",1,Botswana,,,1.0,0.5
1199505,Namibia,12.0,2.0,11.0,2.0,0.0,6.55,32.0,3.0,27.0,Namibia,Netherlands,Netherlands,"{""runs"": 44}",0,Netherlands,31.6,,0.8,0.1
1199508,Namibia,37.0,2.0,32.0,1.0,1.0,6.94,34.0,3.0,29.0,Namibia,Papua New Guinea,Papua New Guinea,"{""runs"": 81}",0,Papua New Guinea,34.4,,0.6,0.17
1199517,Namibia,68.0,3.0,49.0,3.0,4.0,8.33,31.0,3.0,28.0,Namibia,Scotland,Namibia,"{""runs"": 24}",1,Scotland,27.4,,0.6,0.38
1199520,Namibia,13.0,1.0,9.0,0.0,1.0,8.67,19.0,4.0,26.0,Bermuda,Namibia,Namibia,"{""wickets"": 6}",1,Bermuda,27.6,,0.6,0.5
1199531,Namibia,34.0,2.0,34.0,3.0,1.0,6.0,19.0,4.0,26.0,Kenya,Namibia,Namibia,"{""runs"": 87}",1,Kenya,32.8,3.4,0.6,0.5
1199535,Namibia,62.0,2.0,38.0,5.0,2.0,9.79,22.0,4.0,23.0,Namibia,Singapore,Namibia,"{""runs"": 87}",1,Singapore,42.8,3.6,0.8,0.5
1199542,Namibia,126.0,7.0,91.0,11.0,7.0,8.31,31.0,5.0,50.0,Namibia,Oman,Namibia,"{""runs"": 54}",1,Oman,60.6,4.0,1.0,0.29
1199547,Namibia,47.0,1.0,40.0,2.0,3.0,7.05,30.0,2.0,25.0,Namibia,Papua New Guinea,Papua New Guinea,"{""runs"": 18}",0,Papua New Guinea,56.4,3.8,0.8,0.17
1199548,Namibia,15.0,2.0,20.0,0.0,1.0,4.5,19.0,4.0,20.0,Ireland,Namibia,Ireland,"{""runs"": 27}",0,Ireland,56.8,3.8,0.6,0.25
1257404,Namibia,38.0,2.0,23.0,5.0,1.0,9.91,25.0,1.0,15.0,Uganda,Namibia,Namibia,"{""wickets"": 7}",1,Uganda,57.6,3.2,0.6,0.44
1257405,Namibia,68.0,4.0,58.0,4.0,2.0,7.03,0.0,1.0,1.0,Namibia,Uganda,Namibia,"{""runs"": 20}",1,Uganda,58.8,2.6,0.6,0.44
1257406,Namibia,96.0,1.0,61.0,8.0,4.0,9.44,34.0,4.0,21.0,Namibia,Uganda,Namibia,"{""runs"": 65}",1,Uganda,52.8,2.4,0.6,0.44
1273715,Namibia,12.0,0.0,15.0,0.0,0.0,4.8,11.0,2.0,7.0,Namibia,Sri Lanka,Sri Lanka,"{""wickets"": 7}",0,Sri Lanka,45.8,2.4,0.6,0.25
1273718,Namibia,17.0,0.0,11.0,2.0,0.0,9.27,29.0,0.0,26.0,Netherlands,Namibia,Namibia,"{""wickets"": 6}",1,Netherlands,46.2,1.6,0.8,0.1
1273722,Namibia,,,,,,,27.0,1.0,24.0,Ireland,Namibia,Namibia,"{""wickets"": 8}",1,Ireland,,1.6,0.8,0.25
1273732,Namibia,33.0,0.0,24.0,2.0,2.0,8.25,20.0,1.0,24.0,Scotland,Namibia,Namibia,"{""wickets"": 4}",1,Scotland,,1.6,0.8,0.38
1273742,Namibia,120.0,4.0,99.0,9.0,4.0,7.27,168.0,2.0,110.0,Pakistan,Namibia,Pakistan,"{""runs"": 45}",0,Pakistan,,1.2,0.6,0.0
1273747,Namibia,32.0,0.0,33.0,3.0,1.0,5.82,27.0,0.0,16.0,New Zealand,Namibia,New Zealand,"{""runs"": 52}",0,New Zealand,,0.8,0.6,0.0
1273753,Namibia,9.0,1.0,9.0,1.0,0.0,6.0,61.0,0.0,42.0,Namibia,India,India,"{""wickets"": 9}",0,India,,0.8,0.4,0.0
1280058,Namibia,20.0,0.0,17.0,1.0,1.0,7.06,19.0,1.0,24.0,Scotland,Namibia,Namibia,"{""wickets"": 5}",1,Scotland,42.8,0.8,0.4,0.38
1280059,Namibia,50.0,1.0,36.0,3.0,2.0,8.33,27.0,2.0,25.0,Namibia,Papua New Guinea,Namibia,"{""runs"": 14}",1,Papua New Guinea,46.2,1.0,0.4,0.17
1298135,Namibia,38.0,0.0,18.0,2.0,2.0,12.67,16.0,2.0,20.0,Namibia,Sri Lanka,Namibia,"{""runs"": 55}",1,Sri Lanka,29.8,1.0,0.6,0.25
1298139,Namibia,6.0,0.0,4.0,1.0,0.0,9.0,60.0,4.0,55.0,Namibia,Netherlands,Netherlands,"{""wickets"": 5}",0,Netherlands,24.6,1.8,0.6,0.1
1298144,Namibia,3.0,1.0,3.0,0.0,0.0,6.0,39.0,0.0,24.0,United Arab Emirates,Namibia,United Arab Emirates,"{""runs"": 7}",0,United Arab Emirates,23.4,1.8,0.6,0.0
1309701,Namibia,51.0,1.0,36.0,3.0,4.0,8.5,27.0,3.0,39.0,Uganda,Namibia,Namibia,"{""wickets"": 8}",1,Uganda,29.6,2.2,0.6,0.44
1309702,Namibia,76.0,3.0,57.0,6.0,4.0,8.0,101.0,0.0,66.0,Namibia,Uganda,Uganda,"{""wickets"": 7}",0,Uganda,34.8,1.8,0.4,0.44
1309703,Namibia,120.0,4.0,65.0,6.0,10.0,11.08,22.0,9.0,38.0,Namibia,Uganda,Namibia,"{""runs"": 52}",1,Uganda,51.2,3.2,0.4,0.44
1310938,Namibia,27.0,0.0,18.0,0.0,2.0,9.0,38.0,1.0,31.0,Zimbabwe,Namibia,Zimbabwe,"{""runs"": 7}",0,Zimbabwe,55.4,2.6,0.4,0.24
1310939,Namibia,10.0,0.0,6.0,1.0,0.0,10.0,11.0,1.0,16.0,Zimbabwe,Namibia,Namibia,"{""wickets"": 8}",1,Zimbabwe,56.8,2.8,0.6,0.24
1310940,Namibia,16.0,3.0,24.0,0.0,0.0,4.0,,,,Namibia,Zimbabwe,Zimbabwe,"{""wickets"": 8}",0,Zimbabwe,49.8,,0.4,0.24
1310941,Namibia,20.0,1.0,24.0,1.0,0.0,5.0,15.0,1.0,15.0,Zimbabwe,Namibia,Namibia,"{""wickets"": 6}",1,Zimbabwe,38.6,,0.6,0.24
1310942,Namibia,18.0,2.0,24.0,0.0,0.0,4.5,15.0,2.0,18.0,Namibia,Zimbabwe,Namibia,"{""runs"": 32}",1,Zimbabwe,18.2,,0.6,0.24
1404390,Namibia,33.0,0.0,24.0,1.0,2.0,8.25,45.0,4.0,44.0,Zimbabwe,Namibia,Namibia,"{""wickets"": 7}",1,Zimbabwe,19.4,,0.8,0.24
1404391,Namibia,63.0,0.0,30.0,5.0,4.0,12.6,104.0,2.0,53.0,Namibia,Zimbabwe,Zimbabwe,"{""wickets"": 5}",0,Zimbabwe,30.0,,0.6,0.24
1404392,Namibia,72.0,2.0,58.0,6.0,2.0,7.45,67.0,1.0,48.0,Namibia,Zimbabwe,Zimbabwe,"{""wickets"": 6}",0,Zimbabwe,41.2,2.0,0.6,0.24
1404393,Namibia,37.0,0.0,30.0,1.0,2.0,7.4,26.0,1.0,16.0,Zimbabwe,Namibia,Namibia,"{""wickets"": 7}",1,Zimbabwe,44.6,2.0,0.6,0.24
1404394,Namibia,48.0,5.0,52.0,3.0,2.0,5.54,15.0,5.0,29.0,Namibia,Zimbabwe,Namibia,"{""runs"": 8}",1,Zimbabwe,50.6,2.6,0.6,0.24
1407091,Namibia,24.0,0.0,18.0,3.0,0.0,8.0,50.0,4.0,46.0,Zimbabwe,Namibia,Namibia,"{""wickets"": 7}",1,Zimbabwe,48.8,2.6,0.6,0.24
1407095,Namibia,18.0,2.0,22.0,1.0,0.0,4.91,41.0,2.0,36.0,Uganda,Namibia,Namibia,"{""wickets"": 6}",1,Uganda,39.8,2.6,0.8,0.44
1407097,Namibia,30.0,0.0,10.0,3.0,2.0,18.0,0.0,1.0,1.0,Namibia,Rwanda,Namibia,"{""runs"": 68}",1,Rwanda,31.4,2.6,1.0,0.5
1407102,Namibia,14.0,0.0,14.0,1.0,0.0,6.0,19.0,1.0,24.0,Kenya,Namibia,Namibia,"{""wickets"": 6}",1,Kenya,26.8,2.6,1.0,0.5
1407103,Namibia,40.0,0.0,25.0,1.0,4.0,9.6,19.0,1.0,19.0,Namibia,Tanzania,Namibia,"{""runs"": 58}",1,Tanzania,25.2,1.8,1.0,0.5
1407109,Namibia,8.0,0.0,11.0,0.0,0.0,4.36,14.0,2.0,16.0,Nigeria,Namibia,Namibia,"{""wickets"": 8}",1,Nigeria,22.0,1.4,1.0,0.33
1415703,Namibia,110.0,4.0,102.0,12.0,3.0,6.47,93.0,8.0,95.0,Oman,Namibia,,,0,Oman,40.4,2.6,0.8,0.29
1415712,Namibia,11.0,2.0,11.0,0.0,1.0,6.0,,,,Namibia,Scotland,Scotland,"{""wickets"": 5}",0,Scotland,36.6,,0.6,0.38
1415724,Namibia,3.0,1.0,9.0,0.0,0.0,2.0,,,,Namibia,Australia,Australia,"{""wickets"": 9}",0,Australia,34.4,,0.4,0.0
1415734,Namibia,2.0,0.0,2.0,0.0,0.0,6.0,,,,England,Namibia,England,"{""runs"": 41}",0,England,26.8,,0.2,0.0
1422037,Namibia,85.0,3.0,55.0,9.0,4.0,9.27,71.0,3.0,43.0,Namibia,Nepal,Namibia,"{""runs"": 20}",1,Nepal,42.2,,0.2,0.25
1422039,Namibia,45.0,2.0,23.0,4.0,4.0,11.74,0.0,1.0,1.0,Netherlands,Namibia,Netherlands,"{""runs"": 59}",0,Netherlands,29.2,,0.2,0.1
1422040,Namibia,127.0,5.0,86.0,12.0,4.0,8.86,70.0,4.0,50.0,Nepal,Namibia,Nepal,"{""runs"": 3}",0,Nepal,52.4,,0.2,0.25
1422042,Namibia,24.0,2.0,26.0,2.0,1.0,5.54,,,,Namibia,Netherlands,,,0,Netherlands,56.6,,0.2,0.1
1424752,Namibia,11.0,1.0,10.0,0.0,1.0,6.6,0.0,1.0,1.0,Zimbabwe,Namibia,Zimbabwe,"{""runs"": 35}",0,Zimbabwe,58.4,,0.2,0.24
1424757,Namibia,14.0,1.0,22.0,0.0,0.0,3.82,1.0,3.0,3.0,Namibia,Nigeria,Nigeria,"{""wickets"": 3}",0,Nigeria,44.2,,0.0,0.33
1424763,Namibia,24.0,0.0,23.0,2.0,1.0,6.26,0.0,3.0,3.0,Tanzania,Namibia,Namibia,"{""wickets"": 7}",1,Tanzania,40.0,,0.2,0.5
1424764,Namibia,9.0,1.0,14.0,0.0,0.0,3.86,0.0,1.0,1.0,Namibia,Uganda,Namibia,"{""runs"": 24}",1,Uganda,16.4,,0.4,0.44
1424767,Namibia,26.0,1.0,26.0,4.0,1.0,6.0,0.0,1.0,1.0,Namibia,Zimbabwe,Zimbabwe,"{""wickets"": 8}",0,Zimbabwe,16.8,1.8,0.4,0.24
1426450,Namibia,91.0,5.0,94.0,8.0,1.0,5.81,48.0,4.0,62.0,Oman,Namibia,Namibia,"{""wickets"": 4}",1,Oman,32.8,2.4,0.6,0.29
1426451,Namibia,99.0,6.0,92.0,9.0,2.0,6.46,37.0,3.0,41.0,Oman,Namibia,Oman,"{""runs"": 6}",0,Oman,49.8,2.4,0.6,0.29
1426452,Namibia,78.0,7.0,95.0,9.0,0.0,4.93,94.0,1.0,54.0,Namibia,Oman,Oman,"{""wickets"": 8}",0,Oman,60.6,2.0,0.4,0.29
1426453,Namibia,132.0,2.0,92.0,10.0,7.0,8.61,99.0,5.0,74.0,Namibia,Oman,Namibia,"{""runs"": 24}",1,Oman,85.2,2.8,0.4,0.29
1426454,Namibia,126.0,3.0,97.0,8.0,7.0,7.79,118.0,6.0,73.0,Namibia,Oman,Namibia,"{""runs"": 62}",1,Oman,105.2,3.8,0.6,0.29
1450817,Namibia,100.0,2.0,51.0,9.0,6.0,11.76,0.0,2.0,2.0,United Arab Emirates,Namibia,United Arab Emirates,"{""runs"": 40}",0,United Arab Emirates,107.0,3.4,0.4,0.0
1450819,Namibia,79.0,3.0,51.0,9.0,3.0,9.29,18.0,2.0,16.0,United States of America,Namibia,United States of America,"{""runs"": 13}",0,United States of America,103.0,3.2,0.4,0.0
1450820,Namibia,29.0,2.0,41.0,2.0,1.0,4.24,,,,Namibia,United Arab Emirates,United Arab Emirates,"{""wickets"": 6}",0,United Arab Emirates,93.2,,0.4,0.0
1450822,Namibia,54.0,7.0,62.0,8.0,0.0,5.23,50.0,2.0,40.0,Namibia,United States of America,United States of America,"{""wickets"": 6}",0,United States of America,77.6,,0.2,0.0
1476795,Namibia,81.0,4.0,53.0,6.0,4.0,9.17,29.0,4.0,25.0,Canada,Namibia,Namibia,"{""wickets"": 3}",1,Canada,68.6,,0.2,0.5
1476797,Namibia,38.0,0.0,15.0,4.0,2.0,15.2,22.0,4.0,50.0,Canada,Namibia,Namibia,"{""wickets"": 10}",1,Canada,56.2,,0.4,0.5
1476798,Namibia,43.0,1.0,35.0,2.0,2.0,7.37,3.0,2.0,4.0,Canada,Namibia,Namibia,"{""wickets"": 8}",1,Canada,49.0,,0.6,0.5
1487824,Namibia,14.0,1.0,14.0,1.0,0.0,6.0,23.0,2.0,25.0,South Africa,Namibia,Namibia,"{""wickets"": 4}",1,South Africa,46.0,2.8,0.8,0.5
1502164,Namibia,33.0,3.0,27.0,2.0,1.0,7.33,47.0,0.0,33.0,Zimbabwe,Namibia,Zimbabwe,"{""runs"": 33}",0,Zimbabwe,41.8,2.4,0.8,0.24
1502165,Namibia,41.0,2.0,33.0,1.0,2.0,7.45,39.0,3.0,28.0,Namibia,Zimbabwe,Zimbabwe,"{""wickets"": 5}",0,Zimbabwe,33.8,2.2,0.6,0.24
1502166,Namibia,27.0,4.0,27.0,0.0,1.0,6.0,34.0,4.0,29.0,Namibia,Zimbabwe,Namibia,"{""runs"": 28}",1,Zimbabwe,31.6,2.2,0.6,0.24
1502743,Namibia,118.0,0.0,45.0,12.0,7.0,15.73,5.0,1.0,15.0,Namibia,Kenya,Namibia,"{""runs"": 136}",1,Kenya,46.6,2.0,0.6,0.5
1502747,Namibia,2.0,1.0,3.0,0.0,0.0,4.0,,,,Namibia,Nigeria,Namibia,"{""runs"": 117}",1,Nigeria,44.2,,0.6,0.33
1502753,Namibia,,,,,,,10.0,3.0,21.0,Malawi,Namibia,Namibia,"{""wickets"": 8}",1,Malawi,,,0.8,0.5
1502755,Namibia,66.0,0.0,43.0,1.0,4.0,9.21,16.0,3.0,25.0,Namibia,Tanzania,Namibia,"{""runs"": 63}",1,Tanzania,,,1.0,0.5
1502762,Namibia,40.0,1.0,34.0,1.0,2.0,7.06,40.0,1.0,26.0,Namibia,Zimbabwe,Zimbabwe,"{""wickets"": 7}",0,Zimbabwe,,,0.8,0.24
682899,Nepal,,,,,,,13.0,2.0,18.0,Hong Kong,Nepal,Nepal,"{""runs"": 80}",1,Hong Kong,,,,0.21
682907,Nepal,,,,,,,21.0,0.0,12.0,Bangladesh,Nepal,Bangladesh,"{""wickets"": 8}",0,Bangladesh,,,,0.0
802327,Nepal,40.0,1.0,31.0,6.0,2.0,7.74,18.0,1.0,24.0,Hong Kong,Nepal,Hong Kong,"{""wickets"": 2}",0,Hong Kong,,,,0.21
875491,Nepal,0.0,0.0,5.0,0.0,0.0,0.0,28.0,2.0,19.0,Nepal,Ireland,Ireland,"{""wickets"": 8}",0,Ireland,,,,0.0
875507,Nepal,17.0,1.0,12.0,0.0,1.0,8.5,27.0,1.0,19.0,Hong Kong,Nepal,Hong Kong,"{""wickets"": 5}",0,Hong Kong,,1.2,0.2,0.21
875513,Nepal,5.0,3.0,11.0,0.0,0.0,2.73,31.0,1.0,27.0,Nepal,Papua New Guinea,Papua New Guinea,"{""wickets"": 8}",0,Papua New Guinea,,1.0,0.0,0.33
883343,Nepal,16.0,1.0,26.0,1.0,0.0,3.69,66.0,3.0,50.0,Netherlands,Nepal,Netherlands,"{""runs"": 103}",0,Netherlands,15.6,1.6,0.0,0.19
883345,Nepal,4.0,1.0,4.0,0.0,0.0,6.0,57.0,2.0,43.0,Netherlands,Nepal,Netherlands,"{""runs"": 18}",0,Netherlands,8.4,1.8,0.0,0.19
1141835,Nepal,,,,,,,61.0,2.0,35.0,Netherlands,Nepal,,,0,Netherlands,,1.8,0.0,0.19
1170457,Nepal,32.0,2.0,27.0,1.0,1.0,7.11,59.0,1.0,43.0,United Arab Emirates,Nepal,United Arab Emirates,"{""runs"": 21}",0,United Arab Emirates,,1.8,0.0,0.27
1170458,Nepal,22.0,1.0,23.0,2.0,1.0,5.74,38.0,4.0,45.0,United Arab Emirates,Nepal,Nepal,"{""wickets"": 4}",1,United Arab Emirates,,2.4,0.2,0.27
1170459,Nepal,10.0,2.0,6.0,0.0,1.0,10.0,35.0,3.0,25.0,United Arab Emirates,Nepal,Nepal,"{""runs"": 14}",1,United Arab Emirates,,2.4,0.4,0.27
1190769,Nepal,16.0,2.0,17.0,1.0,0.0,5.65,32.0,3.0,32.0,Nepal,Qatar,Qatar,"{""wickets"": 4}",0,Qatar,,2.6,0.4,0.38
1190771,Nepal,,,,,,,36.0,4.0,25.0,Malaysia,Nepal,Nepal,"{""wickets"": 7}",1,Malaysia,,3.0,0.6,0.5
1190774,Nepal,,,,,,,64.0,2.0,50.0,Kuwait,Nepal,Nepal,"{""wickets"": 7}",1,Kuwait,,3.2,0.8,0.38
1190776,Nepal,11.0,2.0,10.0,1.0,0.0,6.6,43.0,2.0,37.0,Singapore,Nepal,Singapore,"{""runs"": 82}",0,Singapore,,2.8,0.6,0.33
1192223,Nepal,,,,,,,43.0,6.0,45.0,Malaysia,Nepal,Nepal,"{""wickets"": 7}",1,Malaysia,,3.4,0.6,0.5
1192224,Nepal,17.0,1.0,11.0,1.0,1.0,9.27,56.0,4.0,46.0,Malaysia,Nepal,Nepal,"{""runs"": 6}",1,Malaysia,,3.6,0.8,0.5
1197523,Nepal,14.0,1.0,15.0,2.0,0.0,5.6,59.0,4.0,43.0,Hong Kong,Nepal,Nepal,"{""wickets"": 4}",1,Hong Kong,,3.6,0.8,0.21
1197524,Nepal,34.0,0.0,16.0,1.0,3.0,12.75,45.0,4.0,40.0,Nepal,Netherlands,Nepal,"{""wickets"": 4}",1,Netherlands,,4.0,0.8,0.19
1197526,Nepal,39.0,4.0,37.0,2.0,1.0,6.32,66.0,4.0,45.0,Ireland,Nepal,Ireland,"{""runs"": 13}",0,Ireland,,4.4,0.8,0.0
1197529,Nepal,54.0,6.0,51.0,6.0,1.0,6.35,34.0,4.0,38.0,Oman,Nepal,Oman,"{""wickets"": 6}",0,Oman,31.6,4.0,0.6,0.33
1201680,Nepal,29.0,1.0,20.0,0.0,3.0,8.7,66.0,1.0,49.0,Nepal,Zimbabwe,Zimbabwe,"{""wickets"": 5}",0,Zimbabwe,34.0,3.4,0.4,0.0
1201681,Nepal,,,,,,,89.0,2.0,58.0,Singapore,Nepal,Nepal,"{""wickets"": 9}",1,Singapore,,3.0,0.4,0.33
1201683,Nepal,34.0,3.0,31.0,2.0,1.0,6.58,55.0,3.0,50.0,Nepal,Zimbabwe,Zimbabwe,"{""runs"": 40}",0,Zimbabwe,,2.8,0.2,0.0
1208606,Nepal,,,,,,,16.0,2.0,25.0,Nepal,Bhutan,Nepal,"{""runs"": 141}",1,Bhutan,,2.4,0.4,0.5
1208609,Nepal,42.0,0.0,18.0,2.0,4.0,14.0,14.0,0.0,26.0,Nepal,Maldives,Nepal,"{""runs"": 84}",1,Maldives,,1.6,0.6,0.5
1208613,Nepal,,,,,,,18.0,0.0,18.0,Nepal,Maldives,Nepal,"{""wickets"": 5}",1,Maldives,,1.4,0.8,0.5
1217740,Nepal,26.0,2.0,20.0,3.0,1.0,7.8,51.0,3.0,37.0,Hong Kong,Nepal,Hong Kong,"{""runs"": 43}",0,Hong Kong,,1.6,0.6,0.21
1217744,Nepal,36.0,0.0,18.0,5.0,2.0,12.0,20.0,4.0,37.0,Thailand,Nepal,Nepal,"{""wickets"": 9}",1,Thailand,,1.8,0.8,0.5
1257945,Nepal,56.0,0.0,40.0,4.0,4.0,8.4,35.0,1.0,49.0,Netherlands,Nepal,Nepal,"{""wickets"": 9}",1,Netherlands,,1.6,0.8,0.19
1257947,Nepal,44.0,1.0,31.0,4.0,1.0,8.52,46.0,7.0,53.0,Malaysia,Nepal,Nepal,"{""wickets"": 9}",1,Malaysia,,3.0,0.8,0.5
1257948,Nepal,43.0,3.0,28.0,2.0,4.0,9.21,75.0,2.0,49.0,Nepal,Netherlands,Netherlands,"{""wickets"": 3}",0,Netherlands,41.0,3.4,0.6,0.19
1257950,Nepal,115.0,3.0,61.0,3.0,12.0,11.31,48.0,6.0,51.0,Nepal,Malaysia,Nepal,"{""runs"": 69}",1,Malaysia,58.8,4.0,0.8,0.5
1257951,Nepal,70.0,1.0,34.0,3.0,7.0,12.35,27.0,5.0,41.0,Nepal,Netherlands,Nepal,"{""runs"": 142}",1,Netherlands,65.6,4.2,0.8,0.19
1299566,Nepal,68.0,6.0,75.0,7.0,1.0,5.44,38.0,6.0,53.0,Nepal,Oman,Nepal,"{""runs"": 39}",1,Oman,68.0,5.2,0.8,0.33
1299571,Nepal,14.0,2.0,13.0,2.0,0.0,6.46,18.0,3.0,26.0,Nepal,Philippines,Nepal,"{""runs"": 136}",1,Philippines,62.0,4.4,0.8,0.5
1299576,Nepal,51.0,2.0,47.0,5.0,1.0,6.51,10.0,7.0,27.0,Canada,Nepal,Nepal,"{""wickets"": 8}",1,Canada,63.6,5.4,1.0,0.17
1299580,Nepal,2.0,1.0,4.0,0.0,0.0,3.0,,,,United Arab Emirates,Nepal,United Arab Emirates,"{""runs"": 68}",0,United Arab Emirates,41.0,,0.8,0.27
1299584,Nepal,65.0,1.0,61.0,4.0,2.0,6.39,59.0,5.0,76.0,Oman,Nepal,Nepal,"{""wickets"": 9}",1,Oman,40.0,,0.8,0.33
1299593,Nepal,94.0,3.0,83.0,11.0,0.0,6.8,92.0,5.0,92.0,Oman,Nepal,Nepal,"{""wickets"": 6}",1,Oman,45.2,,0.8,0.33
1299596,Nepal,33.0,3.0,40.0,2.0,1.0,4.95,39.0,2.0,35.0,Ireland,Nepal,Ireland,"{""runs"": 16}",0,Ireland,49.0,,0.6,0.0
1299638,Nepal,37.0,1.0,31.0,4.0,1.0,7.16,0.0,1.0,1.0,United Arab Emirates,Nepal,United Arab Emirates,"{""runs"": 25}",0,United Arab Emirates,46.2,,0.4,0.27
1305498,Nepal,77.0,5.0,54.0,6.0,4.0,8.56,91.0,6.0,53.0,Nepal,Papua New Guinea,Nepal,"{""runs"": 15}",1,Papua New Guinea,61.2,3.8,0.6,0.33
1305500,Nepal,63.0,1.0,45.0,7.0,1.0,8.4,39.0,4.0,44.0,Malaysia,Nepal,Nepal,"{""wickets"": 6}",1,Malaysia,60.8,3.6,0.6,0.5
1305501,Nepal,41.0,2.0,33.0,4.0,1.0,7.45,60.0,8.0,48.0,Nepal,Papua New Guinea,Nepal,"{""runs"": 37}",1,Papua New Guinea,50.2,4.2,0.6,0.33
1305503,Nepal,19.0,1.0,10.0,3.0,0.0,11.4,34.0,1.0,19.0,Nepal,Malaysia,Nepal,"{""runs"": 85}",1,Malaysia,47.4,4.0,0.8,0.5
1305504,Nepal,66.0,1.0,44.0,5.0,2.0,9.0,41.0,6.0,34.0,Nepal,Papua New Guinea,Nepal,"{""runs"": 50}",1,Papua New Guinea,53.2,5.0,1.0,0.33
1328474,Nepal,25.0,1.0,29.0,3.0,0.0,5.17,46.0,4.0,48.0,Kenya,Nepal,Nepal,"{""wickets"": 5}",1,Kenya,42.8,4.6,1.0,0.38
1328476,Nepal,,,,,,,37.0,1.0,36.0,Kenya,Nepal,Nepal,"{""wickets"": 4}",1,Kenya,,4.0,1.0,0.38
1328477,Nepal,6.0,2.0,13.0,0.0,0.0,2.77,46.0,2.0,51.0,Kenya,Nepal,Kenya,"{""runs"": 7}",0,Kenya,,2.8,0.8,0.38
1328478,Nepal,2.0,0.0,2.0,0.0,0.0,6.0,34.0,2.0,31.0,Nepal,Kenya,Nepal,"{""runs"": 31}",1,Kenya,,3.0,0.8,0.38
1399104,Nepal,174.0,1.0,78.0,10.0,12.0,13.38,12.0,5.0,30.0,Nepal,Mongolia,Nepal,"{""runs"": 273}",1,Mongolia,,2.8,0.8,0.5
1399113,Nepal,129.0,9.0,95.0,10.0,9.0,8.15,64.0,1.0,44.0,India,Nepal,India,"{""runs"": 23}",0,India,,2.2,0.6,0.0
1403288,Nepal,35.0,2.0,37.0,4.0,1.0,5.68,56.0,5.0,59.0,United Arab Emirates,Nepal,Nepal,"{""wickets"": 7}",1,United Arab Emirates,69.2,3.0,0.6,0.27
1403289,Nepal,48.0,2.0,44.0,6.0,0.0,6.55,35.0,9.0,59.0,Hong Kong,Nepal,Nepal,"{""wickets"": 6}",1,Hong Kong,77.6,4.4,0.8,0.21
1403290,Nepal,134.0,3.0,69.0,8.0,9.0,11.65,85.0,6.0,73.0,Nepal,Hong Kong,Nepal,"{""runs"": 79}",1,Hong Kong,104.0,5.2,0.8,0.21
1403292,Nepal,71.0,3.0,57.0,6.0,2.0,7.47,98.0,5.0,75.0,United Arab Emirates,Nepal,Nepal,"{""wickets"": 5}",1,United Arab Emirates,83.4,5.2,0.8,0.27
1403294,Nepal,46.0,3.0,41.0,5.0,1.0,6.73,88.0,2.0,57.0,Nepal,United Arab Emirates,United Arab Emirates,"{""wickets"": 4}",0,United Arab Emirates,66.8,5.4,0.8,0.27
1405314,Nepal,34.0,1.0,27.0,2.0,2.0,7.56,57.0,3.0,51.0,Singapore,Nepal,Nepal,"{""wickets"": 8}",1,Singapore,66.6,5.0,0.8,0.33
1405319,Nepal,101.0,2.0,60.0,3.0,9.0,10.1,77.0,2.0,46.0,Malaysia,Nepal,Nepal,"{""wickets"": 6}",1,Malaysia,77.2,3.6,0.8,0.5
1405321,Nepal,123.0,9.0,106.0,4.0,10.0,6.96,121.0,6.0,98.0,Oman,Nepal,Oman,"{""runs"": 5}",0,Oman,75.0,3.6,0.6,0.33
1405326,Nepal,66.0,0.0,52.0,7.0,1.0,7.62,53.0,6.0,55.0,United Arab Emirates,Nepal,Nepal,"{""wickets"": 8}",1,United Arab Emirates,74.0,3.8,0.6,0.27
1405327,Nepal,180.0,7.0,124.0,14.0,11.0,8.71,175.0,7.0,95.0,Nepal,Oman,,,0,Oman,100.8,4.8,0.6,0.33
1415707,Nepal,30.0,4.0,34.0,2.0,2.0,5.29,45.0,3.0,54.0,Nepal,Netherlands,Netherlands,"{""wickets"": 6}",0,Netherlands,100.0,4.8,0.4,0.19
1415731,Nepal,54.0,2.0,58.0,4.0,2.0,5.59,37.0,2.0,33.0,South Africa,Nepal,South Africa,"{""runs"": 1}",0,South Africa,90.6,4.8,0.2,0.0
1415737,Nepal,79.0,9.0,109.0,8.0,2.0,4.35,75.0,7.0,90.0,Bangladesh,Nepal,Bangladesh,"{""runs"": 21}",0,Bangladesh,81.8,5.0,0.2,0.0
1422037,Nepal,71.0,3.0,43.0,5.0,4.0,9.91,85.0,3.0,55.0,Namibia,Nepal,Namibia,"{""runs"": 20}",0,Namibia,82.8,4.4,0.0,0.25
1422038,Nepal,61.0,4.0,44.0,4.0,3.0,8.32,111.0,3.0,70.0,Netherlands,Nepal,Netherlands,"{""runs"": 2}",0,Netherlands,59.0,3.6,0.0,0.19
1422040,Nepal,70.0,4.0,50.0,1.0,5.0,8.4,127.0,5.0,86.0,Nepal,Namibia,Nepal,"{""runs"": 3}",1,Namibia,67.0,4.0,0.2,0.25
1422041,Nepal,14.0,1.0,10.0,1.0,0.0,8.4,77.0,8.0,87.0,Netherlands,Nepal,Nepal,"{""wickets"": 6}",1,Netherlands,59.0,5.2,0.4,0.19
1422043,Nepal,128.0,4.0,78.0,3.0,10.0,9.85,122.0,5.0,76.0,Nepal,Netherlands,Netherlands,"{""wickets"": 4}",0,Netherlands,68.8,4.8,0.4,0.19
1423439,Nepal,0.0,1.0,1.0,0.0,0.0,0.0,29.0,2.0,26.0,Hong Kong,Nepal,Hong Kong,"{""runs"": 73}",0,Hong Kong,54.6,4.6,0.4,0.21
1423440,Nepal,,,,,,,47.0,1.0,37.0,Hong Kong,Nepal,,,0,Hong Kong,,4.2,0.4,0.21
1423441,Nepal,,,,,,,64.0,2.0,37.0,Nepal,Papua New Guinea,Nepal,"{""runs"": 85}",1,Papua New Guinea,,3.6,0.4,0.33
1423444,Nepal,3.0,2.0,9.0,0.0,0.0,2.0,70.0,2.0,50.0,Papua New Guinea,Nepal,Papua New Guinea,"{""runs"": 86}",0,Papua New Guinea,,2.4,0.2,0.33
1426457,Nepal,40.0,2.0,42.0,5.0,0.0,5.71,43.0,1.0,32.0,Malaysia,Nepal,Nepal,"{""wickets"": 5}",1,Malaysia,,1.6,0.4,0.5
1426461,Nepal,91.0,2.0,62.0,8.0,3.0,8.81,58.0,1.0,39.0,Nepal,Qatar,Nepal,"{""runs"": 32}",1,Qatar,,1.4,0.6,0.38
1426465,Nepal,41.0,1.0,19.0,3.0,3.0,12.95,50.0,1.0,44.0,Hong Kong,Nepal,Nepal,"{""wickets"": 8}",1,Hong Kong,,1.4,0.8,0.21
1426472,Nepal,5.0,2.0,9.0,0.0,0.0,3.33,31.0,4.0,20.0,Saudi Arabia,Nepal,Nepal,"{""wickets"": 6}",1,Saudi Arabia,36.0,1.8,0.8,0.5
1426475,Nepal,32.0,4.0,33.0,0.0,3.0,5.82,53.0,2.0,43.0,Nepal,United Arab Emirates,United Arab Emirates,"{""wickets"": 6}",0,United Arab Emirates,41.8,1.8,0.8,0.27
1426477,Nepal,36.0,4.0,41.0,2.0,1.0,5.27,46.0,4.0,43.0,Nepal,Hong Kong,Hong Kong,"{""wickets"": 4}",0,Hong Kong,41.0,2.4,0.6,0.21
1450823,Nepal,58.0,10.0,68.0,3.0,3.0,5.12,75.0,4.0,66.0,Canada,Nepal,Canada,"{""runs"": 14}",0,Canada,34.4,3.0,0.4,0.17
1450824,Nepal,175.0,6.0,127.0,11.0,11.0,8.27,94.0,8.0,92.0,Nepal,Oman,Nepal,"{""runs"": 37}",1,Oman,61.2,4.4,0.4,0.33
1450826,Nepal,81.0,3.0,79.0,6.0,3.0,6.15,87.0,4.0,71.0,Nepal,Canada,Canada,"{""wickets"": 4}",0,Canada,76.4,4.4,0.2,0.17
1450827,Nepal,139.0,7.0,118.0,8.0,6.0,7.07,79.0,8.0,84.0,Nepal,Oman,Nepal,"{""runs"": 56}",1,Oman,97.8,5.6,0.4,0.33
1453518,Nepal,82.0,7.0,72.0,7.0,0.0,6.83,109.0,4.0,93.0,Nepal,United States of America,Nepal,"{""runs"": 17}",1,United States of America,107.0,5.6,0.6,0.33
1453519,Nepal,97.0,3.0,61.0,6.0,7.0,9.54,82.0,9.0,64.0,Nepal,United States of America,,,0,United States of America,114.8,6.6,0.6,0.33
1453520,Nepal,107.0,1.0,83.0,9.0,3.0,7.73,90.0,4.0,73.0,United States of America,Nepal,Nepal,"{""wickets"": 8}",1,United States of America,101.2,5.8,0.6,0.33
1479320,Nepal,39.0,1.0,23.0,0.0,4.0,10.17,58.0,2.0,48.0,Qatar,Nepal,Nepal,"{""wickets"": 8}",1,Qatar,92.8,5.4,0.8,0.38
1479322,Nepal,59.0,2.0,46.0,2.0,4.0,7.7,72.0,3.0,43.0,Kuwait,Nepal,Nepal,"{""wickets"": 6}",1,Kuwait,76.8,4.4,0.8,0.38
1479325,Nepal,,,,,,,9.0,0.0,9.0,Hong Kong,Nepal,,,0,Hong Kong,,3.6,0.6,0.21
1479327,Nepal,30.0,4.0,26.0,3.0,1.0,6.92,70.0,5.0,51.0,Kuwait,Nepal,Kuwait,"{""runs"": 3}",0,Kuwait,,2.8,0.6,0.38
1485939,Nepal,32.0,2.0,27.0,2.0,1.0,7.11,61.0,2.0,43.0,Netherlands,Nepal,,,0,Netherlands,,2.4,0.4,0.19
1485940,Nepal,3.0,0.0,3.0,0.0,0.0,6.0,20.0,3.0,24.0,Scotland,Nepal,Nepal,"{""wickets"": 2}",1,Scotland,,2.6,0.4,0.25
1485941,Nepal,36.0,1.0,20.0,3.0,1.0,10.8,40.0,6.0,31.0,Netherlands,Nepal,Nepal,"{""wickets"": 6}",1,Netherlands,,3.2,0.4,0.19
1485943,Nepal,14.0,1.0,8.0,1.0,1.0,10.5,,,,Scotland,Nepal,Scotland,"{""runs"": 34}",0,Scotland,23.0,,0.4,0.25
1489968,Nepal,44.0,3.0,35.0,2.0,2.0,7.54,60.0,2.0,44.0,Nepal,West Indies,Nepal,"{""runs"": 19}",1,West Indies,25.8,,0.6,0.33
1489969,Nepal,80.0,1.0,60.0,9.0,2.0,8.0,12.0,2.0,19.0,Nepal,West Indies,Nepal,"{""runs"": 90}",1,West Indies,35.4,,0.8,0.33
1489970,Nepal,16.0,3.0,26.0,1.0,0.0,3.69,36.0,0.0,27.0,Nepal,West Indies,West Indies,"{""wickets"": 10}",0,West Indies,38.0,,0.6,0.33
1503452,Nepal,8.0,2.0,18.0,0.0,0.0,2.67,5.0,3.0,14.0,Nepal,Kuwait,Nepal,"{""runs"": 58}",1,Kuwait,32.4,,0.6,0.38
1503457,Nepal,43.0,2.0,28.0,1.0,4.0,9.21,21.0,2.0,27.0,Japan,Nepal,Nepal,"{""wickets"": 5}",1,Japan,38.2,1.8,0.8,0.5
1503460,Nepal,71.0,2.0,65.0,4.0,1.0,6.55,20.0,2.0,20.0,Nepal,United Arab Emirates,Nepal,"{""runs"": 1}",1,United Arab Emirates,43.6,1.8,0.8,0.27
1503463,Nepal,34.0,3.0,32.0,1.0,2.0,6.38,21.0,2.0,15.0,Nepal,Qatar,Nepal,"{""runs"": 5}",1,Qatar,34.4,1.8,0.8,0.38
1503466,Nepal,56.0,2.0,48.0,4.0,2.0,7.0,59.0,3.0,66.0,Nepal,Oman,Nepal,"{""runs"": 38}",1,Oman,42.4,2.4,1.0,0.33
1503470,Nepal,70.0,1.0,41.0,7.0,4.0,10.24,19.0,2.0,24.0,Nepal,Samoa,Nepal,"{""runs"": 124}",1,Samoa,54.8,2.2,1.0,0.5
439497,Netherlands,,,,,,,4.0,1.0,4.0,Canada,Netherlands,Netherlands,"{""wickets"": 6}",1,Canada,,,,0.38
439510,Netherlands,20.0,4.0,21.0,0.0,1.0,5.71,,,,Ireland,Netherlands,Ireland,"{""runs"": 65}",0,Ireland,,,,0.27
546410,Netherlands,30.0,1.0,25.0,1.0,1.0,7.2,0.0,1.0,2.0,Canada,Netherlands,Netherlands,"{""runs"": 42}",1,Canada,,,,0.38
546470,Netherlands,29.0,2.0,24.0,1.0,1.0,7.25,,,,Ireland,Netherlands,Ireland,"{""wickets"": 7}",0,Ireland,,,,0.27
682909,Netherlands,,,,,,,13.0,1.0,12.0,Netherlands,Zimbabwe,Zimbabwe,"{""wickets"": 5}",0,Zimbabwe,,,0.4,0.2
682919,Netherlands,43.0,2.0,19.0,0.0,6.0,13.58,,,,Ireland,Netherlands,Netherlands,"{""wickets"": 6}",1,Ireland,,,0.4,0.27
875553,Netherlands,35.0,2.0,27.0,3.0,2.0,7.78,8.0,1.0,5.0,Ireland,Netherlands,Netherlands,"{""wickets"": 5}",1,Ireland,,,0.6,0.27
883343,Netherlands,66.0,3.0,50.0,7.0,2.0,7.92,16.0,1.0,26.0,Netherlands,Nepal,Netherlands,"{""runs"": 103}",1,Nepal,,,0.6,0.23
883345,Netherlands,57.0,2.0,43.0,5.0,2.0,7.95,4.0,1.0,4.0,Netherlands,Nepal,Netherlands,"{""runs"": 18}",1,Nepal,,,0.8,0.23
951309,Netherlands,24.0,1.0,24.0,2.0,0.0,6.0,15.0,1.0,13.0,Bangladesh,Netherlands,Bangladesh,"{""runs"": 8}",0,Bangladesh,45.0,,0.8,0.0
951325,Netherlands,9.0,3.0,12.0,1.0,0.0,4.5,0.0,1.0,1.0,Ireland,Netherlands,Netherlands,"{""runs"": 12}",1,Ireland,38.2,1.0,0.8,0.27
1074959,Netherlands,111.0,5.0,96.0,11.0,1.0,6.94,68.0,3.0,55.0,Netherlands,Oman,Netherlands,"{""wickets"": 5}",1,Oman,53.4,1.4,0.8,0.33
1141835,Netherlands,61.0,2.0,35.0,6.0,2.0,10.46,,,,Netherlands,Nepal,,,0,Nepal,52.4,,0.6,0.23
1142501,Netherlands,19.0,3.0,25.0,0.0,1.0,4.56,10.0,1.0,10.0,Netherlands,Ireland,Netherlands,"{""runs"": 4}",1,Ireland,44.8,,0.6,0.27
1142502,Netherlands,30.0,2.0,24.0,4.0,0.0,7.5,,,,Ireland,Netherlands,Netherlands,"{""wickets"": 4}",1,Ireland,46.0,,0.8,0.27
1142506,Netherlands,26.0,4.0,24.0,0.0,2.0,6.5,,,,Scotland,Netherlands,Scotland,"{""runs"": 115}",0,Scotland,49.4,,0.6,0.2
1172507,Netherlands,76.0,1.0,55.0,7.0,3.0,8.29,30.0,0.0,12.0,Oman,Netherlands,Netherlands,"{""wickets"": 8}",1,Oman,42.4,,0.6,0.33
1172509,Netherlands,26.0,1.0,22.0,2.0,0.0,7.09,12.0,1.0,7.0,Ireland,Netherlands,Ireland,"{""wickets"": 1}",0,Ireland,35.4,,0.6,0.27
1188379,Netherlands,29.0,1.0,26.0,1.0,1.0,6.69,14.0,1.0,10.0,Netherlands,Zimbabwe,Netherlands,"{""runs"": 49}",1,Zimbabwe,37.4,,0.6,0.2
1188380,Netherlands,25.0,1.0,24.0,2.0,0.0,6.25,7.0,1.0,11.0,Netherlands,Zimbabwe,,,0,Zimbabwe,36.4,,0.4,0.2
1197521,Netherlands,15.0,1.0,6.0,1.0,1.0,15.0,,,,Ireland,Netherlands,Ireland,"{""wickets"": 6}",0,Ireland,34.2,,0.4,0.27
1197524,Netherlands,45.0,4.0,40.0,2.0,2.0,6.75,34.0,0.0,16.0,Nepal,Netherlands,Nepal,"{""wickets"": 4}",0,Nepal,28.0,,0.2,0.23
1197527,Netherlands,61.0,7.0,64.0,7.0,1.0,5.72,50.0,1.0,44.0,Oman,Netherlands,Oman,"{""wickets"": 7}",0,Oman,35.0,,0.2,0.33
1199505,Netherlands,32.0,3.0,27.0,2.0,1.0,7.11,12.0,2.0,11.0,Namibia,Netherlands,Netherlands,"{""runs"": 44}",1,Namibia,35.6,,0.2,0.3
1199546,Netherlands,19.0,0.0,13.0,0.0,1.0,8.77,25.0,0.0,12.0,Ireland,Netherlands,Netherlands,"{""runs"": 21}",1,Ireland,34.4,,0.4,0.27
1200427,Netherlands,23.0,3.0,19.0,1.0,2.0,7.26,,,,Ireland,Netherlands,Netherlands,"{""wickets"": 6}",1,Ireland,36.0,,0.6,0.27
1200428,Netherlands,46.0,6.0,38.0,4.0,1.0,7.26,,,,Netherlands,Scotland,Scotland,"{""wickets"": 6}",0,Scotland,36.2,,0.6,0.2
1257945,Netherlands,35.0,1.0,49.0,4.0,1.0,4.29,56.0,0.0,40.0,Netherlands,Nepal,Nepal,"{""wickets"": 9}",0,Nepal,31.0,,0.6,0.23
1257948,Netherlands,75.0,2.0,49.0,13.0,0.0,9.18,43.0,3.0,28.0,Nepal,Netherlands,Netherlands,"{""wickets"": 3}",1,Nepal,39.6,,0.6,0.23
1257949,Netherlands,1.0,1.0,5.0,0.0,0.0,1.2,,,,Netherlands,Malaysia,,,0,Malaysia,36.0,,0.4,0.0
1257951,Netherlands,27.0,5.0,41.0,3.0,0.0,3.95,70.0,1.0,34.0,Nepal,Netherlands,Nepal,"{""runs"": 142}",0,Nepal,36.8,,0.2,0.23
1273718,Netherlands,29.0,0.0,26.0,1.0,0.0,6.69,17.0,0.0,11.0,Netherlands,Namibia,Namibia,"{""wickets"": 6}",0,Namibia,33.4,,0.2,0.3
1298136,Netherlands,13.0,1.0,8.0,2.0,0.0,9.75,,,,United Arab Emirates,Netherlands,Netherlands,"{""wickets"": 3}",1,United Arab Emirates,29.0,,0.4,0.5
1298139,Netherlands,60.0,4.0,55.0,4.0,2.0,6.55,6.0,0.0,4.0,Namibia,Netherlands,Netherlands,"{""wickets"": 5}",1,Namibia,26.0,,0.4,0.3
1298143,Netherlands,7.0,1.0,14.0,0.0,0.0,3.0,,,,Sri Lanka,Netherlands,Sri Lanka,"{""runs"": 16}",0,Sri Lanka,27.2,,0.4,0.0
1298151,Netherlands,94.0,8.0,99.0,11.0,1.0,5.7,86.0,6.0,83.0,Bangladesh,Netherlands,Bangladesh,"{""runs"": 9}",0,Bangladesh,40.6,,0.4,0.0
1298157,Netherlands,53.0,3.0,42.0,8.0,0.0,7.57,15.0,1.0,19.0,India,Netherlands,India,"{""runs"": 56}",0,India,45.4,,0.4,0.0
1298163,Netherlands,74.0,8.0,103.0,4.0,0.0,4.31,77.0,3.0,62.0,Netherlands,Pakistan,Pakistan,"{""wickets"": 6}",0,Pakistan,57.6,,0.2,0.0
1298168,Netherlands,6.0,0.0,6.0,0.0,0.0,6.0,43.0,1.0,26.0,Zimbabwe,Netherlands,Netherlands,"{""wickets"": 5}",1,Zimbabwe,46.8,,0.2,0.2
1310901,Netherlands,5.0,1.0,3.0,1.0,0.0,10.0,15.0,2.0,18.0,New Zealand,Netherlands,New Zealand,"{""runs"": 16}",0,New Zealand,46.4,2.6,0.2,0.0
1310902,Netherlands,3.0,1.0,8.0,0.0,0.0,2.25,28.0,0.0,12.0,Netherlands,New Zealand,New Zealand,"{""wickets"": 8}",0,New Zealand,28.2,1.4,0.2,0.0
1321467,Netherlands,,,,,,,16.0,0.0,18.0,Netherlands,Papua New Guinea,Netherlands,"{""runs"": 52}",1,Papua New Guinea,,1.2,0.4,0.5
1321471,Netherlands,,,,,,,17.0,1.0,12.0,Hong Kong,Netherlands,Netherlands,"{""wickets"": 7}",1,Hong Kong,,0.8,0.6,0.5
1321473,Netherlands,43.0,1.0,27.0,4.0,1.0,9.56,29.0,1.0,41.0,Netherlands,Uganda,Netherlands,"{""runs"": 97}",1,Uganda,,0.8,0.6,0.5
1321480,Netherlands,12.0,1.0,7.0,1.0,0.0,10.29,21.0,2.0,26.0,United States of America,Netherlands,Netherlands,"{""wickets"": 7}",1,United States of America,,0.8,0.8,0.5
1321484,Netherlands,10.0,4.0,26.0,0.0,0.0,2.31,34.0,2.0,23.0,Zimbabwe,Netherlands,Zimbabwe,"{""runs"": 37}",0,Zimbabwe,,1.2,0.8,0.2
1415707,Netherlands,45.0,3.0,54.0,6.0,0.0,5.0,30.0,4.0,34.0,Nepal,Netherlands,Netherlands,"{""wickets"": 6}",1,Nepal,,2.0,0.8,0.23
1415716,Netherlands,13.0,1.0,17.0,1.0,0.0,4.59,11.0,0.0,6.0,Netherlands,South Africa,South Africa,"{""wickets"": 4}",0,South Africa,24.6,1.8,0.6,0.0
1415727,Netherlands,112.0,8.0,98.0,10.0,6.0,6.86,62.0,4.0,51.0,Bangladesh,Netherlands,Bangladesh,"{""runs"": 25}",0,Bangladesh,38.4,2.4,0.4,0.0
1415738,Netherlands,7.0,1.0,10.0,0.0,0.0,4.2,,,,Sri Lanka,Netherlands,Sri Lanka,"{""runs"": 83}",0,Sri Lanka,37.4,,0.2,0.0
1422038,Netherlands,111.0,3.0,70.0,13.0,2.0,9.51,61.0,4.0,44.0,Netherlands,Nepal,Netherlands,"{""runs"": 2}",1,Nepal,57.6,,0.4,0.23
1422039,Netherlands,0.0,1.0,1.0,0.0,0.0,0.0,45.0,2.0,23.0,Netherlands,Namibia,Netherlands,"{""runs"": 59}",1,Namibia,48.6,,0.4,0.3
1422041,Netherlands,77.0,8.0,87.0,6.0,2.0,5.31,14.0,1.0,10.0,Netherlands,Nepal,Nepal,"{""wickets"": 6}",0,Nepal,61.4,,0.4,0.23
1422042,Netherlands,,,,,,,24.0,2.0,26.0,Namibia,Netherlands,,,0,Namibia,,,0.4,0.3
1422043,Netherlands,122.0,5.0,76.0,8.0,9.0,9.63,128.0,4.0,78.0,Nepal,Netherlands,Netherlands,"{""wickets"": 4}",1,Nepal,,2.6,0.6,0.23
1428151,Netherlands,39.0,1.0,18.0,3.0,3.0,13.0,8.0,0.0,7.0,Netherlands,Scotland,Netherlands,"{""runs"": 41}",1,Scotland,,1.8,0.6,0.2
1428152,Netherlands,11.0,1.0,14.0,0.0,0.0,4.71,6.0,3.0,13.0,Ireland,Netherlands,Ireland,"{""runs"": 1}",0,Ireland,,2.0,0.4,0.27
1428154,Netherlands,4.0,1.0,6.0,0.0,0.0,4.0,0.0,1.0,1.0,Scotland,Netherlands,Scotland,"{""runs"": 71}",0,Scotland,,2.0,0.4,0.2
1428156,Netherlands,34.0,1.0,28.0,3.0,0.0,7.29,56.0,1.0,33.0,Ireland,Netherlands,Ireland,"{""runs"": 3}",0,Ireland,42.0,1.8,0.4,0.27
1446761,Netherlands,100.0,4.0,63.0,9.0,5.0,9.52,41.0,1.0,20.0,Canada,Netherlands,Netherlands,"{""wickets"": 5}",1,Canada,37.6,1.2,0.4,0.38
1446763,Netherlands,19.0,2.0,28.0,0.0,0.0,4.07,82.0,4.0,59.0,Netherlands,United States of America,Netherlands,"{""runs"": 102}",1,United States of America,33.6,2.0,0.4,0.5
1446764,Netherlands,58.0,5.0,64.0,5.0,0.0,5.44,59.0,2.0,53.0,Canada,Netherlands,Canada,"{""runs"": 8}",0,Canada,43.0,1.8,0.4,0.38
1446766,Netherlands,35.0,5.0,41.0,5.0,0.0,5.12,23.0,3.0,30.0,Netherlands,United States of America,Netherlands,"{""runs"": 4}",1,United States of America,49.2,2.2,0.6,0.5
1454819,Netherlands,32.0,2.0,30.0,2.0,0.0,6.4,0.0,1.0,1.0,Netherlands,Oman,Oman,"{""wickets"": 3}",0,Oman,48.8,2.2,0.6,0.33
1454820,Netherlands,31.0,2.0,28.0,2.0,1.0,6.64,41.0,1.0,38.0,Netherlands,Oman,Netherlands,"{""runs"": 50}",1,Oman,35.0,2.2,0.6,0.33
1454821,Netherlands,62.0,5.0,51.0,4.0,1.0,7.29,49.0,2.0,44.0,Netherlands,Oman,Netherlands,"{""runs"": 29}",1,Oman,43.6,1.8,0.6,0.33
1485939,Netherlands,61.0,2.0,43.0,1.0,5.0,8.51,32.0,2.0,27.0,Netherlands,Nepal,,,0,Nepal,44.2,1.8,0.6,0.23
1485941,Netherlands,40.0,6.0,31.0,2.0,3.0,7.74,36.0,1.0,20.0,Netherlands,Nepal,Nepal,"{""wickets"": 6}",0,Nepal,45.2,1.4,0.4,0.23
1485942,Netherlands,6.0,1.0,7.0,0.0,0.0,5.14,39.0,1.0,14.0,Netherlands,Scotland,Netherlands,"{""runs"": 17}",1,Scotland,40.0,1.4,0.6,0.2
1498662,Netherlands,136.0,8.0,123.0,12.0,3.0,6.63,138.0,2.0,85.0,Netherlands,Bangladesh,Bangladesh,"{""wickets"": 8}",0,Bangladesh,61.0,1.6,0.4,0.0
1498663,Netherlands,103.0,10.0,109.0,9.0,1.0,5.67,104.0,1.0,85.0,Netherlands,Bangladesh,Bangladesh,"{""wickets"": 9}",0,Bangladesh,69.2,1.4,0.2,0.0
1498664,Netherlands,,,,,,,164.0,4.0,114.0,Bangladesh,Netherlands,,,0,Bangladesh,,1.8,0.2,0.0
473918,New Zealand,,,,,,,47.0,0.0,24.0,New Zealand,Pakistan,New Zealand,"{""wickets"": 5}",1,Pakistan,,,,0.24
473920,New Zealand,3.0,0.0,7.0,0.0,0.0,2.57,49.0,1.0,26.0,New Zealand,Pakistan,Pakistan,"{""runs"": 103}",0,Pakistan,,,,0.24
533280,New Zealand,,,,,,,12.0,0.0,6.0,New Zealand,Pakistan,Pakistan,"{""runs"": 13}",0,Pakistan,,,,0.24
565820,New Zealand,,,,,,,36.0,0.0,18.0,India,New Zealand,New Zealand,"{""runs"": 1}",1,India,,,,0.18
661695,New Zealand,,,,,,,16.0,2.0,25.0,New Zealand,West Indies,New Zealand,"{""runs"": 81}",1,West Indies,,0.6,0.6,0.5
661697,New Zealand,,,,,,,23.0,2.0,24.0,New Zealand,West Indies,New Zealand,"{""wickets"": 4}",1,West Indies,,1.0,0.6,0.5
742617,New Zealand,3.0,0.0,3.0,0.0,0.0,6.0,18.0,1.0,24.0,New Zealand,Pakistan,Pakistan,"{""wickets"": 7}",0,Pakistan,,1.0,0.6,0.24
848839,New Zealand,2.0,0.0,2.0,0.0,0.0,6.0,24.0,1.0,24.0,South Africa,New Zealand,South Africa,"{""wickets"": 6}",0,South Africa,,1.2,0.6,0.38
848841,New Zealand,10.0,0.0,7.0,1.0,0.0,8.57,27.0,1.0,26.0,South Africa,New Zealand,New Zealand,"{""runs"": 32}",1,South Africa,,1.4,0.6,0.38
894293,New Zealand,32.0,1.0,19.0,1.0,1.0,10.11,20.0,3.0,33.0,Zimbabwe,New Zealand,New Zealand,"{""runs"": 80}",1,Zimbabwe,,1.6,0.6,0.5
914219,New Zealand,,,,,,,37.0,3.0,25.0,New Zealand,Sri Lanka,New Zealand,"{""wickets"": 9}",1,Sri Lanka,,1.8,0.6,0.38
914221,New Zealand,2.0,0.0,2.0,0.0,0.0,6.0,37.0,4.0,24.0,New Zealand,Pakistan,Pakistan,"{""runs"": 16}",0,Pakistan,,2.4,0.6,0.24
914223,New Zealand,,,,,,,37.0,3.0,26.0,New Zealand,Pakistan,New Zealand,"{""wickets"": 10}",1,Pakistan,,2.8,0.8,0.24
914225,New Zealand,0.0,1.0,1.0,0.0,0.0,0.0,13.0,5.0,24.0,New Zealand,Pakistan,New Zealand,"{""runs"": 95}",1,Pakistan,,3.6,0.8,0.24
951329,New Zealand,,,,,,,8.0,1.0,14.0,India,New Zealand,New Zealand,"{""runs"": 47}",1,India,,3.2,0.8,0.18
951337,New Zealand,2.0,1.0,2.0,0.0,0.0,6.0,23.0,1.0,15.0,Australia,New Zealand,New Zealand,"{""runs"": 8}",1,Australia,,2.8,0.8,0.1
951349,New Zealand,,,,,,,26.0,2.0,24.0,New Zealand,Pakistan,New Zealand,"{""runs"": 22}",1,Pakistan,,2.4,1.0,0.24
951359,New Zealand,22.0,5.0,24.0,1.0,1.0,5.5,13.0,2.0,12.0,Bangladesh,New Zealand,New Zealand,"{""runs"": 75}",1,Bangladesh,,2.2,1.0,0.35
951369,New Zealand,,,,,,,27.0,0.0,18.0,England,New Zealand,England,"{""wickets"": 7}",0,England,,1.2,0.8,0.2
1019979,New Zealand,38.0,1.0,31.0,3.0,1.0,7.35,7.0,1.0,7.0,New Zealand,Bangladesh,New Zealand,"{""wickets"": 6}",1,Bangladesh,,1.2,0.8,0.35
1019981,New Zealand,31.0,1.0,27.0,3.0,0.0,6.89,49.0,2.0,39.0,New Zealand,Bangladesh,New Zealand,"{""runs"": 47}",1,Bangladesh,,1.4,0.8,0.35
1019983,New Zealand,59.0,1.0,33.0,2.0,6.0,10.73,51.0,1.0,35.0,New Zealand,Bangladesh,New Zealand,"{""runs"": 27}",1,Bangladesh,,1.2,0.8,0.35
1115807,New Zealand,55.0,1.0,48.0,6.0,1.0,6.88,77.0,5.0,75.0,Pakistan,New Zealand,New Zealand,"{""wickets"": 7}",1,Pakistan,,1.8,0.8,0.24
1115808,New Zealand,94.0,7.0,72.0,6.0,4.0,7.83,112.0,2.0,67.0,Pakistan,New Zealand,Pakistan,"{""runs"": 48}",0,Pakistan,55.4,2.2,0.8,0.24
1115809,New Zealand,74.0,3.0,49.0,5.0,4.0,9.06,74.0,3.0,57.0,Pakistan,New Zealand,Pakistan,"{""runs"": 18}",0,Pakistan,62.6,2.6,0.6,0.24
1120094,New Zealand,53.0,1.0,25.0,5.0,3.0,12.72,30.0,0.0,25.0,New Zealand,India,New Zealand,"{""runs"": 40}",1,India,67.0,2.2,0.6,0.18
1120095,New Zealand,10.0,2.0,6.0,0.0,1.0,10.0,,,,India,New Zealand,India,"{""runs"": 6}",0,India,57.2,,0.4,0.18
1153696,New Zealand,0.0,1.0,1.0,0.0,0.0,0.0,,,,New Zealand,India,New Zealand,"{""runs"": 80}",1,India,46.2,,0.4,0.18
1153698,New Zealand,26.0,3.0,25.0,1.0,1.0,6.24,,,,New Zealand,India,New Zealand,"{""runs"": 4}",1,India,32.6,,0.6,0.18
1157375,New Zealand,106.0,5.0,79.0,10.0,1.0,8.05,39.0,4.0,41.0,Pakistan,New Zealand,Pakistan,"{""runs"": 2}",0,Pakistan,39.0,,0.6,0.24
1157376,New Zealand,114.0,5.0,87.0,10.0,4.0,7.86,76.0,3.0,64.0,New Zealand,Pakistan,Pakistan,"{""wickets"": 6}",0,Pakistan,51.2,,0.4,0.24
1157377,New Zealand,36.0,6.0,36.0,3.0,1.0,6.0,90.0,2.0,74.0,Pakistan,New Zealand,Pakistan,"{""runs"": 47}",0,Pakistan,56.4,,0.4,0.24
1187677,New Zealand,,,,,,,61.0,1.0,31.0,New Zealand,India,India,"{""wickets"": 6}",0,India,,,0.2,0.18
1187678,New Zealand,,,,,,,63.0,0.0,52.0,New Zealand,India,India,"{""wickets"": 7}",0,India,,2.0,0.0,0.18
1187679,New Zealand,0.0,2.0,2.0,0.0,0.0,0.0,32.0,1.0,21.0,New Zealand,India,,,0,India,,1.4,0.0,0.18
1187680,New Zealand,24.0,2.0,14.0,3.0,1.0,10.29,52.0,3.0,34.0,New Zealand,India,,,0,India,,1.4,0.0,0.18
1187681,New Zealand,20.0,3.0,20.0,2.0,1.0,6.0,50.0,1.0,34.0,New Zealand,India,India,"{""runs"": 7}",0,India,,1.2,0.0,0.18
1233959,New Zealand,97.0,5.0,81.0,8.0,3.0,7.19,122.0,4.0,96.0,Pakistan,New Zealand,New Zealand,"{""wickets"": 5}",1,Pakistan,,1.8,0.2,0.24
1233960,New Zealand,120.0,1.0,94.0,14.0,3.0,7.66,45.0,4.0,52.0,Pakistan,New Zealand,New Zealand,"{""wickets"": 9}",1,Pakistan,52.2,2.6,0.4,0.24
1233961,New Zealand,173.0,7.0,121.0,16.0,6.0,8.58,109.0,4.0,74.0,New Zealand,Pakistan,Pakistan,"{""wickets"": 4}",0,Pakistan,86.8,3.2,0.4,0.24
1233979,New Zealand,210.0,3.0,124.0,19.0,10.0,10.16,129.0,6.0,111.0,New Zealand,Bangladesh,New Zealand,"{""runs"": 66}",1,Bangladesh,124.0,3.8,0.6,0.35
1233980,New Zealand,173.0,5.0,111.0,18.0,5.0,9.35,125.0,6.0,91.0,New Zealand,Bangladesh,New Zealand,"{""runs"": 28}",1,Bangladesh,154.6,4.8,0.8,0.35
1233981,New Zealand,108.0,4.0,49.0,10.0,7.0,13.22,52.0,8.0,38.0,New Zealand,Bangladesh,New Zealand,"{""runs"": 65}",1,Bangladesh,156.8,5.6,0.8,0.35
1272093,New Zealand,40.0,8.0,65.0,3.0,0.0,3.69,2.0,2.0,9.0,New Zealand,Bangladesh,Bangladesh,"{""wickets"": 7}",0,Bangladesh,140.8,5.2,0.6,0.35
1272094,New Zealand,101.0,4.0,94.0,9.0,1.0,6.45,89.0,4.0,81.0,Bangladesh,New Zealand,Bangladesh,"{""runs"": 4}",0,Bangladesh,126.4,5.2,0.6,0.35
1272095,New Zealand,94.0,4.0,86.0,11.0,0.0,6.56,50.0,8.0,72.0,New Zealand,Bangladesh,New Zealand,"{""runs"": 52}",1,Bangladesh,103.2,5.6,0.6,0.35
1272096,New Zealand,60.0,10.0,88.0,4.0,0.0,4.09,43.0,2.0,57.0,New Zealand,Bangladesh,Bangladesh,"{""wickets"": 6}",0,Bangladesh,80.6,4.8,0.4,0.35
1272097,New Zealand,143.0,5.0,102.0,13.0,6.0,8.41,106.0,6.0,93.0,New Zealand,Bangladesh,New Zealand,"{""runs"": 27}",1,Bangladesh,87.6,4.4,0.4,0.35
1273730,New Zealand,94.0,8.0,88.0,9.0,1.0,6.41,57.0,3.0,65.0,New Zealand,Pakistan,Pakistan,"{""wickets"": 5}",0,Pakistan,98.4,4.6,0.4,0.24
1273739,New Zealand,0.0,1.0,1.0,0.0,0.0,0.0,48.0,3.0,47.0,India,New Zealand,New Zealand,"{""wickets"": 8}",1,India,78.2,4.4,0.6,0.18
1273743,New Zealand,,,,,,,36.0,0.0,24.0,New Zealand,Scotland,New Zealand,"{""runs"": 16}",1,Scotland,,2.8,0.6,0.5
1273747,New Zealand,27.0,0.0,16.0,1.0,1.0,10.12,32.0,0.0,33.0,New Zealand,Namibia,New Zealand,"{""runs"": 52}",1,Namibia,,2.4,0.8,0.5
1273754,New Zealand,,,,,,,32.0,1.0,25.0,England,New Zealand,New Zealand,"{""wickets"": 5}",1,England,,1.4,0.8,0.2
1273756,New Zealand,,,,,,,32.0,0.0,25.0,New Zealand,Australia,Australia,"{""wickets"": 8}",0,Australia,,0.8,0.8,0.1
1278671,New Zealand,41.0,1.0,25.0,2.0,2.0,9.84,17.0,1.0,14.0,New Zealand,India,India,"{""wickets"": 5}",0,India,,0.4,0.6,0.18
1278672,New Zealand,6.0,1.0,5.0,0.0,0.0,7.2,88.0,1.0,61.0,New Zealand,India,India,"{""wickets"": 7}",0,India,,0.6,0.4,0.18
1278673,New Zealand,8.0,2.0,7.0,0.0,1.0,6.86,57.0,2.0,35.0,India,New Zealand,India,"{""runs"": 73}",0,India,,1.0,0.2,0.18
1298171,New Zealand,18.0,1.0,15.0,2.0,0.0,7.2,23.0,1.0,15.0,New Zealand,Ireland,New Zealand,"{""runs"": 35}",1,Ireland,,1.0,0.2,0.5
1298177,New Zealand,137.0,4.0,108.0,10.0,1.0,7.61,146.0,3.0,113.0,New Zealand,Pakistan,Pakistan,"{""wickets"": 7}",0,Pakistan,42.0,1.6,0.2,0.24
1303312,New Zealand,33.0,2.0,26.0,2.0,0.0,7.62,15.0,1.0,7.0,New Zealand,Ireland,New Zealand,"{""runs"": 31}",1,Ireland,40.4,1.6,0.4,0.5
1303313,New Zealand,21.0,0.0,18.0,2.0,0.0,7.0,0.0,1.0,1.0,New Zealand,Ireland,New Zealand,"{""runs"": 88}",1,Ireland,43.4,1.6,0.6,0.5
1303314,New Zealand,14.0,1.0,13.0,0.0,0.0,6.46,11.0,1.0,13.0,Ireland,New Zealand,New Zealand,"{""wickets"": 6}",1,Ireland,44.6,1.4,0.8,0.5
1307477,New Zealand,28.0,1.0,18.0,0.0,3.0,9.33,,,,New Zealand,Scotland,New Zealand,"{""runs"": 68}",1,Scotland,46.6,,0.8,0.5
1307478,New Zealand,55.0,1.0,24.0,2.0,6.0,13.75,3.0,0.0,6.0,New Zealand,Scotland,New Zealand,"{""runs"": 102}",1,Scotland,30.2,,1.0,0.5
1310901,New Zealand,15.0,2.0,18.0,0.0,0.0,5.0,5.0,1.0,3.0,New Zealand,Netherlands,New Zealand,"{""runs"": 16}",1,Netherlands,26.6,,1.0,0.5
1310902,New Zealand,28.0,0.0,12.0,2.0,2.0,14.0,3.0,1.0,8.0,Netherlands,New Zealand,New Zealand,"{""wickets"": 8}",1,Netherlands,28.0,,1.0,0.5
1322276,New Zealand,78.0,6.0,60.0,7.0,3.0,7.8,67.0,2.0,54.0,India,New Zealand,India,"{""runs"": 65}",0,India,40.8,,0.8,0.18
1322277,New Zealand,59.0,9.0,51.0,8.0,1.0,6.94,29.0,1.0,18.0,New Zealand,India,,,0,India,47.0,1.0,0.6,0.18
1322335,New Zealand,95.0,5.0,72.0,6.0,4.0,7.92,139.0,3.0,110.0,New Zealand,Pakistan,Pakistan,"{""wickets"": 6}",0,Pakistan,55.0,1.6,0.4,0.24
1322336,New Zealand,100.0,2.0,72.0,9.0,3.0,8.33,81.0,5.0,73.0,Bangladesh,New Zealand,New Zealand,"{""wickets"": 8}",1,Bangladesh,72.0,2.4,0.4,0.35
1322337,New Zealand,76.0,1.0,68.0,3.0,2.0,6.71,49.0,4.0,51.0,Pakistan,New Zealand,New Zealand,"{""wickets"": 9}",1,Pakistan,81.6,3.0,0.4,0.24
1322338,New Zealand,101.0,3.0,62.0,9.0,5.0,9.77,80.0,5.0,66.0,New Zealand,Bangladesh,New Zealand,"{""runs"": 48}",1,Bangladesh,86.2,3.6,0.6,0.35
1322340,New Zealand,126.0,7.0,97.0,8.0,4.0,7.79,89.0,2.0,65.0,New Zealand,Pakistan,Pakistan,"{""wickets"": 5}",0,Pakistan,99.6,3.8,0.6,0.24
1322362,New Zealand,5.0,1.0,6.0,0.0,0.0,5.0,55.0,2.0,30.0,Sri Lanka,New Zealand,,,0,Sri Lanka,81.6,3.6,0.6,0.38
1322363,New Zealand,,,,,,,27.0,6.0,27.0,Sri Lanka,New Zealand,New Zealand,"{""wickets"": 9}",1,Sri Lanka,,3.8,0.6,0.38
1322364,New Zealand,1.0,0.0,1.0,0.0,0.0,6.0,32.0,2.0,27.0,Sri Lanka,New Zealand,New Zealand,"{""wickets"": 4}",1,Sri Lanka,,3.4,0.6,0.38
1336048,New Zealand,10.0,1.0,9.0,0.0,1.0,6.67,30.0,0.0,21.0,New Zealand,England,England,"{""wickets"": 7}",0,England,,2.4,0.4,0.2
1336049,New Zealand,2.0,1.0,3.0,0.0,0.0,4.0,23.0,1.0,25.0,England,New Zealand,England,"{""runs"": 95}",0,England,,2.2,0.4,0.2
1336051,New Zealand,27.0,3.0,24.0,3.0,0.0,6.75,11.0,1.0,7.0,England,New Zealand,New Zealand,"{""wickets"": 6}",1,England,,2.0,0.6,0.2
1339614,New Zealand,77.0,9.0,70.0,9.0,2.0,6.6,170.0,8.0,113.0,Pakistan,New Zealand,Pakistan,"{""runs"": 88}",0,Pakistan,23.4,2.4,0.4,0.24
1339615,New Zealand,104.0,5.0,79.0,10.0,2.0,7.9,157.0,3.0,98.0,Pakistan,New Zealand,Pakistan,"{""runs"": 38}",0,Pakistan,44.0,2.6,0.2,0.24
1339616,New Zealand,141.0,5.0,111.0,14.0,4.0,7.62,115.0,8.0,103.0,New Zealand,Pakistan,New Zealand,"{""runs"": 4}",1,Pakistan,70.2,4.2,0.4,0.24
1339617,New Zealand,112.0,4.0,75.0,14.0,2.0,8.96,,,,New Zealand,Pakistan,,,0,Pakistan,92.2,,0.4,0.24
1339618,New Zealand,133.0,3.0,71.0,16.0,5.0,11.24,124.0,3.0,89.0,Pakistan,New Zealand,New Zealand,"{""wickets"": 6}",1,Pakistan,113.4,,0.4,0.24
1348649,New Zealand,93.0,5.0,75.0,7.0,5.0,7.44,67.0,4.0,51.0,New Zealand,India,New Zealand,"{""runs"": 21}",1,India,116.6,,0.6,0.18
1348650,New Zealand,42.0,5.0,56.0,2.0,0.0,4.5,44.0,3.0,55.0,New Zealand,India,India,"{""wickets"": 6}",0,India,104.2,,0.6,0.18
1348651,New Zealand,29.0,3.0,25.0,1.0,2.0,6.96,130.0,1.0,68.0,India,New Zealand,India,"{""runs"": 168}",0,India,81.8,,0.4,0.18
1388213,New Zealand,134.0,9.0,121.0,11.0,6.0,6.64,124.0,4.0,104.0,New Zealand,Bangladesh,Bangladesh,"{""wickets"": 5}",0,Bangladesh,86.2,3.0,0.4,0.35
1388214,New Zealand,72.0,2.0,66.0,7.0,1.0,6.55,,,,New Zealand,Bangladesh,,,0,Bangladesh,74.0,,0.2,0.35
1388215,New Zealand,81.0,5.0,87.0,5.0,3.0,5.59,93.0,9.0,109.0,Bangladesh,New Zealand,New Zealand,"{""runs"": 17}",1,Bangladesh,71.6,,0.2,0.35
1388216,New Zealand,118.0,8.0,75.0,9.0,6.0,9.44,139.0,8.0,81.0,New Zealand,Pakistan,New Zealand,"{""runs"": 46}",1,Pakistan,86.8,,0.4,0.24
1388217,New Zealand,113.0,7.0,77.0,11.0,5.0,8.81,157.0,7.0,101.0,New Zealand,Pakistan,New Zealand,"{""runs"": 21}",1,Pakistan,103.6,,0.6,0.24
1388218,New Zealand,148.0,6.0,78.0,6.0,14.0,11.38,166.0,5.0,110.0,New Zealand,Pakistan,New Zealand,"{""runs"": 45}",1,Pakistan,106.4,,0.8,0.24
1388219,New Zealand,105.0,3.0,69.0,11.0,3.0,9.13,151.0,4.0,114.0,Pakistan,New Zealand,New Zealand,"{""wickets"": 7}",1,Pakistan,113.0,6.6,1.0,0.24
1388220,New Zealand,43.0,6.0,52.0,3.0,1.0,4.96,128.0,7.0,111.0,Pakistan,New Zealand,Pakistan,"{""runs"": 42}",0,Pakistan,105.4,6.2,0.8,0.24
1388223,New Zealand,,,,,,,54.0,1.0,24.0,New Zealand,Australia,Australia,"{""wickets"": 6}",0,Australia,,4.8,0.6,0.1
1388224,New Zealand,0.0,1.0,1.0,0.0,0.0,0.0,40.0,2.0,27.0,Australia,New Zealand,Australia,"{""runs"": 72}",0,Australia,,3.8,0.4,0.1
1388225,New Zealand,,,,,,,20.0,1.0,12.0,Australia,New Zealand,Australia,"{""runs"": 27}",0,Australia,,3.0,0.2,0.1
1415732,New Zealand,10.0,1.0,10.0,1.0,0.0,6.0,4.0,1.0,15.0,Uganda,New Zealand,New Zealand,"{""wickets"": 9}",1,Uganda,,2.4,0.2,0.5
1424829,New Zealand,2.0,1.0,2.0,0.0,0.0,6.0,,,,New Zealand,Pakistan,,,0,Pakistan,,,0.2,0.24
1424830,New Zealand,70.0,9.0,88.0,7.0,1.0,4.77,92.0,3.0,73.0,New Zealand,Pakistan,Pakistan,"{""wickets"": 7}",0,Pakistan,,,0.2,0.24
1424831,New Zealand,163.0,3.0,104.0,17.0,5.0,9.4,176.0,5.0,123.0,Pakistan,New Zealand,New Zealand,"{""wickets"": 7}",1,Pakistan,,,0.4,0.24
1424832,New Zealand,21.0,5.0,21.0,3.0,0.0,6.0,119.0,6.0,89.0,New Zealand,Pakistan,New Zealand,"{""runs"": 4}",1,Pakistan,53.2,,0.6,0.24
1424833,New Zealand,90.0,5.0,65.0,8.0,4.0,8.31,168.0,4.0,118.0,Pakistan,New Zealand,Pakistan,"{""runs"": 9}",0,Pakistan,69.2,,0.4,0.24
1443549,New Zealand,92.0,1.0,61.0,9.0,4.0,9.05,91.0,9.0,114.0,Pakistan,New Zealand,New Zealand,"{""wickets"": 9}",1,Pakistan,87.2,5.4,0.6,0.24
1443550,New Zealand,137.0,5.0,84.0,8.0,11.0,9.79,135.0,8.0,89.0,Pakistan,New Zealand,New Zealand,"{""wickets"": 5}",1,Pakistan,100.6,6.4,0.8,0.24
1443551,New Zealand,204.0,10.0,123.0,18.0,10.0,9.95,97.0,1.0,51.0,New Zealand,Pakistan,Pakistan,"{""wickets"": 9}",0,Pakistan,108.8,5.6,0.6,0.24
1443552,New Zealand,220.0,6.0,128.0,17.0,12.0,10.31,100.0,9.0,100.0,New Zealand,Pakistan,New Zealand,"{""runs"": 115}",1,Pakistan,148.6,6.2,0.6,0.24
1443553,New Zealand,131.0,2.0,62.0,11.0,11.0,12.68,127.0,8.0,123.0,Pakistan,New Zealand,New Zealand,"{""wickets"": 8}",1,Pakistan,156.8,7.0,0.8,0.24
1478867,New Zealand,23.0,0.0,18.0,0.0,1.0,7.67,42.0,3.0,43.0,Zimbabwe,New Zealand,New Zealand,"{""wickets"": 8}",1,Zimbabwe,143.0,5.8,0.8,0.5
1478869,New Zealand,,,,,,,21.0,2.0,24.0,South Africa,New Zealand,New Zealand,"{""wickets"": 7}",1,South Africa,,4.6,0.8,0.38
1478870,New Zealand,34.0,1.0,26.0,3.0,1.0,7.85,10.0,1.0,6.0,New Zealand,Zimbabwe,New Zealand,"{""runs"": 60}",1,Zimbabwe,,4.6,1.0,0.5
1478871,New Zealand,,,,,,,27.0,1.0,24.0,New Zealand,South Africa,New Zealand,"{""runs"": 3}",1,South Africa,,3.0,1.0,0.38
1199516,Nigeria,25.0,4.0,27.0,1.0,0.0,5.56,14.0,2.0,12.0,Canada,Nigeria,Canada,"{""runs"": 50}",0,Canada,,,,0.0
1199521,Nigeria,44.0,6.0,75.0,3.0,0.0,3.52,2.0,1.0,5.0,Nigeria,Oman,Oman,"{""wickets"": 7}",0,Oman,,,,0.0
1199533,Nigeria,16.0,2.0,25.0,0.0,0.0,3.84,,,,Ireland,Nigeria,Ireland,"{""wickets"": 8}",0,Ireland,,,,0.0
1275040,Nigeria,0.0,1.0,1.0,0.0,0.0,0.0,40.0,1.0,23.0,Uganda,Nigeria,Uganda,"{""runs"": 56}",0,Uganda,,,,0.0
1275043,Nigeria,15.0,0.0,13.0,2.0,0.0,6.92,15.0,0.0,5.0,Nigeria,Uganda,Uganda,"{""wickets"": 8}",0,Uganda,20.0,,0.0,0.0
1275047,Nigeria,20.0,1.0,14.0,1.0,0.0,8.57,63.0,1.0,35.0,Uganda,Nigeria,Uganda,"{""runs"": 55}",0,Uganda,19.0,,0.0,0.0
1289044,Nigeria,,,,,,,42.0,1.0,27.0,Uganda,Nigeria,Uganda,"{""runs"": 12}",0,Uganda,,,0.0,0.0
1289049,Nigeria,12.0,7.0,22.0,1.0,0.0,3.27,28.0,0.0,26.0,Nigeria,Uganda,Uganda,"{""wickets"": 8}",0,Uganda,,0.6,0.0,0.0
1407100,Nigeria,11.0,2.0,20.0,1.0,0.0,3.3,,,,Nigeria,Uganda,Uganda,"{""wickets"": 9}",0,Uganda,,,0.0,0.0
1407104,Nigeria,13.0,3.0,19.0,0.0,1.0,4.11,66.0,1.0,37.0,Nigeria,Zimbabwe,Zimbabwe,"{""wickets"": 6}",0,Zimbabwe,,,0.0,0.0
1407109,Nigeria,14.0,2.0,16.0,2.0,0.0,5.25,8.0,0.0,11.0,Nigeria,Namibia,Namibia,"{""wickets"": 8}",0,Namibia,,,0.0,0.17
1424757,Nigeria,1.0,3.0,3.0,0.0,0.0,2.0,14.0,1.0,22.0,Namibia,Nigeria,Nigeria,"{""wickets"": 3}",1,Namibia,10.2,,0.2,0.17
1462915,Nigeria,,,,,,,7.0,1.0,5.0,Nigeria,Uganda,Uganda,"{""wickets"": 5}",0,Uganda,,,0.2,0.0
1462917,Nigeria,,,,,,,0.0,1.0,1.0,Uganda,Nigeria,Uganda,"{""runs"": 23}",0,Uganda,,0.8,0.2,0.0
1462925,Nigeria,,,,,,,19.0,0.0,16.0,Nigeria,Uganda,Uganda,"{""wickets"": 7}",0,Uganda,,0.6,0.2,0.0
1462932,Nigeria,0.0,4.0,4.0,0.0,0.0,0.0,43.0,1.0,50.0,Nigeria,Uganda,Uganda,"{""wickets"": 6}",0,Uganda,,0.8,0.2,0.0
1502747,Nigeria,,,,,,,2.0,1.0,3.0,Namibia,Nigeria,Namibia,"{""runs"": 117}",0,Namibia,,0.8,0.0,0.17
1502761,Nigeria,19.0,0.0,7.0,1.0,2.0,16.29,73.0,2.0,33.0,Uganda,Nigeria,Uganda,"{""runs"": 66}",0,Uganda,,1.0,0.0,0.0
1271446,Norway,24.0,0.0,25.0,2.0,0.0,5.76,0.0,1.0,2.0,Norway,France,France,"{""wickets"": 4}",0,France,,,,0.25
1271449,Norway,28.0,3.0,25.0,2.0,1.0,6.72,12.0,1.0,8.0,Norway,France,Norway,"{""runs"": 3}",1,France,,,,0.25
930573,Oman,49.0,1.0,35.0,7.0,0.0,8.4,45.0,2.0,33.0,United Arab Emirates,Oman,United Arab Emirates,"{""wickets"": 7}",0,United Arab Emirates,,,,0.25
930575,Oman,,,,,,,29.0,3.0,25.0,Hong Kong,Oman,Oman,"{""wickets"": 6}",1,Hong Kong,,,,0.44
930577,Oman,0.0,1.0,2.0,0.0,0.0,0.0,42.0,8.0,48.0,Hong Kong,Oman,Oman,"{""runs"": 4}",1,Hong Kong,,,,0.44
930579,Oman,25.0,1.0,16.0,5.0,0.0,9.38,48.0,0.0,30.0,Hong Kong,Oman,Hong Kong,"{""wickets"": 8}",0,Hong Kong,,,,0.44
951311,Oman,38.0,1.0,33.0,6.0,0.0,6.91,32.0,1.0,25.0,Ireland,Oman,Oman,"{""wickets"": 2}",1,Ireland,,2.8,0.6,0.17
951327,Oman,10.0,2.0,15.0,0.0,1.0,4.0,24.0,1.0,39.0,Bangladesh,Oman,Bangladesh,"{""runs"": 54}",0,Bangladesh,,2.6,0.6,0.0
966735,Oman,18.0,1.0,13.0,1.0,1.0,8.31,82.0,2.0,48.0,Hong Kong,Oman,Oman,"{""runs"": 5}",1,Hong Kong,18.2,2.4,0.6,0.44
966743,Oman,50.0,1.0,44.0,5.0,1.0,6.82,52.0,0.0,31.0,Oman,United Arab Emirates,United Arab Emirates,"{""runs"": 71}",0,United Arab Emirates,28.2,0.8,0.4,0.25
1074959,Oman,68.0,3.0,55.0,7.0,1.0,7.42,111.0,5.0,96.0,Netherlands,Oman,Netherlands,"{""wickets"": 5}",0,Netherlands,36.8,1.8,0.4,0.17
1074961,Oman,71.0,1.0,48.0,13.0,1.0,8.88,75.0,8.0,92.0,Hong Kong,Oman,Oman,"{""wickets"": 7}",1,Hong Kong,43.4,3.2,0.4,0.44
1074968,Oman,45.0,5.0,53.0,6.0,0.0,5.09,82.0,2.0,69.0,Oman,Scotland,Scotland,"{""wickets"": 7}",0,Scotland,50.4,3.4,0.4,0.0
1172506,Oman,78.0,5.0,73.0,5.0,1.0,6.41,74.0,4.0,72.0,Oman,Ireland,Ireland,"{""runs"": 15}",0,Ireland,62.4,3.8,0.2,0.17
1172507,Oman,30.0,0.0,12.0,2.0,2.0,15.0,76.0,1.0,55.0,Oman,Netherlands,Netherlands,"{""wickets"": 8}",0,Netherlands,58.4,4.0,0.2,0.17
1172510,Oman,35.0,4.0,52.0,2.0,0.0,4.04,78.0,3.0,67.0,Oman,Scotland,Scotland,"{""wickets"": 7}",0,Scotland,51.8,3.6,0.2,0.0
1197522,Oman,68.0,3.0,46.0,6.0,3.0,8.87,83.0,8.0,69.0,Oman,Ireland,Oman,"{""runs"": 43}",1,Ireland,51.2,3.6,0.2,0.17
1197527,Oman,50.0,1.0,44.0,3.0,2.0,6.82,61.0,7.0,64.0,Oman,Netherlands,Oman,"{""wickets"": 7}",1,Netherlands,52.2,4.6,0.4,0.17
1197529,Oman,34.0,4.0,38.0,1.0,2.0,5.37,54.0,6.0,51.0,Oman,Nepal,Oman,"{""wickets"": 6}",1,Nepal,43.4,5.0,0.6,0.11
1199502,Oman,66.0,0.0,68.0,4.0,1.0,5.82,84.0,8.0,90.0,United Arab Emirates,Oman,Oman,"{""wickets"": 7}",1,United Arab Emirates,50.6,6.4,0.8,0.25
1199511,Oman,65.0,1.0,61.0,8.0,0.0,6.39,64.0,5.0,74.0,Hong Kong,Oman,Oman,"{""wickets"": 7}",1,Hong Kong,56.6,6.8,1.0,0.44
1199514,Oman,57.0,7.0,53.0,5.0,1.0,6.45,134.0,2.0,86.0,Ireland,Oman,Ireland,"{""runs"": 35}",0,Ireland,54.4,5.6,0.8,0.17
1199521,Oman,2.0,1.0,5.0,0.0,0.0,2.4,44.0,6.0,75.0,Nigeria,Oman,Oman,"{""wickets"": 7}",1,Nigeria,44.8,5.4,0.8,0.5
1199532,Oman,72.0,1.0,49.0,8.0,1.0,8.82,110.0,6.0,85.0,Canada,Oman,Oman,"{""wickets"": 8}",1,Canada,52.4,5.4,0.8,0.21
1199538,Oman,74.0,3.0,59.0,7.0,1.0,7.53,101.0,6.0,86.0,Jersey,Oman,Jersey,"{""runs"": 14}",0,Jersey,54.0,5.0,0.6,0.0
1199542,Oman,31.0,5.0,50.0,2.0,0.0,3.72,126.0,7.0,91.0,Namibia,Oman,Namibia,"{""runs"": 54}",0,Namibia,47.2,5.4,0.4,0.14
1199544,Oman,35.0,3.0,24.0,3.0,2.0,8.75,80.0,7.0,87.0,Hong Kong,Oman,Oman,"{""runs"": 12}",1,Hong Kong,42.8,6.4,0.6,0.44
1199545,Oman,43.0,2.0,37.0,1.0,3.0,6.97,109.0,4.0,81.0,Oman,Scotland,Scotland,"{""wickets"": 5}",0,Scotland,51.0,6.0,0.4,0.0
1215159,Oman,,,,,,,59.0,6.0,57.0,Oman,Maldives,Oman,"{""wickets"": 10}",1,Maldives,,6.0,0.4,0.5
1273712,Oman,53.0,0.0,45.0,5.0,1.0,7.07,110.0,9.0,109.0,Papua New Guinea,Oman,Oman,"{""wickets"": 10}",1,Papua New Guinea,,6.6,0.6,0.4
1273717,Oman,102.0,8.0,111.0,5.0,4.0,5.51,153.0,10.0,124.0,Bangladesh,Oman,Bangladesh,"{""runs"": 26}",0,Bangladesh,,7.2,0.6,0.0
1273721,Oman,109.0,6.0,97.0,7.0,5.0,6.74,96.0,1.0,83.0,Oman,Scotland,Scotland,"{""wickets"": 8}",0,Scotland,,6.0,0.4,0.0
1299566,Oman,38.0,6.0,53.0,1.0,2.0,4.3,68.0,6.0,75.0,Nepal,Oman,Nepal,"{""runs"": 39}",0,Nepal,,6.4,0.4,0.11
1299570,Oman,106.0,1.0,75.0,7.0,7.0,8.48,143.0,6.0,111.0,Canada,Oman,Oman,"{""wickets"": 9}",1,Canada,81.6,6.4,0.4,0.21
1299577,Oman,,,,,,,22.0,4.0,60.0,Philippines,Oman,Oman,"{""wickets"": 9}",1,Philippines,,5.4,0.4,0.5
1299581,Oman,81.0,5.0,74.0,9.0,1.0,6.57,125.0,7.0,87.0,Ireland,Oman,Ireland,"{""runs"": 56}",0,Ireland,,4.8,0.4,0.17
1299584,Oman,59.0,5.0,76.0,3.0,2.0,4.66,65.0,1.0,61.0,Oman,Nepal,Nepal,"{""wickets"": 9}",0,Nepal,,4.8,0.4,0.11
1299593,Oman,92.0,5.0,92.0,7.0,1.0,6.0,94.0,3.0,83.0,Oman,Nepal,Nepal,"{""wickets"": 6}",0,Nepal,,4.2,0.4,0.11
1299594,Oman,102.0,6.0,75.0,12.0,2.0,8.16,93.0,1.0,74.0,Oman,Ireland,Ireland,"{""wickets"": 9}",0,Ireland,,3.2,0.2,0.17
1299595,Oman,37.0,1.0,23.0,4.0,1.0,9.65,72.0,3.0,63.0,United Arab Emirates,Oman,Oman,"{""wickets"": 7}",1,United Arab Emirates,74.2,3.0,0.2,0.25
1344782,Oman,2.0,0.0,5.0,0.0,0.0,2.4,51.0,7.0,80.0,Saudi Arabia,Oman,Oman,"{""wickets"": 9}",1,Saudi Arabia,58.4,3.0,0.4,0.33
1344785,Oman,43.0,4.0,51.0,0.0,0.0,5.06,87.0,0.0,75.0,Oman,Bahrain,Bahrain,"{""wickets"": 6}",0,Bahrain,55.2,2.8,0.4,0.33
1344787,Oman,149.0,3.0,96.0,11.0,8.0,9.31,134.0,2.0,96.0,Canada,Oman,Canada,"{""runs"": 1}",0,Canada,66.6,2.6,0.4,0.21
1344788,Oman,36.0,0.0,27.0,3.0,2.0,8.0,76.0,6.0,80.0,Saudi Arabia,Oman,Oman,"{""wickets"": 7}",1,Saudi Arabia,53.4,3.6,0.6,0.33
1344791,Oman,150.0,2.0,73.0,9.0,12.0,12.33,59.0,3.0,45.0,Oman,Bahrain,Oman,"{""runs"": 106}",1,Bahrain,76.0,3.6,0.6,0.33
1344792,Oman,136.0,7.0,93.0,9.0,9.0,8.77,103.0,6.0,88.0,Oman,Canada,Canada,"{""wickets"": 3}",0,Canada,102.8,3.4,0.4,0.21
1344795,Oman,106.0,9.0,98.0,3.0,8.0,6.49,89.0,2.0,61.0,Oman,Canada,Canada,"{""wickets"": 8}",0,Canada,115.4,3.8,0.4,0.21
1392811,Oman,26.0,4.0,32.0,1.0,1.0,4.88,87.0,7.0,99.0,Bahrain,Oman,Bahrain,"{""runs"": 1}",0,Bahrain,90.8,4.8,0.4,0.33
1397438,Oman,88.0,3.0,61.0,5.0,5.0,8.66,58.0,9.0,86.0,Oman,Kuwait,Oman,"{""runs"": 68}",1,Kuwait,101.2,5.4,0.4,0.38
1397439,Oman,99.0,4.0,63.0,9.0,5.0,9.43,138.0,5.0,106.0,United Arab Emirates,Oman,Oman,"{""wickets"": 5}",1,United Arab Emirates,91.0,5.8,0.4,0.25
1405315,Oman,91.0,2.0,75.0,7.0,3.0,7.28,107.0,7.0,112.0,Oman,Malaysia,Oman,"{""runs"": 32}",1,Malaysia,82.0,6.0,0.6,0.5
1405317,Oman,100.0,3.0,62.0,7.0,5.0,9.68,152.0,8.0,127.0,Oman,Singapore,Oman,"{""runs"": 22}",1,Singapore,80.8,7.2,0.8,0.5
1405321,Oman,121.0,6.0,98.0,8.0,7.0,7.41,123.0,9.0,106.0,Oman,Nepal,Oman,"{""runs"": 5}",1,Nepal,99.8,7.6,1.0,0.11
1405325,Oman,,,,,,,101.0,9.0,116.0,Bahrain,Oman,Oman,"{""wickets"": 10}",1,Bahrain,,7.6,1.0,0.33
1405327,Oman,175.0,7.0,95.0,14.0,12.0,11.05,180.0,7.0,124.0,Nepal,Oman,,,0,Nepal,,8.0,0.8,0.11
1415703,Oman,93.0,8.0,95.0,8.0,2.0,5.87,110.0,4.0,102.0,Oman,Namibia,,,0,Namibia,,7.4,0.6,0.14
1415710,Oman,49.0,5.0,61.0,4.0,1.0,4.82,126.0,5.0,101.0,Australia,Oman,Australia,"{""runs"": 39}",0,Australia,,6.8,0.4,0.0
1415720,Oman,37.0,4.0,28.0,2.0,2.0,7.93,117.0,3.0,68.0,Oman,Scotland,Scotland,"{""wickets"": 7}",0,Scotland,,5.6,0.2,0.0
1415728,Oman,31.0,6.0,57.0,3.0,0.0,3.26,50.0,2.0,20.0,Oman,England,England,"{""wickets"": 8}",0,England,77.0,4.2,0.0,0.0
1423372,Oman,44.0,3.0,44.0,4.0,1.0,6.0,110.0,5.0,99.0,Papua New Guinea,Oman,Oman,"{""wickets"": 3}",1,Papua New Guinea,50.8,3.8,0.2,0.4
1423373,Oman,98.0,5.0,86.0,10.0,3.0,6.84,105.0,2.0,89.0,Oman,Papua New Guinea,Papua New Guinea,"{""wickets"": 8}",0,Papua New Guinea,51.8,3.4,0.2,0.4
1423374,Oman,68.0,2.0,63.0,4.0,2.0,6.48,93.0,6.0,92.0,Papua New Guinea,Oman,Oman,"{""wickets"": 4}",1,Papua New Guinea,55.6,3.6,0.4,0.4
1426450,Oman,48.0,4.0,62.0,0.0,1.0,4.65,91.0,5.0,94.0,Oman,Namibia,Namibia,"{""wickets"": 4}",0,Namibia,57.8,4.0,0.4,0.14
1426451,Oman,37.0,3.0,41.0,1.0,1.0,5.41,99.0,6.0,92.0,Oman,Namibia,Oman,"{""runs"": 6}",1,Namibia,59.0,4.8,0.6,0.14
1426452,Oman,94.0,1.0,54.0,6.0,7.0,10.44,78.0,7.0,95.0,Namibia,Oman,Oman,"{""wickets"": 8}",1,Namibia,69.0,5.2,0.6,0.14
1426453,Oman,99.0,5.0,74.0,13.0,2.0,8.03,132.0,2.0,92.0,Namibia,Oman,Namibia,"{""runs"": 24}",0,Namibia,69.2,5.2,0.6,0.14
1426454,Oman,118.0,6.0,73.0,10.0,6.0,9.7,126.0,3.0,97.0,Namibia,Oman,Namibia,"{""runs"": 62}",0,Namibia,79.2,4.6,0.4,0.14
1426455,Oman,128.0,2.0,86.0,8.0,6.0,8.93,159.0,8.0,113.0,Oman,Bahrain,Oman,"{""runs"": 3}",1,Bahrain,95.2,5.2,0.6,0.33
1426463,Oman,106.0,3.0,47.0,10.0,8.0,13.53,69.0,6.0,50.0,Oman,Cambodia,Oman,"{""runs"": 63}",1,Cambodia,109.0,5.2,0.6,0.5
1426467,Oman,93.0,1.0,38.0,4.0,9.0,14.68,89.0,5.0,71.0,United Arab Emirates,Oman,Oman,"{""wickets"": 9}",1,United Arab Emirates,108.8,4.8,0.6,0.25
1426474,Oman,104.0,6.0,80.0,9.0,5.0,7.8,136.0,9.0,119.0,Oman,Kuwait,Oman,"{""runs"": 46}",1,Kuwait,109.8,6.2,0.8,0.38
1426476,Oman,107.0,2.0,88.0,9.0,3.0,7.3,109.0,9.0,104.0,Hong Kong,Oman,Oman,"{""wickets"": 5}",1,Hong Kong,107.6,7.4,1.0,0.44
1426478,Oman,86.0,5.0,78.0,8.0,2.0,6.62,153.0,4.0,97.0,United Arab Emirates,Oman,United Arab Emirates,"{""runs"": 55}",0,United Arab Emirates,99.2,6.6,0.8,0.25
1450824,Oman,94.0,8.0,92.0,8.0,4.0,6.13,175.0,6.0,127.0,Nepal,Oman,Nepal,"{""runs"": 37}",0,Nepal,96.8,6.6,0.6,0.11
1450825,Oman,103.0,1.0,91.0,9.0,4.0,6.79,95.0,9.0,116.0,Canada,Oman,Oman,"{""wickets"": 8}",1,Canada,98.8,7.4,0.6,0.21
1450827,Oman,79.0,8.0,84.0,1.0,4.0,5.64,139.0,7.0,118.0,Nepal,Oman,Nepal,"{""runs"": 56}",0,Nepal,93.8,7.0,0.4,0.11
1450828,Oman,72.0,8.0,104.0,7.0,1.0,4.15,74.0,5.0,81.0,Oman,Canada,Canada,"{""wickets"": 5}",0,Canada,86.8,6.2,0.2,0.21
1454819,Oman,0.0,1.0,1.0,0.0,0.0,0.0,32.0,2.0,30.0,Netherlands,Oman,Oman,"{""wickets"": 3}",1,Netherlands,69.6,5.8,0.4,0.17
1454820,Oman,41.0,1.0,38.0,1.0,3.0,6.47,31.0,2.0,28.0,Netherlands,Oman,Netherlands,"{""runs"": 50}",0,Netherlands,59.0,5.0,0.4,0.17
1454821,Oman,49.0,2.0,44.0,3.0,2.0,6.68,62.0,5.0,51.0,Netherlands,Oman,Netherlands,"{""runs"": 29}",0,Netherlands,48.2,4.2,0.2,0.17
1463655,Oman,,,,,,,48.0,4.0,37.0,Oman,Qatar,Oman,"{""runs"": 35}",1,Qatar,,3.6,0.4,0.5
1463656,Oman,24.0,0.0,14.0,4.0,0.0,10.29,41.0,3.0,40.0,United Arab Emirates,Oman,United Arab Emirates,"{""runs"": 24}",0,United Arab Emirates,,3.2,0.4,0.25
1463661,Oman,54.0,2.0,56.0,5.0,0.0,5.79,40.0,4.0,37.0,Oman,Bahrain,Oman,"{""runs"": 2}",1,Bahrain,,3.6,0.4,0.33
1463662,Oman,62.0,1.0,50.0,4.0,1.0,7.44,55.0,1.0,36.0,Oman,Saudi Arabia,Saudi Arabia,"{""wickets"": 8}",0,Saudi Arabia,,3.4,0.4,0.33
1463666,Oman,13.0,2.0,14.0,0.0,0.0,5.57,43.0,4.0,39.0,Oman,Kuwait,Kuwait,"{""wickets"": 3}",0,Kuwait,,3.2,0.4,0.38
1473145,Oman,100.0,4.0,64.0,12.0,2.0,9.38,80.0,1.0,57.0,Oman,United States of America,United States of America,"{""wickets"": 7}",0,United States of America,50.6,2.6,0.2,0.0
1473146,Oman,29.0,5.0,30.0,1.0,0.0,5.8,48.0,3.0,50.0,Oman,United States of America,United States of America,"{""wickets"": 4}",0,United States of America,51.6,2.6,0.2,0.0
1473147,Oman,71.0,3.0,68.0,5.0,3.0,6.26,89.0,0.0,67.0,Oman,United States of America,United States of America,"{""wickets"": 8}",0,United States of America,55.0,1.8,0.0,0.0
1496923,Oman,67.0,10.0,102.0,5.0,3.0,3.94,155.0,6.0,117.0,Pakistan,Oman,Pakistan,"{""runs"": 93}",0,Pakistan,56.0,2.8,0.0,0.0
1496926,Oman,15.0,0.0,11.0,1.0,1.0,8.18,16.0,0.0,18.0,United Arab Emirates,Oman,United Arab Emirates,"{""runs"": 42}",0,United Arab Emirates,56.4,2.0,0.0,0.25
1496931,Oman,106.0,3.0,75.0,13.0,3.0,8.48,105.0,4.0,64.0,India,Oman,India,"{""runs"": 21}",0,India,57.6,2.6,0.0,0.0
1503450,Oman,21.0,0.0,22.0,2.0,0.0,5.73,30.0,2.0,43.0,Samoa,Oman,Oman,"{""wickets"": 5}",1,Samoa,56.0,2.4,0.2,0.5
1503458,Oman,29.0,1.0,26.0,1.0,1.0,6.69,22.0,4.0,36.0,Oman,Papua New Guinea,Oman,"{""runs"": 52}",1,Papua New Guinea,47.6,3.2,0.4,0.4
1503459,Oman,,,,,,,37.0,2.0,32.0,Oman,Qatar,Oman,"{""runs"": 34}",1,Qatar,,2.4,0.6,0.5
1503462,Oman,15.0,1.0,29.0,0.0,0.0,3.1,13.0,1.0,18.0,United Arab Emirates,Oman,Oman,"{""wickets"": 5}",1,United Arab Emirates,,2.6,0.8,0.25
1503466,Oman,59.0,3.0,66.0,1.0,3.0,5.36,56.0,2.0,48.0,Nepal,Oman,Nepal,"{""runs"": 38}",0,Nepal,,2.2,0.8,0.11
1503469,Oman,21.0,0.0,24.0,1.0,1.0,5.25,23.0,1.0,18.0,Japan,Oman,Oman,"{""wickets"": 9}",1,Japan,,2.0,0.8,0.5
1504941,Oman,41.0,0.0,39.0,2.0,1.0,6.31,30.0,1.0,25.0,Kuwait,Oman,Oman,"{""wickets"": 5}",1,Kuwait,,1.4,0.8,0.38
473918,Pakistan,47.0,0.0,24.0,5.0,3.0,11.75,,,,New Zealand,Pakistan,New Zealand,"{""wickets"": 5}",0,New Zealand,,,,0.24
473920,Pakistan,49.0,1.0,26.0,7.0,2.0,11.31,3.0,0.0,7.0,New Zealand,Pakistan,Pakistan,"{""runs"": 103}",1,New Zealand,,,,0.24
533280,Pakistan,12.0,0.0,6.0,0.0,1.0,12.0,,,,New Zealand,Pakistan,Pakistan,"{""runs"": 13}",1,New Zealand,,,,0.24
742617,Pakistan,18.0,1.0,24.0,2.0,0.0,4.5,3.0,0.0,3.0,New Zealand,Pakistan,Pakistan,"{""wickets"": 7}",1,New Zealand,,,,0.24
858491,Pakistan,52.0,4.0,50.0,1.0,3.0,6.24,0.0,1.0,1.0,Bangladesh,Pakistan,Bangladesh,"{""wickets"": 7}",0,Bangladesh,35.6,,0.6,0.37
860279,Pakistan,,,,,,,0.0,2.0,2.0,Sri Lanka,Pakistan,Pakistan,"{""runs"": 29}",1,Sri Lanka,,,0.8,0.27
860281,Pakistan,17.0,1.0,18.0,1.0,0.0,5.67,0.0,2.0,2.0,Sri Lanka,Pakistan,Pakistan,"{""wickets"": 1}",1,Sri Lanka,,,0.8,0.27
868723,Pakistan,23.0,0.0,12.0,2.0,1.0,11.5,18.0,1.0,14.0,Pakistan,Zimbabwe,Pakistan,"{""wickets"": 5}",1,Zimbabwe,,1.2,0.8,0.41
868725,Pakistan,25.0,3.0,20.0,2.0,0.0,7.5,,,,Pakistan,Zimbabwe,Pakistan,"{""wickets"": 2}",1,Zimbabwe,,,0.8,0.41
902649,Pakistan,6.0,1.0,9.0,1.0,0.0,4.0,,,,England,Pakistan,England,"{""runs"": 14}",0,England,,,0.8,0.15
902653,Pakistan,25.0,1.0,24.0,4.0,0.0,6.25,0.0,1.0,1.0,England,Pakistan,,,0,England,19.2,,0.6,0.15
913663,Pakistan,15.0,0.0,11.0,2.0,0.0,8.18,25.0,2.0,24.0,England,Pakistan,Pakistan,"{""wickets"": 9}",1,England,18.8,,0.6,0.15
914221,Pakistan,37.0,4.0,24.0,2.0,2.0,9.25,2.0,0.0,2.0,New Zealand,Pakistan,Pakistan,"{""runs"": 16}",1,New Zealand,21.6,,0.6,0.24
914223,Pakistan,37.0,3.0,26.0,3.0,2.0,8.54,,,,New Zealand,Pakistan,New Zealand,"{""wickets"": 10}",0,New Zealand,24.0,,0.4,0.24
914225,Pakistan,13.0,5.0,24.0,2.0,0.0,3.25,0.0,1.0,1.0,New Zealand,Pakistan,New Zealand,"{""runs"": 95}",0,New Zealand,25.4,,0.4,0.24
919603,Pakistan,37.0,1.0,35.0,1.0,1.0,6.34,13.0,2.0,11.0,Zimbabwe,Pakistan,Pakistan,"{""runs"": 13}",1,Zimbabwe,27.8,,0.6,0.41
919605,Pakistan,16.0,2.0,17.0,1.0,0.0,5.65,36.0,1.0,36.0,Zimbabwe,Pakistan,Pakistan,"{""runs"": 15}",1,Zimbabwe,28.0,,0.6,0.41
951333,Pakistan,33.0,3.0,25.0,4.0,1.0,7.92,0.0,1.0,2.0,Bangladesh,Pakistan,Pakistan,"{""runs"": 55}",1,Bangladesh,27.2,,0.6,0.37
951349,Pakistan,26.0,2.0,24.0,3.0,0.0,6.5,,,,New Zealand,Pakistan,New Zealand,"{""runs"": 22}",0,New Zealand,25.0,,0.6,0.24
966759,Pakistan,14.0,1.0,24.0,2.0,0.0,3.5,50.0,1.0,49.0,Bangladesh,Pakistan,Bangladesh,"{""wickets"": 5}",0,Bangladesh,25.2,,0.6,0.37
1050217,Pakistan,56.0,0.0,37.0,6.0,2.0,9.08,32.0,1.0,20.0,Pakistan,West Indies,Pakistan,"{""wickets"": 9}",1,West Indies,29.0,,0.6,0.39
1050219,Pakistan,20.0,1.0,19.0,2.0,0.0,6.32,49.0,3.0,26.0,Pakistan,West Indies,Pakistan,"{""runs"": 16}",1,West Indies,29.8,,0.6,0.39
1050221,Pakistan,28.0,0.0,25.0,1.0,0.0,6.72,,,,Pakistan,West Indies,Pakistan,"{""wickets"": 8}",1,West Indies,28.8,,0.6,0.39
1077947,Pakistan,32.0,1.0,32.0,3.0,0.0,6.0,33.0,4.0,48.0,West Indies,Pakistan,Pakistan,"{""wickets"": 6}",1,West Indies,30.0,,0.8,0.39
1077948,Pakistan,45.0,3.0,47.0,5.0,0.0,5.74,49.0,6.0,49.0,West Indies,Pakistan,Pakistan,"{""runs"": 3}",1,West Indies,36.2,,1.0,0.39
1085495,Pakistan,70.0,3.0,63.0,3.0,2.0,6.67,59.0,2.0,36.0,West Indies,Pakistan,West Indies,"{""wickets"": 7}",0,West Indies,39.0,,0.8,0.39
1085496,Pakistan,38.0,1.0,36.0,1.0,1.0,6.33,29.0,6.0,50.0,West Indies,Pakistan,Pakistan,"{""wickets"": 7}",1,West Indies,42.6,,0.8,0.39
1115807,Pakistan,77.0,5.0,75.0,1.0,4.0,6.16,55.0,1.0,48.0,Pakistan,New Zealand,New Zealand,"{""wickets"": 7}",0,New Zealand,52.4,3.8,0.6,0.24
1115808,Pakistan,112.0,2.0,67.0,11.0,4.0,10.03,94.0,7.0,72.0,Pakistan,New Zealand,Pakistan,"{""runs"": 48}",1,New Zealand,68.4,4.4,0.6,0.24
1115809,Pakistan,74.0,3.0,57.0,7.0,1.0,7.79,74.0,3.0,49.0,Pakistan,New Zealand,Pakistan,"{""runs"": 18}",1,New Zealand,74.2,3.8,0.6,0.24
1117821,Pakistan,100.0,2.0,58.0,12.0,2.0,10.34,88.0,3.0,55.0,Pakistan,ICC World XI,Pakistan,"{""runs"": 20}",1,ICC World XI,80.2,4.0,0.8,0.33
1117822,Pakistan,68.0,2.0,53.0,9.0,0.0,7.7,32.0,1.0,25.0,Pakistan,ICC World XI,ICC World XI,"{""wickets"": 7}",0,ICC World XI,86.2,3.0,0.6,0.33
1117824,Pakistan,77.0,3.0,59.0,7.0,1.0,7.83,62.0,4.0,43.0,Pakistan,ICC World XI,Pakistan,"{""runs"": 33}",1,ICC World XI,86.2,3.6,0.8,0.33
1120291,Pakistan,8.0,2.0,19.0,0.0,0.0,2.53,45.0,5.0,52.0,Sri Lanka,Pakistan,Pakistan,"{""wickets"": 7}",1,Sri Lanka,65.4,3.2,0.8,0.27
1120292,Pakistan,36.0,3.0,27.0,2.0,1.0,8.0,61.0,9.0,66.0,Sri Lanka,Pakistan,Pakistan,"{""wickets"": 2}",1,Sri Lanka,57.8,4.4,0.8,0.27
1120293,Pakistan,82.0,1.0,62.0,5.0,2.0,7.94,89.0,4.0,62.0,Pakistan,Sri Lanka,Pakistan,"{""runs"": 36}",1,Sri Lanka,54.2,4.6,0.8,0.27
1127300,Pakistan,85.0,2.0,51.0,8.0,3.0,10.0,89.0,5.0,76.0,Pakistan,Scotland,Pakistan,"{""runs"": 48}",1,Scotland,57.6,5.4,1.0,0.5
1127301,Pakistan,72.0,3.0,64.0,8.0,0.0,6.75,43.0,9.0,56.0,Pakistan,Scotland,Pakistan,"{""runs"": 84}",1,Scotland,56.6,6.4,1.0,0.5
1140069,Pakistan,122.0,3.0,86.0,12.0,3.0,8.51,25.0,8.0,39.0,Pakistan,West Indies,Pakistan,"{""runs"": 143}",1,West Indies,79.4,7.0,1.0,0.39
1140070,Pakistan,174.0,2.0,107.0,22.0,2.0,9.76,82.0,7.0,71.0,Pakistan,West Indies,Pakistan,"{""runs"": 82}",1,West Indies,107.0,6.6,1.0,0.39
1140071,Pakistan,123.0,2.0,85.0,15.0,2.0,8.68,92.0,5.0,74.0,West Indies,Pakistan,Pakistan,"{""wickets"": 8}",1,West Indies,115.2,6.8,1.0,0.39
1142913,Pakistan,72.0,2.0,53.0,4.0,3.0,8.15,82.0,5.0,65.0,Pakistan,Zimbabwe,Pakistan,"{""runs"": 74}",1,Zimbabwe,112.6,6.8,1.0,0.41
1142914,Pakistan,69.0,5.0,66.0,6.0,2.0,6.27,60.0,1.0,36.0,Pakistan,Australia,Australia,"{""wickets"": 9}",0,Australia,112.0,5.2,0.8,0.18
1142916,Pakistan,94.0,2.0,76.0,4.0,2.0,7.42,100.0,3.0,75.0,Zimbabwe,Pakistan,Pakistan,"{""wickets"": 7}",1,Zimbabwe,106.4,4.2,0.8,0.41
1142917,Pakistan,114.0,4.0,76.0,12.0,5.0,9.0,97.0,5.0,73.0,Pakistan,Australia,Pakistan,"{""runs"": 45}",1,Australia,94.4,3.8,0.8,0.18
1142919,Pakistan,98.0,3.0,54.0,12.0,3.0,10.89,149.0,7.0,101.0,Australia,Pakistan,Pakistan,"{""wickets"": 6}",1,Australia,89.4,4.2,0.8,0.18
1144161,Pakistan,119.0,6.0,87.0,10.0,3.0,8.21,122.0,5.0,71.0,South Africa,Pakistan,South Africa,"{""runs"": 6}",0,South Africa,98.8,4.2,0.6,0.28
1144162,Pakistan,166.0,4.0,116.0,22.0,2.0,8.59,116.0,2.0,79.0,South Africa,Pakistan,South Africa,"{""runs"": 7}",0,South Africa,118.2,4.4,0.6,0.28
1144163,Pakistan,101.0,5.0,72.0,10.0,4.0,8.42,95.0,6.0,74.0,South Africa,Pakistan,Pakistan,"{""runs"": 27}",1,South Africa,119.6,5.0,0.6,0.28
1152840,Pakistan,92.0,3.0,59.0,7.0,4.0,9.36,151.0,2.0,96.0,England,Pakistan,England,"{""wickets"": 7}",0,England,115.2,4.4,0.4,0.15
1157372,Pakistan,113.0,4.0,85.0,10.0,2.0,7.98,69.0,7.0,77.0,Pakistan,Australia,Pakistan,"{""runs"": 66}",1,Australia,118.2,4.4,0.4,0.18
1157373,Pakistan,80.0,3.0,69.0,5.0,1.0,6.96,117.0,7.0,96.0,Pakistan,Australia,Pakistan,"{""runs"": 11}",1,Australia,110.4,4.8,0.6,0.18
1157374,Pakistan,93.0,3.0,83.0,7.0,4.0,6.72,45.0,8.0,57.0,Pakistan,Australia,Pakistan,"{""runs"": 33}",1,Australia,95.8,6.0,0.8,0.18
1157375,Pakistan,39.0,4.0,41.0,4.0,1.0,5.71,106.0,5.0,79.0,Pakistan,New Zealand,Pakistan,"{""runs"": 2}",1,New Zealand,83.4,5.8,0.8,0.24
1157376,Pakistan,76.0,3.0,64.0,8.0,1.0,7.12,114.0,5.0,87.0,New Zealand,Pakistan,Pakistan,"{""wickets"": 6}",1,New Zealand,80.2,6.4,1.0,0.24
1157377,Pakistan,90.0,2.0,74.0,8.0,2.0,7.3,36.0,6.0,36.0,Pakistan,New Zealand,Pakistan,"{""runs"": 47}",1,New Zealand,75.6,6.2,1.0,0.24
1183527,Pakistan,91.0,2.0,72.0,6.0,3.0,7.58,,,,Australia,Pakistan,,,0,Australia,77.8,,0.8,0.18
1183528,Pakistan,67.0,3.0,61.0,7.0,0.0,6.59,25.0,1.0,25.0,Australia,Pakistan,Australia,"{""wickets"": 7}",0,Australia,72.6,,0.6,0.18
1183529,Pakistan,22.0,4.0,39.0,2.0,0.0,3.38,33.0,0.0,27.0,Australia,Pakistan,Australia,"{""wickets"": 10}",0,Australia,69.2,,0.4,0.18
1198244,Pakistan,,,,,,,75.0,4.0,56.0,England,Pakistan,,,0,England,,,0.2,0.15
1198245,Pakistan,93.0,2.0,66.0,12.0,1.0,8.45,113.0,5.0,70.0,Pakistan,England,England,"{""wickets"": 5}",0,England,,,0.0,0.15
1198246,Pakistan,37.0,3.0,32.0,5.0,0.0,6.94,120.0,5.0,75.0,Pakistan,England,Pakistan,"{""runs"": 5}",1,England,,3.0,0.2,0.15
1198489,Pakistan,28.0,3.0,25.0,4.0,0.0,6.72,107.0,4.0,68.0,Pakistan,Sri Lanka,Sri Lanka,"{""runs"": 64}",0,Sri Lanka,,3.6,0.2,0.27
1198490,Pakistan,10.0,4.0,17.0,1.0,0.0,3.53,83.0,2.0,50.0,Pakistan,Sri Lanka,Sri Lanka,"{""runs"": 35}",0,Sri Lanka,,4.0,0.2,0.27
1198491,Pakistan,28.0,2.0,33.0,1.0,0.0,5.09,32.0,1.0,25.0,Pakistan,Sri Lanka,Sri Lanka,"{""runs"": 13}",0,Sri Lanka,39.2,3.4,0.2,0.27
1213058,Pakistan,72.0,3.0,53.0,8.0,0.0,8.15,132.0,5.0,113.0,Pakistan,Bangladesh,Pakistan,"{""wickets"": 5}",1,Bangladesh,35.0,3.4,0.4,0.37
1213059,Pakistan,93.0,0.0,67.0,8.0,2.0,8.33,112.0,6.0,105.0,Pakistan,Bangladesh,Pakistan,"{""wickets"": 9}",1,Bangladesh,46.2,3.6,0.4,0.37
1233464,Pakistan,118.0,2.0,81.0,12.0,3.0,8.74,94.0,4.0,78.0,Zimbabwe,Pakistan,Pakistan,"{""wickets"": 6}",1,Zimbabwe,64.2,3.6,0.6,0.41
1233465,Pakistan,72.0,2.0,54.0,10.0,1.0,8.0,87.0,6.0,82.0,Zimbabwe,Pakistan,Pakistan,"{""wickets"": 8}",1,Zimbabwe,76.6,4.4,0.8,0.41
1233466,Pakistan,59.0,1.0,41.0,4.0,4.0,8.63,61.0,8.0,55.0,Zimbabwe,Pakistan,Pakistan,"{""wickets"": 8}",1,Zimbabwe,82.8,5.8,1.0,0.41
1233959,Pakistan,122.0,4.0,96.0,9.0,7.0,7.62,97.0,5.0,81.0,Pakistan,New Zealand,New Zealand,"{""wickets"": 5}",0,New Zealand,92.8,5.8,0.8,0.24
1233960,Pakistan,45.0,4.0,52.0,6.0,0.0,5.19,120.0,1.0,94.0,Pakistan,New Zealand,New Zealand,"{""wickets"": 9}",0,New Zealand,83.2,4.8,0.6,0.24
1233961,Pakistan,109.0,4.0,74.0,12.0,3.0,8.84,173.0,7.0,121.0,New Zealand,Pakistan,Pakistan,"{""wickets"": 4}",1,New Zealand,81.4,5.4,0.6,0.24
1239540,Pakistan,178.0,3.0,100.0,17.0,7.0,10.68,155.0,10.0,98.0,Pakistan,England,Pakistan,"{""runs"": 31}",1,England,102.6,6.2,0.6,0.15
1239541,Pakistan,108.0,5.0,84.0,9.0,4.0,7.71,163.0,8.0,101.0,England,Pakistan,England,"{""runs"": 45}",0,England,112.4,6.2,0.4,0.15
1239542,Pakistan,133.0,3.0,107.0,8.0,5.0,7.46,66.0,3.0,48.0,Pakistan,England,England,"{""wickets"": 3}",0,England,114.6,5.8,0.4,0.15
1243019,Pakistan,139.0,4.0,94.0,8.0,8.0,8.87,124.0,4.0,73.0,Pakistan,South Africa,Pakistan,"{""runs"": 3}",1,South Africa,133.4,6.4,0.6,0.28
1243020,Pakistan,108.0,4.0,84.0,11.0,3.0,7.71,61.0,2.0,44.0,Pakistan,South Africa,South Africa,"{""wickets"": 6}",0,South Africa,133.2,5.4,0.4,0.28
1243021,Pakistan,126.0,4.0,85.0,11.0,6.0,8.89,99.0,3.0,68.0,South Africa,Pakistan,Pakistan,"{""wickets"": 4}",1,South Africa,122.8,4.0,0.4,0.28
1251575,Pakistan,161.0,3.0,105.0,21.0,4.0,9.2,129.0,5.0,79.0,South Africa,Pakistan,Pakistan,"{""wickets"": 4}",1,South Africa,133.4,3.4,0.6,0.28
1251576,Pakistan,78.0,4.0,73.0,6.0,2.0,6.41,86.0,4.0,51.0,Pakistan,South Africa,South Africa,"{""wickets"": 6}",0,South Africa,122.4,3.6,0.6,0.28
1251577,Pakistan,205.0,1.0,109.0,22.0,6.0,11.28,165.0,4.0,98.0,South Africa,Pakistan,Pakistan,"{""wickets"": 9}",1,South Africa,135.6,3.6,0.6,0.28
1251578,Pakistan,104.0,4.0,81.0,8.0,4.0,7.7,104.0,9.0,95.0,South Africa,Pakistan,Pakistan,"{""wickets"": 3}",1,South Africa,134.8,5.0,0.8,0.28
1257183,Pakistan,106.0,3.0,86.0,12.0,1.0,7.4,73.0,5.0,64.0,Pakistan,Zimbabwe,Pakistan,"{""runs"": 11}",1,Zimbabwe,130.8,5.4,0.8,0.41
1257184,Pakistan,66.0,5.0,81.0,6.0,1.0,4.89,41.0,8.0,58.0,Zimbabwe,Pakistan,Zimbabwe,"{""runs"": 19}",0,Zimbabwe,111.8,6.0,0.6,0.41
1257185,Pakistan,147.0,2.0,107.0,10.0,3.0,8.24,111.0,7.0,96.0,Pakistan,Zimbabwe,Pakistan,"{""runs"": 24}",1,Zimbabwe,125.6,6.6,0.8,0.41
1263164,Pakistan,,,,,,,47.0,5.0,34.0,West Indies,Pakistan,,,0,West Indies,,6.8,0.6,0.39
1263165,Pakistan,122.0,5.0,94.0,8.0,4.0,7.79,101.0,3.0,74.0,Pakistan,West Indies,Pakistan,"{""runs"": 7}",1,West Indies,,5.6,0.6,0.39
1263167,Pakistan,,,,,,,4.0,0.0,6.0,West Indies,Pakistan,,,0,West Indies,,4.6,0.4,0.39
1273727,Pakistan,152.0,0.0,111.0,12.0,5.0,8.22,130.0,7.0,105.0,India,Pakistan,Pakistan,"{""wickets"": 10}",1,India,,4.4,0.6,0.12
1273730,Pakistan,57.0,3.0,65.0,6.0,1.0,5.26,94.0,8.0,88.0,New Zealand,Pakistan,Pakistan,"{""wickets"": 5}",1,New Zealand,,4.6,0.6,0.24
1273742,Pakistan,168.0,2.0,110.0,17.0,4.0,9.16,120.0,4.0,99.0,Pakistan,Namibia,Pakistan,"{""runs"": 45}",1,Namibia,,4.4,0.8,0.5
1273752,Pakistan,109.0,3.0,92.0,6.0,4.0,7.11,100.0,5.0,104.0,Pakistan,Scotland,Pakistan,"{""runs"": 72}",1,Scotland,,4.8,0.8,0.5
1273755,Pakistan,174.0,2.0,123.0,11.0,8.0,8.49,139.0,5.0,93.0,Pakistan,Australia,Australia,"{""wickets"": 5}",0,Australia,132.0,5.8,0.8,0.18
1277974,Pakistan,132.0,6.0,121.0,11.0,5.0,6.55,123.0,6.0,121.0,Bangladesh,Pakistan,Pakistan,"{""wickets"": 4}",1,Bangladesh,128.0,5.6,0.8,0.37
1277975,Pakistan,106.0,2.0,107.0,7.0,3.0,5.94,93.0,7.0,111.0,Bangladesh,Pakistan,Pakistan,"{""wickets"": 8}",1,Bangladesh,137.8,5.4,0.8,0.37
1277976,Pakistan,89.0,3.0,98.0,7.0,1.0,5.45,114.0,6.0,110.0,Bangladesh,Pakistan,Pakistan,"{""wickets"": 5}",1,Bangladesh,122.0,5.8,0.8,0.37
1287773,Pakistan,121.0,3.0,76.0,14.0,2.0,9.55,97.0,6.0,92.0,Pakistan,West Indies,Pakistan,"{""runs"": 63}",1,West Indies,124.4,6.0,0.8,0.39
1287774,Pakistan,89.0,4.0,58.0,7.0,4.0,9.21,124.0,9.0,102.0,Pakistan,West Indies,Pakistan,"{""runs"": 9}",1,West Indies,107.4,6.8,1.0,0.39
1287775,Pakistan,185.0,3.0,113.0,21.0,5.0,9.82,124.0,1.0,72.0,West Indies,Pakistan,Pakistan,"{""wickets"": 7}",1,West Indies,118.0,5.8,1.0,0.39
1288316,Pakistan,125.0,6.0,93.0,11.0,4.0,8.06,100.0,5.0,70.0,Pakistan,Australia,Australia,"{""wickets"": 3}",0,Australia,121.8,5.4,0.8,0.18
1298150,Pakistan,58.0,6.0,52.0,6.0,2.0,6.69,160.0,6.0,125.0,Pakistan,India,India,"{""wickets"": 4}",0,India,115.6,5.4,0.6,0.12
1298158,Pakistan,77.0,7.0,78.0,4.0,3.0,5.92,104.0,5.0,101.0,Zimbabwe,Pakistan,Zimbabwe,"{""runs"": 1}",0,Zimbabwe,106.8,5.2,0.4,0.41
1298163,Pakistan,77.0,3.0,62.0,10.0,0.0,7.45,74.0,8.0,103.0,Netherlands,Pakistan,Pakistan,"{""wickets"": 6}",1,Netherlands,104.4,5.0,0.4,0.5
1298170,Pakistan,129.0,6.0,80.0,10.0,8.0,9.67,95.0,8.0,74.0,Pakistan,South Africa,Pakistan,"{""runs"": 33}",1,South Africa,93.2,6.4,0.4,0.28
1298175,Pakistan,114.0,5.0,106.0,5.0,3.0,6.45,104.0,7.0,98.0,Bangladesh,Pakistan,Pakistan,"{""wickets"": 5}",1,Bangladesh,91.0,6.8,0.6,0.37
1298177,Pakistan,146.0,3.0,113.0,14.0,1.0,7.75,137.0,4.0,108.0,New Zealand,Pakistan,Pakistan,"{""wickets"": 7}",1,New Zealand,108.6,6.4,0.8,0.24
1298179,Pakistan,92.0,5.0,83.0,6.0,1.0,6.65,87.0,4.0,87.0,Pakistan,England,England,"{""wickets"": 5}",0,England,111.6,6.2,0.8,0.15
1322334,Pakistan,148.0,5.0,112.0,16.0,3.0,7.93,111.0,7.0,89.0,Pakistan,Bangladesh,Pakistan,"{""runs"": 21}",1,Bangladesh,125.8,6.0,0.8,0.37
1322335,Pakistan,139.0,3.0,110.0,15.0,2.0,7.58,95.0,5.0,72.0,New Zealand,Pakistan,Pakistan,"{""wickets"": 6}",1,New Zealand,127.8,5.4,0.8,0.24
1322337,Pakistan,49.0,4.0,51.0,7.0,0.0,5.76,76.0,1.0,68.0,Pakistan,New Zealand,New Zealand,"{""wickets"": 9}",0,New Zealand,114.8,4.2,0.6,0.24
1322339,Pakistan,177.0,3.0,124.0,18.0,1.0,8.56,153.0,6.0,113.0,Bangladesh,Pakistan,Pakistan,"{""wickets"": 7}",1,Bangladesh,121.0,4.6,0.6,0.37
1322340,Pakistan,89.0,2.0,65.0,9.0,3.0,8.22,126.0,7.0,97.0,New Zealand,Pakistan,Pakistan,"{""wickets"": 5}",1,New Zealand,120.4,5.2,0.8,0.24
1327228,Pakistan,111.0,4.0,86.0,9.0,2.0,7.74,86.0,1.0,73.0,Pakistan,England,England,"{""wickets"": 6}",0,England,113.0,4.0,0.6,0.15
1327229,Pakistan,203.0,0.0,122.0,16.0,9.0,9.98,121.0,3.0,73.0,England,Pakistan,Pakistan,"{""wickets"": 10}",1,England,125.8,3.6,0.6,0.15
1327230,Pakistan,76.0,5.0,68.0,7.0,2.0,6.71,111.0,2.0,76.0,England,Pakistan,England,"{""runs"": 63}",0,England,131.2,3.8,0.6,0.15
1327231,Pakistan,128.0,3.0,99.0,12.0,1.0,7.76,110.0,9.0,75.0,Pakistan,England,Pakistan,"{""runs"": 3}",1,England,121.4,4.4,0.6,0.15
1327232,Pakistan,92.0,5.0,71.0,3.0,5.0,7.77,77.0,4.0,61.0,Pakistan,England,Pakistan,"{""runs"": 6}",1,England,122.0,3.8,0.6,0.15
1327233,Pakistan,110.0,2.0,75.0,7.0,5.0,8.8,77.0,2.0,48.0,Pakistan,England,England,"{""wickets"": 8}",0,England,121.8,4.0,0.6,0.15
1327234,Pakistan,49.0,4.0,49.0,3.0,1.0,6.0,110.0,3.0,78.0,England,Pakistan,England,"{""runs"": 67}",0,England,91.0,4.0,0.4,0.15
1327270,Pakistan,102.0,8.0,92.0,11.0,2.0,6.65,119.0,5.0,98.0,Pakistan,India,India,"{""wickets"": 5}",0,India,96.2,4.6,0.4,0.12
1327274,Pakistan,193.0,2.0,129.0,10.0,8.0,8.98,26.0,10.0,51.0,Pakistan,Hong Kong,Pakistan,"{""runs"": 155}",1,Hong Kong,109.2,4.8,0.4,0.5
1327276,Pakistan,170.0,5.0,121.0,18.0,4.0,8.43,181.0,7.0,126.0,India,Pakistan,Pakistan,"{""wickets"": 5}",1,India,124.8,5.4,0.4,0.12
1327280,Pakistan,105.0,7.0,98.0,4.0,2.0,6.43,90.0,5.0,79.0,Pakistan,Sri Lanka,Sri Lanka,"{""wickets"": 5}",0,Sri Lanka,123.8,6.0,0.4,0.27
1327281,Pakistan,114.0,8.0,97.0,7.0,3.0,7.05,149.0,5.0,104.0,Sri Lanka,Pakistan,Sri Lanka,"{""runs"": 23}",0,Sri Lanka,136.8,6.4,0.4,0.27
1339614,Pakistan,170.0,8.0,113.0,19.0,6.0,9.03,77.0,9.0,70.0,Pakistan,New Zealand,Pakistan,"{""runs"": 88}",1,New Zealand,150.4,7.2,0.6,0.24
1339615,Pakistan,157.0,3.0,98.0,17.0,4.0,9.61,104.0,5.0,79.0,Pakistan,New Zealand,Pakistan,"{""runs"": 38}",1,New Zealand,143.2,6.2,0.6,0.24
1339616,Pakistan,115.0,8.0,103.0,6.0,5.0,6.7,141.0,5.0,111.0,New Zealand,Pakistan,New Zealand,"{""runs"": 4}",0,New Zealand,132.2,5.8,0.4,0.24
1339617,Pakistan,,,,,,,112.0,4.0,75.0,New Zealand,Pakistan,,,0,New Zealand,,5.6,0.4,0.24
1339618,Pakistan,124.0,3.0,89.0,10.0,4.0,8.36,133.0,3.0,71.0,Pakistan,New Zealand,New Zealand,"{""wickets"": 6}",0,New Zealand,,5.2,0.4,0.24
1385688,Pakistan,98.0,6.0,78.0,9.0,3.0,7.54,129.0,6.0,74.0,England,Pakistan,England,"{""runs"": 23}",0,England,,4.6,0.2,0.15
1385690,Pakistan,133.0,8.0,98.0,13.0,5.0,8.14,131.0,3.0,84.0,Pakistan,England,England,"{""wickets"": 7}",0,England,,4.2,0.0,0.15
1388216,Pakistan,139.0,8.0,81.0,12.0,9.0,10.3,118.0,8.0,75.0,New Zealand,Pakistan,New Zealand,"{""runs"": 46}",0,New Zealand,,4.8,0.0,0.24
1388217,Pakistan,157.0,7.0,101.0,11.0,11.0,9.33,113.0,7.0,77.0,New Zealand,Pakistan,New Zealand,"{""runs"": 21}",0,New Zealand,130.2,5.4,0.0,0.24
1388218,Pakistan,166.0,5.0,110.0,15.0,7.0,9.05,148.0,6.0,78.0,New Zealand,Pakistan,New Zealand,"{""runs"": 45}",0,New Zealand,138.6,6.0,0.0,0.24
1388219,Pakistan,151.0,4.0,114.0,8.0,6.0,7.95,105.0,3.0,69.0,Pakistan,New Zealand,New Zealand,"{""wickets"": 7}",0,New Zealand,149.2,5.4,0.0,0.24
1388220,Pakistan,128.0,7.0,111.0,7.0,7.0,6.92,43.0,6.0,52.0,Pakistan,New Zealand,Pakistan,"{""runs"": 42}",1,New Zealand,148.2,6.0,0.2,0.24
1399114,Pakistan,75.0,4.0,70.0,7.0,3.0,6.43,50.0,10.0,86.0,Pakistan,Hong Kong,Pakistan,"{""runs"": 68}",1,Hong Kong,135.4,6.4,0.4,0.5
1399119,Pakistan,29.0,1.0,16.0,3.0,2.0,10.88,61.0,3.0,25.0,Pakistan,Bangladesh,Bangladesh,"{""wickets"": 6}",0,Bangladesh,109.8,5.6,0.4,0.37
1415711,Pakistan,157.0,5.0,120.0,6.0,9.0,7.85,146.0,4.0,112.0,Pakistan,United States of America,,,0,United States of America,108.0,5.2,0.4,0.0
1415719,Pakistan,104.0,7.0,105.0,8.0,2.0,5.94,78.0,9.0,78.0,India,Pakistan,India,"{""runs"": 6}",0,India,98.6,6.4,0.4,0.12
1415722,Pakistan,107.0,3.0,110.0,3.0,2.0,5.84,80.0,6.0,96.0,Canada,Pakistan,Pakistan,"{""wickets"": 7}",1,Canada,94.4,6.4,0.4,0.5
1415736,Pakistan,107.0,6.0,110.0,8.0,4.0,5.84,86.0,8.0,82.0,Ireland,Pakistan,Pakistan,"{""wickets"": 3}",1,Ireland,100.8,6.0,0.4,0.38
1424829,Pakistan,,,,,,,2.0,1.0,2.0,New Zealand,Pakistan,,,0,New Zealand,,5.6,0.4,0.24
1424830,Pakistan,92.0,3.0,73.0,10.0,2.0,7.56,70.0,9.0,88.0,New Zealand,Pakistan,Pakistan,"{""wickets"": 7}",1,New Zealand,,6.6,0.6,0.24
1424831,Pakistan,176.0,5.0,123.0,17.0,5.0,8.59,163.0,3.0,104.0,Pakistan,New Zealand,New Zealand,"{""wickets"": 7}",0,New Zealand,,5.4,0.6,0.24
1424832,Pakistan,119.0,6.0,89.0,10.0,4.0,8.02,21.0,5.0,21.0,New Zealand,Pakistan,New Zealand,"{""runs"": 4}",0,New Zealand,,5.2,0.4,0.24
1424833,Pakistan,168.0,4.0,118.0,14.0,5.0,8.54,90.0,5.0,65.0,Pakistan,New Zealand,Pakistan,"{""runs"": 9}",1,New Zealand,,4.6,0.4,0.24
1426552,Pakistan,64.0,9.0,42.0,7.0,3.0,9.14,93.0,4.0,44.0,Australia,Pakistan,Australia,"{""runs"": 29}",0,Australia,123.8,5.2,0.4,0.18
1426553,Pakistan,134.0,10.0,126.0,10.0,2.0,6.38,147.0,9.0,124.0,Australia,Pakistan,Australia,"{""runs"": 13}",0,Australia,132.2,5.2,0.2,0.18
1426554,Pakistan,117.0,10.0,114.0,11.0,1.0,6.16,118.0,3.0,70.0,Pakistan,Australia,Australia,"{""wickets"": 7}",0,Australia,120.4,5.2,0.2,0.18
1426830,Pakistan,144.0,5.0,107.0,14.0,7.0,8.07,156.0,5.0,104.0,Pakistan,Ireland,Ireland,"{""wickets"": 5}",0,Ireland,125.4,5.2,0.2,0.38
1426831,Pakistan,164.0,3.0,93.0,12.0,11.0,10.58,136.0,6.0,85.0,Ireland,Pakistan,Pakistan,"{""wickets"": 7}",1,Ireland,124.6,5.4,0.2,0.38
1426832,Pakistan,156.0,3.0,98.0,13.0,8.0,9.55,128.0,7.0,86.0,Ireland,Pakistan,Pakistan,"{""wickets"": 6}",1,Ireland,143.0,6.0,0.4,0.38
1432211,Pakistan,172.0,8.0,129.0,15.0,4.0,8.0,183.0,9.0,122.0,South Africa,Pakistan,South Africa,"{""runs"": 11}",0,South Africa,150.6,6.0,0.4,0.28
1432212,Pakistan,206.0,5.0,134.0,19.0,9.0,9.22,210.0,3.0,121.0,Pakistan,South Africa,South Africa,"{""wickets"": 7}",0,South Africa,168.4,6.0,0.4,0.28
1443549,Pakistan,91.0,9.0,114.0,2.0,4.0,4.79,92.0,1.0,61.0,Pakistan,New Zealand,New Zealand,"{""wickets"": 9}",0,New Zealand,157.8,5.2,0.4,0.24
1443550,Pakistan,135.0,8.0,89.0,11.0,8.0,9.1,137.0,5.0,84.0,Pakistan,New Zealand,New Zealand,"{""wickets"": 5}",0,New Zealand,152.0,5.0,0.2,0.24
1443551,Pakistan,97.0,1.0,51.0,10.0,5.0,11.41,204.0,10.0,123.0,New Zealand,Pakistan,Pakistan,"{""wickets"": 9}",1,New Zealand,140.2,5.6,0.2,0.24
1443552,Pakistan,100.0,9.0,100.0,10.0,4.0,6.0,220.0,6.0,128.0,New Zealand,Pakistan,New Zealand,"{""runs"": 115}",0,New Zealand,125.8,5.0,0.2,0.24
1443553,Pakistan,127.0,8.0,123.0,14.0,1.0,6.2,131.0,2.0,62.0,Pakistan,New Zealand,New Zealand,"{""wickets"": 8}",0,New Zealand,110.0,4.8,0.2,0.24
1444652,Pakistan,165.0,4.0,122.0,12.0,5.0,8.11,108.0,10.0,95.0,Pakistan,Zimbabwe,Pakistan,"{""runs"": 57}",1,Zimbabwe,124.8,6.6,0.4,0.41
1444653,Pakistan,61.0,0.0,34.0,8.0,2.0,10.76,57.0,10.0,76.0,Zimbabwe,Pakistan,Pakistan,"{""wickets"": 10}",1,Zimbabwe,110.0,7.6,0.6,0.41
1444654,Pakistan,132.0,7.0,124.0,15.0,2.0,6.39,133.0,8.0,123.0,Pakistan,Zimbabwe,Zimbabwe,"{""wickets"": 2}",0,Zimbabwe,117.0,7.2,0.4,0.41
1472525,Pakistan,154.0,5.0,109.0,9.0,6.0,8.48,164.0,7.0,129.0,Pakistan,West Indies,Pakistan,"{""runs"": 14}",1,West Indies,127.8,7.4,0.6,0.39
1472526,Pakistan,92.0,8.0,101.0,6.0,1.0,5.47,135.0,8.0,128.0,Pakistan,West Indies,West Indies,"{""wickets"": 2}",0,West Indies,120.8,8.6,0.6,0.39
1472527,Pakistan,171.0,3.0,120.0,7.0,9.0,8.55,176.0,6.0,125.0,Pakistan,West Indies,Pakistan,"{""runs"": 13}",1,West Indies,122.0,7.8,0.6,0.39
1483785,Pakistan,201.0,7.0,123.0,19.0,9.0,9.8,164.0,10.0,118.0,Pakistan,Bangladesh,Pakistan,"{""runs"": 37}",1,Bangladesh,150.0,7.8,0.6,0.37
1483786,Pakistan,189.0,6.0,117.0,13.0,10.0,9.69,144.0,9.0,116.0,Pakistan,Bangladesh,Pakistan,"{""runs"": 57}",1,Bangladesh,161.4,8.0,0.8,0.37
1483787,Pakistan,184.0,3.0,99.0,13.0,12.0,11.15,196.0,6.0,125.0,Bangladesh,Pakistan,Pakistan,"{""wickets"": 7}",1,Bangladesh,167.4,7.8,0.8,0.37
1491903,Pakistan,110.0,10.0,119.0,9.0,5.0,5.55,112.0,3.0,96.0,Pakistan,Bangladesh,Bangladesh,"{""wickets"": 7}",0,Bangladesh,171.0,6.8,0.8,0.37
1491904,Pakistan,125.0,10.0,120.0,11.0,5.0,6.25,133.0,10.0,122.0,Bangladesh,Pakistan,Bangladesh,"{""runs"": 8}",0,Bangladesh,161.8,7.6,0.6,0.37
1491905,Pakistan,178.0,7.0,126.0,12.0,12.0,8.48,104.0,10.0,107.0,Pakistan,Bangladesh,Pakistan,"{""runs"": 74}",1,Bangladesh,157.2,7.6,0.6,0.37
1496923,Pakistan,155.0,6.0,117.0,15.0,3.0,7.95,67.0,10.0,102.0,Pakistan,Oman,Pakistan,"{""runs"": 93}",1,Oman,150.4,7.8,0.6,0.5
1496925,Pakistan,126.0,9.0,122.0,7.0,7.0,6.2,131.0,3.0,96.0,Pakistan,India,India,"{""wickets"": 7}",0,India,138.8,7.2,0.4,0.12
1496929,Pakistan,143.0,8.0,124.0,10.0,5.0,6.92,105.0,10.0,110.0,Pakistan,United Arab Emirates,Pakistan,"{""runs"": 41}",1,United Arab Emirates,145.4,8.6,0.6,0.5
1496933,Pakistan,171.0,5.0,129.0,11.0,8.0,7.95,174.0,4.0,116.0,Pakistan,India,India,"{""wickets"": 6}",0,India,154.6,7.4,0.6,0.12
1496934,Pakistan,138.0,5.0,110.0,11.0,5.0,7.53,133.0,8.0,124.0,Sri Lanka,Pakistan,Pakistan,"{""wickets"": 5}",1,Sri Lanka,146.6,7.0,0.6,0.27
1496936,Pakistan,135.0,8.0,124.0,9.0,5.0,6.53,124.0,9.0,120.0,Pakistan,Bangladesh,Pakistan,"{""runs"": 11}",1,Bangladesh,142.6,6.8,0.6,0.37
1496938,Pakistan,146.0,10.0,119.0,10.0,5.0,7.36,150.0,5.0,120.0,Pakistan,India,India,"{""wickets"": 5}",0,India,146.6,7.2,0.6,0.12
1497874,Pakistan,148.0,9.0,98.0,13.0,7.0,9.06,176.0,8.0,125.0,Pakistan,United Arab Emirates,Pakistan,"{""runs"": 31}",1,United Arab Emirates,147.6,6.8,0.6,0.5
1497877,Pakistan,167.0,4.0,116.0,17.0,7.0,8.64,140.0,7.0,122.0,Pakistan,United Arab Emirates,Pakistan,"{""runs"": 31}",1,United Arab Emirates,146.8,7.4,0.8,0.5
1501895,Pakistan,136.0,9.0,113.0,13.0,6.0,7.22,194.0,9.0,131.0,South Africa,Pakistan,South Africa,"{""runs"": 55}",0,South Africa,146.4,7.6,0.6,0.28
1501896,Pakistan,112.0,1.0,81.0,7.0,8.0,8.3,110.0,10.0,119.0,South Africa,Pakistan,Pakistan,"{""wickets"": 9}",1,South Africa,141.8,7.8,0.6,0.28
1501897,Pakistan,135.0,5.0,111.0,13.0,1.0,7.3,139.0,9.0,126.0,South Africa,Pakistan,Pakistan,"{""wickets"": 4}",1,South Africa,139.6,8.6,0.8,0.28
1286686,Panama,0.0,6.0,27.0,0.0,0.0,0.0,,,,Canada,Panama,Canada,"{""runs"": 208}",0,Canada,,,,0.0
1399154,Panama,36.0,5.0,51.0,3.0,1.0,4.24,3.0,1.0,4.0,Canada,Panama,Canada,"{""runs"": 163}",0,Canada,,,,0.0
875501,Papua New Guinea,9.0,2.0,8.0,2.0,0.0,6.75,8.0,1.0,8.0,Ireland,Papua New Guinea,Papua New Guinea,"{""wickets"": 2}",1,Ireland,,,,0.33
875513,Papua New Guinea,31.0,1.0,27.0,4.0,0.0,6.89,5.0,3.0,11.0,Nepal,Papua New Guinea,Papua New Guinea,"{""wickets"": 8}",1,Nepal,,,,0.17
954735,Papua New Guinea,18.0,4.0,19.0,0.0,1.0,5.68,,,,Ireland,Papua New Guinea,Ireland,"{""runs"": 7}",0,Ireland,,,,0.33
954737,Papua New Guinea,16.0,3.0,25.0,0.0,0.0,3.84,7.0,1.0,6.0,Ireland,Papua New Guinea,Papua New Guinea,"{""runs"": 11}",1,Ireland,,,,0.33
1199508,Papua New Guinea,34.0,3.0,29.0,1.0,2.0,7.03,37.0,2.0,32.0,Namibia,Papua New Guinea,Papua New Guinea,"{""runs"": 81}",1,Namibia,21.6,,0.8,0.33
1199512,Papua New Guinea,24.0,3.0,24.0,0.0,1.0,6.0,,,,Papua New Guinea,Scotland,Scotland,"{""runs"": 4}",0,Scotland,24.6,,0.6,0.0
1199547,Papua New Guinea,30.0,2.0,25.0,0.0,2.0,7.2,47.0,1.0,40.0,Namibia,Papua New Guinea,Papua New Guinea,"{""runs"": 18}",1,Namibia,24.4,,0.6,0.33
1273712,Papua New Guinea,110.0,9.0,109.0,10.0,3.0,6.06,53.0,0.0,45.0,Papua New Guinea,Oman,Oman,"{""wickets"": 10}",0,Oman,42.8,,0.6,0.1
1273720,Papua New Guinea,88.0,10.0,101.0,4.0,3.0,5.23,76.0,4.0,53.0,Bangladesh,Papua New Guinea,Bangladesh,"{""runs"": 84}",0,Bangladesh,57.2,,0.4,0.0
1280059,Papua New Guinea,27.0,2.0,25.0,1.0,1.0,6.48,50.0,1.0,36.0,Namibia,Papua New Guinea,Namibia,"{""runs"": 14}",0,Namibia,55.8,,0.2,0.33
1280063,Papua New Guinea,36.0,2.0,24.0,2.0,2.0,9.0,,,,Papua New Guinea,Scotland,Scotland,"{""wickets"": 8}",0,Scotland,58.2,,0.2,0.0
1305498,Papua New Guinea,91.0,6.0,53.0,11.0,4.0,10.3,77.0,5.0,54.0,Nepal,Papua New Guinea,Nepal,"{""runs"": 15}",0,Nepal,70.4,,0.0,0.17
1305501,Papua New Guinea,60.0,8.0,48.0,6.0,2.0,7.5,41.0,2.0,33.0,Nepal,Papua New Guinea,Nepal,"{""runs"": 37}",0,Nepal,60.4,,0.0,0.17
1305504,Papua New Guinea,41.0,6.0,34.0,6.0,1.0,7.24,66.0,1.0,44.0,Nepal,Papua New Guinea,Nepal,"{""runs"": 50}",0,Nepal,51.0,,0.0,0.17
1321467,Papua New Guinea,16.0,0.0,18.0,2.0,0.0,5.33,,,,Netherlands,Papua New Guinea,Netherlands,"{""runs"": 52}",0,Netherlands,48.8,,0.0,0.0
1321472,Papua New Guinea,22.0,0.0,12.0,2.0,1.0,11.0,50.0,1.0,46.0,Uganda,Papua New Guinea,Papua New Guinea,"{""wickets"": 8}",1,Uganda,46.0,,0.2,0.25
1321479,Papua New Guinea,22.0,1.0,12.0,0.0,2.0,11.0,22.0,1.0,14.0,Zimbabwe,Papua New Guinea,Zimbabwe,"{""runs"": 27}",0,Zimbabwe,32.2,,0.2,0.0
1321483,Papua New Guinea,,,,,,,8.0,1.0,12.0,Papua New Guinea,United States of America,Papua New Guinea,"{""runs"": 5}",1,United States of America,,,0.4,0.5
1415709,Papua New Guinea,,,,,,,42.0,2.0,61.0,Papua New Guinea,Uganda,Uganda,"{""wickets"": 3}",0,Uganda,,,0.4,0.25
1423372,Papua New Guinea,110.0,5.0,99.0,7.0,2.0,6.67,44.0,3.0,44.0,Papua New Guinea,Oman,Oman,"{""wickets"": 3}",0,Oman,,1.6,0.4,0.1
1423373,Papua New Guinea,105.0,2.0,89.0,8.0,3.0,7.08,98.0,5.0,86.0,Oman,Papua New Guinea,Papua New Guinea,"{""wickets"": 8}",1,Oman,,2.4,0.4,0.1
1423374,Papua New Guinea,93.0,6.0,92.0,9.0,0.0,6.07,68.0,2.0,63.0,Papua New Guinea,Oman,Oman,"{""wickets"": 4}",0,Oman,,2.6,0.4,0.1
1423441,Papua New Guinea,64.0,2.0,37.0,6.0,4.0,10.38,,,,Nepal,Papua New Guinea,Nepal,"{""runs"": 85}",0,Nepal,,,0.2,0.17
1423444,Papua New Guinea,70.0,2.0,50.0,3.0,4.0,8.4,3.0,2.0,9.0,Papua New Guinea,Nepal,Papua New Guinea,"{""runs"": 86}",1,Nepal,88.4,,0.4,0.17
1503458,Papua New Guinea,22.0,4.0,36.0,1.0,0.0,3.67,29.0,1.0,26.0,Oman,Papua New Guinea,Oman,"{""runs"": 52}",0,Oman,70.8,,0.4,0.1
1299567,Philippines,34.0,4.0,49.0,2.0,0.0,4.16,,,,Canada,Philippines,Canada,"{""runs"": 118}",0,Canada,,,,0.0
1299571,Philippines,18.0,3.0,26.0,2.0,0.0,4.15,14.0,2.0,13.0,Nepal,Philippines,Nepal,"{""runs"": 136}",0,Nepal,,,,0.0
1299577,Philippines,22.0,4.0,60.0,1.0,0.0,2.2,,,,Philippines,Oman,Oman,"{""wickets"": 9}",0,Oman,,,,0.0
1190769,Qatar,32.0,3.0,32.0,4.0,0.0,6.0,16.0,2.0,17.0,Nepal,Qatar,Qatar,"{""wickets"": 4}",1,Nepal,,,,0.12
1426461,Qatar,58.0,1.0,39.0,7.0,1.0,8.92,91.0,2.0,62.0,Nepal,Qatar,Nepal,"{""runs"": 32}",0,Nepal,,,,0.12
1463655,Qatar,48.0,4.0,37.0,6.0,0.0,7.78,,,,Oman,Qatar,Oman,"{""runs"": 35}",0,Oman,,,,0.0
1479320,Qatar,58.0,2.0,48.0,3.0,4.0,7.25,39.0,1.0,23.0,Qatar,Nepal,Nepal,"{""wickets"": 8}",0,Nepal,,,,0.12
1503459,Qatar,37.0,2.0,32.0,2.0,1.0,6.94,,,,Oman,Qatar,Oman,"{""runs"": 34}",0,Oman,46.6,,0.2,0.0
1503463,Qatar,21.0,2.0,15.0,1.0,1.0,8.4,34.0,3.0,32.0,Nepal,Qatar,Nepal,"{""runs"": 5}",0,Nepal,44.4,,0.0,0.12
1384591,Romania,,,,,,,66.0,0.0,51.0,France,Romania,France,"{""runs"": 88}",0,France,,,,0.0
1283028,Rwanda,,,,,,,11.0,1.0,8.0,Uganda,Rwanda,Uganda,"{""runs"": 106}",0,Uganda,,,,0.0
1379578,Rwanda,,,,,,,7.0,0.0,8.0,Rwanda,Uganda,Uganda,"{""wickets"": 8}",0,Uganda,,,,0.0
1379584,Rwanda,8.0,1.0,12.0,0.0,0.0,4.0,30.0,0.0,21.0,Rwanda,Uganda,Uganda,"{""wickets"": 7}",0,Uganda,,,,0.0
1379587,Rwanda,0.0,3.0,3.0,0.0,0.0,0.0,42.0,1.0,27.0,Uganda,Rwanda,Uganda,"{""runs"": 94}",0,Uganda,,,,0.0
1407097,Rwanda,0.0,1.0,1.0,0.0,0.0,0.0,30.0,0.0,10.0,Namibia,Rwanda,Namibia,"{""runs"": 68}",0,Namibia,,0.4,0.0,0.0
1407101,Rwanda,3.0,4.0,17.0,0.0,0.0,1.06,60.0,1.0,38.0,Zimbabwe,Rwanda,Zimbabwe,"{""runs"": 144}",0,Zimbabwe,,0.4,0.0,0.0
1407108,Rwanda,5.0,2.0,13.0,0.0,0.0,2.31,,,,Rwanda,Uganda,Uganda,"{""wickets"": 9}",0,Uganda,3.2,,0.0,0.0
1453935,Rwanda,21.0,5.0,24.0,2.0,1.0,5.25,3.0,1.0,5.0,Zimbabwe,Rwanda,Zimbabwe,"{""runs"": 149}",0,Zimbabwe,5.8,,0.0,0.0
1462921,Rwanda,0.0,1.0,1.0,0.0,0.0,0.0,29.0,1.0,21.0,Uganda,Rwanda,Uganda,"{""runs"": 112}",0,Uganda,5.8,,0.0,0.0
1462931,Rwanda,0.0,1.0,1.0,0.0,0.0,0.0,45.0,1.0,33.0,Uganda,Rwanda,Uganda,"{""runs"": 86}",0,Uganda,5.8,,0.0,0.0
1503450,Samoa,30.0,2.0,43.0,1.0,0.0,4.19,21.0,0.0,22.0,Samoa,Oman,Oman,"{""wickets"": 5}",0,Oman,,,,0.0
1503470,Samoa,19.0,2.0,24.0,1.0,1.0,4.75,70.0,1.0,41.0,Nepal,Samoa,Nepal,"{""runs"": 124}",0,Nepal,,,,0.0
1344782,Saudi Arabia,51.0,7.0,80.0,0.0,1.0,3.82,2.0,0.0,5.0,Saudi Arabia,Oman,Oman,"{""wickets"": 9}",0,Oman,,,,0.17
1344784,Saudi Arabia,47.0,5.0,43.0,5.0,1.0,6.56,46.0,3.0,39.0,Canada,Saudi Arabia,Canada,"{""runs"": 66}",0,Canada,,,,0.0
1344788,Saudi Arabia,76.0,6.0,80.0,6.0,2.0,5.7,36.0,0.0,27.0,Saudi Arabia,Oman,Oman,"{""wickets"": 7}",0,Oman,,,,0.17
1344790,Saudi Arabia,41.0,3.0,51.0,2.0,1.0,4.82,55.0,2.0,32.0,Canada,Saudi Arabia,Canada,"{""runs"": 45}",0,Canada,,,,0.0
1426472,Saudi Arabia,31.0,4.0,20.0,0.0,4.0,9.3,5.0,2.0,9.0,Saudi Arabia,Nepal,Nepal,"{""wickets"": 6}",0,Nepal,49.2,1.4,0.0,0.0
1463662,Saudi Arabia,55.0,1.0,36.0,3.0,3.0,9.17,62.0,1.0,50.0,Oman,Saudi Arabia,Saudi Arabia,"{""wickets"": 8}",1,Oman,50.0,1.6,0.2,0.17
439505,Scotland,9.0,2.0,12.0,1.0,0.0,4.5,,,,Ireland,Scotland,Ireland,"{""runs"": 37}",0,Ireland,,,,0.14
546442,Scotland,13.0,0.0,12.0,0.0,1.0,6.5,,,,Ireland,Scotland,Ireland,"{""runs"": 17}",0,Ireland,,,,0.14
546473,Scotland,24.0,1.0,24.0,2.0,0.0,6.0,12.0,1.0,9.0,Canada,Scotland,Scotland,"{""wickets"": 4}",1,Canada,,,,0.5
889463,Scotland,22.0,3.0,24.0,1.0,0.0,5.5,10.0,0.0,6.0,Ireland,Scotland,Scotland,"{""wickets"": 6}",1,Ireland,,,,0.14
951313,Scotland,19.0,2.0,15.0,2.0,0.0,7.6,9.0,1.0,9.0,Scotland,Zimbabwe,Zimbabwe,"{""runs"": 11}",0,Zimbabwe,17.4,,0.4,0.0
1074968,Scotland,82.0,2.0,69.0,5.0,2.0,7.13,45.0,5.0,53.0,Oman,Scotland,Scotland,"{""wickets"": 7}",1,Oman,32.0,,0.6,0.5
1074970,Scotland,28.0,5.0,21.0,2.0,2.0,8.0,3.0,0.0,3.0,Ireland,Scotland,Ireland,"{""runs"": 98}",0,Ireland,35.0,1.4,0.6,0.14
1127300,Scotland,89.0,5.0,76.0,6.0,3.0,7.03,85.0,2.0,51.0,Pakistan,Scotland,Pakistan,"{""runs"": 48}",0,Pakistan,48.0,1.6,0.4,0.0
1127301,Scotland,43.0,9.0,56.0,2.0,1.0,4.61,72.0,3.0,64.0,Pakistan,Scotland,Pakistan,"{""runs"": 84}",0,Pakistan,52.2,2.2,0.2,0.0
1142503,Scotland,15.0,3.0,19.0,0.0,0.0,4.74,,,,Ireland,Scotland,Ireland,"{""runs"": 46}",0,Ireland,51.4,,0.2,0.14
1142504,Scotland,36.0,1.0,25.0,3.0,1.0,8.64,43.0,2.0,25.0,Scotland,Ireland,,,0,Ireland,42.2,,0.0,0.14
1142506,Scotland,,,,,,,26.0,4.0,24.0,Scotland,Netherlands,Scotland,"{""runs"": 115}",1,Netherlands,,,0.2,0.3
1172508,Scotland,35.0,0.0,19.0,4.0,1.0,11.05,15.0,0.0,7.0,Ireland,Scotland,Scotland,"{""wickets"": 6}",1,Ireland,,,0.4,0.14
1172510,Scotland,78.0,3.0,67.0,10.0,2.0,6.99,35.0,4.0,52.0,Oman,Scotland,Scotland,"{""wickets"": 7}",1,Oman,,,0.6,0.5
1199499,Scotland,,,,,,,27.0,1.0,25.0,Scotland,Singapore,Singapore,"{""runs"": 2}",0,Singapore,,2.2,0.6,0.0
1199506,Scotland,,,,,,,28.0,0.0,19.0,Kenya,Scotland,Scotland,"{""runs"": 31}",1,Kenya,,1.8,0.8,0.5
1199512,Scotland,,,,,,,24.0,3.0,24.0,Papua New Guinea,Scotland,Scotland,"{""runs"": 4}",1,Papua New Guinea,,1.6,0.8,0.5
1199517,Scotland,31.0,3.0,28.0,1.0,2.0,6.64,68.0,3.0,49.0,Namibia,Scotland,Namibia,"{""runs"": 24}",0,Namibia,,2.2,0.6,0.12
1199528,Scotland,,,,,,,26.0,2.0,24.0,Bermuda,Scotland,Scotland,"{""runs"": 46}",1,Bermuda,,1.8,0.6,0.5
1199545,Scotland,109.0,4.0,81.0,15.0,1.0,8.07,43.0,2.0,37.0,Oman,Scotland,Scotland,"{""wickets"": 5}",1,Oman,,2.0,0.8,0.5
1200426,Scotland,0.0,1.0,1.0,0.0,0.0,0.0,43.0,2.0,26.0,Ireland,Scotland,Ireland,"{""wickets"": 4}",0,Ireland,,2.4,0.6,0.14
1200428,Scotland,,,,,,,46.0,6.0,38.0,Netherlands,Scotland,Scotland,"{""wickets"": 6}",1,Netherlands,,3.0,0.6,0.3
1273713,Scotland,122.0,9.0,103.0,8.0,6.0,7.11,48.0,4.0,34.0,Scotland,Bangladesh,Scotland,"{""runs"": 6}",1,Bangladesh,,3.2,0.8,0.5
1273721,Scotland,96.0,1.0,83.0,7.0,4.0,6.94,109.0,6.0,97.0,Oman,Scotland,Scotland,"{""wickets"": 8}",1,Oman,,4.0,0.8,0.5
1273732,Scotland,20.0,1.0,24.0,0.0,1.0,5.0,33.0,0.0,24.0,Scotland,Namibia,Namibia,"{""wickets"": 4}",0,Namibia,,3.6,0.6,0.12
1273743,Scotland,36.0,0.0,24.0,7.0,0.0,9.0,,,,New Zealand,Scotland,New Zealand,"{""runs"": 16}",0,New Zealand,,,0.6,0.0
1273748,Scotland,0.0,1.0,1.0,0.0,0.0,0.0,51.0,1.0,20.0,Scotland,India,India,"{""wickets"": 8}",0,India,54.8,,0.4,0.0
1273752,Scotland,100.0,5.0,104.0,8.0,1.0,5.77,109.0,3.0,92.0,Pakistan,Scotland,Pakistan,"{""runs"": 72}",0,Pakistan,50.4,,0.2,0.0
1280058,Scotland,19.0,1.0,24.0,0.0,1.0,4.75,20.0,0.0,17.0,Scotland,Namibia,Namibia,"{""wickets"": 5}",0,Namibia,35.0,,0.0,0.12
1280063,Scotland,,,,,,,36.0,2.0,24.0,Papua New Guinea,Scotland,Scotland,"{""wickets"": 8}",1,Papua New Guinea,,,0.2,0.5
1298141,Scotland,9.0,1.0,7.0,1.0,0.0,7.71,47.0,0.0,29.0,Scotland,Ireland,Ireland,"{""wickets"": 6}",0,Ireland,,1.2,0.2,0.14
1298146,Scotland,20.0,2.0,27.0,0.0,0.0,4.44,40.0,1.0,23.0,Scotland,Zimbabwe,Zimbabwe,"{""wickets"": 5}",0,Zimbabwe,,1.2,0.2,0.0
1307477,Scotland,,,,,,,28.0,1.0,18.0,New Zealand,Scotland,New Zealand,"{""runs"": 68}",0,New Zealand,,0.8,0.2,0.0
1307478,Scotland,3.0,0.0,6.0,0.0,0.0,3.0,55.0,1.0,24.0,New Zealand,Scotland,New Zealand,"{""runs"": 102}",0,New Zealand,,1.0,0.2,0.0
1383088,Scotland,15.0,0.0,6.0,0.0,2.0,15.0,21.0,1.0,10.0,Scotland,Ireland,Scotland,"{""runs"": 8}",1,Ireland,,0.8,0.2,0.14
1415712,Scotland,,,,,,,11.0,2.0,11.0,Namibia,Scotland,Scotland,"{""wickets"": 5}",1,Namibia,,1.2,0.4,0.12
1415720,Scotland,117.0,3.0,68.0,12.0,7.0,10.32,37.0,4.0,28.0,Oman,Scotland,Scotland,"{""wickets"": 7}",1,Oman,,1.8,0.6,0.5
1421079,Scotland,,,,,,,19.0,0.0,24.0,Scotland,United Arab Emirates,Scotland,"{""runs"": 9}",1,United Arab Emirates,,1.6,0.8,0.5
1421080,Scotland,0.0,1.0,1.0,0.0,0.0,0.0,,,,Scotland,United Arab Emirates,Scotland,"{""runs"": 32}",1,United Arab Emirates,,,1.0,0.5
1428151,Scotland,8.0,0.0,7.0,0.0,0.0,6.86,39.0,1.0,18.0,Netherlands,Scotland,Netherlands,"{""runs"": 41}",0,Netherlands,,,0.8,0.3
1428154,Scotland,0.0,1.0,1.0,0.0,0.0,0.0,4.0,1.0,6.0,Scotland,Netherlands,Scotland,"{""runs"": 71}",1,Netherlands,,,0.8,0.3
1428155,Scotland,5.0,0.0,6.0,0.0,0.0,5.0,4.0,1.0,5.0,Scotland,Ireland,Ireland,"{""wickets"": 5}",0,Ireland,,,0.6,0.14
1485940,Scotland,20.0,3.0,24.0,3.0,0.0,5.0,3.0,0.0,3.0,Scotland,Nepal,Nepal,"{""wickets"": 2}",0,Nepal,6.6,,0.4,0.25
1485942,Scotland,39.0,1.0,14.0,5.0,2.0,16.71,6.0,1.0,7.0,Netherlands,Scotland,Netherlands,"{""runs"": 17}",0,Netherlands,14.4,0.8,0.2,0.3
1485943,Scotland,,,,,,,14.0,1.0,8.0,Scotland,Nepal,Scotland,"{""runs"": 34}",1,Nepal,,0.8,0.4,0.25
1453922,Seychelles,14.0,1.0,19.0,2.0,0.0,4.42,37.0,0.0,13.0,Zimbabwe,Seychelles,Zimbabwe,"{""runs"": 76}",0,Zimbabwe,,,,0.0
1190776,Singapore,43.0,2.0,37.0,5.0,1.0,6.97,11.0,2.0,10.0,Singapore,Nepal,Singapore,"{""runs"": 82}",1,Nepal,,,,0.17
1199499,Singapore,27.0,1.0,25.0,3.0,0.0,6.48,,,,Scotland,Singapore,Singapore,"{""runs"": 2}",1,Scotland,,,,0.5
1199535,Singapore,22.0,4.0,23.0,3.0,0.0,5.74,62.0,2.0,38.0,Namibia,Singapore,Namibia,"{""runs"": 87}",0,Namibia,,,,0.0
1201681,Singapore,89.0,2.0,58.0,7.0,4.0,9.21,,,,Singapore,Nepal,Nepal,"{""wickets"": 9}",0,Nepal,,,,0.17
1321465,Singapore,9.0,0.0,6.0,0.0,1.0,9.0,91.0,1.0,41.0,Zimbabwe,Singapore,Zimbabwe,"{""runs"": 111}",0,Zimbabwe,38.0,,0.4,0.0
1321470,Singapore,8.0,1.0,8.0,1.0,0.0,6.0,10.0,1.0,10.0,United States of America,Singapore,United States of America,"{""runs"": 132}",0,United States of America,31.0,,0.2,0.0
1405314,Singapore,57.0,3.0,51.0,9.0,0.0,6.71,34.0,1.0,27.0,Singapore,Nepal,Nepal,"{""wickets"": 8}",0,Nepal,37.0,,0.0,0.17
1405317,Singapore,152.0,8.0,127.0,11.0,6.0,7.18,100.0,3.0,62.0,Oman,Singapore,Oman,"{""runs"": 22}",0,Oman,63.0,,0.0,0.0
817203,South Africa,32.0,1.0,26.0,1.0,1.0,7.38,31.0,4.0,40.0,Bangladesh,South Africa,South Africa,"{""runs"": 52}",1,Bangladesh,,,,0.5
817205,South Africa,45.0,1.0,31.0,6.0,1.0,8.71,51.0,3.0,33.0,Bangladesh,South Africa,South Africa,"{""runs"": 31}",1,Bangladesh,,,,0.5
848839,South Africa,24.0,1.0,24.0,2.0,1.0,6.0,2.0,0.0,2.0,South Africa,New Zealand,South Africa,"{""wickets"": 6}",1,New Zealand,,,,0.12
848841,South Africa,27.0,1.0,26.0,3.0,0.0,6.23,10.0,0.0,7.0,South Africa,New Zealand,New Zealand,"{""runs"": 32}",0,New Zealand,,,,0.12
1075507,South Africa,42.0,0.0,24.0,4.0,1.0,10.5,98.0,2.0,64.0,South Africa,Bangladesh,South Africa,"{""runs"": 20}",1,Bangladesh,34.0,1.8,0.8,0.5
1075508,South Africa,95.0,2.0,43.0,6.0,7.0,13.26,87.0,5.0,67.0,South Africa,Bangladesh,South Africa,"{""runs"": 83}",1,Bangladesh,46.6,2.0,0.8,0.5
1144161,South Africa,122.0,5.0,71.0,11.0,4.0,10.31,119.0,6.0,87.0,South Africa,Pakistan,South Africa,"{""runs"": 6}",1,Pakistan,62.0,2.6,0.8,0.22
1144162,South Africa,116.0,2.0,79.0,7.0,5.0,8.81,166.0,4.0,116.0,South Africa,Pakistan,South Africa,"{""runs"": 7}",1,Pakistan,80.4,3.4,0.8,0.22
1144163,South Africa,95.0,6.0,74.0,8.0,5.0,7.7,101.0,5.0,72.0,South Africa,Pakistan,Pakistan,"{""runs"": 27}",0,Pakistan,94.0,4.4,0.8,0.22
1187005,South Africa,19.0,1.0,19.0,1.0,1.0,6.0,,,,India,South Africa,India,"{""wickets"": 7}",0,India,89.4,,0.6,0.19
1187006,South Africa,28.0,0.0,24.0,3.0,1.0,7.0,5.0,1.0,2.0,India,South Africa,South Africa,"{""wickets"": 9}",1,India,76.0,,0.6,0.19
1243019,South Africa,124.0,4.0,73.0,18.0,3.0,10.19,139.0,4.0,94.0,Pakistan,South Africa,Pakistan,"{""runs"": 3}",0,Pakistan,76.4,,0.4,0.22
1243020,South Africa,61.0,2.0,44.0,8.0,1.0,8.32,108.0,4.0,84.0,Pakistan,South Africa,South Africa,"{""wickets"": 6}",1,Pakistan,65.4,,0.4,0.22
1243021,South Africa,99.0,3.0,68.0,9.0,5.0,8.74,126.0,4.0,85.0,South Africa,Pakistan,Pakistan,"{""wickets"": 4}",0,Pakistan,66.2,,0.4,0.22
1251575,South Africa,129.0,5.0,79.0,8.0,8.0,9.8,161.0,3.0,105.0,South Africa,Pakistan,Pakistan,"{""wickets"": 4}",0,Pakistan,88.2,3.2,0.4,0.22
1251576,South Africa,86.0,4.0,51.0,10.0,5.0,10.12,78.0,4.0,73.0,Pakistan,South Africa,South Africa,"{""wickets"": 6}",1,Pakistan,99.8,3.8,0.4,0.22
1251577,South Africa,165.0,4.0,98.0,16.0,6.0,10.1,205.0,1.0,109.0,South Africa,Pakistan,Pakistan,"{""wickets"": 9}",0,Pakistan,108.0,3.2,0.4,0.22
1251578,South Africa,104.0,9.0,95.0,8.0,2.0,6.57,104.0,4.0,81.0,South Africa,Pakistan,Pakistan,"{""wickets"": 3}",0,Pakistan,116.6,3.2,0.2,0.22
1251953,South Africa,19.0,0.0,12.0,1.0,1.0,9.5,2.0,1.0,6.0,South Africa,Ireland,South Africa,"{""runs"": 33}",1,Ireland,100.6,2.6,0.4,0.42
1251954,South Africa,,,,,,,23.0,1.0,23.0,South Africa,Ireland,South Africa,"{""runs"": 42}",1,Ireland,,2.2,0.6,0.42
1273741,South Africa,86.0,4.0,84.0,10.0,1.0,6.14,78.0,8.0,102.0,Bangladesh,South Africa,South Africa,"{""wickets"": 6}",1,Bangladesh,,3.0,0.6,0.5
1278687,South Africa,36.0,1.0,28.0,5.0,0.0,7.71,83.0,1.0,50.0,India,South Africa,South Africa,"{""wickets"": 7}",1,India,,3.0,0.8,0.19
1278688,South Africa,18.0,2.0,20.0,3.0,0.0,5.4,34.0,1.0,21.0,India,South Africa,South Africa,"{""wickets"": 4}",1,India,,2.4,1.0,0.19
1278689,South Africa,35.0,2.0,26.0,4.0,1.0,8.08,55.0,1.0,36.0,India,South Africa,India,"{""runs"": 48}",0,India,,2.4,0.8,0.19
1278690,South Africa,23.0,6.0,25.0,2.0,0.0,5.52,28.0,1.0,26.0,India,South Africa,India,"{""runs"": 82}",0,India,39.6,2.4,0.6,0.19
1278691,South Africa,,,,,,,17.0,1.0,8.0,India,South Africa,,,0,India,,1.0,0.4,0.19
1298152,South Africa,11.0,0.0,7.0,0.0,0.0,9.43,0.0,1.0,2.0,Zimbabwe,South Africa,,,0,Zimbabwe,,1.0,0.2,0.33
1298156,South Africa,118.0,5.0,79.0,12.0,5.0,8.96,78.0,6.0,73.0,South Africa,Bangladesh,South Africa,"{""runs"": 104}",1,Bangladesh,,2.0,0.2,0.5
1298164,South Africa,25.0,2.0,25.0,4.0,0.0,6.0,11.0,1.0,15.0,India,South Africa,South Africa,"{""wickets"": 5}",1,India,,2.0,0.4,0.19
1298170,South Africa,95.0,8.0,74.0,11.0,3.0,7.7,129.0,6.0,80.0,Pakistan,South Africa,Pakistan,"{""runs"": 33}",0,Pakistan,,3.0,0.4,0.22
1303315,South Africa,11.0,0.0,6.0,2.0,0.0,11.0,44.0,1.0,28.0,South Africa,Ireland,South Africa,"{""runs"": 21}",1,Ireland,52.0,3.0,0.6,0.42
1303316,South Africa,,,,,,,3.0,1.0,4.0,South Africa,Ireland,South Africa,"{""runs"": 44}",1,Ireland,,3.0,0.8,0.42
1327506,South Africa,32.0,4.0,27.0,4.0,1.0,7.11,52.0,0.0,57.0,South Africa,India,India,"{""wickets"": 8}",0,India,,1.8,0.6,0.19
1327507,South Africa,62.0,2.0,29.0,4.0,4.0,12.83,60.0,1.0,30.0,India,South Africa,India,"{""runs"": 16}",0,India,,1.8,0.4,0.19
1327508,South Africa,45.0,0.0,26.0,4.0,2.0,10.38,5.0,1.0,7.0,South Africa,India,South Africa,"{""runs"": 49}",1,India,,0.8,0.6,0.19
1387598,South Africa,126.0,4.0,68.0,14.0,5.0,11.12,32.0,3.0,25.0,India,South Africa,South Africa,"{""wickets"": 5}",1,India,,1.2,0.6,0.19
1387599,South Africa,68.0,8.0,66.0,7.0,3.0,6.18,15.0,2.0,9.0,India,South Africa,India,"{""runs"": 106}",0,India,66.6,1.4,0.4,0.19
1415716,South Africa,11.0,0.0,6.0,0.0,1.0,11.0,13.0,1.0,17.0,Netherlands,South Africa,South Africa,"{""wickets"": 4}",1,Netherlands,62.4,1.6,0.6,0.5
1415721,South Africa,89.0,6.0,99.0,5.0,5.0,5.39,69.0,4.0,69.0,South Africa,Bangladesh,South Africa,"{""runs"": 4}",1,Bangladesh,67.8,2.2,0.8,0.5
1415731,South Africa,37.0,2.0,33.0,5.0,1.0,6.73,54.0,2.0,58.0,South Africa,Nepal,South Africa,"{""runs"": 1}",1,Nepal,66.2,2.4,0.8,0.5
1415741,South Africa,69.0,3.0,52.0,3.0,4.0,7.96,45.0,3.0,39.0,South Africa,United States of America,South Africa,"{""runs"": 18}",1,United States of America,54.8,2.4,0.8,0.5
1415755,South Africa,66.0,2.0,48.0,5.0,3.0,8.25,,,,India,South Africa,India,"{""runs"": 7}",0,India,54.4,,0.8,0.19
1431086,South Africa,,,,,,,22.0,1.0,16.0,Ireland,South Africa,South Africa,"{""wickets"": 8}",1,Ireland,,,0.8,0.42
1431087,South Africa,,,,,,,20.0,0.0,13.0,Ireland,South Africa,Ireland,"{""runs"": 10}",0,Ireland,,,0.6,0.42
1432211,South Africa,183.0,9.0,122.0,10.0,14.0,9.0,172.0,8.0,129.0,South Africa,Pakistan,South Africa,"{""runs"": 11}",1,Pakistan,,,0.6,0.22
1432212,South Africa,210.0,3.0,121.0,12.0,16.0,10.41,206.0,5.0,134.0,Pakistan,South Africa,South Africa,"{""wickets"": 7}",1,Pakistan,,,0.6,0.22
1449301,South Africa,81.0,9.0,64.0,7.0,5.0,7.59,47.0,3.0,33.0,India,South Africa,India,"{""runs"": 61}",0,India,,3.4,0.6,0.19
1449302,South Africa,87.0,2.0,67.0,13.0,1.0,7.79,34.0,2.0,34.0,India,South Africa,South Africa,"{""wickets"": 3}",1,India,,3.6,0.6,0.19
1449303,South Africa,75.0,4.0,49.0,5.0,4.0,9.18,187.0,2.0,93.0,India,South Africa,India,"{""runs"": 11}",0,India,127.2,4.0,0.6,0.19
1449304,South Africa,91.0,8.0,63.0,6.0,5.0,8.67,170.0,1.0,73.0,India,South Africa,India,"{""runs"": 135}",0,India,108.8,2.6,0.4,0.19
1478865,South Africa,24.0,0.0,16.0,0.0,2.0,9.0,56.0,0.0,38.0,Zimbabwe,South Africa,South Africa,"{""wickets"": 5}",1,Zimbabwe,71.6,1.6,0.4,0.33
1478868,South Africa,26.0,1.0,16.0,2.0,1.0,9.75,9.0,1.0,12.0,Zimbabwe,South Africa,South Africa,"{""wickets"": 7}",1,Zimbabwe,60.6,1.2,0.6,0.33
1478869,South Africa,21.0,2.0,24.0,1.0,1.0,5.25,,,,South Africa,New Zealand,New Zealand,"{""wickets"": 7}",0,New Zealand,47.4,,0.4,0.12
1478871,South Africa,27.0,1.0,24.0,3.0,0.0,6.75,,,,New Zealand,South Africa,New Zealand,"{""runs"": 3}",0,New Zealand,37.8,,0.4,0.12
1487824,South Africa,23.0,2.0,25.0,2.0,0.0,5.52,14.0,1.0,14.0,South Africa,Namibia,Namibia,"{""wickets"": 4}",0,Namibia,24.2,,0.4,0.0
1501895,South Africa,194.0,9.0,131.0,21.0,4.0,8.89,136.0,9.0,113.0,South Africa,Pakistan,South Africa,"{""runs"": 55}",1,Pakistan,58.2,,0.4,0.22
1501896,South Africa,110.0,10.0,119.0,7.0,4.0,5.55,112.0,1.0,81.0,South Africa,Pakistan,Pakistan,"{""wickets"": 9}",0,Pakistan,75.0,,0.2,0.22
1501897,South Africa,139.0,9.0,126.0,5.0,6.0,6.62,135.0,5.0,111.0,South Africa,Pakistan,Pakistan,"{""wickets"": 4}",0,Pakistan,98.6,,0.2,0.22
860279,Sri Lanka,0.0,2.0,2.0,0.0,0.0,0.0,,,,Sri Lanka,Pakistan,Pakistan,"{""runs"": 29}",0,Pakistan,,,,0.23
860281,Sri Lanka,0.0,2.0,2.0,0.0,0.0,0.0,17.0,1.0,18.0,Sri Lanka,Pakistan,Pakistan,"{""wickets"": 1}",0,Pakistan,,,,0.23
914219,Sri Lanka,37.0,3.0,25.0,6.0,0.0,8.88,,,,New Zealand,Sri Lanka,New Zealand,"{""wickets"": 9}",0,New Zealand,,,,0.0
966753,Sri Lanka,39.0,5.0,47.0,4.0,0.0,4.98,2.0,2.0,8.0,Bangladesh,Sri Lanka,Bangladesh,"{""runs"": 23}",0,Bangladesh,,,,0.25
1083449,Sri Lanka,83.0,3.0,56.0,9.0,2.0,8.89,35.0,1.0,22.0,Sri Lanka,Bangladesh,Sri Lanka,"{""wickets"": 6}",1,Bangladesh,31.8,,0.2,0.25
1083450,Sri Lanka,45.0,5.0,37.0,6.0,0.0,7.3,43.0,2.0,24.0,Sri Lanka,Bangladesh,Bangladesh,"{""runs"": 45}",0,Bangladesh,40.8,,0.2,0.25
1109610,Sri Lanka,20.0,2.0,24.0,1.0,1.0,5.0,24.0,1.0,18.0,Sri Lanka,India,India,"{""wickets"": 7}",0,India,44.8,,0.2,0.11
1120291,Sri Lanka,45.0,5.0,52.0,3.0,1.0,5.19,8.0,2.0,19.0,Sri Lanka,Pakistan,Pakistan,"{""wickets"": 7}",0,Pakistan,46.4,1.6,0.2,0.23
1120292,Sri Lanka,61.0,9.0,66.0,4.0,1.0,5.55,36.0,3.0,27.0,Sri Lanka,Pakistan,Pakistan,"{""wickets"": 2}",0,Pakistan,50.8,1.8,0.2,0.23
1120293,Sri Lanka,89.0,4.0,62.0,5.0,5.0,8.61,82.0,1.0,62.0,Pakistan,Sri Lanka,Pakistan,"{""runs"": 36}",0,Pakistan,52.0,1.8,0.0,0.23
1122729,Sri Lanka,18.0,4.0,26.0,0.0,0.0,4.15,63.0,1.0,49.0,India,Sri Lanka,India,"{""runs"": 93}",0,India,46.6,1.6,0.0,0.11
1122730,Sri Lanka,53.0,3.0,25.0,4.0,4.0,12.72,91.0,1.0,51.0,India,Sri Lanka,India,"{""runs"": 88}",0,India,53.2,1.6,0.0,0.11
1122731,Sri Lanka,94.0,5.0,76.0,11.0,1.0,7.42,4.0,1.0,9.0,Sri Lanka,India,India,"{""wickets"": 5}",0,India,63.0,1.4,0.0,0.11
1130746,Sri Lanka,92.0,3.0,47.0,14.0,3.0,11.74,56.0,2.0,36.0,Bangladesh,Sri Lanka,Sri Lanka,"{""wickets"": 6}",1,Bangladesh,69.2,1.2,0.2,0.25
1130747,Sri Lanka,136.0,4.0,77.0,14.0,5.0,10.6,42.0,5.0,48.0,Sri Lanka,Bangladesh,Sri Lanka,"{""runs"": 75}",1,Bangladesh,78.6,2.0,0.4,0.25
1133817,Sri Lanka,29.0,2.0,25.0,1.0,2.0,6.96,,,,India,Sri Lanka,Sri Lanka,"{""wickets"": 5}",1,India,80.8,,0.6,0.11
1133819,Sri Lanka,103.0,4.0,56.0,8.0,5.0,11.04,70.0,2.0,43.0,Sri Lanka,Bangladesh,Bangladesh,"{""wickets"": 5}",0,Bangladesh,90.8,,0.6,0.25
1133820,Sri Lanka,21.0,3.0,25.0,1.0,1.0,5.04,23.0,1.0,19.0,Sri Lanka,India,India,"{""wickets"": 6}",0,India,76.2,,0.6,0.11
1133822,Sri Lanka,64.0,5.0,40.0,3.0,4.0,9.6,11.0,3.0,17.0,Sri Lanka,Bangladesh,Bangladesh,"{""wickets"": 2}",0,Bangladesh,70.6,,0.4,0.25
1198489,Sri Lanka,107.0,4.0,68.0,9.0,5.0,9.44,28.0,3.0,25.0,Pakistan,Sri Lanka,Sri Lanka,"{""runs"": 64}",1,Pakistan,64.8,,0.4,0.23
1198490,Sri Lanka,83.0,2.0,50.0,4.0,5.0,9.96,10.0,4.0,17.0,Pakistan,Sri Lanka,Sri Lanka,"{""runs"": 35}",1,Pakistan,75.6,2.6,0.4,0.23
1198491,Sri Lanka,32.0,1.0,25.0,4.0,0.0,7.68,28.0,2.0,33.0,Pakistan,Sri Lanka,Sri Lanka,"{""runs"": 13}",1,Pakistan,61.4,2.6,0.6,0.23
1202243,Sri Lanka,68.0,4.0,49.0,4.0,3.0,8.33,46.0,1.0,32.0,India,Sri Lanka,India,"{""wickets"": 7}",0,India,70.8,2.6,0.6,0.11
1202244,Sri Lanka,38.0,3.0,25.0,1.0,3.0,9.12,54.0,2.0,37.0,India,Sri Lanka,India,"{""runs"": 78}",0,India,65.6,2.4,0.6,0.11
1262758,Sri Lanka,0.0,1.0,1.0,0.0,0.0,0.0,23.0,0.0,15.0,India,Sri Lanka,India,"{""runs"": 38}",0,India,44.2,1.8,0.4,0.11
1262759,Sri Lanka,30.0,2.0,25.0,1.0,1.0,7.2,,,,India,Sri Lanka,Sri Lanka,"{""wickets"": 4}",1,India,33.6,,0.4,0.11
1262760,Sri Lanka,16.0,0.0,13.0,1.0,0.0,7.38,24.0,0.0,29.0,India,Sri Lanka,Sri Lanka,"{""wickets"": 7}",1,India,30.4,,0.4,0.11
1273715,Sri Lanka,11.0,2.0,7.0,0.0,1.0,9.43,12.0,0.0,15.0,Namibia,Sri Lanka,Sri Lanka,"{""wickets"": 7}",1,Namibia,19.0,,0.6,0.25
1273726,Sri Lanka,134.0,3.0,89.0,10.0,6.0,9.03,87.0,3.0,74.0,Bangladesh,Sri Lanka,Sri Lanka,"{""wickets"": 5}",1,Bangladesh,38.2,,0.8,0.25
1278684,Sri Lanka,0.0,2.0,2.0,0.0,0.0,0.0,93.0,1.0,59.0,India,Sri Lanka,India,"{""runs"": 62}",0,India,38.2,,0.8,0.11
1278685,Sri Lanka,,,,,,,18.0,1.0,17.0,Sri Lanka,India,India,"{""wickets"": 7}",0,India,,1.0,0.6,0.11
1278686,Sri Lanka,112.0,4.0,100.0,10.0,1.0,6.72,,,,Sri Lanka,India,India,"{""wickets"": 6}",0,India,,,0.4,0.11
1298135,Sri Lanka,16.0,2.0,20.0,0.0,0.0,4.8,38.0,0.0,18.0,Namibia,Sri Lanka,Namibia,"{""runs"": 55}",0,Namibia,,,0.2,0.25
1298143,Sri Lanka,,,,,,,7.0,1.0,14.0,Sri Lanka,Netherlands,Sri Lanka,"{""runs"": 16}",1,Netherlands,,,0.2,0.5
1298149,Sri Lanka,,,,,,,14.0,1.0,16.0,Ireland,Sri Lanka,Sri Lanka,"{""wickets"": 9}",1,Ireland,,,0.4,0.5
1322362,Sri Lanka,55.0,2.0,30.0,4.0,4.0,11.0,5.0,1.0,6.0,Sri Lanka,New Zealand,,,0,New Zealand,,,0.4,0.0
1322363,Sri Lanka,27.0,6.0,27.0,3.0,1.0,6.0,,,,Sri Lanka,New Zealand,New Zealand,"{""wickets"": 9}",0,New Zealand,,,0.4,0.0
1322364,Sri Lanka,32.0,2.0,27.0,3.0,1.0,7.11,1.0,0.0,1.0,Sri Lanka,New Zealand,New Zealand,"{""wickets"": 4}",0,New Zealand,,,0.4,0.0
1327273,Sri Lanka,89.0,6.0,66.0,10.0,1.0,8.09,51.0,2.0,30.0,Bangladesh,Sri Lanka,Sri Lanka,"{""wickets"": 2}",1,Bangladesh,,,0.4,0.25
1327277,Sri Lanka,42.0,1.0,24.0,4.0,1.0,10.5,8.0,1.0,9.0,India,Sri Lanka,Sri Lanka,"{""wickets"": 6}",1,India,49.0,,0.4,0.11
1327280,Sri Lanka,90.0,5.0,79.0,9.0,2.0,6.84,105.0,7.0,98.0,Pakistan,Sri Lanka,Sri Lanka,"{""wickets"": 5}",1,Pakistan,56.0,,0.6,0.23
1327281,Sri Lanka,149.0,5.0,104.0,14.0,5.0,8.6,114.0,8.0,97.0,Sri Lanka,Pakistan,Sri Lanka,"{""runs"": 23}",1,Pakistan,80.4,3.6,0.8,0.23
1348640,Sri Lanka,0.0,1.0,1.0,0.0,0.0,0.0,46.0,2.0,36.0,India,Sri Lanka,India,"{""runs"": 2}",0,India,74.0,4.0,0.8,0.11
1348641,Sri Lanka,37.0,1.0,18.0,3.0,2.0,12.33,12.0,2.0,9.0,Sri Lanka,India,Sri Lanka,"{""runs"": 16}",1,India,63.6,4.0,0.8,0.11
1348642,Sri Lanka,20.0,5.0,22.0,3.0,0.0,5.45,49.0,2.0,39.0,India,Sri Lanka,India,"{""runs"": 91}",0,India,59.2,4.2,0.6,0.11
1412542,Sri Lanka,13.0,3.0,24.0,1.0,0.0,3.25,63.0,1.0,43.0,Zimbabwe,Sri Lanka,Sri Lanka,"{""wickets"": 3}",1,Zimbabwe,43.8,3.0,0.6,0.33
1412543,Sri Lanka,25.0,0.0,24.0,2.0,0.0,6.25,8.0,1.0,5.0,Sri Lanka,Zimbabwe,Zimbabwe,"{""wickets"": 4}",0,Zimbabwe,19.0,1.6,0.4,0.33
1412544,Sri Lanka,25.0,0.0,17.0,2.0,1.0,8.82,10.0,1.0,12.0,Zimbabwe,Sri Lanka,Sri Lanka,"{""wickets"": 9}",1,Zimbabwe,24.0,1.4,0.6,0.33
1415715,Sri Lanka,90.0,9.0,98.0,9.0,2.0,5.51,89.0,6.0,82.0,Sri Lanka,Bangladesh,Bangladesh,"{""wickets"": 2}",0,Bangladesh,34.6,2.2,0.4,0.25
1415738,Sri Lanka,,,,,,,7.0,1.0,10.0,Sri Lanka,Netherlands,Sri Lanka,"{""runs"": 83}",1,Netherlands,,2.0,0.6,0.5
1419824,Sri Lanka,206.0,3.0,127.0,16.0,12.0,9.73,123.0,6.0,79.0,Sri Lanka,Bangladesh,Sri Lanka,"{""runs"": 3}",1,Bangladesh,,3.0,0.6,0.25
1419825,Sri Lanka,165.0,5.0,125.0,11.0,9.0,7.92,113.0,2.0,75.0,Sri Lanka,Bangladesh,Bangladesh,"{""wickets"": 8}",0,Bangladesh,,3.2,0.6,0.25
1419826,Sri Lanka,174.0,7.0,123.0,13.0,9.0,8.49,144.0,8.0,116.0,Sri Lanka,Bangladesh,Sri Lanka,"{""runs"": 28}",1,Bangladesh,,4.6,0.6,0.25
1442987,Sri Lanka,84.0,5.0,61.0,10.0,4.0,8.26,35.0,1.0,17.0,India,Sri Lanka,India,"{""runs"": 43}",0,India,,3.6,0.6,0.11
1442988,Sri Lanka,77.0,5.0,62.0,10.0,1.0,7.45,,,,Sri Lanka,India,India,"{""wickets"": 7}",0,India,141.2,,0.4,0.11
1442989,Sri Lanka,75.0,7.0,72.0,8.0,0.0,6.25,76.0,3.0,66.0,India,Sri Lanka,,,0,India,115.0,,0.2,0.11
1485508,Sri Lanka,135.0,3.0,91.0,12.0,6.0,8.9,124.0,4.0,98.0,Bangladesh,Sri Lanka,Sri Lanka,"{""wickets"": 7}",1,Bangladesh,109.0,,0.4,0.25
1485509,Sri Lanka,68.0,10.0,79.0,7.0,1.0,5.16,176.0,6.0,120.0,Bangladesh,Sri Lanka,Bangladesh,"{""runs"": 83}",0,Bangladesh,87.8,,0.2,0.25
1485510,Sri Lanka,132.0,7.0,123.0,10.0,3.0,6.44,133.0,2.0,99.0,Sri Lanka,Bangladesh,Bangladesh,"{""wickets"": 8}",0,Bangladesh,97.4,,0.2,0.25
1492823,Sri Lanka,26.0,2.0,25.0,0.0,0.0,6.24,28.0,1.0,22.0,Zimbabwe,Sri Lanka,Sri Lanka,"{""wickets"": 4}",1,Zimbabwe,87.2,3.2,0.4,0.33
1492824,Sri Lanka,11.0,5.0,26.0,0.0,0.0,2.54,3.0,1.0,8.0,Sri Lanka,Zimbabwe,Zimbabwe,"{""wickets"": 5}",0,Zimbabwe,74.4,2.8,0.4,0.33
1492825,Sri Lanka,29.0,2.0,26.0,1.0,1.0,6.69,32.0,1.0,20.0,Zimbabwe,Sri Lanka,Sri Lanka,"{""wickets"": 8}",1,Zimbabwe,53.2,2.2,0.4,0.33
1496924,Sri Lanka,140.0,4.0,95.0,11.0,4.0,8.84,139.0,5.0,125.0,Bangladesh,Sri Lanka,Sri Lanka,"{""wickets"": 6}",1,Bangladesh,67.6,2.0,0.6,0.25
1496932,Sri Lanka,168.0,7.0,122.0,9.0,11.0,8.26,169.0,6.0,121.0,Sri Lanka,Bangladesh,Bangladesh,"{""wickets"": 4}",0,Bangladesh,74.8,2.8,0.6,0.25
1496934,Sri Lanka,133.0,8.0,124.0,10.0,5.0,6.44,138.0,5.0,110.0,Sri Lanka,Pakistan,Pakistan,"{""wickets"": 5}",0,Pakistan,96.2,3.6,0.4,0.23
1496937,Sri Lanka,134.0,6.0,83.0,11.0,6.0,9.69,123.0,2.0,72.0,India,Sri Lanka,,,0,India,120.8,3.8,0.4,0.11
1283032,Swaziland,11.0,1.0,6.0,0.0,0.0,11.0,1.0,1.0,2.0,Swaziland,Uganda,Uganda,"{""wickets"": 6}",0,Uganda,,,,0.0
1318362,Sweden,,,,,,,8.0,1.0,5.0,Germany,Sweden,Germany,"{""runs"": 29}",0,Germany,,,,0.0
1384594,Switzerland,22.0,0.0,24.0,2.0,0.0,5.5,60.0,0.0,38.0,France,Switzerland,Switzerland,"{""wickets"": 6}",1,France,,,,0.5
1289046,Tanzania,27.0,2.0,24.0,2.0,1.0,6.75,,,,Tanzania,Uganda,Uganda,"{""wickets"": 8}",0,Uganda,,,,0.1
1289050,Tanzania,,,,,,,1.0,1.0,7.0,Tanzania,Uganda,Uganda,"{""wickets"": 6}",0,Uganda,,,,0.1
1332510,Tanzania,,,,,,,99.0,0.0,54.0,Tanzania,Uganda,Uganda,"{""wickets"": 8}",0,Uganda,,,,0.1
1407090,Tanzania,14.0,2.0,24.0,0.0,1.0,3.5,47.0,0.0,27.0,Tanzania,Uganda,Uganda,"{""wickets"": 8}",0,Uganda,,,,0.1
1407093,Tanzania,10.0,4.0,25.0,0.0,0.0,2.4,,,,Tanzania,Zimbabwe,Zimbabwe,"{""wickets"": 9}",0,Zimbabwe,,,0.0,0.0
1407103,Tanzania,19.0,1.0,19.0,3.0,0.0,6.0,40.0,0.0,25.0,Namibia,Tanzania,Namibia,"{""runs"": 58}",0,Namibia,,,0.0,0.0
1424763,Tanzania,0.0,3.0,3.0,0.0,0.0,0.0,24.0,0.0,23.0,Tanzania,Namibia,Namibia,"{""wickets"": 7}",0,Namibia,,,0.0,0.0
1502748,Tanzania,0.0,1.0,1.0,0.0,0.0,0.0,2.0,1.0,4.0,Tanzania,Uganda,Tanzania,"{""runs"": 9}",1,Uganda,8.6,,0.2,0.1
1502751,Tanzania,6.0,2.0,12.0,0.0,0.0,3.0,19.0,1.0,9.0,Zimbabwe,Tanzania,Zimbabwe,"{""runs"": 113}",0,Zimbabwe,7.0,,0.2,0.0
1502755,Tanzania,16.0,3.0,25.0,2.0,0.0,3.84,66.0,0.0,43.0,Namibia,Tanzania,Namibia,"{""runs"": 63}",0,Namibia,8.2,0.4,0.2,0.0
1217744,Thailand,20.0,4.0,37.0,2.0,0.0,3.24,36.0,0.0,18.0,Thailand,Nepal,Nepal,"{""wickets"": 9}",0,Nepal,,,,0.0
1482820,Thailand,11.0,1.0,12.0,2.0,0.0,5.5,3.0,0.0,2.0,Japan,Thailand,Japan,"{""runs"": 61}",0,Japan,,,,0.25
1482825,Thailand,14.0,1.0,25.0,0.0,1.0,3.36,,,,Japan,Thailand,Thailand,"{""wickets"": 6}",1,Japan,,,,0.25
1436489,Turkey,3.0,3.0,11.0,0.0,0.0,1.64,14.0,1.0,12.0,France,Turkey,France,"{""runs"": 40}",0,France,,,,0.0
1184260,Uganda,24.0,1.0,21.0,0.0,2.0,6.86,,,,Uganda,Botswana,Uganda,"{""runs"": 52}",1,Botswana,,,,0.5
1184262,Uganda,19.0,1.0,16.0,0.0,2.0,7.12,23.0,3.0,24.0,Uganda,Namibia,Namibia,"{""runs"": 42}",0,Namibia,,,,0.06
1184266,Uganda,53.0,0.0,36.0,5.0,2.0,8.83,15.0,0.0,10.0,Uganda,Ghana,Uganda,"{""wickets"": 7}",1,Ghana,,,,0.5
1184902,Uganda,45.0,0.0,36.0,3.0,2.0,7.5,23.0,0.0,18.0,Uganda,Kenya,Kenya,"{""runs"": 1}",0,Kenya,,,,0.32
1257404,Uganda,25.0,1.0,15.0,1.0,2.0,10.0,38.0,2.0,23.0,Uganda,Namibia,Namibia,"{""wickets"": 7}",0,Namibia,33.2,,0.4,0.06
1257405,Uganda,0.0,1.0,1.0,0.0,0.0,0.0,68.0,4.0,58.0,Namibia,Uganda,Namibia,"{""runs"": 20}",0,Namibia,28.4,1.8,0.2,0.06
1257406,Uganda,34.0,4.0,21.0,1.0,3.0,9.71,96.0,1.0,61.0,Namibia,Uganda,Namibia,"{""runs"": 65}",0,Namibia,31.4,1.4,0.2,0.06
1275040,Uganda,40.0,1.0,23.0,3.0,3.0,10.43,0.0,1.0,1.0,Uganda,Nigeria,Uganda,"{""runs"": 56}",1,Nigeria,28.8,1.6,0.2,0.5
1275043,Uganda,15.0,0.0,5.0,3.0,0.0,18.0,15.0,0.0,13.0,Nigeria,Uganda,Uganda,"{""wickets"": 8}",1,Nigeria,22.8,1.6,0.4,0.5
1275044,Uganda,33.0,1.0,30.0,2.0,1.0,6.6,22.0,1.0,20.0,Kenya,Uganda,Kenya,"{""runs"": 22}",0,Kenya,24.4,1.4,0.4,0.32
1275047,Uganda,63.0,1.0,35.0,4.0,4.0,10.8,20.0,1.0,14.0,Uganda,Nigeria,Uganda,"{""runs"": 55}",1,Nigeria,37.0,0.8,0.6,0.5
1275051,Uganda,4.0,2.0,7.0,0.0,0.0,3.43,0.0,1.0,1.0,Uganda,Kenya,Uganda,"{""runs"": 6}",1,Kenya,31.0,0.8,0.8,0.32
1283024,Uganda,,,,,,,13.0,2.0,20.0,Malawi,Uganda,Uganda,"{""wickets"": 10}",1,Malawi,,1.0,0.8,0.5
1283028,Uganda,11.0,1.0,8.0,2.0,0.0,8.25,,,,Uganda,Rwanda,Uganda,"{""runs"": 106}",1,Rwanda,,,0.8,0.5
1283030,Uganda,,,,,,,0.0,1.0,1.0,Lesotho,Uganda,Uganda,"{""wickets"": 10}",1,Lesotho,,,1.0,0.5
1283032,Uganda,1.0,1.0,2.0,0.0,0.0,3.0,11.0,1.0,6.0,Swaziland,Uganda,Uganda,"{""wickets"": 6}",1,Swaziland,,,1.0,0.5
1283037,Uganda,15.0,1.0,13.0,2.0,0.0,6.92,9.0,2.0,24.0,Uganda,Ghana,Uganda,"{""runs"": 79}",1,Ghana,,,1.0,0.5
1289043,Uganda,0.0,1.0,2.0,0.0,0.0,0.0,27.0,3.0,20.0,Kenya,Uganda,Kenya,"{""runs"": 1}",0,Kenya,,,0.8,0.32
1289044,Uganda,42.0,1.0,27.0,2.0,2.0,9.33,,,,Uganda,Nigeria,Uganda,"{""runs"": 12}",1,Nigeria,,,0.8,0.5
1289046,Uganda,,,,,,,27.0,2.0,24.0,Tanzania,Uganda,Uganda,"{""wickets"": 8}",1,Tanzania,,,0.8,0.4
1289049,Uganda,28.0,0.0,26.0,1.0,1.0,6.46,12.0,7.0,22.0,Nigeria,Uganda,Uganda,"{""wickets"": 8}",1,Nigeria,,,0.8,0.5
1289050,Uganda,1.0,1.0,7.0,0.0,0.0,0.86,,,,Tanzania,Uganda,Uganda,"{""wickets"": 6}",1,Tanzania,,,0.8,0.4
1289052,Uganda,43.0,0.0,31.0,3.0,2.0,8.32,36.0,1.0,19.0,Kenya,Uganda,Uganda,"{""wickets"": 6}",1,Kenya,,,1.0,0.32
1309701,Uganda,27.0,3.0,39.0,0.0,1.0,4.15,51.0,1.0,36.0,Uganda,Namibia,Namibia,"{""wickets"": 8}",0,Namibia,,,0.8,0.06
1309702,Uganda,101.0,0.0,66.0,11.0,4.0,9.18,76.0,3.0,57.0,Namibia,Uganda,Uganda,"{""wickets"": 7}",1,Namibia,40.0,,0.8,0.06
1309703,Uganda,22.0,9.0,38.0,1.0,0.0,3.47,120.0,4.0,65.0,Namibia,Uganda,Namibia,"{""runs"": 52}",0,Namibia,38.8,,0.6,0.06
1321468,Uganda,31.0,0.0,42.0,2.0,0.0,4.43,20.0,2.0,21.0,Hong Kong,Uganda,Uganda,"{""wickets"": 2}",1,Hong Kong,44.8,2.2,0.6,0.5
1321472,Uganda,50.0,1.0,46.0,3.0,2.0,6.52,22.0,0.0,12.0,Uganda,Papua New Guinea,Papua New Guinea,"{""wickets"": 8}",0,Papua New Guinea,46.2,2.0,0.4,0.25
1321473,Uganda,29.0,1.0,41.0,1.0,0.0,4.24,43.0,1.0,27.0,Netherlands,Uganda,Netherlands,"{""runs"": 97}",0,Netherlands,46.6,2.0,0.4,0.0
1321477,Uganda,1.0,1.0,4.0,0.0,0.0,1.5,,,,Uganda,Jersey,Uganda,"{""runs"": 5}",1,Jersey,26.6,,0.4,0.5
1321481,Uganda,14.0,1.0,16.0,0.0,0.0,5.25,,,,Uganda,Hong Kong,Uganda,"{""runs"": 4}",1,Hong Kong,25.0,,0.6,0.5
1332496,Uganda,37.0,0.0,30.0,5.0,0.0,7.4,14.0,0.0,19.0,Botswana,Uganda,Uganda,"{""wickets"": 7}",1,Botswana,26.2,,0.6,0.5
1332501,Uganda,17.0,0.0,10.0,3.0,0.0,10.2,34.0,2.0,24.0,Ghana,Uganda,Uganda,"{""wickets"": 8}",1,Ghana,19.6,,0.8,0.5
1332503,Uganda,23.0,2.0,17.0,3.0,0.0,8.12,15.0,0.0,18.0,Uganda,Mozambique,Uganda,"{""runs"": 38}",1,Mozambique,18.4,,1.0,0.5
1332508,Uganda,49.0,1.0,44.0,3.0,3.0,6.68,16.0,2.0,26.0,Kenya,Uganda,Uganda,"{""wickets"": 3}",1,Kenya,28.0,,1.0,0.32
1332510,Uganda,99.0,0.0,54.0,5.0,6.0,11.0,,,,Tanzania,Uganda,Uganda,"{""wickets"": 8}",1,Tanzania,45.0,,1.0,0.4
1379575,Uganda,15.0,0.0,7.0,0.0,2.0,12.86,8.0,0.0,12.0,Botswana,Uganda,Uganda,"{""wickets"": 7}",1,Botswana,40.6,,1.0,0.5
1379577,Uganda,0.0,1.0,1.0,0.0,0.0,0.0,51.0,2.0,26.0,Kenya,Uganda,Kenya,"{""runs"": 88}",0,Kenya,37.2,,0.8,0.32
1379578,Uganda,7.0,0.0,8.0,0.0,0.0,5.25,,,,Rwanda,Uganda,Uganda,"{""wickets"": 8}",1,Rwanda,34.0,,0.8,0.5
1379581,Uganda,4.0,1.0,2.0,1.0,0.0,12.0,21.0,3.0,20.0,Kenya,Uganda,Uganda,"{""wickets"": 5}",1,Kenya,25.0,,0.8,0.32
1379583,Uganda,29.0,1.0,21.0,1.0,2.0,8.29,0.0,1.0,1.0,Uganda,Botswana,Uganda,"{""runs"": 64}",1,Botswana,11.0,,0.8,0.5
1379584,Uganda,30.0,0.0,21.0,3.0,2.0,8.57,8.0,1.0,12.0,Rwanda,Uganda,Uganda,"{""wickets"": 7}",1,Rwanda,14.0,,0.8,0.5
1379587,Uganda,42.0,1.0,27.0,6.0,0.0,9.33,0.0,3.0,3.0,Uganda,Rwanda,Uganda,"{""runs"": 94}",1,Rwanda,22.4,,1.0,0.5
1379589,Uganda,43.0,1.0,31.0,2.0,3.0,8.32,29.0,4.0,25.0,Uganda,Kenya,Uganda,"{""runs"": 47}",1,Kenya,29.6,2.4,1.0,0.32
1379592,Uganda,0.0,1.0,4.0,0.0,0.0,0.0,23.0,2.0,19.0,Uganda,Kenya,Uganda,"{""runs"": 1}",1,Kenya,28.8,2.2,1.0,0.32
1407090,Uganda,47.0,0.0,27.0,1.0,3.0,10.44,14.0,2.0,24.0,Tanzania,Uganda,Uganda,"{""wickets"": 8}",1,Tanzania,32.4,2.4,1.0,0.4
1407095,Uganda,41.0,2.0,36.0,1.0,1.0,6.83,18.0,2.0,22.0,Uganda,Namibia,Namibia,"{""wickets"": 6}",0,Namibia,34.6,2.6,0.8,0.06
1407099,Uganda,65.0,1.0,41.0,6.0,2.0,9.51,71.0,1.0,54.0,Zimbabwe,Uganda,Uganda,"{""wickets"": 5}",1,Zimbabwe,39.2,2.2,0.8,0.25
1407100,Uganda,,,,,,,11.0,2.0,20.0,Nigeria,Uganda,Uganda,"{""wickets"": 9}",1,Nigeria,,1.8,0.8,0.5
1407106,Uganda,26.0,1.0,24.0,1.0,1.0,6.5,24.0,3.0,20.0,Uganda,Kenya,Uganda,"{""runs"": 33}",1,Kenya,,2.0,0.8,0.32
1407108,Uganda,,,,,,,5.0,2.0,13.0,Rwanda,Uganda,Uganda,"{""wickets"": 9}",1,Rwanda,,2.0,0.8,0.5
1415709,Uganda,42.0,2.0,61.0,1.0,0.0,4.13,,,,Papua New Guinea,Uganda,Uganda,"{""wickets"": 3}",1,Papua New Guinea,,,1.0,0.25
1415718,Uganda,4.0,1.0,9.0,0.0,0.0,2.67,,,,West Indies,Uganda,West Indies,"{""runs"": 134}",0,West Indies,,,0.8,0.0
1415732,Uganda,4.0,1.0,15.0,0.0,0.0,1.6,10.0,1.0,10.0,Uganda,New Zealand,New Zealand,"{""wickets"": 9}",0,New Zealand,,,0.6,0.0
1424764,Uganda,0.0,1.0,1.0,0.0,0.0,0.0,9.0,1.0,14.0,Namibia,Uganda,Namibia,"{""runs"": 24}",0,Namibia,,,0.4,0.06
1457350,Uganda,3.0,1.0,5.0,0.0,0.0,3.6,,,,Bahrain,Uganda,Bahrain,"{""runs"": 17}",0,Bahrain,10.6,,0.2,0.0
1462912,Uganda,12.0,1.0,8.0,3.0,0.0,9.0,,,,Uganda,Botswana,Uganda,"{""runs"": 78}",1,Botswana,4.6,,0.2,0.5
1462915,Uganda,7.0,1.0,5.0,1.0,0.0,8.4,,,,Nigeria,Uganda,Uganda,"{""wickets"": 5}",1,Nigeria,5.2,,0.4,0.5
1462917,Uganda,0.0,1.0,1.0,0.0,0.0,0.0,,,,Uganda,Nigeria,Uganda,"{""runs"": 23}",1,Nigeria,4.4,,0.6,0.5
1462921,Uganda,29.0,1.0,21.0,5.0,0.0,8.29,0.0,1.0,1.0,Uganda,Rwanda,Uganda,"{""runs"": 112}",1,Rwanda,10.2,,0.8,0.5
1462925,Uganda,19.0,0.0,16.0,1.0,0.0,7.12,,,,Nigeria,Uganda,Uganda,"{""wickets"": 7}",1,Nigeria,13.4,,1.0,0.5
1462928,Uganda,36.0,1.0,15.0,4.0,2.0,14.4,19.0,0.0,12.0,Uganda,Botswana,Uganda,"{""runs"": 108}",1,Botswana,18.2,,1.0,0.5
1462930,Uganda,47.0,0.0,42.0,3.0,0.0,6.71,15.0,2.0,16.0,Uganda,Botswana,Uganda,"{""runs"": 32}",1,Botswana,26.2,,1.0,0.5
1462931,Uganda,45.0,1.0,33.0,2.0,4.0,8.18,0.0,1.0,1.0,Uganda,Rwanda,Uganda,"{""runs"": 86}",1,Rwanda,35.2,,1.0,0.5
1462932,Uganda,43.0,1.0,50.0,3.0,1.0,5.16,0.0,4.0,4.0,Nigeria,Uganda,Uganda,"{""wickets"": 6}",1,Nigeria,38.0,,1.0,0.5
1502745,Uganda,51.0,2.0,44.0,3.0,1.0,6.95,24.0,1.0,16.0,Uganda,Zimbabwe,Zimbabwe,"{""wickets"": 5}",0,Zimbabwe,44.4,1.6,0.8,0.25
1502748,Uganda,2.0,1.0,4.0,0.0,0.0,3.0,0.0,1.0,1.0,Tanzania,Uganda,Tanzania,"{""runs"": 9}",0,Tanzania,37.6,1.8,0.6,0.4
1502752,Uganda,,,,,,,7.0,2.0,13.0,Botswana,Uganda,Uganda,"{""wickets"": 8}",1,Botswana,,1.8,0.6,0.5
1502758,Uganda,19.0,0.0,8.0,2.0,1.0,14.25,7.0,0.0,12.0,Uganda,Malawi,Uganda,"{""runs"": 117}",1,Malawi,,1.6,0.6,0.5
1502761,Uganda,73.0,2.0,33.0,6.0,4.0,13.27,19.0,0.0,7.0,Uganda,Nigeria,Uganda,"{""runs"": 66}",1,Nigeria,,0.8,0.6,0.5
682911,United Arab Emirates,10.0,1.0,7.0,0.0,1.0,8.57,,,,Ireland,United Arab Emirates,Ireland,"{""runs"": 21}",0,Ireland,,,,0.33
682917,United Arab Emirates,15.0,3.0,20.0,1.0,0.0,4.5,9.0,1.0,14.0,United Arab Emirates,Zimbabwe,Zimbabwe,"{""wickets"": 5}",0,Zimbabwe,,,,0.0
930573,United Arab Emirates,45.0,2.0,33.0,2.0,3.0,8.18,49.0,1.0,35.0,United Arab Emirates,Oman,United Arab Emirates,"{""wickets"": 7}",1,Oman,,,,0.25
954743,United Arab Emirates,39.0,1.0,28.0,0.0,3.0,8.36,5.0,2.0,5.0,United Arab Emirates,Ireland,United Arab Emirates,"{""runs"": 5}",1,Ireland,,,,0.33
966743,United Arab Emirates,52.0,0.0,31.0,3.0,3.0,10.06,50.0,1.0,44.0,Oman,United Arab Emirates,United Arab Emirates,"{""runs"": 71}",1,Oman,32.2,,0.6,0.25
966749,United Arab Emirates,37.0,6.0,46.0,4.0,2.0,4.83,25.0,3.0,19.0,Bangladesh,United Arab Emirates,Bangladesh,"{""runs"": 51}",0,Bangladesh,37.6,1.6,0.6,0.17
1074965,United Arab Emirates,24.0,2.0,28.0,2.0,0.0,5.14,7.0,0.0,4.0,United Arab Emirates,Ireland,Ireland,"{""runs"": 24}",0,Ireland,39.4,1.4,0.6,0.33
1170457,United Arab Emirates,59.0,1.0,43.0,8.0,1.0,8.23,32.0,2.0,27.0,United Arab Emirates,Nepal,United Arab Emirates,"{""runs"": 21}",1,Nepal,42.2,1.6,0.6,0.23
1170458,United Arab Emirates,38.0,4.0,45.0,3.0,1.0,5.07,22.0,1.0,23.0,United Arab Emirates,Nepal,Nepal,"{""wickets"": 4}",0,Nepal,42.0,1.4,0.4,0.23
1170459,United Arab Emirates,35.0,3.0,25.0,2.0,2.0,8.4,10.0,2.0,6.0,United Arab Emirates,Nepal,Nepal,"{""runs"": 14}",0,Nepal,38.6,1.6,0.2,0.23
1177484,United Arab Emirates,,,,,,,1.0,0.0,1.0,United Arab Emirates,United States of America,,,0,United States of America,,1.0,0.2,0.25
1177485,United Arab Emirates,,,,,,,1.0,0.0,1.0,United Arab Emirates,United States of America,United Arab Emirates,"{""runs"": 24}",1,United States of America,,1.0,0.4,0.25
1199502,United Arab Emirates,84.0,8.0,90.0,8.0,1.0,5.6,66.0,0.0,68.0,United Arab Emirates,Oman,Oman,"{""wickets"": 7}",0,Oman,,0.6,0.2,0.25
1199507,United Arab Emirates,17.0,0.0,6.0,4.0,0.0,17.0,1.0,1.0,2.0,United Arab Emirates,Ireland,United Arab Emirates,"{""wickets"": 5}",1,Ireland,,0.6,0.4,0.33
1199540,United Arab Emirates,21.0,4.0,25.0,2.0,0.0,5.04,18.0,1.0,11.0,United Arab Emirates,Canada,United Arab Emirates,"{""runs"": 14}",1,Canada,,0.4,0.6,0.5
1280060,United Arab Emirates,0.0,1.0,1.0,0.0,0.0,0.0,,,,United Arab Emirates,Ireland,Ireland,"{""wickets"": 7}",0,Ireland,,,0.6,0.33
1280061,United Arab Emirates,,,,,,,20.0,1.0,18.0,United Arab Emirates,Ireland,United Arab Emirates,"{""runs"": 54}",1,Ireland,,,0.6,0.33
1280062,United Arab Emirates,,,,,,,1.0,1.0,2.0,Ireland,United Arab Emirates,United Arab Emirates,"{""wickets"": 7}",1,Ireland,,,0.8,0.33
1298136,United Arab Emirates,,,,,,,13.0,1.0,8.0,United Arab Emirates,Netherlands,Netherlands,"{""wickets"": 3}",0,Netherlands,,,0.6,0.0
1298144,United Arab Emirates,39.0,0.0,24.0,2.0,3.0,9.75,3.0,1.0,3.0,United Arab Emirates,Namibia,United Arab Emirates,"{""runs"": 7}",1,Namibia,,,0.6,0.5
1299568,United Arab Emirates,,,,,,,11.0,1.0,9.0,United Arab Emirates,Ireland,United Arab Emirates,"{""runs"": 18}",1,Ireland,,1.0,0.8,0.33
1299580,United Arab Emirates,,,,,,,2.0,1.0,4.0,United Arab Emirates,Nepal,United Arab Emirates,"{""runs"": 68}",1,Nepal,,1.0,0.8,0.23
1299592,United Arab Emirates,,,,,,,1.0,1.0,2.0,United Arab Emirates,Ireland,United Arab Emirates,"{""runs"": 13}",1,Ireland,,1.0,0.8,0.33
1299595,United Arab Emirates,72.0,3.0,63.0,3.0,5.0,6.86,37.0,1.0,23.0,United Arab Emirates,Oman,Oman,"{""wickets"": 7}",0,Oman,,1.0,0.8,0.25
1299638,United Arab Emirates,0.0,1.0,1.0,0.0,0.0,0.0,37.0,1.0,31.0,United Arab Emirates,Nepal,United Arab Emirates,"{""runs"": 25}",1,Nepal,,1.0,0.8,0.23
1336031,United Arab Emirates,124.0,9.0,99.0,15.0,2.0,7.52,132.0,1.0,93.0,Bangladesh,United Arab Emirates,Bangladesh,"{""runs"": 7}",0,Bangladesh,,1.0,0.6,0.17
1336032,United Arab Emirates,84.0,4.0,73.0,6.0,3.0,6.9,62.0,2.0,40.0,Bangladesh,United Arab Emirates,Bangladesh,"{""runs"": 32}",0,Bangladesh,,1.2,0.4,0.17
1397439,United Arab Emirates,138.0,5.0,106.0,6.0,10.0,7.81,99.0,4.0,63.0,United Arab Emirates,Oman,Oman,"{""wickets"": 5}",0,Oman,83.6,1.8,0.2,0.25
1403288,United Arab Emirates,56.0,5.0,59.0,5.0,1.0,5.69,35.0,2.0,37.0,United Arab Emirates,Nepal,Nepal,"{""wickets"": 7}",0,Nepal,80.4,2.0,0.2,0.23
1403292,United Arab Emirates,98.0,5.0,75.0,11.0,3.0,7.84,71.0,3.0,57.0,United Arab Emirates,Nepal,Nepal,"{""wickets"": 5}",0,Nepal,100.0,2.4,0.0,0.23
1403294,United Arab Emirates,88.0,2.0,57.0,9.0,3.0,9.26,46.0,3.0,41.0,Nepal,United Arab Emirates,United Arab Emirates,"{""wickets"": 4}",1,Nepal,92.8,2.8,0.2,0.23
1405326,United Arab Emirates,53.0,6.0,55.0,6.0,2.0,5.78,66.0,0.0,52.0,United Arab Emirates,Nepal,Nepal,"{""wickets"": 8}",0,Nepal,86.6,2.4,0.2,0.23
1421079,United Arab Emirates,19.0,0.0,24.0,1.0,0.0,4.75,,,,Scotland,United Arab Emirates,Scotland,"{""runs"": 9}",0,Scotland,62.8,,0.2,0.0
1421080,United Arab Emirates,,,,,,,0.0,1.0,1.0,Scotland,United Arab Emirates,Scotland,"{""runs"": 32}",0,Scotland,,,0.2,0.0
1426467,United Arab Emirates,89.0,5.0,71.0,7.0,2.0,7.52,93.0,1.0,38.0,United Arab Emirates,Oman,Oman,"{""wickets"": 9}",0,Oman,,,0.2,0.25
1426475,United Arab Emirates,53.0,2.0,43.0,5.0,2.0,7.4,32.0,4.0,33.0,Nepal,United Arab Emirates,United Arab Emirates,"{""wickets"": 6}",1,Nepal,,,0.2,0.23
1426478,United Arab Emirates,153.0,4.0,97.0,14.0,7.0,9.46,86.0,5.0,78.0,United Arab Emirates,Oman,United Arab Emirates,"{""runs"": 55}",1,Oman,,,0.4,0.25
1450817,United Arab Emirates,0.0,2.0,2.0,0.0,0.0,0.0,100.0,2.0,51.0,United Arab Emirates,Namibia,United Arab Emirates,"{""runs"": 40}",1,Namibia,,2.6,0.6,0.5
1450818,United Arab Emirates,21.0,3.0,25.0,1.0,1.0,5.04,26.0,2.0,18.0,United States of America,United Arab Emirates,United States of America,"{""runs"": 15}",0,United States of America,63.2,2.8,0.6,0.25
1450820,United Arab Emirates,,,,,,,29.0,2.0,41.0,Namibia,United Arab Emirates,United Arab Emirates,"{""wickets"": 6}",1,Namibia,,3.0,0.8,0.5
1450821,United Arab Emirates,55.0,3.0,39.0,3.0,4.0,8.46,90.0,3.0,56.0,United Arab Emirates,United States of America,United Arab Emirates,"{""runs"": 6}",1,United States of America,,2.8,0.8,0.25
1463656,United Arab Emirates,41.0,3.0,40.0,5.0,0.0,6.15,24.0,0.0,14.0,United Arab Emirates,Oman,United Arab Emirates,"{""runs"": 24}",1,Oman,,1.8,0.8,0.25
1484051,United Arab Emirates,164.0,10.0,123.0,18.0,7.0,8.0,191.0,7.0,128.0,Bangladesh,United Arab Emirates,Bangladesh,"{""runs"": 27}",0,Bangladesh,,2.8,0.6,0.17
1484052,United Arab Emirates,206.0,8.0,127.0,15.0,13.0,9.73,177.0,4.0,107.0,Bangladesh,United Arab Emirates,United Arab Emirates,"{""wickets"": 2}",1,Bangladesh,,3.2,0.8,0.17
1486582,United Arab Emirates,166.0,3.0,120.0,10.0,11.0,8.3,162.0,9.0,127.0,Bangladesh,United Arab Emirates,United Arab Emirates,"{""wickets"": 7}",1,Bangladesh,126.4,4.6,0.8,0.17
1496921,United Arab Emirates,7.0,5.0,14.0,0.0,0.0,3.0,53.0,1.0,28.0,United Arab Emirates,India,India,"{""wickets"": 9}",0,India,116.8,4.2,0.6,0.0
1496926,United Arab Emirates,16.0,0.0,18.0,1.0,1.0,5.33,15.0,0.0,11.0,United Arab Emirates,Oman,United Arab Emirates,"{""runs"": 42}",1,Oman,111.8,4.2,0.6,0.25
1496929,United Arab Emirates,105.0,10.0,110.0,6.0,2.0,5.73,143.0,8.0,124.0,Pakistan,United Arab Emirates,Pakistan,"{""runs"": 41}",0,Pakistan,100.0,4.4,0.6,0.0
1497874,United Arab Emirates,176.0,8.0,125.0,13.0,10.0,8.45,148.0,9.0,98.0,Pakistan,United Arab Emirates,Pakistan,"{""runs"": 31}",0,Pakistan,94.0,5.4,0.4,0.0
1497877,United Arab Emirates,140.0,7.0,122.0,7.0,6.0,6.89,167.0,4.0,116.0,Pakistan,United Arab Emirates,Pakistan,"{""runs"": 31}",0,Pakistan,88.8,4.4,0.2,0.0
1503460,United Arab Emirates,20.0,2.0,20.0,1.0,1.0,6.0,71.0,2.0,65.0,Nepal,United Arab Emirates,Nepal,"{""runs"": 1}",0,Nepal,91.4,4.6,0.2,0.23
1503462,United Arab Emirates,13.0,1.0,18.0,2.0,0.0,4.33,15.0,1.0,29.0,United Arab Emirates,Oman,Oman,"{""wickets"": 5}",0,Oman,90.8,4.8,0.0,0.25
1503467,United Arab Emirates,24.0,0.0,12.0,2.0,2.0,12.0,11.0,0.0,13.0,Japan,United Arab Emirates,United Arab Emirates,"{""wickets"": 8}",1,Japan,74.6,3.2,0.2,0.5
1177484,United States of America,1.0,0.0,1.0,0.0,0.0,6.0,,,,United Arab Emirates,United States of America,,,0,United Arab Emirates,,,,0.12
1177485,United States of America,1.0,0.0,1.0,0.0,0.0,6.0,,,,United Arab Emirates,United States of America,United Arab Emirates,"{""runs"": 24}",0,United Arab Emirates,,,,0.12
1197396,United States of America,41.0,1.0,30.0,2.0,2.0,8.2,,,,Bermuda,United States of America,Bermuda,"{""runs"": 6}",0,Bermuda,,,,0.3
1197399,United States of America,18.0,0.0,19.0,0.0,0.0,5.68,6.0,1.0,12.0,Cayman Islands,United States of America,United States of America,"{""runs"": 10}",1,Cayman Islands,,,,0.5
1197401,United States of America,34.0,3.0,38.0,2.0,1.0,5.37,30.0,3.0,30.0,Canada,United States of America,Canada,"{""wickets"": 4}",0,Canada,19.0,,0.2,0.29
1197403,United States of America,4.0,1.0,5.0,0.0,0.0,4.8,,,,United States of America,Bermuda,Bermuda,"{""wickets"": 4}",0,Bermuda,19.6,,0.2,0.3
1197404,United States of America,,,,,,,7.0,2.0,24.0,Cayman Islands,United States of America,United States of America,"{""wickets"": 9}",1,Cayman Islands,,,0.4,0.5
1197406,United States of America,44.0,5.0,38.0,2.0,2.0,6.95,101.0,3.0,53.0,Canada,United States of America,Canada,"{""runs"": 15}",0,Canada,,,0.4,0.29
1286667,United States of America,,,,,,,5.0,1.0,7.0,Belize,United States of America,United States of America,"{""wickets"": 10}",1,Belize,,,0.4,0.5
1286673,United States of America,51.0,2.0,35.0,2.0,4.0,8.74,15.0,2.0,27.0,United States of America,Bermuda,United States of America,"{""runs"": 23}",1,Bermuda,,,0.6,0.3
1286674,United States of America,33.0,5.0,34.0,2.0,1.0,5.82,84.0,2.0,61.0,Canada,United States of America,,,0,Canada,,2.0,0.6,0.29
1286681,United States of America,18.0,0.0,21.0,1.0,0.0,5.14,13.0,0.0,12.0,Argentina,United States of America,United States of America,"{""wickets"": 8}",1,Argentina,,1.6,0.6,0.5
1286682,United States of America,45.0,0.0,41.0,4.0,1.0,6.59,0.0,1.0,1.0,Bahamas,United States of America,United States of America,"{""wickets"": 10}",1,Bahamas,,1.2,0.8,0.5
1291187,United States of America,,,,,,,33.0,2.0,25.0,United States of America,Ireland,United States of America,"{""runs"": 26}",1,Ireland,,1.4,0.8,0.25
1291188,United States of America,,,,,,,34.0,2.0,19.0,Ireland,United States of America,Ireland,"{""runs"": 9}",0,Ireland,,1.4,0.6,0.25
1321466,United States of America,38.0,1.0,30.0,2.0,1.0,7.6,40.0,0.0,33.0,Jersey,United States of America,United States of America,"{""wickets"": 8}",1,Jersey,,1.0,0.8,0.5
1321470,United States of America,10.0,1.0,10.0,1.0,0.0,6.0,8.0,1.0,8.0,United States of America,Singapore,United States of America,"{""runs"": 132}",1,Singapore,,1.2,0.8,0.5
1321475,United States of America,37.0,1.0,32.0,3.0,1.0,6.94,99.0,2.0,48.0,Zimbabwe,United States of America,Zimbabwe,"{""runs"": 46}",0,Zimbabwe,,1.4,0.6,0.0
1321480,United States of America,21.0,2.0,26.0,1.0,0.0,4.85,12.0,1.0,7.0,United States of America,Netherlands,Netherlands,"{""wickets"": 7}",0,Netherlands,,1.2,0.4,0.0
1321483,United States of America,8.0,1.0,12.0,1.0,0.0,4.0,,,,Papua New Guinea,United States of America,Papua New Guinea,"{""runs"": 5}",0,Papua New Guinea,22.8,,0.4,0.0
1415701,United States of America,140.0,1.0,76.0,9.0,10.0,11.05,80.0,3.0,55.0,Canada,United States of America,United States of America,"{""wickets"": 7}",1,Canada,43.2,,0.4,0.29
1415711,United States of America,146.0,4.0,112.0,13.0,4.0,7.82,157.0,5.0,120.0,Pakistan,United States of America,,,0,Pakistan,70.4,,0.2,0.0
1415725,United States of America,45.0,6.0,66.0,1.0,2.0,4.09,22.0,2.0,22.0,United States of America,India,India,"{""wickets"": 7}",0,India,72.0,,0.2,0.0
1415741,United States of America,45.0,3.0,39.0,2.0,3.0,6.92,69.0,3.0,52.0,South Africa,United States of America,South Africa,"{""runs"": 18}",0,South Africa,76.8,,0.2,0.0
1415746,United States of America,49.0,3.0,45.0,2.0,2.0,6.53,58.0,1.0,33.0,United States of America,West Indies,West Indies,"{""wickets"": 9}",0,West Indies,85.0,2.8,0.2,0.0
1415749,United States of America,35.0,4.0,41.0,4.0,1.0,5.12,62.0,0.0,28.0,United States of America,England,England,"{""wickets"": 10}",0,England,64.0,2.2,0.0,0.0
1425121,United States of America,26.0,2.0,26.0,3.0,0.0,6.0,65.0,4.0,52.0,Canada,United States of America,United States of America,"{""wickets"": 6}",1,Canada,40.0,2.0,0.2,0.29
1425122,United States of America,57.0,2.0,39.0,1.0,5.0,8.77,43.0,4.0,43.0,United States of America,Canada,United States of America,"{""runs"": 31}",1,Canada,42.4,2.4,0.4,0.29
1425124,United States of America,87.0,2.0,63.0,6.0,3.0,8.29,43.0,5.0,41.0,United States of America,Canada,United States of America,"{""runs"": 14}",1,Canada,50.8,2.8,0.6,0.29
1425125,United States of America,39.0,2.0,29.0,2.0,2.0,8.07,50.0,1.0,45.0,Canada,United States of America,United States of America,"{""wickets"": 4}",1,Canada,48.8,2.8,0.8,0.29
1425131,United States of America,122.0,5.0,99.0,7.0,5.0,7.39,140.0,4.0,102.0,Bangladesh,United States of America,United States of America,"{""wickets"": 5}",1,Bangladesh,66.2,3.6,1.0,0.33
1425132,United States of America,119.0,6.0,110.0,10.0,4.0,6.49,84.0,9.0,71.0,United States of America,Bangladesh,United States of America,"{""runs"": 6}",1,Bangladesh,84.8,4.6,1.0,0.33
1425133,United States of America,82.0,9.0,108.0,8.0,2.0,4.56,108.0,0.0,72.0,United States of America,Bangladesh,Bangladesh,"{""wickets"": 10}",0,Bangladesh,89.8,3.8,0.8,0.33
1446762,United States of America,,,,,,,34.0,1.0,28.0,Canada,United States of America,,,0,Canada,,3.0,0.6,0.29
1446763,United States of America,82.0,4.0,59.0,6.0,5.0,8.34,19.0,2.0,28.0,Netherlands,United States of America,Netherlands,"{""runs"": 102}",0,Netherlands,,3.2,0.4,0.0
1446765,United States of America,92.0,6.0,70.0,7.0,3.0,7.89,31.0,3.0,39.0,United States of America,Canada,United States of America,"{""runs"": 20}",1,Canada,,3.0,0.4,0.29
1446766,United States of America,23.0,3.0,30.0,0.0,1.0,4.6,35.0,5.0,41.0,Netherlands,United States of America,Netherlands,"{""runs"": 4}",0,Netherlands,,2.2,0.2,0.0
1450818,United States of America,26.0,2.0,18.0,0.0,2.0,8.67,21.0,3.0,25.0,United States of America,United Arab Emirates,United States of America,"{""runs"": 15}",1,United Arab Emirates,,2.8,0.4,0.12
1450819,United States of America,18.0,2.0,16.0,2.0,0.0,6.75,79.0,3.0,51.0,United States of America,Namibia,United States of America,"{""runs"": 13}",1,Namibia,48.2,3.2,0.6,0.5
1450821,United States of America,90.0,3.0,56.0,10.0,2.0,9.64,55.0,3.0,39.0,United Arab Emirates,United States of America,United Arab Emirates,"{""runs"": 6}",0,United Arab Emirates,49.8,3.4,0.6,0.12
1450822,United States of America,50.0,2.0,40.0,3.0,1.0,7.5,54.0,7.0,62.0,Namibia,United States of America,United States of America,"{""wickets"": 6}",1,Namibia,41.4,4.2,0.6,0.5
1453518,United States of America,109.0,4.0,93.0,8.0,3.0,7.03,82.0,7.0,72.0,Nepal,United States of America,Nepal,"{""runs"": 17}",0,Nepal,58.6,4.6,0.6,0.0
1453519,United States of America,82.0,9.0,64.0,3.0,4.0,7.69,97.0,3.0,61.0,Nepal,United States of America,,,0,Nepal,69.8,4.6,0.4,0.0
1453520,United States of America,90.0,4.0,73.0,6.0,1.0,7.4,107.0,1.0,83.0,United States of America,Nepal,Nepal,"{""wickets"": 8}",0,Nepal,84.2,4.2,0.2,0.0
1473145,United States of America,80.0,1.0,57.0,4.0,5.0,8.42,100.0,4.0,64.0,Oman,United States of America,United States of America,"{""wickets"": 7}",1,Oman,82.2,4.4,0.4,0.5
1473146,United States of America,48.0,3.0,50.0,2.0,2.0,5.76,29.0,5.0,30.0,Oman,United States of America,United States of America,"{""wickets"": 4}",1,Oman,81.8,4.0,0.4,0.5
1473147,United States of America,89.0,0.0,67.0,5.0,5.0,7.97,71.0,3.0,68.0,Oman,United States of America,United States of America,"{""wickets"": 8}",1,Oman,77.8,3.2,0.6,0.5
1481303,United States of America,74.0,3.0,56.0,4.0,2.0,7.93,0.0,3.0,3.0,United States of America,Cayman Islands,United States of America,"{""runs"": 79}",1,Cayman Islands,76.2,3.2,0.8,0.5
1481305,United States of America,53.0,1.0,29.0,2.0,3.0,10.97,0.0,3.0,9.0,United States of America,Bahamas,United States of America,"{""runs"": 149}",1,Bahamas,68.8,3.6,1.0,0.5
1481308,United States of America,21.0,0.0,11.0,3.0,0.0,11.45,10.0,1.0,16.0,Bermuda,United States of America,United States of America,"{""wickets"": 10}",1,Bermuda,57.0,3.0,1.0,0.3
1481312,United States of America,110.0,7.0,83.0,9.0,4.0,7.95,28.0,2.0,24.0,Canada,United States of America,Canada,"{""runs"": 17}",0,Canada,69.4,2.4,0.8,0.29
1481314,United States of America,37.0,0.0,39.0,1.0,0.0,5.69,6.0,4.0,15.0,Bermuda,United States of America,United States of America,"{""wickets"": 10}",1,Bermuda,59.0,2.6,0.8,0.3
1481315,United States of America,71.0,4.0,75.0,3.0,0.0,5.68,63.0,6.0,57.0,Canada,United States of America,United States of America,"{""wickets"": 6}",1,Canada,58.4,3.2,0.8,0.29
412677,West Indies,16.0,3.0,24.0,0.0,0.0,4.0,2.0,1.0,8.0,West Indies,Ireland,West Indies,"{""runs"": 70}",1,Ireland,,,,0.25
661695,West Indies,16.0,2.0,25.0,1.0,0.0,3.84,,,,New Zealand,West Indies,New Zealand,"{""runs"": 81}",0,New Zealand,,,,0.0
661697,West Indies,23.0,2.0,24.0,3.0,0.0,5.75,,,,New Zealand,West Indies,New Zealand,"{""wickets"": 4}",0,New Zealand,,,,0.0
702141,West Indies,15.0,2.0,25.0,2.0,0.0,3.6,,,,West Indies,Ireland,Ireland,"{""wickets"": 6}",0,Ireland,,,,0.25
702143,West Indies,14.0,1.0,18.0,1.0,0.0,4.67,,,,West Indies,Ireland,West Indies,"{""runs"": 11}",1,Ireland,16.8,,0.4,0.25
1041615,West Indies,,,,,,,113.0,0.0,53.0,India,West Indies,West Indies,"{""runs"": 1}",1,India,,,0.4,0.15
1050217,West Indies,32.0,1.0,20.0,5.0,0.0,9.6,56.0,0.0,37.0,Pakistan,West Indies,Pakistan,"{""wickets"": 9}",0,Pakistan,,,0.4,0.05
1050219,West Indies,49.0,3.0,26.0,5.0,3.0,11.31,20.0,1.0,19.0,Pakistan,West Indies,Pakistan,"{""runs"": 16}",0,Pakistan,,,0.4,0.05
1050221,West Indies,,,,,,,28.0,0.0,25.0,Pakistan,West Indies,Pakistan,"{""wickets"": 8}",0,Pakistan,,,0.4,0.05
1077947,West Indies,33.0,4.0,48.0,2.0,1.0,4.12,32.0,1.0,32.0,West Indies,Pakistan,Pakistan,"{""wickets"": 6}",0,Pakistan,,0.4,0.2,0.05
1077948,West Indies,49.0,6.0,49.0,9.0,0.0,6.0,45.0,3.0,47.0,West Indies,Pakistan,Pakistan,"{""runs"": 3}",0,Pakistan,,1.0,0.0,0.05
1085495,West Indies,59.0,2.0,36.0,5.0,4.0,9.83,70.0,3.0,63.0,West Indies,Pakistan,West Indies,"{""wickets"": 7}",1,Pakistan,,1.6,0.2,0.05
1085496,West Indies,29.0,6.0,50.0,0.0,2.0,3.48,38.0,1.0,36.0,West Indies,Pakistan,Pakistan,"{""wickets"": 7}",0,Pakistan,,1.6,0.2,0.05
1098211,West Indies,39.0,1.0,27.0,2.0,2.0,8.67,,,,West Indies,India,West Indies,"{""wickets"": 9}",1,India,41.8,,0.4,0.15
1140069,West Indies,25.0,8.0,39.0,2.0,1.0,3.85,122.0,3.0,86.0,Pakistan,West Indies,Pakistan,"{""runs"": 143}",0,Pakistan,40.2,,0.4,0.05
1140070,West Indies,82.0,7.0,71.0,8.0,4.0,6.93,174.0,2.0,107.0,Pakistan,West Indies,Pakistan,"{""runs"": 82}",0,Pakistan,46.8,,0.4,0.05
1140071,West Indies,92.0,5.0,74.0,7.0,4.0,7.46,123.0,2.0,85.0,West Indies,Pakistan,Pakistan,"{""wickets"": 8}",0,Pakistan,53.4,,0.2,0.05
1146723,West Indies,18.0,2.0,12.0,3.0,1.0,9.0,27.0,2.0,27.0,Bangladesh,West Indies,West Indies,"{""wickets"": 7}",1,Bangladesh,51.2,,0.4,0.28
1146724,West Indies,50.0,5.0,31.0,4.0,4.0,9.68,16.0,2.0,23.0,Bangladesh,West Indies,Bangladesh,"{""runs"": 12}",0,Bangladesh,53.4,2.2,0.2,0.28
1146725,West Indies,49.0,4.0,39.0,2.0,2.0,7.54,66.0,2.0,36.0,Bangladesh,West Indies,Bangladesh,"{""runs"": 19}",0,Bangladesh,58.2,2.0,0.2,0.28
1153317,West Indies,28.0,2.0,14.0,4.0,1.0,12.0,16.0,4.0,13.0,Bangladesh,West Indies,West Indies,"{""wickets"": 8}",1,Bangladesh,47.4,2.4,0.4,0.28
1153318,West Indies,97.0,6.0,54.0,9.0,3.0,10.78,95.0,2.0,58.0,Bangladesh,West Indies,Bangladesh,"{""runs"": 36}",0,Bangladesh,48.4,2.4,0.4,0.28
1153319,West Indies,69.0,4.0,52.0,7.0,2.0,7.96,74.0,5.0,54.0,Bangladesh,West Indies,West Indies,"{""runs"": 50}",1,Bangladesh,58.6,3.0,0.4,0.28
1157759,West Indies,14.0,3.0,24.0,1.0,0.0,3.5,22.0,1.0,23.0,West Indies,India,India,"{""wickets"": 5}",0,India,51.4,2.8,0.4,0.15
1157760,West Indies,32.0,2.0,24.0,2.0,3.0,8.0,28.0,0.0,16.0,India,West Indies,India,"{""runs"": 71}",0,India,48.0,2.4,0.4,0.15
1157761,West Indies,33.0,2.0,28.0,3.0,1.0,7.07,18.0,1.0,11.0,West Indies,India,India,"{""wickets"": 6}",0,India,49.0,1.8,0.2,0.15
1187018,West Indies,34.0,1.0,19.0,3.0,2.0,10.74,70.0,1.0,43.0,India,West Indies,India,"{""wickets"": 6}",0,India,36.4,1.6,0.2,0.15
1187019,West Indies,26.0,1.0,25.0,0.0,3.0,6.24,16.0,2.0,13.0,India,West Indies,West Indies,"{""wickets"": 8}",1,India,27.8,1.0,0.2,0.15
1187020,West Indies,50.0,3.0,33.0,2.0,5.0,9.09,94.0,1.0,58.0,India,West Indies,India,"{""runs"": 67}",0,India,35.0,1.0,0.2,0.15
1188621,West Indies,18.0,1.0,13.0,1.0,1.0,8.31,8.0,0.0,5.0,India,West Indies,India,"{""wickets"": 4}",0,India,32.2,1.0,0.2,0.15
1188622,West Indies,13.0,1.0,19.0,0.0,1.0,4.11,,,,India,West Indies,India,"{""runs"": 22}",0,India,28.2,,0.2,0.15
1188623,West Indies,23.0,1.0,22.0,1.0,1.0,6.27,21.0,1.0,19.0,West Indies,India,India,"{""wickets"": 7}",0,India,26.0,,0.2,0.15
1203676,West Indies,51.0,4.0,30.0,0.0,6.0,10.2,7.0,0.0,6.0,West Indies,Ireland,Ireland,"{""runs"": 4}",0,Ireland,31.0,,0.0,0.25
1203677,West Indies,,,,,,,2.0,1.0,3.0,West Indies,Ireland,,,0,Ireland,,,0.0,0.25
1263164,West Indies,47.0,5.0,34.0,2.0,3.0,8.29,,,,West Indies,Pakistan,,,0,Pakistan,,,0.0,0.05
1263165,West Indies,101.0,3.0,74.0,6.0,5.0,8.19,122.0,5.0,94.0,Pakistan,West Indies,Pakistan,"{""runs"": 7}",0,Pakistan,,,0.0,0.05
1263167,West Indies,4.0,0.0,6.0,1.0,0.0,4.0,,,,West Indies,Pakistan,,,0,Pakistan,,,0.0,0.05
1273734,West Indies,112.0,7.0,101.0,5.0,5.0,6.65,88.0,3.0,79.0,West Indies,Bangladesh,West Indies,"{""runs"": 3}",1,Bangladesh,,,0.2,0.28
1278679,West Indies,22.0,2.0,30.0,1.0,0.0,4.4,36.0,1.0,42.0,West Indies,India,India,"{""wickets"": 6}",0,India,57.2,,0.2,0.15
1278680,West Indies,30.0,2.0,27.0,2.0,1.0,6.67,8.0,1.0,10.0,India,West Indies,India,"{""runs"": 8}",0,India,53.8,,0.2,0.15
1278681,West Indies,72.0,4.0,55.0,6.0,4.0,7.85,35.0,1.0,31.0,India,West Indies,India,"{""runs"": 17}",0,India,48.0,,0.2,0.15
1287773,West Indies,97.0,6.0,92.0,7.0,5.0,6.33,121.0,3.0,76.0,Pakistan,West Indies,Pakistan,"{""runs"": 63}",0,Pakistan,66.6,1.8,0.2,0.05
1287774,West Indies,124.0,9.0,102.0,8.0,6.0,7.29,89.0,4.0,58.0,Pakistan,West Indies,Pakistan,"{""runs"": 9}",0,Pakistan,69.0,2.0,0.0,0.05
1287775,West Indies,124.0,1.0,72.0,12.0,6.0,10.33,185.0,3.0,113.0,West Indies,Pakistan,Pakistan,"{""wickets"": 7}",0,Pakistan,89.4,2.4,0.0,0.05
1298142,West Indies,19.0,3.0,24.0,0.0,0.0,4.75,14.0,1.0,8.0,West Indies,Zimbabwe,West Indies,"{""runs"": 31}",1,Zimbabwe,87.2,2.4,0.2,0.5
1317149,West Indies,,,,,,,49.0,4.0,40.0,Bangladesh,West Indies,,,0,Bangladesh,,3.0,0.2,0.28
1317150,West Indies,155.0,3.0,98.0,12.0,7.0,9.49,51.0,3.0,46.0,West Indies,Bangladesh,West Indies,"{""runs"": 35}",1,Bangladesh,,3.0,0.4,0.28
1317151,West Indies,116.0,4.0,78.0,7.0,8.0,8.92,111.0,2.0,88.0,Bangladesh,West Indies,West Indies,"{""wickets"": 5}",1,Bangladesh,,2.6,0.6,0.28
1317903,West Indies,51.0,4.0,53.0,3.0,2.0,5.77,,,,India,West Indies,India,"{""runs"": 68}",0,India,,,0.6,0.15
1317904,West Indies,57.0,2.0,40.0,5.0,3.0,8.55,10.0,1.0,6.0,India,West Indies,West Indies,"{""wickets"": 5}",1,India,,,0.6,0.15
1317905,West Indies,80.0,2.0,44.0,8.0,4.0,10.91,,,,West Indies,India,India,"{""wickets"": 7}",0,India,91.8,,0.6,0.15
1317906,West Indies,58.0,7.0,68.0,6.0,2.0,5.12,,,,India,West Indies,India,"{""runs"": 59}",0,India,72.4,,0.4,0.15
1317907,West Indies,66.0,7.0,67.0,7.0,2.0,5.91,16.0,1.0,18.0,India,West Indies,India,"{""runs"": 88}",0,India,62.4,,0.2,0.15
1373579,West Indies,39.0,3.0,24.0,2.0,4.0,9.75,1.0,1.0,3.0,England,West Indies,West Indies,"{""wickets"": 4}",1,England,60.0,,0.4,0.33
1373580,West Indies,47.0,1.0,24.0,5.0,3.0,11.75,10.0,0.0,3.0,West Indies,England,West Indies,"{""runs"": 10}",1,England,58.0,,0.4,0.33
1373582,West Indies,42.0,2.0,18.0,4.0,3.0,14.0,,,,England,West Indies,England,"{""runs"": 75}",0,England,50.4,,0.4,0.33
1373583,West Indies,36.0,0.0,24.0,2.0,2.0,9.0,0.0,1.0,1.0,England,West Indies,West Indies,"{""wickets"": 4}",1,England,46.0,,0.6,0.33
1381217,West Indies,76.0,4.0,73.0,6.0,1.0,6.25,68.0,5.0,58.0,West Indies,India,West Indies,"{""runs"": 4}",1,India,48.0,,0.8,0.15
1381218,West Indies,101.0,5.0,74.0,8.0,6.0,8.19,104.0,4.0,85.0,India,West Indies,West Indies,"{""wickets"": 2}",1,India,60.4,,0.8,0.15
1381219,West Indies,81.0,5.0,59.0,5.0,5.0,8.24,58.0,1.0,49.0,West Indies,India,India,"{""wickets"": 7}",0,India,67.2,,0.6,0.15
1381220,West Indies,89.0,6.0,69.0,4.0,5.0,7.74,91.0,1.0,54.0,West Indies,India,India,"{""wickets"": 9}",0,India,76.6,2.4,0.6,0.15
1381221,West Indies,67.0,2.0,57.0,4.0,3.0,7.05,49.0,4.0,34.0,India,West Indies,West Indies,"{""wickets"": 8}",1,India,82.8,3.0,0.6,0.15
1415718,West Indies,,,,,,,4.0,1.0,9.0,West Indies,Uganda,West Indies,"{""runs"": 134}",1,Uganda,,2.2,0.6,0.5
1415746,West Indies,58.0,1.0,33.0,2.0,5.0,10.55,49.0,3.0,45.0,United States of America,West Indies,West Indies,"{""wickets"": 9}",1,United States of America,,2.0,0.6,0.5
1433375,West Indies,29.0,0.0,18.0,1.0,2.0,9.67,5.0,0.0,4.0,West Indies,England,England,"{""wickets"": 3}",0,England,,1.8,0.6,0.33
1433376,West Indies,43.0,4.0,24.0,2.0,4.0,10.75,,,,England,West Indies,West Indies,"{""wickets"": 5}",1,England,,,0.8,0.33
1433383,West Indies,140.0,10.0,124.0,10.0,7.0,6.77,147.0,6.0,127.0,Bangladesh,West Indies,Bangladesh,"{""runs"": 7}",0,Bangladesh,,,0.6,0.28
1433384,West Indies,94.0,10.0,109.0,5.0,5.0,5.17,102.0,6.0,99.0,Bangladesh,West Indies,Bangladesh,"{""runs"": 27}",0,Bangladesh,72.8,,0.4,0.28
1433385,West Indies,109.0,10.0,104.0,9.0,5.0,6.29,160.0,6.0,101.0,Bangladesh,West Indies,Bangladesh,"{""runs"": 80}",0,Bangladesh,83.0,,0.2,0.28
1472516,West Indies,,,,,,,20.0,1.0,9.0,West Indies,Ireland,West Indies,"{""runs"": 62}",1,Ireland,,,0.4,0.25
1472525,West Indies,164.0,7.0,129.0,6.0,12.0,7.63,154.0,5.0,109.0,Pakistan,West Indies,Pakistan,"{""runs"": 14}",0,Pakistan,,4.8,0.2,0.05
1472526,West Indies,135.0,8.0,128.0,8.0,5.0,6.33,92.0,8.0,101.0,Pakistan,West Indies,West Indies,"{""wickets"": 2}",1,Pakistan,,5.2,0.4,0.05
1472527,West Indies,176.0,6.0,125.0,18.0,5.0,8.45,171.0,3.0,120.0,Pakistan,West Indies,Pakistan,"{""runs"": 13}",0,Pakistan,,4.6,0.4,0.05
1489968,West Indies,60.0,2.0,44.0,5.0,3.0,8.18,44.0,3.0,35.0,Nepal,West Indies,Nepal,"{""runs"": 19}",0,Nepal,,4.0,0.4,0.17
1489969,West Indies,12.0,2.0,19.0,0.0,1.0,3.79,80.0,1.0,60.0,Nepal,West Indies,Nepal,"{""runs"": 90}",0,Nepal,109.4,4.0,0.2,0.17
1489970,West Indies,36.0,0.0,27.0,6.0,1.0,8.0,16.0,3.0,26.0,Nepal,West Indies,West Indies,"{""wickets"": 10}",1,Nepal,83.8,3.6,0.4,0.17
1505125,West Indies,165.0,3.0,125.0,7.0,11.0,7.92,149.0,10.0,123.0,West Indies,Bangladesh,West Indies,"{""runs"": 16}",1,Bangladesh,89.8,4.0,0.4,0.28
1505126,West Indies,149.0,9.0,121.0,11.0,6.0,7.39,135.0,8.0,126.0,West Indies,Bangladesh,West Indies,"{""runs"": 14}",1,Bangladesh,84.4,5.0,0.6,0.28
1505127,West Indies,152.0,5.0,102.0,13.0,7.0,8.94,151.0,10.0,125.0,Bangladesh,West Indies,West Indies,"{""wickets"": 5}",1,Bangladesh,102.8,6.4,0.8,0.28
623571,Zimbabwe,14.0,1.0,14.0,1.0,0.0,6.0,,,,Zimbabwe,Bangladesh,Zimbabwe,"{""runs"": 6}",1,Bangladesh,,,,0.17
623572,Zimbabwe,39.0,2.0,33.0,0.0,2.0,7.09,0.0,2.0,2.0,Zimbabwe,Bangladesh,Bangladesh,"{""runs"": 34}",0,Bangladesh,,,,0.17
682901,Zimbabwe,30.0,3.0,32.0,3.0,0.0,5.62,0.0,1.0,1.0,Ireland,Zimbabwe,Ireland,"{""wickets"": 3}",0,Ireland,,,,0.22
682909,Zimbabwe,13.0,1.0,12.0,2.0,0.0,6.5,,,,Netherlands,Zimbabwe,Zimbabwe,"{""wickets"": 5}",1,Netherlands,,,,0.2
682917,Zimbabwe,9.0,1.0,14.0,1.0,0.0,3.86,15.0,3.0,20.0,United Arab Emirates,Zimbabwe,Zimbabwe,"{""wickets"": 5}",1,United Arab Emirates,21.0,,0.6,0.5
868723,Zimbabwe,18.0,1.0,14.0,1.0,1.0,7.71,23.0,0.0,12.0,Pakistan,Zimbabwe,Pakistan,"{""wickets"": 5}",0,Pakistan,21.8,,0.4,0.09
868725,Zimbabwe,,,,,,,25.0,3.0,20.0,Pakistan,Zimbabwe,Pakistan,"{""wickets"": 2}",0,Pakistan,,,0.4,0.09
885969,Zimbabwe,15.0,2.0,18.0,0.0,0.0,5.0,6.0,2.0,8.0,Zimbabwe,India,India,"{""runs"": 54}",0,India,,,0.4,0.14
885971,Zimbabwe,8.0,1.0,7.0,1.0,0.0,6.86,9.0,0.0,12.0,Zimbabwe,India,Zimbabwe,"{""runs"": 10}",1,India,,1.6,0.4,0.14
894293,Zimbabwe,20.0,3.0,33.0,3.0,0.0,3.64,32.0,1.0,19.0,Zimbabwe,New Zealand,New Zealand,"{""runs"": 80}",0,New Zealand,,1.2,0.2,0.0
919603,Zimbabwe,13.0,2.0,11.0,2.0,0.0,7.09,37.0,1.0,35.0,Zimbabwe,Pakistan,Pakistan,"{""runs"": 13}",0,Pakistan,,1.4,0.2,0.09
919605,Zimbabwe,36.0,1.0,36.0,1.0,0.0,6.0,16.0,2.0,17.0,Zimbabwe,Pakistan,Pakistan,"{""runs"": 15}",0,Pakistan,18.4,1.2,0.2,0.09
931396,Zimbabwe,21.0,3.0,27.0,2.0,0.0,4.67,18.0,2.0,13.0,Bangladesh,Zimbabwe,Bangladesh,"{""wickets"": 4}",0,Bangladesh,19.6,1.2,0.2,0.17
931398,Zimbabwe,18.0,2.0,32.0,2.0,0.0,3.38,1.0,0.0,1.0,Bangladesh,Zimbabwe,Zimbabwe,"{""wickets"": 3}",1,Bangladesh,21.6,1.2,0.2,0.17
951305,Zimbabwe,4.0,1.0,5.0,0.0,0.0,4.8,12.0,1.0,13.0,Hong Kong,Zimbabwe,Zimbabwe,"{""runs"": 14}",1,Hong Kong,18.4,1.2,0.4,0.5
951313,Zimbabwe,9.0,1.0,9.0,1.0,0.0,6.0,19.0,2.0,15.0,Scotland,Zimbabwe,Zimbabwe,"{""runs"": 11}",1,Scotland,17.6,1.4,0.6,0.5
958415,Zimbabwe,23.0,4.0,30.0,1.0,0.0,4.6,30.0,2.0,18.0,Bangladesh,Zimbabwe,Bangladesh,"{""wickets"": 4}",0,Bangladesh,15.0,1.4,0.6,0.17
958417,Zimbabwe,21.0,4.0,26.0,2.0,1.0,4.85,46.0,1.0,35.0,Bangladesh,Zimbabwe,Bangladesh,"{""runs"": 42}",0,Bangladesh,15.0,1.2,0.6,0.17
958419,Zimbabwe,7.0,2.0,7.0,1.0,0.0,6.0,65.0,3.0,52.0,Bangladesh,Zimbabwe,Zimbabwe,"{""runs"": 31}",1,Bangladesh,12.8,1.8,0.6,0.17
958421,Zimbabwe,32.0,2.0,27.0,1.0,2.0,7.11,57.0,3.0,40.0,Bangladesh,Zimbabwe,Zimbabwe,"{""runs"": 18}",1,Bangladesh,18.4,2.2,0.6,0.17
1007655,Zimbabwe,20.0,1.0,19.0,2.0,0.0,6.32,18.0,1.0,20.0,Zimbabwe,India,Zimbabwe,"{""runs"": 2}",1,India,20.6,2.0,0.6,0.14
1007657,Zimbabwe,1.0,1.0,2.0,0.0,0.0,3.0,58.0,0.0,46.0,Zimbabwe,India,India,"{""wickets"": 10}",0,India,16.2,1.6,0.6,0.14
1007659,Zimbabwe,,,,,,,22.0,1.0,20.0,Zimbabwe,India,India,"{""runs"": 3}",0,India,,1.6,0.6,0.14
1142913,Zimbabwe,82.0,5.0,65.0,3.0,4.0,7.57,72.0,2.0,53.0,Pakistan,Zimbabwe,Pakistan,"{""runs"": 74}",0,Pakistan,,1.4,0.4,0.09
1142916,Zimbabwe,100.0,3.0,75.0,8.0,3.0,8.0,94.0,2.0,76.0,Zimbabwe,Pakistan,Pakistan,"{""wickets"": 7}",0,Pakistan,,1.2,0.2,0.09
1168521,Zimbabwe,4.0,1.0,6.0,0.0,0.0,4.0,14.0,0.0,6.0,Ireland,Zimbabwe,Ireland,"{""wickets"": 9}",0,Ireland,,1.0,0.0,0.22
1168522,Zimbabwe,16.0,1.0,13.0,2.0,0.0,7.38,1.0,1.0,2.0,Ireland,Zimbabwe,Zimbabwe,"{""wickets"": 8}",1,Ireland,,1.2,0.2,0.22
1188379,Zimbabwe,14.0,1.0,10.0,1.0,1.0,8.4,29.0,1.0,26.0,Netherlands,Zimbabwe,Netherlands,"{""runs"": 49}",0,Netherlands,43.2,1.2,0.2,0.2
1188380,Zimbabwe,7.0,1.0,11.0,0.0,0.0,3.82,25.0,1.0,24.0,Netherlands,Zimbabwe,,,0,Netherlands,28.2,1.0,0.2,0.2
1197140,Zimbabwe,58.0,3.0,50.0,4.0,2.0,6.96,84.0,3.0,49.0,Bangladesh,Zimbabwe,Bangladesh,"{""wickets"": 3}",0,Bangladesh,19.8,1.2,0.2,0.17
1197143,Zimbabwe,53.0,5.0,51.0,3.0,3.0,6.24,51.0,2.0,32.0,Bangladesh,Zimbabwe,Bangladesh,"{""runs"": 39}",0,Bangladesh,29.6,1.6,0.2,0.17
1201680,Zimbabwe,66.0,1.0,49.0,7.0,3.0,8.08,29.0,1.0,20.0,Nepal,Zimbabwe,Zimbabwe,"{""wickets"": 5}",1,Nepal,39.6,1.6,0.2,0.5
1201683,Zimbabwe,55.0,3.0,50.0,6.0,0.0,6.6,34.0,3.0,31.0,Nepal,Zimbabwe,Zimbabwe,"{""runs"": 40}",1,Nepal,47.8,2.0,0.4,0.5
1214670,Zimbabwe,100.0,10.0,91.0,7.0,6.0,6.59,132.0,1.0,82.0,Bangladesh,Zimbabwe,Bangladesh,"{""runs"": 48}",0,Bangladesh,66.4,2.0,0.4,0.17
1214671,Zimbabwe,96.0,6.0,97.0,11.0,1.0,5.94,120.0,1.0,99.0,Bangladesh,Zimbabwe,Bangladesh,"{""wickets"": 9}",0,Bangladesh,74.0,1.6,0.4,0.17
1233464,Zimbabwe,94.0,4.0,78.0,14.0,0.0,7.23,118.0,2.0,81.0,Zimbabwe,Pakistan,Pakistan,"{""wickets"": 6}",0,Pakistan,82.2,1.6,0.4,0.09
1233465,Zimbabwe,87.0,6.0,82.0,9.0,0.0,6.37,72.0,2.0,54.0,Zimbabwe,Pakistan,Pakistan,"{""wickets"": 8}",0,Pakistan,86.4,1.8,0.2,0.09
1233466,Zimbabwe,61.0,8.0,55.0,8.0,0.0,6.65,59.0,1.0,41.0,Zimbabwe,Pakistan,Pakistan,"{""wickets"": 8}",0,Pakistan,87.6,1.4,0.0,0.09
1257183,Zimbabwe,73.0,5.0,64.0,8.0,2.0,6.84,106.0,3.0,86.0,Pakistan,Zimbabwe,Pakistan,"{""runs"": 11}",0,Pakistan,82.2,1.8,0.0,0.09
1257184,Zimbabwe,41.0,8.0,58.0,3.0,1.0,4.24,66.0,5.0,81.0,Zimbabwe,Pakistan,Zimbabwe,"{""runs"": 19}",1,Pakistan,71.2,2.6,0.2,0.09
1257185,Zimbabwe,111.0,7.0,96.0,13.0,0.0,6.94,147.0,2.0,107.0,Pakistan,Zimbabwe,Pakistan,"{""runs"": 24}",0,Pakistan,74.6,2.6,0.2,0.09
1267680,Zimbabwe,109.0,9.0,84.0,8.0,4.0,7.79,137.0,2.0,108.0,Zimbabwe,Bangladesh,Bangladesh,"{""wickets"": 8}",0,Bangladesh,79.0,2.6,0.2,0.17
1267681,Zimbabwe,135.0,6.0,106.0,9.0,5.0,7.64,126.0,9.0,107.0,Zimbabwe,Bangladesh,Zimbabwe,"{""runs"": 23}",1,Bangladesh,93.8,4.2,0.4,0.17
1267682,Zimbabwe,169.0,5.0,98.0,14.0,9.0,10.35,128.0,3.0,80.0,Zimbabwe,Bangladesh,Bangladesh,"{""wickets"": 5}",0,Bangladesh,113.0,4.2,0.4,0.17
1272373,Zimbabwe,,,,,,,8.0,1.0,6.0,Zimbabwe,Ireland,Zimbabwe,"{""runs"": 3}",1,Ireland,,3.4,0.4,0.22
1272374,Zimbabwe,,,,,,,39.0,0.0,28.0,Zimbabwe,Ireland,Ireland,"{""wickets"": 7}",0,Ireland,,3.0,0.4,0.22
1272376,Zimbabwe,,,,,,,14.0,0.0,7.0,Ireland,Zimbabwe,Ireland,"{""runs"": 64}",0,Ireland,,2.6,0.4,0.22
1298138,Zimbabwe,84.0,1.0,50.0,5.0,5.0,10.08,51.0,2.0,40.0,Zimbabwe,Ireland,Zimbabwe,"{""runs"": 31}",1,Ireland,,1.2,0.4,0.22
1298142,Zimbabwe,14.0,1.0,8.0,1.0,1.0,10.5,19.0,3.0,24.0,West Indies,Zimbabwe,West Indies,"{""runs"": 31}",0,West Indies,,1.2,0.4,0.0
1298146,Zimbabwe,40.0,1.0,23.0,3.0,2.0,10.43,20.0,2.0,27.0,Scotland,Zimbabwe,Zimbabwe,"{""wickets"": 5}",1,Scotland,,1.4,0.4,0.5
1298152,Zimbabwe,0.0,1.0,2.0,0.0,0.0,0.0,11.0,0.0,7.0,Zimbabwe,South Africa,,,0,South Africa,,1.4,0.4,0.0
1298158,Zimbabwe,104.0,5.0,101.0,8.0,0.0,6.18,77.0,7.0,78.0,Zimbabwe,Pakistan,Zimbabwe,"{""runs"": 1}",1,Pakistan,48.4,2.8,0.6,0.09
1298162,Zimbabwe,72.0,7.0,77.0,8.0,0.0,5.61,65.0,5.0,51.0,Bangladesh,Zimbabwe,Bangladesh,"{""runs"": 3}",0,Bangladesh,46.0,3.4,0.4,0.17
1298168,Zimbabwe,43.0,1.0,26.0,3.0,3.0,9.92,6.0,0.0,6.0,Zimbabwe,Netherlands,Netherlands,"{""wickets"": 5}",0,Netherlands,51.8,2.8,0.4,0.2
1298176,Zimbabwe,45.0,2.0,40.0,4.0,0.0,6.75,59.0,1.0,46.0,India,Zimbabwe,India,"{""runs"": 71}",0,India,52.8,2.6,0.2,0.14
1310938,Zimbabwe,38.0,1.0,31.0,2.0,1.0,7.35,27.0,0.0,18.0,Zimbabwe,Namibia,Zimbabwe,"{""runs"": 7}",1,Namibia,60.4,2.6,0.4,0.26
1310939,Zimbabwe,11.0,1.0,16.0,1.0,0.0,4.12,10.0,0.0,6.0,Zimbabwe,Namibia,Namibia,"{""wickets"": 8}",0,Namibia,41.8,1.2,0.2,0.26
1310940,Zimbabwe,,,,,,,16.0,3.0,24.0,Namibia,Zimbabwe,Zimbabwe,"{""wickets"": 8}",1,Namibia,,0.8,0.4,0.26
1310941,Zimbabwe,15.0,1.0,15.0,0.0,1.0,6.0,20.0,1.0,24.0,Zimbabwe,Namibia,Namibia,"{""wickets"": 6}",0,Namibia,,1.0,0.4,0.26
1310942,Zimbabwe,15.0,2.0,18.0,0.0,1.0,5.0,18.0,2.0,24.0,Namibia,Zimbabwe,Namibia,"{""runs"": 32}",0,Namibia,,1.2,0.4,0.26
1321465,Zimbabwe,91.0,1.0,41.0,8.0,5.0,13.32,9.0,0.0,6.0,Zimbabwe,Singapore,Zimbabwe,"{""runs"": 111}",1,Singapore,,1.2,0.4,0.5
1321469,Zimbabwe,21.0,1.0,23.0,0.0,1.0,5.48,,,,Zimbabwe,Jersey,Zimbabwe,"{""runs"": 23}",1,Jersey,,,0.6,0.5
1321475,Zimbabwe,99.0,2.0,48.0,8.0,6.0,12.38,37.0,1.0,32.0,Zimbabwe,United States of America,Zimbabwe,"{""runs"": 46}",1,United States of America,48.2,,0.6,0.5
1321479,Zimbabwe,22.0,1.0,14.0,2.0,0.0,9.43,22.0,1.0,12.0,Zimbabwe,Papua New Guinea,Zimbabwe,"{""runs"": 27}",1,Papua New Guinea,49.6,,0.8,0.5
1321484,Zimbabwe,34.0,2.0,23.0,3.0,1.0,8.87,10.0,4.0,26.0,Zimbabwe,Netherlands,Zimbabwe,"{""runs"": 37}",1,Netherlands,53.4,,1.0,0.2
1323295,Zimbabwe,183.0,3.0,109.0,22.0,5.0,10.07,122.0,3.0,71.0,Zimbabwe,Bangladesh,Zimbabwe,"{""runs"": 17}",1,Bangladesh,71.8,,1.0,0.17
1323296,Zimbabwe,123.0,7.0,113.0,9.0,3.0,6.53,99.0,2.0,75.0,Zimbabwe,Bangladesh,Bangladesh,"{""wickets"": 7}",0,Bangladesh,92.2,2.2,0.8,0.17
1323297,Zimbabwe,125.0,6.0,85.0,8.0,9.0,8.82,94.0,4.0,76.0,Zimbabwe,Bangladesh,Zimbabwe,"{""runs"": 10}",1,Bangladesh,97.4,2.8,0.8,0.17
1348323,Zimbabwe,17.0,1.0,13.0,1.0,0.0,7.85,9.0,1.0,8.0,Ireland,Zimbabwe,Zimbabwe,"{""wickets"": 5}",1,Ireland,96.4,2.8,0.8,0.22
1348324,Zimbabwe,5.0,0.0,6.0,0.0,0.0,5.0,16.0,0.0,10.0,Zimbabwe,Ireland,Ireland,"{""wickets"": 6}",0,Ireland,90.6,2.0,0.6,0.22
1348325,Zimbabwe,31.0,0.0,19.0,1.0,2.0,9.79,23.0,1.0,17.0,Ireland,Zimbabwe,Zimbabwe,"{""wickets"": 4}",1,Ireland,60.2,1.6,0.6,0.22
1404390,Zimbabwe,45.0,4.0,44.0,4.0,1.0,6.14,33.0,0.0,24.0,Zimbabwe,Namibia,Namibia,"{""wickets"": 7}",0,Namibia,44.6,1.2,0.6,0.26
1404391,Zimbabwe,104.0,2.0,53.0,6.0,9.0,11.77,63.0,0.0,30.0,Namibia,Zimbabwe,Zimbabwe,"{""wickets"": 5}",1,Namibia,40.4,0.4,0.6,0.26
1404392,Zimbabwe,67.0,1.0,48.0,6.0,3.0,8.38,72.0,2.0,58.0,Namibia,Zimbabwe,Zimbabwe,"{""wickets"": 6}",1,Namibia,50.4,0.6,0.6,0.26
1404393,Zimbabwe,26.0,1.0,16.0,2.0,1.0,9.75,37.0,0.0,30.0,Zimbabwe,Namibia,Namibia,"{""wickets"": 7}",0,Namibia,54.6,0.6,0.6,0.26
1404394,Zimbabwe,15.0,5.0,29.0,1.0,0.0,3.1,48.0,5.0,52.0,Namibia,Zimbabwe,Namibia,"{""runs"": 8}",0,Namibia,51.4,1.4,0.4,0.26
1407091,Zimbabwe,50.0,4.0,46.0,1.0,2.0,6.52,24.0,0.0,18.0,Zimbabwe,Namibia,Namibia,"{""wickets"": 7}",0,Namibia,52.4,1.4,0.4,0.26
1407093,Zimbabwe,,,,,,,10.0,4.0,25.0,Tanzania,Zimbabwe,Zimbabwe,"{""wickets"": 9}",1,Tanzania,,2.2,0.4,0.5
1407099,Zimbabwe,71.0,1.0,54.0,6.0,4.0,7.89,65.0,1.0,41.0,Zimbabwe,Uganda,Uganda,"{""wickets"": 5}",0,Uganda,,2.0,0.2,0.25
1407101,Zimbabwe,60.0,1.0,38.0,6.0,4.0,9.47,3.0,4.0,17.0,Zimbabwe,Rwanda,Zimbabwe,"{""runs"": 144}",1,Rwanda,,2.8,0.4,0.5
1407104,Zimbabwe,66.0,1.0,37.0,4.0,7.0,10.7,13.0,3.0,19.0,Nigeria,Zimbabwe,Zimbabwe,"{""wickets"": 6}",1,Nigeria,,2.4,0.6,0.5
1407107,Zimbabwe,83.0,1.0,49.0,1.0,8.0,10.16,22.0,3.0,25.0,Zimbabwe,Kenya,Zimbabwe,"{""runs"": 110}",1,Kenya,,3.0,0.8,0.5
1408103,Zimbabwe,71.0,2.0,47.0,6.0,2.0,9.06,31.0,4.0,31.0,Ireland,Zimbabwe,Zimbabwe,"{""wickets"": 1}",1,Ireland,70.2,3.0,0.8,0.22
1408104,Zimbabwe,,,,,,,20.0,0.0,13.0,Zimbabwe,Ireland,Ireland,"{""wickets"": 4}",0,Ireland,,2.8,0.8,0.22
1408105,Zimbabwe,,,,,,,52.0,0.0,34.0,Zimbabwe,Ireland,Ireland,"{""wickets"": 6}",0,Ireland,,2.0,0.6,0.22
1412542,Zimbabwe,63.0,1.0,43.0,5.0,2.0,8.79,13.0,3.0,24.0,Zimbabwe,Sri Lanka,Sri Lanka,"{""wickets"": 3}",0,Sri Lanka,,2.0,0.4,0.17
1412543,Zimbabwe,8.0,1.0,5.0,2.0,0.0,9.6,25.0,0.0,24.0,Sri Lanka,Zimbabwe,Zimbabwe,"{""wickets"": 4}",1,Sri Lanka,,1.4,0.4,0.17
1412544,Zimbabwe,10.0,1.0,12.0,1.0,0.0,5.0,25.0,0.0,17.0,Zimbabwe,Sri Lanka,Sri Lanka,"{""wickets"": 9}",0,Sri Lanka,,0.6,0.2,0.17
1420223,Zimbabwe,87.0,9.0,103.0,9.0,1.0,5.07,93.0,7.0,107.0,Zimbabwe,India,Zimbabwe,"{""runs"": 13}",1,India,,2.0,0.4,0.14
1420224,Zimbabwe,129.0,10.0,111.0,10.0,4.0,6.97,112.0,2.0,58.0,India,Zimbabwe,India,"{""runs"": 100}",0,India,59.4,2.4,0.4,0.14
1420225,Zimbabwe,116.0,5.0,91.0,12.0,2.0,7.65,90.0,3.0,68.0,India,Zimbabwe,India,"{""runs"": 23}",0,India,70.0,2.4,0.4,0.14
1420226,Zimbabwe,97.0,4.0,77.0,4.0,3.0,7.56,75.0,0.0,49.0,Zimbabwe,India,India,"{""wickets"": 10}",0,India,87.8,2.4,0.2,0.14
1420227,Zimbabwe,80.0,8.0,79.0,8.0,1.0,6.08,63.0,3.0,51.0,India,Zimbabwe,India,"{""runs"": 42}",0,India,101.8,3.0,0.2,0.14
1424752,Zimbabwe,0.0,1.0,1.0,0.0,0.0,0.0,11.0,1.0,10.0,Zimbabwe,Namibia,Zimbabwe,"{""runs"": 35}",1,Namibia,84.4,1.8,0.2,0.26
1424767,Zimbabwe,0.0,1.0,1.0,0.0,0.0,0.0,26.0,1.0,26.0,Namibia,Zimbabwe,Zimbabwe,"{""wickets"": 8}",1,Namibia,58.6,1.6,0.4,0.26
1425126,Zimbabwe,124.0,10.0,124.0,15.0,2.0,6.0,113.0,1.0,80.0,Zimbabwe,Bangladesh,Bangladesh,"{""wickets"": 8}",0,Bangladesh,60.2,1.2,0.4,0.17
1425127,Zimbabwe,138.0,7.0,121.0,9.0,6.0,6.84,110.0,3.0,92.0,Zimbabwe,Bangladesh,Bangladesh,"{""wickets"": 6}",0,Bangladesh,68.4,1.8,0.4,0.17
1425128,Zimbabwe,155.0,9.0,122.0,12.0,5.0,7.62,152.0,5.0,120.0,Bangladesh,Zimbabwe,Bangladesh,"{""runs"": 9}",0,Bangladesh,83.4,2.2,0.4,0.17
1425129,Zimbabwe,104.0,7.0,100.0,8.0,4.0,6.24,142.0,8.0,117.0,Bangladesh,Zimbabwe,Bangladesh,"{""runs"": 5}",0,Bangladesh,104.2,3.6,0.2,0.17
1425130,Zimbabwe,152.0,2.0,100.0,12.0,9.0,9.12,59.0,4.0,53.0,Bangladesh,Zimbabwe,Zimbabwe,"{""wickets"": 8}",1,Bangladesh,134.6,4.2,0.2,0.17
1444652,Zimbabwe,108.0,10.0,95.0,11.0,2.0,6.82,165.0,4.0,122.0,Pakistan,Zimbabwe,Pakistan,"{""runs"": 57}",0,Pakistan,131.4,4.8,0.2,0.09
1444653,Zimbabwe,57.0,10.0,76.0,6.0,1.0,4.5,61.0,0.0,34.0,Zimbabwe,Pakistan,Pakistan,"{""wickets"": 10}",0,Pakistan,115.2,4.2,0.2,0.09
1444654,Zimbabwe,133.0,8.0,123.0,14.0,2.0,6.49,132.0,7.0,124.0,Pakistan,Zimbabwe,Zimbabwe,"{""wickets"": 2}",1,Pakistan,110.8,4.6,0.4,0.09
1453922,Zimbabwe,37.0,0.0,13.0,5.0,2.0,17.08,14.0,1.0,19.0,Zimbabwe,Seychelles,Zimbabwe,"{""runs"": 76}",1,Seychelles,97.4,3.2,0.6,0.5
1453925,Zimbabwe,28.0,1.0,28.0,2.0,1.0,6.0,17.0,5.0,26.0,Zimbabwe,Kenya,Zimbabwe,"{""runs"": 61}",1,Kenya,72.6,3.4,0.6,0.5
1453927,Zimbabwe,,,,,,,12.0,2.0,19.0,Mozambique,Zimbabwe,Zimbabwe,"{""wickets"": 9}",1,Mozambique,,3.0,0.8,0.5
1453932,Zimbabwe,136.0,0.0,44.0,7.0,15.0,18.55,,,,Zimbabwe,Gambia,Zimbabwe,"{""runs"": 290}",1,Gambia,,,1.0,0.5
1453935,Zimbabwe,3.0,1.0,5.0,0.0,0.0,3.6,21.0,5.0,24.0,Zimbabwe,Rwanda,Zimbabwe,"{""runs"": 149}",1,Rwanda,,,1.0,0.5
1467704,Zimbabwe,0.0,1.0,1.0,0.0,0.0,0.0,,,,Zimbabwe,Ireland,,,0,Ireland,,,0.8,0.22
1467705,Zimbabwe,24.0,1.0,29.0,2.0,0.0,4.97,31.0,3.0,28.0,Ireland,Zimbabwe,Zimbabwe,"{""wickets"": 3}",1,Ireland,,,0.8,0.22
1467706,Zimbabwe,35.0,1.0,28.0,2.0,2.0,7.5,,,,Zimbabwe,Ireland,,,0,Ireland,39.6,,0.6,0.22
1478865,Zimbabwe,56.0,0.0,38.0,3.0,2.0,8.84,24.0,0.0,16.0,Zimbabwe,South Africa,South Africa,"{""wickets"": 5}",0,South Africa,23.6,,0.4,0.0
1478867,Zimbabwe,42.0,3.0,43.0,4.0,1.0,5.86,23.0,0.0,18.0,Zimbabwe,New Zealand,New Zealand,"{""wickets"": 8}",0,New Zealand,31.4,,0.2,0.0
1478868,Zimbabwe,9.0,1.0,12.0,1.0,0.0,4.5,26.0,1.0,16.0,Zimbabwe,South Africa,South Africa,"{""wickets"": 7}",0,South Africa,33.2,,0.2,0.0
1478870,Zimbabwe,10.0,1.0,6.0,1.0,0.0,10.0,34.0,1.0,26.0,New Zealand,Zimbabwe,New Zealand,"{""runs"": 60}",0,New Zealand,30.4,,0.0,0.0
1492823,Zimbabwe,28.0,1.0,22.0,2.0,1.0,7.64,26.0,2.0,25.0,Zimbabwe,Sri Lanka,Sri Lanka,"{""wickets"": 4}",0,Sri Lanka,29.0,0.8,0.0,0.17
1492824,Zimbabwe,3.0,1.0,8.0,0.0,0.0,2.25,11.0,5.0,26.0,Sri Lanka,Zimbabwe,Zimbabwe,"{""wickets"": 5}",1,Sri Lanka,18.4,1.8,0.2,0.17
1492825,Zimbabwe,32.0,1.0,20.0,3.0,1.0,9.6,29.0,2.0,26.0,Zimbabwe,Sri Lanka,Sri Lanka,"{""wickets"": 8}",0,Sri Lanka,16.4,2.2,0.2,0.17
1502164,Zimbabwe,47.0,0.0,33.0,4.0,1.0,8.55,33.0,3.0,27.0,Zimbabwe,Namibia,Zimbabwe,"{""runs"": 33}",1,Namibia,24.0,2.6,0.4,0.26
1502165,Zimbabwe,39.0,3.0,28.0,4.0,0.0,8.36,41.0,2.0,33.0,Namibia,Zimbabwe,Zimbabwe,"{""wickets"": 5}",1,Namibia,29.8,2.8,0.6,0.26
1502166,Zimbabwe,34.0,4.0,29.0,3.0,1.0,7.03,27.0,4.0,27.0,Namibia,Zimbabwe,Namibia,"{""runs"": 28}",0,Namibia,31.0,3.2,0.6,0.26
1502745,Zimbabwe,24.0,1.0,16.0,2.0,0.0,9.0,51.0,2.0,44.0,Uganda,Zimbabwe,Zimbabwe,"{""wickets"": 5}",1,Uganda,35.2,2.6,0.6,0.25
1502749,Zimbabwe,21.0,1.0,10.0,1.0,2.0,12.6,14.0,1.0,24.0,Zimbabwe,Botswana,Zimbabwe,"{""runs"": 170}",1,Botswana,33.0,2.4,0.8,0.5
1502751,Zimbabwe,19.0,1.0,9.0,1.0,2.0,12.67,6.0,2.0,12.0,Zimbabwe,Tanzania,Zimbabwe,"{""runs"": 113}",1,Tanzania,27.4,2.2,0.8,0.5
1502757,Zimbabwe,11.0,1.0,18.0,0.0,0.0,3.67,20.0,0.0,24.0,Kenya,Zimbabwe,Zimbabwe,"{""wickets"": 7}",1,Kenya,21.8,1.8,0.8,0.5
1502762,Zimbabwe,40.0,1.0,26.0,5.0,0.0,9.23,40.0,1.0,34.0,Namibia,Zimbabwe,Zimbabwe,"{""wickets"": 7}",1,Namibia,23.0,1.2,1.0,0.26
