match_id,match_type,season,date,venue,city,country,teams,team1,team2,toss_winner,toss_decision,winner,result,player_of_match,balls_per_over,team_type,gender
1001349,T20,2016/17,2017-02-17,Melbourne Cricket Ground,,,"Australia,Sri Lanka",Australia,Sri Lanka,Sri Lanka,field,Sri Lanka,"{""wickets"": 5}",DAS Gunaratne,6,international,male
1001351,T20,2016/17,2017-02-19,"Simonds Stadium, South Geelong",Victoria,,"Australia,Sri Lanka",Australia,Sri Lanka,Sri Lanka,field,Sri Lanka,"{""wickets"": 2}",DAS Gunaratne,6,international,male
1001353,T20,2016/17,2017-02-22,Adelaide Oval,,,"Australia,Sri Lanka",Australia,Sri Lanka,Sri Lanka,field,Australia,"{""runs"": 41}",A Zampa,6,international,male
1004729,T20,2016,2016-09-05,"Bready Cricket Club, Magheramason",Londonderry,,"Ireland,Hong Kong",Ireland,Hong Kong,Hong Kong,bat,Hong Kong,"{""runs"": 40}",,6,international,male
1007655,T20,2016,2016-06-18,Harare Sports Club,,,"Zimbabwe,India",Zimbabwe,India,India,field,Zimbabwe,"{""runs"": 2}",E Chigumbura,6,international,male
1007657,T20,2016,2016-06-20,Harare Sports Club,,,"Zimbabwe,India",Zimbabwe,India,Zimbabwe,bat,India,"{""wickets"": 10}",BB Sran,6,international,male
1007659,T20,2016,2016-06-22,Harare Sports Club,,,"Zimbabwe,India",Zimbabwe,India,Zimbabwe,field,India,"{""runs"": 3}",KM Jadhav,6,international,male
1019979,T20,2016/17,2017-01-03,McLean Park,Napier,,"New Zealand,Bangladesh",New Zealand,Bangladesh,Bangladesh,bat,New Zealand,"{""wickets"": 6}",KS Williamson,6,international,male
1019981,T20,2016/17,2017-01-06,Bay Oval,Mount Maunganui,,"New Zealand,Bangladesh",New Zealand,Bangladesh,Bangladesh,field,New Zealand,"{""runs"": 47}",C Munro,6,international,male
1019983,T20,2016/17,2017-01-08,Bay Oval,Mount Maunganui,,"New Zealand,Bangladesh",New Zealand,Bangladesh,Bangladesh,field,New Zealand,"{""runs"": 27}",CJ Anderson,6,international,male
1020029,T20,2016/17,2017-02-17,Eden Park,Auckland,,"New Zealand,South Africa",New Zealand,South Africa,New Zealand,field,South Africa,"{""runs"": 78}",Imran Tahir,6,international,male
1031431,T20,2017,2017-06-21,The Rose Bowl,Southampton,,"England,South Africa",England,South Africa,South Africa,bat,England,"{""wickets"": 9}",JM Bairstow,6,international,male
1031433,T20,2017,2017-06-23,County Ground,Taunton,,"England,South Africa",England,South Africa,England,field,South Africa,"{""runs"": 3}",CH Morris,6,international,male
1031435,T20,2017,2017-06-25,Sophia Gardens,Cardiff,,"England,South Africa",England,South Africa,South Africa,field,England,"{""runs"": 19}",DJ Malan,6,international,male
1031665,T20,2017,2017-09-16,Riverside Ground,Chester-le-Street,,"West Indies,England",West Indies,England,England,field,West Indies,"{""runs"": 21}",SP Narine,6,international,male
1034825,T20,2016/17,2017-01-26,Green Park,Kanpur,,"India,England",India,England,England,field,England,"{""wickets"": 7}",MM Ali,6,international,male
1034827,T20,2016/17,2017-01-29,"Vidarbha Cricket Association Stadium, Jamtha",Nagpur,,"India,England",India,England,England,field,India,"{""runs"": 5}",JJ Bumrah,6,international,male
1034829,T20,2016/17,2017-02-01,M Chinnaswamy Stadium,Bangalore,,"India,England",India,England,England,field,India,"{""runs"": 75}",YS Chahal,6,international,male
1041615,T20,2016,2016-08-27,Central Broward Regional Park Stadium Turf Ground,Lauderhill,,"India,West Indies",India,West Indies,India,field,West Indies,"{""runs"": 1}",E Lewis,6,international,male
1041617,T20,2016,2016-08-28,Central Broward Regional Park Stadium Turf Ground,Lauderhill,,"India,West Indies",India,West Indies,India,field,,null,,6,international,male
1050217,T20,2016/17,2016-09-23,Dubai International Cricket Stadium,,,"Pakistan,West Indies",Pakistan,West Indies,Pakistan,field,Pakistan,"{""wickets"": 9}",Imad Wasim,6,international,male
1050219,T20,2016/17,2016-09-24,Dubai International Cricket Stadium,,,"Pakistan,West Indies",Pakistan,West Indies,West Indies,field,Pakistan,"{""runs"": 16}",Sarfraz Ahmed,6,international,male
1050221,T20,2016/17,2016-09-27,Sheikh Zayed Stadium,Abu Dhabi,,"Pakistan,West Indies",Pakistan,West Indies,Pakistan,field,Pakistan,"{""wickets"": 8}",Imad Wasim,6,international,male
1072316,T20,2017/18,2018-02-03,Sydney Cricket Ground,,,"New Zealand,Australia",New Zealand,Australia,Australia,field,Australia,"{""wickets"": 7}",B Stanlake,6,international,male
1072317,T20,2017/18,2018-02-07,Bellerive Oval,Hobart,,"England,Australia",England,Australia,Australia,field,Australia,"{""wickets"": 5}",GJ Maxwell,6,international,male
1072318,T20,2017/18,2018-02-10,Melbourne Cricket Ground,,,"England,Australia",England,Australia,Australia,field,Australia,"{""wickets"": 7}",KW Richardson,6,international,male
1072319,T20,2017/18,2018-02-13,Westpac Stadium,Wellington,,"New Zealand,England",New Zealand,England,England,field,New Zealand,"{""runs"": 12}",KS Williamson,6,international,male
1072320,T20,2017/18,2018-02-16,Eden Park,Auckland,,"New Zealand,Australia",New Zealand,Australia,New Zealand,bat,Australia,"{""wickets"": 5}",DJM Short,6,international,male
1072321,T20,2017/18,2018-02-18,Seddon Park,Hamilton,,"England,New Zealand",England,New Zealand,New Zealand,field,England,"{""runs"": 2}",EJG Morgan,6,international,male
1072322,T20,2017/18,2018-02-21,Eden Park,Auckland,,"New Zealand,Australia",New Zealand,Australia,New Zealand,bat,Australia,"{""runs"": 19}",AC Agar,6,international,male
1074957,T20,2016/17,2017-01-14,Sheikh Zayed Stadium,Abu Dhabi,,"Hong Kong,Scotland",Hong Kong,Scotland,Scotland,bat,Scotland,"{""runs"": 24}",CS MacLeod,6,international,male
1074959,T20,2016/17,2017-01-15,Sheikh Zayed Stadium,Abu Dhabi,,"Netherlands,Oman",Netherlands,Oman,Oman,bat,Netherlands,"{""wickets"": 5}",MJG Rippon,6,international,male
1074961,T20,2016/17,2017-01-16,Sheikh Zayed Stadium,Abu Dhabi,,"Hong Kong,Oman",Hong Kong,Oman,Oman,field,Oman,"{""wickets"": 7}",Bilal Khan,6,international,male
1074964,T20,2016/17,2017-01-17,Sheikh Zayed Stadium,Abu Dhabi,,"Netherlands,Scotland",Netherlands,Scotland,Netherlands,field,Scotland,"{""runs"": 7}",JH Davey,6,international,male
1074965,T20,2016/17,2017-01-18,Dubai International Cricket Stadium,,,"United Arab Emirates,Ireland",United Arab Emirates,Ireland,Ireland,bat,Ireland,"{""runs"": 24}",WB Rankin,6,international,male
1074966,T20,2016/17,2017-01-18,Dubai International Cricket Stadium,,,"Hong Kong,Netherlands",Hong Kong,Netherlands,Hong Kong,bat,Hong Kong,"{""runs"": 91}",Anshuman Rath,6,international,male
1074968,T20,2016/17,2017-01-19,Dubai International Cricket Stadium,,,"Oman,Scotland",Oman,Scotland,Oman,bat,Scotland,"{""wickets"": 7}",MH Cross,6,international,male
1074970,T20,2016/17,2017-01-20,Dubai International Cricket Stadium,,,"Ireland,Scotland",Ireland,Scotland,Scotland,field,Ireland,"{""runs"": 98}",GC Wilson,6,international,male
1075507,T20,2017/18,2017-10-26,Mangaung Oval,Bloemfontein,,"South Africa,Bangladesh",South Africa,Bangladesh,South Africa,bat,South Africa,"{""runs"": 20}",AB de Villiers,6,international,male
1075508,T20,2017/18,2017-10-29,Senwes Park,Potchefstroom,,"South Africa,Bangladesh",South Africa,Bangladesh,Bangladesh,field,South Africa,"{""runs"": 83}",DA Miller,6,international,male
1077947,T20,2017,2017-03-26,"Kensington Oval, Bridgetown",Barbados,,"West Indies,Pakistan",West Indies,Pakistan,Pakistan,field,Pakistan,"{""wickets"": 6}",Shadab Khan,6,international,male
1077948,T20,2017,2017-03-30,"Queen's Park Oval, Port of Spain",Trinidad,,"West Indies,Pakistan",West Indies,Pakistan,West Indies,field,Pakistan,"{""runs"": 3}",Shadab Khan,6,international,male
1083449,T20,2016/17,2017-04-04,R Premadasa Stadium,Colombo,,"Sri Lanka,Bangladesh",Sri Lanka,Bangladesh,Bangladesh,bat,Sri Lanka,"{""wickets"": 6}",MDKJ Perera,6,international,male
1083450,T20,2016/17,2017-04-06,R Premadasa Stadium,Colombo,,"Sri Lanka,Bangladesh",Sri Lanka,Bangladesh,Bangladesh,bat,Bangladesh,"{""runs"": 45}",Shakib Al Hasan,6,international,male
1085495,T20,2017,2017-04-01,"Queen's Park Oval, Port of Spain",Trinidad,,"West Indies,Pakistan",West Indies,Pakistan,Pakistan,bat,West Indies,"{""wickets"": 7}",E Lewis,6,international,male
1085496,T20,2017,2017-04-02,"Queen's Park Oval, Port of Spain",Trinidad,,"West Indies,Pakistan",West Indies,Pakistan,Pakistan,field,Pakistan,"{""wickets"": 7}",Hasan Ali,6,international,male
1089202,T20,2017,2017-04-12,Sheikh Zayed Stadium,Abu Dhabi,,"United Arab Emirates,Papua New Guinea",United Arab Emirates,Papua New Guinea,United Arab Emirates,field,United Arab Emirates,"{""wickets"": 5}",,6,international,male
1089203,T20,2017,2017-04-14,Sheikh Zayed Stadium,Abu Dhabi,,"United Arab Emirates,Papua New Guinea",United Arab Emirates,Papua New Guinea,Papua New Guinea,field,United Arab Emirates,"{""runs"": 30}",,6,international,male
1089243,T20,2017,2017-04-14,Sheikh Zayed Stadium,Abu Dhabi,,"United Arab Emirates,Papua New Guinea",United Arab Emirates,Papua New Guinea,Papua New Guinea,bat,United Arab Emirates,"{""wickets"": 5}",,6,international,male
1098211,T20,2017,2017-07-09,"Sabina Park, Kingston",Jamaica,,"West Indies,India",West Indies,India,West Indies,field,West Indies,"{""wickets"": 9}",E Lewis,6,international,male
1109610,T20,2017,2017-09-06,"R.Premadasa Stadium, Khettarama",Colombo,,"Sri Lanka,India",Sri Lanka,India,India,field,India,"{""wickets"": 7}",V Kohli,6,international,male
1115798,T20,2017/18,2017-12-29,Saxton Oval,Nelson,,"New Zealand,West Indies",New Zealand,West Indies,West Indies,field,New Zealand,"{""runs"": 47}",GD Phillips,6,international,male
1115799,T20,2017/18,2018-01-01,Bay Oval,Mount Maunganui,,"New Zealand,West Indies",New Zealand,West Indies,West Indies,field,,null,,6,international,male
1115800,T20,2017/18,2018-01-03,Bay Oval,Mount Maunganui,,"New Zealand,West Indies",New Zealand,West Indies,New Zealand,bat,New Zealand,"{""runs"": 119}",C Munro,6,international,male
1115807,T20,2017/18,2018-01-22,Westpac Stadium,Wellington,,"Pakistan,New Zealand",Pakistan,New Zealand,New Zealand,field,New Zealand,"{""wickets"": 7}",C Munro,6,international,male
1115808,T20,2017/18,2018-01-25,Eden Park,Auckland,,"Pakistan,New Zealand",Pakistan,New Zealand,Pakistan,bat,Pakistan,"{""runs"": 48}",Fakhar Zaman,6,international,male
1115809,T20,2017/18,2018-01-28,Bay Oval,Mount Maunganui,,"Pakistan,New Zealand",Pakistan,New Zealand,Pakistan,bat,Pakistan,"{""runs"": 18}",Shadab Khan,6,international,male
1117821,T20,2017/18,2017-09-12,Gaddafi Stadium,Lahore,,"Pakistan,ICC World XI",Pakistan,ICC World XI,ICC World XI,field,Pakistan,"{""runs"": 20}",Babar Azam,6,international,male
1117822,T20,2017/18,2017-09-13,Gaddafi Stadium,Lahore,,"Pakistan,ICC World XI",Pakistan,ICC World XI,Pakistan,bat,ICC World XI,"{""wickets"": 7}",NLTC Perera,6,international,male
1117824,T20,2017/18,2017-09-15,Gaddafi Stadium,Lahore,,"Pakistan,ICC World XI",Pakistan,ICC World XI,ICC World XI,field,Pakistan,"{""runs"": 33}",Ahmed Shehzad,6,international,male
1119501,T20,2017/18,2017-10-07,JSCA International Stadium Complex,Ranchi,,"Australia,India",Australia,India,India,field,India,"{""wickets"": 9}",Kuldeep Yadav,6,international,male
1119502,T20,2017/18,2017-10-10,Barsapara Cricket Stadium,Guwahati,,"India,Australia",India,Australia,Australia,field,Australia,"{""wickets"": 8}",JP Behrendorff,6,international,male
1119542,T20,2018,2018-06-27,Edgbaston,Birmingham,,"England,Australia",England,Australia,Australia,field,England,"{""runs"": 28}",AU Rashid,6,international,male
1119543,T20,2018,2018-07-03,Old Trafford,Manchester,,"England,India",England,India,India,field,India,"{""wickets"": 8}",Kuldeep Yadav,6,international,male
1119544,T20,2018,2018-07-06,Sophia Gardens,Cardiff,,"India,England",India,England,England,field,England,"{""wickets"": 5}",AD Hales,6,international,male
1119545,T20,2018,2018-07-08,County Ground,Bristol,,"England,India",England,India,India,field,India,"{""wickets"": 7}",RG Sharma,6,international,male
1120093,T20,2017/18,2017-11-01,Arun Jaitley Stadium,Delhi,,"India,New Zealand",India,New Zealand,New Zealand,field,India,"{""runs"": 53}",S Dhawan,6,international,male
1120094,T20,2017/18,2017-11-04,Saurashtra Cricket Association Stadium,Rajkot,,"New Zealand,India",New Zealand,India,New Zealand,bat,New Zealand,"{""runs"": 40}",C Munro,6,international,male
1120095,T20,2017/18,2017-11-07,Greenfield International Stadium,Thiruvananthapuram,,"India,New Zealand",India,New Zealand,New Zealand,field,India,"{""runs"": 6}",JJ Bumrah,6,international,male
1120291,T20,2017/18,2017-10-26,Sheikh Zayed Stadium,Abu Dhabi,,"Sri Lanka,Pakistan",Sri Lanka,Pakistan,Pakistan,field,Pakistan,"{""wickets"": 7}",Usman Shinwari,6,international,male
1120292,T20,2017/18,2017-10-27,Sheikh Zayed Stadium,Abu Dhabi,,"Sri Lanka,Pakistan",Sri Lanka,Pakistan,Pakistan,field,Pakistan,"{""wickets"": 2}",Shadab Khan,6,international,male
1120293,T20,2017/18,2017-10-29,Gaddafi Stadium,Lahore,,"Pakistan,Sri Lanka",Pakistan,Sri Lanka,Sri Lanka,field,Pakistan,"{""runs"": 36}",Shoaib Malik,6,international,male
1122285,T20,2017/18,2018-02-18,The Wanderers Stadium,Johannesburg,,"India,South Africa",India,South Africa,South Africa,field,India,"{""runs"": 28}",B Kumar,6,international,male
1122286,T20,2017/18,2018-02-21,SuperSport Park,Centurion,,"India,South Africa",India,South Africa,South Africa,field,South Africa,"{""wickets"": 6}",H Klaasen,6,international,male
1122287,T20,2017/18,2018-02-24,Newlands,Cape Town,,"India,South Africa",India,South Africa,South Africa,field,India,"{""runs"": 7}",SK Raina,6,international,male
1122729,T20,2017/18,2017-12-20,Barabati Stadium,Cuttack,,"India,Sri Lanka",India,Sri Lanka,Sri Lanka,field,India,"{""runs"": 93}",YS Chahal,6,international,male
1122730,T20,2017/18,2017-12-22,Holkar Cricket Stadium,Indore,,"India,Sri Lanka",India,Sri Lanka,Sri Lanka,field,India,"{""runs"": 88}",RG Sharma,6,international,male
1122731,T20,2017/18,2017-12-24,Wankhede Stadium,Mumbai,,"Sri Lanka,India",Sri Lanka,India,India,field,India,"{""wickets"": 5}",JD Unadkat,6,international,male
1127300,T20,2018,2018-06-12,"Grange Cricket Club, Raeburn Place",Edinburgh,,"Pakistan,Scotland",Pakistan,Scotland,Pakistan,bat,Pakistan,"{""runs"": 48}",Sarfraz Ahmed,6,international,male
1127301,T20,2018,2018-06-13,"Grange Cricket Club, Raeburn Place",Edinburgh,,"Pakistan,Scotland",Pakistan,Scotland,Pakistan,bat,Pakistan,"{""runs"": 84}",Usman Shinwari,6,international,male
1130746,T20,2017/18,2018-02-15,"Shere Bangla National Stadium, Mirpur",Dhaka,,"Bangladesh,Sri Lanka",Bangladesh,Sri Lanka,Bangladesh,bat,Sri Lanka,"{""wickets"": 6}",BKG Mendis,6,international,male
1130747,T20,2017/18,2018-02-18,Sylhet International Cricket Stadium,,,"Sri Lanka,Bangladesh",Sri Lanka,Bangladesh,Bangladesh,field,Sri Lanka,"{""runs"": 75}",BKG Mendis,6,international,male
1133817,T20,2017/18,2018-03-06,"R.Premadasa Stadium, Khettarama",Colombo,,"India,Sri Lanka",India,Sri Lanka,Sri Lanka,field,Sri Lanka,"{""wickets"": 5}",MDKJ Perera,6,international,male
1133818,T20,2017/18,2018-03-08,"R.Premadasa Stadium, Khettarama",Colombo,,"Bangladesh,India",Bangladesh,India,India,field,India,"{""wickets"": 6}",V Shankar,6,international,male
1133819,T20,2017/18,2018-03-10,"R.Premadasa Stadium, Khettarama",Colombo,,"Sri Lanka,Bangladesh",Sri Lanka,Bangladesh,Bangladesh,field,Bangladesh,"{""wickets"": 5}",Mushfiqur Rahim,6,international,male
1133820,T20,2017/18,2018-03-12,"R.Premadasa Stadium, Khettarama",Colombo,,"Sri Lanka,India",Sri Lanka,India,India,field,India,"{""wickets"": 6}",SN Thakur,6,international,male
1133821,T20,2017/18,2018-03-14,"R.Premadasa Stadium, Khettarama",Colombo,,"India,Bangladesh",India,Bangladesh,Bangladesh,field,India,"{""runs"": 17}",RG Sharma,6,international,male
1133822,T20,2017/18,2018-03-16,"R.Premadasa Stadium, Khettarama",Colombo,,"Sri Lanka,Bangladesh",Sri Lanka,Bangladesh,Bangladesh,field,Bangladesh,"{""wickets"": 2}",Mahmudullah,6,international,male
1133823,T20,2017/18,2018-03-18,"R.Premadasa Stadium, Khettarama",Colombo,,"Bangladesh,India",Bangladesh,India,India,field,India,"{""wickets"": 4}",KD Karthik,6,international,male
1140069,T20,2018,2018-04-01,National Stadium,Karachi,,"Pakistan,West Indies",Pakistan,West Indies,West Indies,field,Pakistan,"{""runs"": 143}",Hussain Talat,6,international,male
1140070,T20,2018,2018-04-02,National Stadium,Karachi,,"Pakistan,West Indies",Pakistan,West Indies,Pakistan,bat,Pakistan,"{""runs"": 82}",Babar Azam,6,international,male
1140071,T20,2018,2018-04-03,National Stadium,Karachi,,"West Indies,Pakistan",West Indies,Pakistan,West Indies,bat,Pakistan,"{""wickets"": 8}",Fakhar Zaman,6,international,male
1140384,T20,2018/19,2018-10-27,"R.Premadasa Stadium, Khettarama",Colombo,,"England,Sri Lanka",England,Sri Lanka,Sri Lanka,field,England,"{""runs"": 30}",JL Denly,6,international,male
1140992,T20,2018,2018-06-27,"The Village, Malahide",Dublin,,"India,Ireland",India,Ireland,Ireland,field,India,"{""runs"": 76}",Kuldeep Yadav,6,international,male
1140993,T20,2018,2018-06-29,"The Village, Malahide",Dublin,,"India,Ireland",India,Ireland,Ireland,field,India,"{""runs"": 143}",KL Rahul,6,international,male
1141232,T20,2018,2018-05-31,Lord's,London,,"West Indies,ICC World XI",West Indies,ICC World XI,ICC World XI,field,West Indies,"{""runs"": 72}",E Lewis,6,international,male
1141835,T20,2018,2018-07-29,Lord's,London,,"Netherlands,Nepal",Netherlands,Nepal,Nepal,field,,null,,6,international,male
1142501,T20,2018,2018-06-12,Hazelaarweg,Rotterdam,,"Netherlands,Ireland",Netherlands,Ireland,Ireland,field,Netherlands,"{""runs"": 4}",,6,international,male
1142502,T20,2018,2018-06-13,Hazelaarweg,Rotterdam,,"Ireland,Netherlands",Ireland,Netherlands,Ireland,bat,Netherlands,"{""wickets"": 4}",,6,international,male
1142503,T20,2018,2018-06-16,Sportpark Het Schootsveld,Deventer,,"Ireland,Scotland",Ireland,Scotland,Ireland,bat,Ireland,"{""runs"": 46}",,6,international,male
1142504,T20,2018,2018-06-17,Sportpark Het Schootsveld,Deventer,,"Scotland,Ireland",Scotland,Ireland,Scotland,bat,,null,,6,international,male
1142505,T20,2018,2018-06-19,VRA Ground,Amstelveen,,"Netherlands,Scotland",Netherlands,Scotland,Netherlands,bat,Scotland,"{""wickets"": 7}",,6,international,male
1142506,T20,2018,2018-06-20,VRA Ground,Amstelveen,,"Scotland,Netherlands",Scotland,Netherlands,Scotland,bat,Scotland,"{""runs"": 115}",,6,international,male
1142589,T20,2018,2018-08-14,"R.Premadasa Stadium, Khettarama",Colombo,,"South Africa,Sri Lanka",South Africa,Sri Lanka,South Africa,bat,Sri Lanka,"{""wickets"": 3}",DM de Silva,6,international,male
1142913,T20,2018,2018-07-01,Harare Sports Club,,,"Pakistan,Zimbabwe",Pakistan,Zimbabwe,Zimbabwe,field,Pakistan,"{""runs"": 74}",Asif Ali,6,international,male
1142914,T20,2018,2018-07-02,Harare Sports Club,,,"Pakistan,Australia",Pakistan,Australia,Australia,field,Australia,"{""wickets"": 9}",B Stanlake,6,international,male
1142915,T20,2018,2018-07-03,Harare Sports Club,,,"Australia,Zimbabwe",Australia,Zimbabwe,Zimbabwe,field,Australia,"{""runs"": 100}",AJ Finch,6,international,male
1142916,T20,2018,2018-07-04,Harare Sports Club,,,"Zimbabwe,Pakistan",Zimbabwe,Pakistan,Pakistan,field,Pakistan,"{""wickets"": 7}",SF Mire,6,international,male
1142917,T20,2018,2018-07-05,Harare Sports Club,,,"Pakistan,Australia",Pakistan,Australia,Australia,field,Pakistan,"{""runs"": 45}",Fakhar Zaman,6,international,male
1142918,T20,2018,2018-07-06,Harare Sports Club,,,"Zimbabwe,Australia",Zimbabwe,Australia,Zimbabwe,bat,Australia,"{""wickets"": 5}",AJ Tye,6,international,male
1142919,T20,2018,2018-07-08,Harare Sports Club,,,"Australia,Pakistan",Australia,Pakistan,Australia,bat,Pakistan,"{""wickets"": 6}",Fakhar Zaman,6,international,male
1144149,T20,2018/19,2018-10-09,Buffalo Park,East London,,"South Africa,Zimbabwe",South Africa,Zimbabwe,South Africa,bat,South Africa,"{""runs"": 34}",Imran Tahir,6,international,male
1144150,T20,2018/19,2018-10-12,Senwes Park,Potchefstroom,,"Zimbabwe,South Africa",Zimbabwe,South Africa,Zimbabwe,bat,South Africa,"{""wickets"": 6}",D Paterson,6,international,male
1144161,T20,2018/19,2019-02-01,Newlands,Cape Town,,"South Africa,Pakistan",South Africa,Pakistan,Pakistan,field,South Africa,"{""runs"": 6}",DA Miller,6,international,male
1144162,T20,2018/19,2019-02-03,The Wanderers Stadium,Johannesburg,,"South Africa,Pakistan",South Africa,Pakistan,Pakistan,field,South Africa,"{""runs"": 7}",DA Miller,6,international,male
1144163,T20,2018/19,2019-02-06,SuperSport Park,Centurion,,"South Africa,Pakistan",South Africa,Pakistan,South Africa,field,Pakistan,"{""runs"": 27}",Shadab Khan,6,international,male
1144172,T20,2018/19,2019-03-19,Newlands,Cape Town,,"South Africa,Sri Lanka",South Africa,Sri Lanka,South Africa,field,,null,DA Miller,6,international,male
1144173,T20,2018/19,2019-03-22,SuperSport Park,Centurion,,"South Africa,Sri Lanka",South Africa,Sri Lanka,Sri Lanka,field,South Africa,"{""runs"": 16}",HE van der Dussen,6,international,male
1144174,T20,2018/19,2019-03-24,The Wanderers Stadium,Johannesburg,,"South Africa,Sri Lanka",South Africa,Sri Lanka,Sri Lanka,field,South Africa,"{""runs"": 45}",D Pretorius,6,international,male
1144989,T20,2018/19,2018-11-17,Carrara Oval,,,"South Africa,Australia",South Africa,Australia,Australia,field,South Africa,"{""runs"": 21}",T Shamsi,6,international,male
1144990,T20,2018/19,2018-11-21,"Brisbane Cricket Ground, Woolloongabba",Brisbane,,"Australia,India",Australia,India,India,field,Australia,"{""runs"": 4}",A Zampa,6,international,male
1144991,T20,2018/19,2018-11-23,Melbourne Cricket Ground,,,"Australia,India",Australia,India,India,field,,null,,6,international,male
1144992,T20,2018/19,2018-11-25,Sydney Cricket Ground,,,"Australia,India",Australia,India,Australia,bat,India,"{""wickets"": 6}",KH Pandya,6,international,male
1146723,T20,2018,2018-07-31,"Warner Park, Basseterre",St Kitts,,"Bangladesh,West Indies",Bangladesh,West Indies,West Indies,field,West Indies,"{""wickets"": 7}",AD Russell,6,international,male
1146724,T20,2018,2018-08-04,Central Broward Regional Park Stadium Turf Ground,Lauderhill,,"Bangladesh,West Indies",Bangladesh,West Indies,West Indies,field,Bangladesh,"{""runs"": 12}",Tamim Iqbal,6,international,male
1146725,T20,2018,2018-08-05,Central Broward Regional Park Stadium Turf Ground,Lauderhill,,"Bangladesh,West Indies",Bangladesh,West Indies,Bangladesh,bat,Bangladesh,"{""runs"": 19}",Liton Das,6,international,male
1152840,T20,2019,2019-05-05,Sophia Gardens,Cardiff,,"England,Pakistan",England,Pakistan,Pakistan,bat,England,"{""wickets"": 7}",EJG Morgan,6,international,male
1153317,T20,2018/19,2018-12-17,Sylhet International Cricket Stadium,Sylhet,,"Bangladesh,West Indies",Bangladesh,West Indies,Bangladesh,bat,West Indies,"{""wickets"": 8}",SS Cottrell,6,international,male
1153318,T20,2018/19,2018-12-20,"Shere Bangla National Stadium, Mirpur",Dhaka,,"Bangladesh,West Indies",Bangladesh,West Indies,West Indies,field,Bangladesh,"{""runs"": 36}",Shakib Al Hasan,6,international,male
1153319,T20,2018/19,2018-12-22,"Shere Bangla National Stadium, Mirpur",Dhaka,,"Bangladesh,West Indies",Bangladesh,West Indies,Bangladesh,field,West Indies,"{""runs"": 50}",E Lewis,6,international,male
1153696,T20,2018/19,2019-02-06,Westpac Stadium,Wellington,,"New Zealand,India",New Zealand,India,India,field,New Zealand,"{""runs"": 80}",TL Seifert,6,international,male
1153697,T20,2018/19,2019-02-08,Eden Park,Auckland,,"New Zealand,India",New Zealand,India,New Zealand,bat,India,"{""wickets"": 7}",KH Pandya,6,international,male
1153698,T20,2018/19,2019-02-10,Seddon Park,Hamilton,,"New Zealand,India",New Zealand,India,India,field,New Zealand,"{""runs"": 4}",C Munro,6,international,male
1153843,T20,2018/19,2019-01-11,Eden Park,Auckland,,"New Zealand,Sri Lanka",New Zealand,Sri Lanka,Sri Lanka,field,New Zealand,"{""runs"": 35}",DAJ Bracewell,6,international,male
1157372,T20,2018/19,2018-10-24,Sheikh Zayed Stadium,Abu Dhabi,,"Pakistan,Australia",Pakistan,Australia,Australia,field,Pakistan,"{""runs"": 66}",Imad Wasim,6,international,male
1157373,T20,2018/19,2018-10-26,Dubai International Cricket Stadium,,,"Pakistan,Australia",Pakistan,Australia,Pakistan,bat,Pakistan,"{""runs"": 11}",Imad Wasim,6,international,male
1157374,T20,2018/19,2018-10-28,Dubai International Cricket Stadium,,,"Pakistan,Australia",Pakistan,Australia,Pakistan,bat,Pakistan,"{""runs"": 33}",Shadab Khan,6,international,male
1157375,T20,2018/19,2018-10-31,Sheikh Zayed Stadium,Abu Dhabi,,"Pakistan,New Zealand",Pakistan,New Zealand,Pakistan,bat,Pakistan,"{""runs"": 2}",Mohammad Hafeez,6,international,male
1157376,T20,2018/19,2018-11-02,Dubai International Cricket Stadium,,,"New Zealand,Pakistan",New Zealand,Pakistan,New Zealand,bat,Pakistan,"{""wickets"": 6}",Shaheen Shah Afridi,6,international,male
1157377,T20,2018/19,2018-11-04,Dubai International Cricket Stadium,,,"Pakistan,New Zealand",Pakistan,New Zealand,Pakistan,bat,Pakistan,"{""runs"": 47}",Babar Azam,6,international,male
1157759,T20,2018/19,2018-11-04,Eden Gardens,Kolkata,,"West Indies,India",West Indies,India,India,field,India,"{""wickets"": 5}",Kuldeep Yadav,6,international,male
1157760,T20,2018/19,2018-11-06,Bharat Ratna Shri Atal Bihari Vajpayee Ekana Cricket Stadium,Lucknow,,"India,West Indies",India,West Indies,West Indies,field,India,"{""runs"": 71}",RG Sharma,6,international,male
1157761,T20,2018/19,2018-11-11,"MA Chidambaram Stadium, Chepauk",Chennai,,"West Indies,India",West Indies,India,West Indies,bat,India,"{""wickets"": 6}",S Dhawan,6,international,male
1158071,T20,2018/19,2019-03-05,"Darren Sammy National Cricket Stadium, St Lucia",Gros Islet,,"West Indies,England",West Indies,England,England,field,England,"{""wickets"": 4}",JM Bairstow,6,international,male
1158072,T20,2018/19,2019-03-08,"Warner Park, St Kitts",Basseterre,,"West Indies,England",West Indies,England,West Indies,field,England,"{""runs"": 137}",SW Billings,6,international,male
1158073,T20,2018/19,2019-03-10,"Warner Park, St Kitts",Basseterre,,"West Indies,England",West Indies,England,West Indies,bat,England,"{""wickets"": 8}",DJ Willey,6,international,male
1162727,T20,2018/19,2018-10-22,Tolerance Oval,Abu Dhabi,,"United Arab Emirates,Australia",United Arab Emirates,Australia,United Arab Emirates,bat,Australia,"{""wickets"": 7}",DJM Short,6,international,male
1168247,T20,2018/19,2019-02-24,Dr. Y.S. Rajasekhara Reddy ACA-VDCA Cricket Stadium,Visakhapatnam,,"India,Australia",India,Australia,Australia,field,Australia,"{""wickets"": 3}",NM Coulter-Nile,6,international,male
1168248,T20,2018/19,2019-02-27,M.Chinnaswamy Stadium,Bengaluru,,"India,Australia",India,Australia,Australia,field,Australia,"{""wickets"": 7}",GJ Maxwell,6,international,male
1168521,T20,2019,2019-07-12,"Bready Cricket Club, Magheramason",Bready,,"Ireland,Zimbabwe",Ireland,Zimbabwe,Ireland,field,Ireland,"{""wickets"": 9}",,6,international,male
1168522,T20,2019,2019-07-14,Bready,Derry,,"Ireland,Zimbabwe",Ireland,Zimbabwe,Zimbabwe,field,Zimbabwe,"{""wickets"": 8}",,6,international,male
1170457,T20,2018/19,2019-01-31,ICC Academy,Dubai,,"United Arab Emirates,Nepal",United Arab Emirates,Nepal,Nepal,field,United Arab Emirates,"{""runs"": 21}",Shaiman Anwar,6,international,male
1170458,T20,2018/19,2019-02-01,ICC Academy,Dubai,,"United Arab Emirates,Nepal",United Arab Emirates,Nepal,United Arab Emirates,bat,Nepal,"{""wickets"": 4}",DS Airee,6,international,male
1170459,T20,2018/19,2019-02-03,ICC Academy,Dubai,,"United Arab Emirates,Nepal",United Arab Emirates,Nepal,United Arab Emirates,field,Nepal,"{""runs"": 14}",Karan KC,6,international,male
1172505,T20,2018/19,2019-02-13,Al Amerat Cricket Ground Oman Cricket (Ministry Turf 1),Al Amarat,,"Netherlands,Scotland",Netherlands,Scotland,Netherlands,field,Netherlands,"{""wickets"": 7}",TP Visee,6,international,male
1172506,T20,2018/19,2019-02-13,Al Amerat Cricket Ground Oman Cricket (Ministry Turf 1),Al Amarat,,"Oman,Ireland",Oman,Ireland,Oman,field,Ireland,"{""runs"": 15}",PR Stirling,6,international,male
1172507,T20,2018/19,2019-02-15,Al Amerat Cricket Ground Oman Cricket (Ministry Turf 1),Al Amarat,,"Oman,Netherlands",Oman,Netherlands,Netherlands,field,Netherlands,"{""wickets"": 8}",RE van der Merwe,6,international,male
1172508,T20,2018/19,2019-02-15,Al Amerat Cricket Ground Oman Cricket (Ministry Turf 1),Al Amarat,,"Ireland,Scotland",Ireland,Scotland,Scotland,field,Scotland,"{""wickets"": 6}",KJ Coetzer,6,international,male
1172509,T20,2018/19,2019-02-17,Al Amerat Cricket Ground Oman Cricket (Ministry Turf 1),Al Amarat,,"Ireland,Netherlands",Ireland,Netherlands,Ireland,field,Ireland,"{""wickets"": 1}",A Balbirnie,6,international,male
1172510,T20,2018/19,2019-02-17,Al Amerat Cricket Ground Oman Cricket (Ministry Turf 1),Al Amarat,,"Oman,Scotland",Oman,Scotland,Scotland,field,Scotland,"{""wickets"": 7}",A Neill,6,international,male
1176792,T20,2018/19,2019-03-22,Amini Park,Port Moresby,,"Papua New Guinea,Philippines",Papua New Guinea,Philippines,Philippines,field,Papua New Guinea,"{""runs"": 133}",A Vala,6,international,male
1176793,T20,2018/19,2019-03-22,Amini Park,Port Moresby,,"Papua New Guinea,Vanuatu",Papua New Guinea,Vanuatu,Vanuatu,bat,Papua New Guinea,"{""wickets"": 8}",TP Ura,6,international,male
1176794,T20,2018/19,2019-03-23,Amini Park,Port Moresby,,"Philippines,Vanuatu",Philippines,Vanuatu,Vanuatu,bat,Vanuatu,"{""runs"": 63}",,6,international,male
1176795,T20,2018/19,2019-03-23,Amini Park,Port Moresby,,"Papua New Guinea,Philippines",Papua New Guinea,Philippines,Papua New Guinea,bat,,null,,6,international,male
1176796,T20,2018/19,2019-03-24,Amini Park,Port Moresby,,"Philippines,Vanuatu",Philippines,Vanuatu,Vanuatu,field,Philippines,"{""runs"": 10}",DC Smith,6,international,male
1176797,T20,2018/19,2019-03-24,Amini Park,Port Moresby,,"Papua New Guinea,Vanuatu",Papua New Guinea,Vanuatu,Vanuatu,bat,Papua New Guinea,"{""wickets"": 10}",L Siaka,6,international,male
1177484,T20,2018/19,2019-03-15,ICC Academy,Dubai,,"United Arab Emirates,United States of America",United Arab Emirates,United States of America,United Arab Emirates,field,,null,,6,international,male
1177485,T20,2018/19,2019-03-16,ICC Academy,Dubai,,"United Arab Emirates,United States of America",United Arab Emirates,United States of America,United Arab Emirates,bat,United Arab Emirates,"{""runs"": 24}",Shaiman Anwar,6,international,male
1178996,T20,2019,2019-05-25,Sportpark Maarschalkerweerd,Utrecht,,"Germany,Italy",Germany,Italy,Italy,field,Italy,"{""wickets"": 6}",,6,international,male
1183524,T20,2019/20,2019-10-27,Adelaide Oval,Adelaide,,"Australia,Sri Lanka",Australia,Sri Lanka,Sri Lanka,field,Australia,"{""runs"": 134}",DA Warner,6,international,male
1183525,T20,2019/20,2019-10-30,"Brisbane Cricket Ground, Woolloongabba",Brisbane,,"Australia,Sri Lanka",Australia,Sri Lanka,Sri Lanka,bat,Australia,"{""wickets"": 9}",DA Warner,6,international,male
1183526,T20,2019/20,2019-11-01,Melbourne Cricket Ground,Melbourne,,"Australia,Sri Lanka",Australia,Sri Lanka,Australia,field,Australia,"{""wickets"": 7}",DA Warner,6,international,male
1183527,T20,2019/20,2019-11-03,Sydney Cricket Ground,Sydney,,"Australia,Pakistan",Australia,Pakistan,Australia,field,,null,,6,international,male
1183528,T20,2019/20,2019-11-05,Manuka Oval,Canberra,,"Australia,Pakistan",Australia,Pakistan,Pakistan,bat,Australia,"{""wickets"": 7}",SPD Smith,6,international,male
1183529,T20,2019/20,2019-11-08,Perth Stadium,Perth,,"Australia,Pakistan",Australia,Pakistan,Australia,field,Australia,"{""wickets"": 10}",SA Abbott,6,international,male
1184258,T20,2019,2019-05-20,Kyambogo Cricket Oval,Kampala,,"Ghana,Namibia",Ghana,Namibia,Namibia,field,Namibia,"{""wickets"": 9}",SJ Baard,6,international,male
1184260,T20,2019,2019-05-20,Lugogo Cricket Oval,Kampala,,"Uganda,Botswana",Uganda,Botswana,Botswana,field,Uganda,"{""runs"": 52}",A Otwani,6,international,male
1184261,T20,2019,2019-05-21,Kyambogo Cricket Oval,Kampala,,"Ghana,Kenya",Ghana,Kenya,Ghana,field,Kenya,"{""runs"": 53}",RR Patel,6,international,male
1184262,T20,2019,2019-05-21,Kyambogo Cricket Oval,Kampala,,"Uganda,Namibia",Uganda,Namibia,Namibia,bat,Namibia,"{""runs"": 42}",K Birkenstock,6,international,male
1184263,T20,2019,2019-05-21,Lugogo Cricket Oval,Kampala,,"Botswana,Nigeria",Botswana,Nigeria,Nigeria,bat,Nigeria,"{""runs"": 11}",I Danladi,6,international,male
1184266,T20,2019,2019-05-23,Kyambogo Cricket Oval,Kampala,,"Uganda,Ghana",Uganda,Ghana,Ghana,bat,Uganda,"{""wickets"": 7}",Riazat Ali Shah,6,international,male
1184900,T20,2019,2019-05-22,Kyambogo Cricket Oval,Kampala,,"Ghana,Nigeria",Ghana,Nigeria,Ghana,field,Nigeria,"{""runs"": 28}",VD Adewoye,6,international,male
1184901,T20,2019,2019-05-22,Kyambogo Cricket Oval,Kampala,,"Botswana,Namibia",Botswana,Namibia,Botswana,bat,Namibia,"{""wickets"": 10}",C Viljoen,6,international,male
1184902,T20,2019,2019-05-22,Lugogo Cricket Oval,Kampala,,"Uganda,Kenya",Uganda,Kenya,Kenya,bat,Kenya,"{""runs"": 1}",RR Patel,6,international,male
1185181,T20,2019,2019-06-15,King George V Sports Ground,Castel,,"Guernsey,Germany",Guernsey,Germany,Germany,field,Germany,"{""wickets"": 5}",,6,international,male
1185182,T20,2019,2019-06-17,King George V Sports Ground,Castel,,"Denmark,Norway",Denmark,Norway,Denmark,bat,Denmark,"{""runs"": 46}",SA Ahmad,6,international,male
1185184,T20,2019,2019-06-16,King George V Sports Ground,Castel,,"Denmark,Jersey",Denmark,Jersey,Denmark,field,Jersey,"{""runs"": 18}",,6,international,male
1185185,T20,2019,2019-06-16,College Field,St Peter Port,,"Guernsey,Italy",Guernsey,Italy,Guernsey,field,Italy,"{""runs"": 11}",,6,international,male
1185186,T20,2019,2019-06-16,King George V Sports Ground,Castel,,"Jersey,Norway",Jersey,Norway,Jersey,bat,Jersey,"{""runs"": 80}",BDH Stevens,6,international,male
1185187,T20,2019,2019-06-18,King George V Sports Ground,Castel,,"Guernsey,Denmark",Guernsey,Denmark,Guernsey,field,,null,,6,international,male
1185188,T20,2019,2019-06-20,College Field,St Peter Port,,"Germany,Norway",Germany,Norway,Germany,field,Germany,"{""wickets"": 7}",CAJ Meschede,6,international,male
1185190,T20,2019,2019-06-20,College Field,St Peter Port,,"Germany,Jersey",Germany,Jersey,Germany,field,Germany,"{""wickets"": 3}",B Ward,6,international,male
1185191,T20,2019,2019-06-19,King George V Sports Ground,Castel,,"Guernsey,Norway",Guernsey,Norway,Guernsey,field,Guernsey,"{""wickets"": 4}",,6,international,male
1185192,T20,2019,2019-06-19,College Field,St Peter Port,,"Italy,Jersey",Italy,Jersey,Italy,field,Jersey,"{""runs"": 73}",,6,international,male
1185193,T20,2019,2019-06-19,King George V Sports Ground,Castel,,"Denmark,Germany",Denmark,Germany,Germany,field,Germany,"{""wickets"": 7}",,6,international,male
1185313,T20,2019/20,2020-02-12,Buffalo Park,East London,,"South Africa,England",South Africa,England,England,field,South Africa,"{""runs"": 1}",L Ngidi,6,international,male
1185314,T20,2019/20,2020-02-14,Kingsmead,Durban,,"South Africa,England",South Africa,England,South Africa,field,England,"{""runs"": 2}",MM Ali,6,international,male
1185315,T20,2019/20,2020-02-16,SuperSport Park,Centurion,,"South Africa,England",South Africa,England,South Africa,bat,England,"{""wickets"": 5}",EJG Morgan,6,international,male
1185316,T20,2019/20,2020-02-21,The Wanderers Stadium,Johannesburg,,"South Africa,Australia",South Africa,Australia,South Africa,field,Australia,"{""runs"": 107}",AC Agar,6,international,male
1185317,T20,2019/20,2020-02-23,St George's Park,Port Elizabeth,,"South Africa,Australia",South Africa,Australia,South Africa,bat,South Africa,"{""runs"": 12}",Q de Kock,6,international,male
1185318,T20,2019/20,2020-02-26,Newlands,Cape Town,,"South Africa,Australia",South Africa,Australia,South Africa,field,Australia,"{""runs"": 97}",MA Starc,6,international,male
1186488,T20,2019,2019-06-24,Kinrara Academy Oval,Kuala Lumpur,,"Malaysia,Thailand",Malaysia,Thailand,Malaysia,field,Malaysia,"{""wickets"": 5}",M Syahadat Ramli,6,international,male
1186490,T20,2019,2019-06-26,Kinrara Academy Oval,Kuala Lumpur,,"Maldives,Thailand",Maldives,Thailand,Thailand,bat,Maldives,"{""wickets"": 2}",MNR Cooray,6,international,male
1186491,T20,2019,2019-06-27,Kinrara Academy Oval,Kuala Lumpur,,"Malaysia,Thailand",Malaysia,Thailand,Thailand,bat,Malaysia,"{""wickets"": 8}",Anwar Rahman,6,international,male
1186492,T20,2019,2019-06-28,Kinrara Academy Oval,Kuala Lumpur,,"Malaysia,Maldives",Malaysia,Maldives,Malaysia,bat,,null,,6,international,male
1186493,T20,2019,2019-06-29,Kinrara Academy Oval,Kuala Lumpur,,"Maldives,Thailand",Maldives,Thailand,Thailand,field,Thailand,"{""wickets"": 5}",N Pathan,6,international,male
1187005,T20,2019/20,2019-09-18,"Punjab Cricket Association IS Bindra Stadium, Mohali",Chandigarh,,"India,South Africa",India,South Africa,India,field,India,"{""wickets"": 7}",V Kohli,6,international,male
1187006,T20,2019/20,2019-09-22,M.Chinnaswamy Stadium,Bengaluru,,"India,South Africa",India,South Africa,India,bat,South Africa,"{""wickets"": 9}",BE Hendricks,6,international,male
1187013,T20,2019/20,2019-11-03,Arun Jaitley Stadium,Delhi,,"India,Bangladesh",India,Bangladesh,Bangladesh,field,Bangladesh,"{""wickets"": 7}",Mushfiqur Rahim,6,international,male
1187014,T20,2019/20,2019-11-07,Saurashtra Cricket Association Stadium,Rajkot,,"India,Bangladesh",India,Bangladesh,India,field,India,"{""wickets"": 8}",RG Sharma,6,international,male
1187015,T20,2019/20,2019-11-10,"Vidarbha Cricket Association Stadium, Jamtha",Nagpur,,"India,Bangladesh",India,Bangladesh,Bangladesh,field,India,"{""runs"": 30}",DL Chahar,6,international,male
1187018,T20,2019/20,2019-12-06,"Rajiv Gandhi International Stadium, Uppal",Hyderabad,,"India,West Indies",India,West Indies,India,field,India,"{""wickets"": 6}",V Kohli,6,international,male
1187019,T20,2019/20,2019-12-08,Greenfield International Stadium,Thiruvananthapuram,,"India,West Indies",India,West Indies,West Indies,field,West Indies,"{""wickets"": 8}",LMP Simmons,6,international,male
1187020,T20,2019/20,2019-12-11,Wankhede Stadium,Mumbai,,"India,West Indies",India,West Indies,West Indies,field,India,"{""runs"": 67}",KL Rahul,6,international,male
1187665,T20,2019/20,2019-11-01,Hagley Oval,Christchurch,,"New Zealand,England",New Zealand,England,England,field,England,"{""wickets"": 7}",JM Vince,6,international,male
1187666,T20,2019/20,2019-11-03,Westpac Stadium,Wellington,,"New Zealand,England",New Zealand,England,England,field,New Zealand,"{""runs"": 21}",MJ Santner,6,international,male
1187667,T20,2019/20,2019-11-05,Saxton Oval,Nelson,,"New Zealand,England",New Zealand,England,New Zealand,bat,New Zealand,"{""runs"": 14}",C de Grandhomme,6,international,male
1187668,T20,2019/20,2019-11-08,McLean Park,Napier,,"New Zealand,England",New Zealand,England,New Zealand,field,England,"{""runs"": 76}",DJ Malan,6,international,male
1187669,T20,2019/20,2019-11-10,Eden Park,Auckland,,"New Zealand,England",New Zealand,England,England,field,,null,JM Bairstow,6,international,male
1187677,T20,2019/20,2020-01-24,Eden Park,Auckland,,"New Zealand,India",New Zealand,India,India,field,India,"{""wickets"": 6}",SS Iyer,6,international,male
1187678,T20,2019/20,2020-01-26,Eden Park,Auckland,,"New Zealand,India",New Zealand,India,New Zealand,bat,India,"{""wickets"": 7}",KL Rahul,6,international,male
1187679,T20,2019/20,2020-01-29,Seddon Park,Hamilton,,"New Zealand,India",New Zealand,India,New Zealand,field,,null,RG Sharma,6,international,male
1187680,T20,2019/20,2020-01-31,Westpac Stadium,Wellington,,"New Zealand,India",New Zealand,India,New Zealand,field,,null,SN Thakur,6,international,male
1187681,T20,2019/20,2020-02-02,Bay Oval,Mount Maunganui,,"New Zealand,India",New Zealand,India,India,bat,India,"{""runs"": 7}",JJ Bumrah,6,international,male
1188379,T20,2019,2019-06-23,Hazelaarweg,Rotterdam,,"Netherlands,Zimbabwe",Netherlands,Zimbabwe,Zimbabwe,field,Netherlands,"{""runs"": 49}",,6,international,male
1188380,T20,2019,2019-06-25,Hazelaarweg,Rotterdam,,"Netherlands,Zimbabwe",Netherlands,Zimbabwe,Netherlands,bat,,null,,6,international,male
1188621,T20,2019,2019-08-03,Central Broward Regional Park Stadium Turf Ground,Lauderhill,,"India,West Indies",India,West Indies,India,field,India,"{""wickets"": 4}",Navdeep Saini,6,international,male
1188622,T20,2019,2019-08-04,Central Broward Regional Park Stadium Turf Ground,Lauderhill,,"India,West Indies",India,West Indies,India,bat,India,"{""runs"": 22}",KH Pandya,6,international,male
1188623,T20,2019,2019-08-06,"Providence Stadium, Guyana",Providence,,"West Indies,India",West Indies,India,India,field,India,"{""wickets"": 7}",DL Chahar,6,international,male
1189743,T20,2019,2019-06-20,King George V Sports Ground,Castel,,"Guernsey,Denmark",Guernsey,Denmark,Denmark,field,Guernsey,"{""runs"": 6}",ND Laegsgaard,6,international,male
1189744,T20,2019,2019-06-20,King George V Sports Ground,Castel,,"Denmark,Italy",Denmark,Italy,Denmark,bat,Denmark,"{""runs"": 30}",Zishan Shah,6,international,male
1190767,T20,2019,2019-07-22,Indian Association Ground,Singapore,,"Singapore,Qatar",Singapore,Qatar,Singapore,bat,Singapore,"{""runs"": 33}",Janak Prakash,6,international,male
1190768,T20,2019,2019-07-22,Indian Association Ground,Singapore,,"Kuwait,Malaysia",Kuwait,Malaysia,Malaysia,bat,Malaysia,"{""runs"": 42}",Syed Aziz,6,international,male
1190769,T20,2019,2019-07-23,Indian Association Ground,Singapore,,"Nepal,Qatar",Nepal,Qatar,Nepal,bat,Qatar,"{""wickets"": 4}",Inam-ul-Haq,6,international,male
1190771,T20,2019,2019-07-24,Indian Association Ground,Singapore,,"Malaysia,Nepal",Malaysia,Nepal,Nepal,field,Nepal,"{""wickets"": 7}",G Malla,6,international,male
1190772,T20,2019,2019-07-26,Indian Association Ground,Singapore,,"Kuwait,Qatar",Kuwait,Qatar,Qatar,field,Kuwait,"{""runs"": 10}",Adnan Idrees,6,international,male
1190773,T20,2019,2019-07-26,Indian Association Ground,Singapore,,"Singapore,Malaysia",Singapore,Malaysia,Malaysia,bat,Singapore,"{""wickets"": 8}",S Chandramohan,6,international,male
1190774,T20,2019,2019-07-27,Indian Association Ground,Singapore,,"Kuwait,Nepal",Kuwait,Nepal,Nepal,field,Nepal,"{""wickets"": 7}",P Khadka,6,international,male
1190775,T20,2019,2019-07-27,Indian Association Ground,Singapore,,"Malaysia,Qatar",Malaysia,Qatar,Malaysia,bat,Qatar,"{""wickets"": 4}",Nouman Sarwar,6,international,male
1190776,T20,2019,2019-07-28,Indian Association Ground,Singapore,,"Singapore,Nepal",Singapore,Nepal,Singapore,bat,Singapore,"{""runs"": 82}",TH David,6,international,male
1191006,T20,2019,2019-08-05,VRA Ground,Amstelveen,,"Netherlands,United Arab Emirates",Netherlands,United Arab Emirates,United Arab Emirates,field,United Arab Emirates,"{""wickets"": 5}",,6,international,male
1191008,T20,2019,2019-08-08,Sportpark Westvliet,The Hague,,"Netherlands,United Arab Emirates",Netherlands,United Arab Emirates,Netherlands,bat,United Arab Emirates,"{""wickets"": 7}",,6,international,male
1192223,T20,2019,2019-07-13,Kinrara Academy Oval,Kuala Lumpur,,"Malaysia,Nepal",Malaysia,Nepal,Malaysia,bat,Nepal,"{""wickets"": 7}",P Khadka,6,international,male
1192224,T20,2019,2019-07-14,Kinrara Academy Oval,Kuala Lumpur,,"Malaysia,Nepal",Malaysia,Nepal,Nepal,bat,Nepal,"{""runs"": 6}",B Bhandari,6,international,male
1192875,T20,2019,2019-09-01,Pallekele International Cricket Stadium,Kandy,,"Sri Lanka,New Zealand",Sri Lanka,New Zealand,Sri Lanka,bat,New Zealand,"{""wickets"": 5}",LRPL Taylor,6,international,male
1192876,T20,2019,2019-09-03,Pallekele International Cricket Stadium,Kandy,,"Sri Lanka,New Zealand",Sri Lanka,New Zealand,Sri Lanka,bat,New Zealand,"{""wickets"": 4}",TG Southee,6,international,male
1192877,T20,2019,2019-09-06,Pallekele International Cricket Stadium,Kandy,,"Sri Lanka,New Zealand",Sri Lanka,New Zealand,Sri Lanka,bat,Sri Lanka,"{""runs"": 37}",SL Malinga,6,international,male
1197140,T20,2019,2019-09-13,"Shere Bangla National Stadium, Mirpur",Dhaka,,"Bangladesh,Zimbabwe",Bangladesh,Zimbabwe,Bangladesh,field,Bangladesh,"{""wickets"": 3}",Afif Hossain,6,international,male
1197143,T20,2019,2019-09-18,Zahur Ahmed Chowdhury Stadium,Chattogram,,"Bangladesh,Zimbabwe",Bangladesh,Zimbabwe,Zimbabwe,field,Bangladesh,"{""runs"": 39}",Mahmudullah,6,international,male
1197396,T20,2019,2019-08-18,"White Hill Field, Sandys Parish",Hamilton,,"Bermuda,United States of America",Bermuda,United States of America,Bermuda,bat,Bermuda,"{""runs"": 6}",DMW Rawlins,6,international,male
1197397,T20,2019,2019-08-18,"White Hill Field, Sandys Parish",Hamilton,,"Canada,Cayman Islands",Canada,Cayman Islands,Canada,bat,Canada,"{""runs"": 84}",Ravinderpal Singh,6,international,male
1197398,T20,2019,2019-08-19,National Stadium,Hamilton,,"Bermuda,Canada",Bermuda,Canada,Bermuda,bat,,null,,6,international,male
1197399,T20,2019,2019-08-19,National Stadium,Hamilton,,"Cayman Islands,United States of America",Cayman Islands,United States of America,United States of America,field,United States of America,"{""runs"": 10}",,6,international,male
1197400,T20,2019,2019-08-21,"White Hill Field, Sandys Parish",Hamilton,,"Bermuda,Cayman Islands",Bermuda,Cayman Islands,Cayman Islands,bat,Bermuda,"{""wickets"": 6}",,6,international,male
1197401,T20,2019,2019-08-21,"White Hill Field, Sandys Parish",Hamilton,,"Canada,United States of America",Canada,United States of America,United States of America,bat,Canada,"{""wickets"": 4}",NS Dhaliwal,6,international,male
1197402,T20,2019,2019-08-22,"White Hill Field, Sandys Parish",Hamilton,,"Canada,Cayman Islands",Canada,Cayman Islands,Canada,field,Canada,"{""wickets"": 8}",NS Dhaliwal,6,international,male
1197403,T20,2019,2019-08-22,Bermuda National Stadium,Hamilton,,"United States of America,Bermuda",United States of America,Bermuda,Bermuda,field,Bermuda,"{""wickets"": 4}",DAP Darrell,6,international,male
1197404,T20,2019,2019-08-24,"White Hill Field, Sandys Parish",Hamilton,,"Cayman Islands,United States of America",Cayman Islands,United States of America,Cayman Islands,bat,United States of America,"{""wickets"": 9}",SR Taylor,6,international,male
1197406,T20,2019,2019-08-25,"White Hill Field, Sandys Parish",Hamilton,,"Canada,United States of America",Canada,United States of America,United States of America,field,Canada,"{""runs"": 15}",Ravinderpal Singh,6,international,male
1197407,T20,2019,2019-08-25,"White Hill Field, Sandys Parish",Hamilton,,"Bermuda,Cayman Islands",Bermuda,Cayman Islands,Cayman Islands,bat,Bermuda,"{""wickets"": 6}",AC Douglas,6,international,male
1197507,T20,2019,2019-08-19,United Cricket Club Ground,Windhoek,,"Namibia,Botswana",Namibia,Botswana,Botswana,field,Namibia,"{""runs"": 93}",CG Williams,6,international,male
1197508,T20,2019,2019-08-20,United Cricket Club Ground,Windhoek,,"Namibia,Botswana",Namibia,Botswana,Botswana,field,Namibia,"{""runs"": 124}",JP Kotze,6,international,male
1197509,T20,2019,2019-08-22,United Cricket Club Ground,Windhoek,,"Namibia,Botswana",Namibia,Botswana,Namibia,bat,Namibia,"{""runs"": 78}",SJ Baard,6,international,male
1197510,T20,2019,2019-08-23,United Cricket Club Ground,Windhoek,,"Namibia,Botswana",Namibia,Botswana,Botswana,bat,Namibia,"{""wickets"": 8}",MG Erasmus,6,international,male
1197521,T20,2019/20,2019-10-05,Al Amerat Cricket Ground Oman Cricket (Ministry Turf 1),Al Amarat,,"Ireland,Netherlands",Ireland,Netherlands,Ireland,field,Ireland,"{""wickets"": 6}",,6,international,male
1197522,T20,2019/20,2019-10-06,Al Amerat Cricket Ground Oman Cricket (Ministry Turf 1),Al Amarat,,"Oman,Ireland",Oman,Ireland,Ireland,field,Oman,"{""runs"": 43}",,6,international,male
1197523,T20,2019/20,2019-10-06,Al Amerat Cricket Ground Oman Cricket (Ministry Turf 1),Al Amarat,,"Hong Kong,Nepal",Hong Kong,Nepal,Nepal,field,Nepal,"{""wickets"": 4}",,6,international,male
1197524,T20,2019/20,2019-10-07,Al Amerat Cricket Ground Oman Cricket (Ministry Turf 1),Al Amarat,,"Nepal,Netherlands",Nepal,Netherlands,Nepal,field,Nepal,"{""wickets"": 4}",,6,international,male
1197525,T20,2019/20,2019-10-07,Al Amerat Cricket Ground Oman Cricket (Ministry Turf 1),Al Amarat,,"Hong Kong,Ireland",Hong Kong,Ireland,Ireland,bat,Ireland,"{""runs"": 66}",,6,international,male
1197526,T20,2019/20,2019-10-09,Al Amerat Cricket Ground Oman Cricket (Ministry Turf 1),Al Amarat,,"Ireland,Nepal",Ireland,Nepal,Ireland,bat,Ireland,"{""runs"": 13}",,6,international,male
1197527,T20,2019/20,2019-10-09,Al Amerat Cricket Ground Oman Cricket (Ministry Turf 1),Al Amarat,,"Oman,Netherlands",Oman,Netherlands,Netherlands,bat,Oman,"{""wickets"": 7}",,6,international,male
1197528,T20,2019/20,2019-10-10,Al Amerat Cricket Ground Oman Cricket (Ministry Turf 1),Al Amarat,,"Hong Kong,Netherlands",Hong Kong,Netherlands,Hong Kong,field,Netherlands,"{""runs"": 37}",,6,international,male
1197529,T20,2019/20,2019-10-10,Al Amerat Cricket Ground Oman Cricket (Ministry Turf 1),Al Amarat,,"Oman,Nepal",Oman,Nepal,Oman,field,Oman,"{""wickets"": 6}",,6,international,male
1198235,T20,2020,2020-09-04,The Rose Bowl,Southampton,,"England,Australia",England,Australia,Australia,field,England,"{""runs"": 2}",DJ Malan,6,international,male
1198236,T20,2020,2020-09-06,The Rose Bowl,Southampton,,"Australia,England",Australia,England,Australia,bat,England,"{""wickets"": 6}",JC Buttler,6,international,male
1198237,T20,2020,2020-09-08,The Rose Bowl,Southampton,,"England,Australia",England,Australia,Australia,field,Australia,"{""wickets"": 5}",MR Marsh,6,international,male
1198244,T20,2020,2020-08-28,Old Trafford,Manchester,,"England,Pakistan",England,Pakistan,Pakistan,field,,null,,6,international,male
1198245,T20,2020,2020-08-30,Old Trafford,Manchester,,"Pakistan,England",Pakistan,England,England,field,England,"{""wickets"": 5}",EJG Morgan,6,international,male
1198246,T20,2020,2020-09-01,Old Trafford,Manchester,,"Pakistan,England",Pakistan,England,England,field,Pakistan,"{""runs"": 5}",Mohammad Hafeez,6,international,male
1198489,T20,2019/20,2019-10-05,Gaddafi Stadium,Lahore,,"Pakistan,Sri Lanka",Pakistan,Sri Lanka,Pakistan,field,Sri Lanka,"{""runs"": 64}",MD Gunathilaka,6,international,male
1198490,T20,2019/20,2019-10-07,Gaddafi Stadium,Lahore,,"Pakistan,Sri Lanka",Pakistan,Sri Lanka,Sri Lanka,bat,Sri Lanka,"{""runs"": 35}",PBB Rajapaksa,6,international,male
1198491,T20,2019/20,2019-10-09,Gaddafi Stadium,Lahore,,"Pakistan,Sri Lanka",Pakistan,Sri Lanka,Sri Lanka,bat,Sri Lanka,"{""runs"": 13}",PWH de Silva,6,international,male
1199499,T20,2019/20,2019-10-18,ICC Academy,Dubai,,"Scotland,Singapore",Scotland,Singapore,Scotland,field,Singapore,"{""runs"": 2}",S Vijayakumar,6,international,male
1199500,T20,2019/20,2019-10-18,Sheikh Zayed Stadium,Abu Dhabi,,"Hong Kong,Ireland",Hong Kong,Ireland,Hong Kong,bat,Ireland,"{""wickets"": 8}",PR Stirling,6,international,male
1199501,T20,2019/20,2019-10-18,ICC Academy,Dubai,,"Kenya,Netherlands",Kenya,Netherlands,Netherlands,bat,Netherlands,"{""runs"": 30}",MP O'Dowd,6,international,male
1199502,T20,2019/20,2019-10-18,Sheikh Zayed Stadium,Abu Dhabi,,"United Arab Emirates,Oman",United Arab Emirates,Oman,Oman,field,Oman,"{""wickets"": 7}",Fayyaz Butt,6,international,male
1199503,T20,2019/20,2019-10-19,ICC Academy,Dubai,,"Bermuda,Papua New Guinea",Bermuda,Papua New Guinea,Papua New Guinea,field,Papua New Guinea,"{""wickets"": 10}",N Vanua,6,international,male
1199504,T20,2019/20,2019-10-19,Sheikh Zayed Stadium,Abu Dhabi,,"Jersey,Nigeria",Jersey,Nigeria,Jersey,bat,Jersey,"{""runs"": 69}",JW Jenner,6,international,male
1199505,T20,2019/20,2019-10-19,ICC Academy,Dubai,,"Namibia,Netherlands",Namibia,Netherlands,Netherlands,bat,Netherlands,"{""runs"": 44}",RN ten Doeschate,6,international,male
1199506,T20,2019/20,2019-10-19,ICC Academy Ground No 2,Dubai,,"Kenya,Scotland",Kenya,Scotland,Scotland,bat,Scotland,"{""runs"": 31}",RD Berrington,6,international,male
1199507,T20,2019/20,2019-10-19,Sheikh Zayed Stadium,Abu Dhabi,,"United Arab Emirates,Ireland",United Arab Emirates,Ireland,United Arab Emirates,field,United Arab Emirates,"{""wickets"": 5}",Rohan Mustafa,6,international,male
1199508,T20,2019/20,2019-10-20,ICC Academy Ground No 2,Dubai,,"Namibia,Papua New Guinea",Namibia,Papua New Guinea,Papua New Guinea,bat,Papua New Guinea,"{""runs"": 81}",A Vala,6,international,male
1199509,T20,2019/20,2019-10-20,Tolerance Oval,Abu Dhabi,,"Canada,Jersey",Canada,Jersey,Jersey,field,Canada,"{""runs"": 53}",NR Kumar,6,international,male
1199510,T20,2019/20,2019-10-20,ICC Academy Ground No 2,Dubai,,"Bermuda,Singapore",Bermuda,Singapore,Bermuda,bat,Singapore,"{""wickets"": 5}",NMS Param,6,international,male
1199511,T20,2019/20,2019-10-20,Sheikh Zayed Stadium,Abu Dhabi,,"Hong Kong,Oman",Hong Kong,Oman,Oman,field,Oman,"{""wickets"": 7}",Aamir Kaleem,6,international,male
1199512,T20,2019/20,2019-10-21,ICC Academy,Dubai,,"Papua New Guinea,Scotland",Papua New Guinea,Scotland,Scotland,bat,Scotland,"{""runs"": 4}",Hamza Tahir,6,international,male
1199513,T20,2019/20,2019-10-21,Sheikh Zayed Stadium,Abu Dhabi,,"United Arab Emirates,Hong Kong",United Arab Emirates,Hong Kong,Hong Kong,bat,United Arab Emirates,"{""wickets"": 8}",Rameez Shahzad,6,international,male
1199514,T20,2019/20,2019-10-21,Tolerance Oval,Abu Dhabi,,"Ireland,Oman",Ireland,Oman,Oman,field,Ireland,"{""runs"": 35}",GJ Delany,6,international,male
1199515,T20,2019/20,2019-10-21,ICC Academy,Dubai,,"Bermuda,Kenya",Bermuda,Kenya,Kenya,bat,Kenya,"{""runs"": 45}",DM Gondaria,6,international,male
1199516,T20,2019/20,2019-10-21,Sheikh Zayed Stadium,Abu Dhabi,,"Canada,Nigeria",Canada,Nigeria,Canada,bat,Canada,"{""runs"": 50}",NR Kumar,6,international,male
1199517,T20,2019/20,2019-10-22,ICC Academy,Dubai,,"Namibia,Scotland",Namibia,Scotland,Namibia,bat,Namibia,"{""runs"": 24}",JJ Smit,6,international,male
1199518,T20,2019/20,2019-10-22,ICC Academy,Dubai,,"Netherlands,Singapore",Netherlands,Singapore,Singapore,bat,Netherlands,"{""wickets"": 5}",RE van der Merwe,6,international,male
1199519,T20,2019/20,2019-10-22,Tolerance Oval,Abu Dhabi,,"United Arab Emirates,Jersey",United Arab Emirates,Jersey,Jersey,bat,Jersey,"{""runs"": 35}",B Ward,6,international,male
1199520,T20,2019/20,2019-10-23,ICC Academy Ground No 2,Dubai,,"Bermuda,Namibia",Bermuda,Namibia,Namibia,field,Namibia,"{""wickets"": 6}",BM Scholtz,6,international,male
1199521,T20,2019/20,2019-10-23,Tolerance Oval,Abu Dhabi,,"Nigeria,Oman",Nigeria,Oman,Nigeria,bat,Oman,"{""wickets"": 7}",Aamir Kaleem,6,international,male
1199522,T20,2019/20,2019-10-23,ICC Academy Ground No 2,Dubai,,"Kenya,Singapore",Kenya,Singapore,Singapore,bat,Kenya,"{""wickets"": 7}",IA Karim,6,international,male
1199523,T20,2019/20,2019-10-23,Sheikh Zayed Stadium,Abu Dhabi,,"Canada,Ireland",Canada,Ireland,Canada,bat,Canada,"{""runs"": 10}",NR Kumar,6,international,male
1199524,T20,2019/20,2019-10-23,Sheikh Zayed Stadium,Abu Dhabi,,"Hong Kong,Jersey",Hong Kong,Jersey,Hong Kong,bat,Hong Kong,"{""runs"": 8}",SS McKechnie,6,international,male
1199525,T20,2019/20,2019-10-24,ICC Academy,Dubai,,"Netherlands,Papua New Guinea",Netherlands,Papua New Guinea,Netherlands,bat,Papua New Guinea,"{""wickets"": 5}",,6,international,male
1199526,T20,2019/20,2019-10-24,Tolerance Oval,Abu Dhabi,,"United Arab Emirates,Nigeria",United Arab Emirates,Nigeria,United Arab Emirates,field,United Arab Emirates,"{""wickets"": 5}",Zawar Farid,6,international,male
1199527,T20,2019/20,2019-10-24,Tolerance Oval,Abu Dhabi,,"Canada,Hong Kong",Canada,Hong Kong,Hong Kong,bat,Hong Kong,"{""runs"": 32}",KD Shah,6,international,male
1199528,T20,2019/20,2019-10-24,Dubai International Cricket Stadium,Dubai,,"Bermuda,Scotland",Bermuda,Scotland,Bermuda,field,Scotland,"{""runs"": 46}",CS MacLeod,6,international,male
1199529,T20,2019/20,2019-10-25,Dubai International Cricket Stadium,Dubai,,"Papua New Guinea,Singapore",Papua New Guinea,Singapore,Singapore,field,Papua New Guinea,"{""runs"": 43}",D Ravu,6,international,male
1199530,T20,2019/20,2019-10-25,Tolerance Oval,Abu Dhabi,,"Ireland,Jersey",Ireland,Jersey,Ireland,field,Ireland,"{""wickets"": 8}",MR Adair,6,international,male
1199531,T20,2019/20,2019-10-25,Dubai International Cricket Stadium,Dubai,,"Kenya,Namibia",Kenya,Namibia,Namibia,bat,Namibia,"{""runs"": 87}",MG Erasmus,6,international,male
1199532,T20,2019/20,2019-10-25,Sheikh Zayed Stadium,Abu Dhabi,,"Canada,Oman",Canada,Oman,Canada,bat,Oman,"{""wickets"": 8}",Jatinder Singh,6,international,male
1199533,T20,2019/20,2019-10-26,Sheikh Zayed Stadium,Abu Dhabi,,"Ireland,Nigeria",Ireland,Nigeria,Nigeria,bat,Ireland,"{""wickets"": 8}",CA Young,6,international,male
1199534,T20,2019/20,2019-10-26,Dubai International Cricket Stadium,Dubai,,"Bermuda,Netherlands",Bermuda,Netherlands,Netherlands,bat,Netherlands,"{""runs"": 92}",CN Ackermann,6,international,male
1199535,T20,2019/20,2019-10-26,Dubai International Cricket Stadium,Dubai,,"Namibia,Singapore",Namibia,Singapore,Singapore,field,Namibia,"{""runs"": 87}",MG Erasmus,6,international,male
1199536,T20,2019/20,2019-10-27,Dubai International Cricket Stadium,Dubai,,"Kenya,Papua New Guinea",Kenya,Papua New Guinea,Kenya,field,Papua New Guinea,"{""runs"": 45}",N Vanua,6,international,male
1199537,T20,2019/20,2019-10-27,Tolerance Oval,Abu Dhabi,,"Hong Kong,Nigeria",Hong Kong,Nigeria,Nigeria,bat,Hong Kong,"{""wickets"": 5}",Mohammad Ghazanfar,6,international,male
1199538,T20,2019/20,2019-10-27,Sheikh Zayed Stadium,Abu Dhabi,,"Jersey,Oman",Jersey,Oman,Oman,field,Jersey,"{""runs"": 14}",,6,international,male
1199539,T20,2019/20,2019-10-27,Dubai International Cricket Stadium,Dubai,,"Netherlands,Scotland",Netherlands,Scotland,Netherlands,field,Netherlands,"{""wickets"": 4}",PM Seelaar,6,international,male
1199540,T20,2019/20,2019-10-27,Sheikh Zayed Stadium,Abu Dhabi,,"United Arab Emirates,Canada",United Arab Emirates,Canada,Canada,field,United Arab Emirates,"{""runs"": 14}",Muhammad Usman,6,international,male
1199541,T20,2019/20,2019-10-29,Dubai International Cricket Stadium,Dubai,,"United Arab Emirates,Netherlands",United Arab Emirates,Netherlands,United Arab Emirates,bat,Netherlands,"{""wickets"": 8}",BD Glover,6,international,male
1199542,T20,2019/20,2019-10-29,Dubai International Cricket Stadium,Dubai,,"Namibia,Oman",Namibia,Oman,Namibia,bat,Namibia,"{""runs"": 54}",JJ Smit,6,international,male
1199543,T20,2019/20,2019-10-30,Dubai International Cricket Stadium,Dubai,,"United Arab Emirates,Scotland",United Arab Emirates,Scotland,Scotland,bat,Scotland,"{""runs"": 90}",HG Munsey,6,international,male
1199544,T20,2019/20,2019-10-30,Dubai International Cricket Stadium,Dubai,,"Hong Kong,Oman",Hong Kong,Oman,Oman,bat,Oman,"{""runs"": 12}",Jatinder Singh,6,international,male
1199545,T20,2019/20,2019-10-31,ICC Academy,Dubai,,"Oman,Scotland",Oman,Scotland,Oman,bat,Scotland,"{""wickets"": 5}",MH Cross,6,international,male
1199546,T20,2019/20,2019-11-01,Dubai International Cricket Stadium,Dubai,,"Ireland,Netherlands",Ireland,Netherlands,Ireland,field,Netherlands,"{""runs"": 21}",RE van der Merwe,6,international,male
1199547,T20,2019/20,2019-11-01,Dubai International Cricket Stadium,Dubai,,"Namibia,Papua New Guinea",Namibia,Papua New Guinea,Papua New Guinea,bat,Papua New Guinea,"{""runs"": 18}",N Vanua,6,international,male
1199548,T20,2019/20,2019-11-02,Dubai International Cricket Stadium,Dubai,,"Ireland,Namibia",Ireland,Namibia,Ireland,bat,Ireland,"{""runs"": 27}",Simi Singh,6,international,male
1199549,T20,2019/20,2019-11-02,Dubai International Cricket Stadium,Dubai,,"Netherlands,Papua New Guinea",Netherlands,Papua New Guinea,Papua New Guinea,bat,Netherlands,"{""wickets"": 7}",BD Glover,6,international,male
1200425,T20,2019,2019-09-16,"The Village, Malahide",Dublin,,"Netherlands,Scotland",Netherlands,Scotland,Netherlands,field,Scotland,"{""runs"": 58}",HG Munsey,6,international,male
1200426,T20,2019,2019-09-17,"The Village, Malahide",Dublin,,"Ireland,Scotland",Ireland,Scotland,Scotland,bat,Ireland,"{""wickets"": 4}",A Balbirnie,6,international,male
1200427,T20,2019,2019-09-18,"The Village, Malahide",Dublin,,"Ireland,Netherlands",Ireland,Netherlands,Ireland,bat,Netherlands,"{""wickets"": 6}",BN Cooper,6,international,male
1200428,T20,2019,2019-09-19,"The Village, Malahide",Dublin,,"Netherlands,Scotland",Netherlands,Scotland,Netherlands,bat,Scotland,"{""wickets"": 6}",,6,international,male
1201668,T20,2019/20,2019-10-25,La Manga Club Bottom Ground,Murcia,,"Spain,Portugal",Spain,Portugal,Spain,field,Spain,"{""wickets"": 8}",,6,international,male
1201669,T20,2019/20,2019-10-26,La Manga Club Bottom Ground,Murcia,,"Gibraltar,Portugal",Gibraltar,Portugal,Gibraltar,bat,Portugal,"{""wickets"": 6}",,6,international,male
1201670,T20,2019/20,2019-10-26,La Manga Club Bottom Ground,Murcia,,"Spain,Gibraltar",Spain,Gibraltar,Spain,field,Spain,"{""wickets"": 8}",,6,international,male
1201671,T20,2019/20,2019-10-26,La Manga Club Bottom Ground,Murcia,,"Spain,Portugal",Spain,Portugal,Portugal,field,Spain,"{""runs"": 29}",,6,international,male
1201673,T20,2019/20,2019-10-27,La Manga Club Bottom Ground,Murcia,,"Spain,Gibraltar",Spain,Gibraltar,Spain,field,Spain,"{""wickets"": 6}",,6,international,male
1201680,T20,2019/20,2019-09-27,Indian Association Ground,Singapore,,"Nepal,Zimbabwe",Nepal,Zimbabwe,Nepal,bat,Zimbabwe,"{""wickets"": 5}",R Mutumbami,6,international,male
1201681,T20,2019/20,2019-09-28,Indian Association Ground,Singapore,,"Singapore,Nepal",Singapore,Nepal,Singapore,bat,Nepal,"{""wickets"": 9}",P Khadka,6,international,male
1201682,T20,2019/20,2019-09-29,Indian Association Ground,Singapore,,"Singapore,Zimbabwe",Singapore,Zimbabwe,Singapore,bat,Singapore,"{""runs"": 4}",SC Williams,6,international,male
1201683,T20,2019/20,2019-10-01,Indian Association Ground,Singapore,,"Nepal,Zimbabwe",Nepal,Zimbabwe,Nepal,field,Zimbabwe,"{""runs"": 40}",SC Williams,6,international,male
1201685,T20,2019/20,2019-10-03,Indian Association Ground,Singapore,,"Singapore,Zimbabwe",Singapore,Zimbabwe,Zimbabwe,field,Zimbabwe,"{""wickets"": 8}",PJ Moor,6,international,male
1202007,T20,2019/20,2019-09-29,Kinrara Academy Oval,Kuala Lumpur,,"Malaysia,Vanuatu",Malaysia,Vanuatu,Vanuatu,bat,Vanuatu,"{""runs"": 17}",J Rasu,6,international,male
1202008,T20,2019/20,2019-10-01,Kinrara Academy Oval,Kuala Lumpur,,"Malaysia,Vanuatu",Malaysia,Vanuatu,Vanuatu,bat,Vanuatu,"{""runs"": 51}",PK Matautaava,6,international,male
1202009,T20,2019/20,2019-10-02,Kinrara Academy Oval,Kuala Lumpur,,"Malaysia,Vanuatu",Malaysia,Vanuatu,Malaysia,bat,Malaysia,"{""runs"": 26}",N Nipiko,6,international,male
1202010,T20,2019/20,2019-10-03,Kinrara Academy Oval,Kuala Lumpur,,"Malaysia,Vanuatu",Malaysia,Vanuatu,Malaysia,bat,Vanuatu,"{""wickets"": 6}",J Rasu,6,international,male
1202011,T20,2019/20,2019-10-04,Kinrara Academy Oval,Kuala Lumpur,,"Malaysia,Vanuatu",Malaysia,Vanuatu,Malaysia,bat,Malaysia,"{""runs"": 22}",Syed Aziz,6,international,male
1202243,T20,2019/20,2020-01-07,Holkar Cricket Stadium,Indore,,"India,Sri Lanka",India,Sri Lanka,India,field,India,"{""wickets"": 7}",Navdeep Saini,6,international,male
1202244,T20,2019/20,2020-01-10,Maharashtra Cricket Association Stadium,Pune,,"India,Sri Lanka",India,Sri Lanka,Sri Lanka,field,India,"{""runs"": 78}",SN Thakur,6,international,male
1203676,T20,2019/20,2020-01-15,"National Cricket Stadium, Grenada",St George's,,"West Indies,Ireland",West Indies,Ireland,Ireland,bat,Ireland,"{""runs"": 4}",PR Stirling,6,international,male
1203677,T20,2019/20,2020-01-18,"Warner Park, St Kitts",Basseterre,,"West Indies,Ireland",West Indies,Ireland,West Indies,field,,null,,6,international,male
1203678,T20,2019/20,2020-01-19,"Warner Park, St Kitts",Basseterre,,"West Indies,Ireland",West Indies,Ireland,West Indies,field,West Indies,"{""wickets"": 9}",LMP Simmons,6,international,male
1207081,T20,2019/20,2020-03-08,Desert Springs Cricket Ground,Almeria,,"Spain,Germany",Spain,Germany,Spain,field,Spain,"{""wickets"": 9}",,6,international,male
1207082,T20,2019/20,2020-03-08,Desert Springs Cricket Ground,Almeria,,"Spain,Germany",Spain,Germany,Spain,field,Germany,"{""runs"": 58}",,6,international,male
1208606,T20,2019/20,2019-12-05,Tribhuvan University International Cricket Ground,Kirtipur,,"Nepal,Bhutan",Nepal,Bhutan,Bhutan,field,Nepal,"{""runs"": 141}",G Malla,6,international,male
1208609,T20,2019/20,2019-12-06,Tribhuvan University International Cricket Ground,Kirtipur,,"Nepal,Maldives",Nepal,Maldives,Nepal,bat,Nepal,"{""runs"": 84}",Karan KC,6,international,male
1208612,T20,2019/20,2019-12-07,Tribhuvan University International Cricket Ground,Kirtipur,,"Bhutan,Maldives",Bhutan,Maldives,Maldives,field,Maldives,"{""wickets"": 8}",Ibrahim Hassan,6,international,male
1208613,T20,2019/20,2019-12-09,Tribhuvan University International Cricket Ground,Kirtipur,,"Nepal,Maldives",Nepal,Maldives,Nepal,field,Nepal,"{""wickets"": 5}",LN Rajbanshi,6,international,male
1213058,T20,2019/20,2020-01-24,Gaddafi Stadium,Lahore,,"Pakistan,Bangladesh",Pakistan,Bangladesh,Bangladesh,bat,Pakistan,"{""wickets"": 5}",Shoaib Malik,6,international,male
1213059,T20,2019/20,2020-01-25,Gaddafi Stadium,Lahore,,"Pakistan,Bangladesh",Pakistan,Bangladesh,Bangladesh,bat,Pakistan,"{""wickets"": 9}",Babar Azam,6,international,male
1213874,T20,2019/20,2020-03-04,Pallekele International Cricket Stadium,Kandy,,"Sri Lanka,West Indies",Sri Lanka,West Indies,West Indies,bat,West Indies,"{""runs"": 25}",O Thomas,6,international,male
1213875,T20,2019/20,2020-03-06,Pallekele International Cricket Stadium,Kandy,,"Sri Lanka,West Indies",Sri Lanka,West Indies,West Indies,field,West Indies,"{""wickets"": 7}",AD Russell,6,international,male
1214670,T20,2019/20,2020-03-09,"Shere Bangla National Stadium, Mirpur",Dhaka,,"Bangladesh,Zimbabwe",Bangladesh,Zimbabwe,Zimbabwe,field,Bangladesh,"{""runs"": 48}",Soumya Sarkar,6,international,male
1214671,T20,2019/20,2020-03-11,"Shere Bangla National Stadium, Mirpur",Dhaka,,"Bangladesh,Zimbabwe",Bangladesh,Zimbabwe,Bangladesh,field,Bangladesh,"{""wickets"": 9}",Liton Das,6,international,male
1215136,T20,2019/20,2020-02-20,Kinrara Academy Oval,Kuala Lumpur,,"Malaysia,Hong Kong",Malaysia,Hong Kong,Malaysia,bat,Malaysia,"{""runs"": 21}",Khizar Hayat,6,international,male
1215137,T20,2019/20,2020-02-21,Kinrara Academy Oval,Kuala Lumpur,,"Malaysia,Hong Kong",Malaysia,Hong Kong,Malaysia,bat,Malaysia,"{""runs"": 35}",Virandeep Singh,6,international,male
1215138,T20,2019/20,2020-02-23,Kinrara Academy Oval,Kuala Lumpur,,"Malaysia,Hong Kong",Malaysia,Hong Kong,Malaysia,bat,Malaysia,"{""runs"": 8}",Ahmed Faiz,6,international,male
1215139,T20,2019/20,2020-02-24,Kinrara Academy Oval,Kuala Lumpur,,"Malaysia,Hong Kong",Malaysia,Hong Kong,Malaysia,bat,Malaysia,"{""runs"": 13}",Virandeep Singh,6,international,male
1215140,T20,2019/20,2020-02-26,Kinrara Academy Oval,Kuala Lumpur,,"Malaysia,Hong Kong",Malaysia,Hong Kong,Hong Kong,bat,Malaysia,"{""wickets"": 6}",KD Shah,6,international,male
1215159,T20,2019/20,2020-02-25,Al Amerat Cricket Ground Oman Cricket (Ministry Turf 1),Al Amarat,,"Oman,Maldives",Oman,Maldives,Oman,field,Oman,"{""wickets"": 10}",Khawar Ali,6,international,male
1215160,T20,2019/20,2020-02-25,Al Amerat Cricket Ground Oman Cricket (Ministry Turf 2),Al Amarat,,"Saudi Arabia,United Arab Emirates",Saudi Arabia,United Arab Emirates,United Arab Emirates,bat,United Arab Emirates,"{""runs"": 12}",Chirag Suri,6,international,male
1215161,T20,2019/20,2020-02-25,Al Amerat Cricket Ground Oman Cricket (Ministry Turf 1),Al Amarat,,"Bahrain,Qatar",Bahrain,Qatar,Qatar,bat,Bahrain,"{""wickets"": 6}",Sarfaraz Ali,6,international,male
1215162,T20,2019/20,2020-02-25,Al Amerat Cricket Ground Oman Cricket (Ministry Turf 2),Al Amarat,,"Iran,Kuwait",Iran,Kuwait,Kuwait,field,Kuwait,"{""wickets"": 8}",MNM Aslam,6,international,male
1215163,T20,2019/20,2020-02-26,Al Amerat Cricket Ground Oman Cricket (Ministry Turf 1),Al Amarat,,"Kuwait,Bahrain",Kuwait,Bahrain,Bahrain,field,Kuwait,"{""runs"": 87}",R Sandaruwan,6,international,male
1215164,T20,2019/20,2020-02-26,Al Amerat Cricket Ground Oman Cricket (Ministry Turf 2),Al Amarat,,"Qatar,United Arab Emirates",Qatar,United Arab Emirates,United Arab Emirates,bat,United Arab Emirates,"{""runs"": 28}",Junaid Siddique,6,international,male
1215165,T20,2019/20,2020-02-27,Al Amerat Cricket Ground Oman Cricket (Ministry Turf 1),Al Amarat,,"Kuwait,United Arab Emirates",Kuwait,United Arab Emirates,Kuwait,field,United Arab Emirates,"{""runs"": 102}",Sultan Ahmed,6,international,male
1217738,T20,2019/20,2020-02-29,Terdthai Cricket Ground,Bangkok,,"Thailand,Singapore",Thailand,Singapore,Thailand,field,Singapore,"{""runs"": 43}",Sidhant Singh,6,international,male
1217740,T20,2019/20,2020-03-01,Terdthai Cricket Ground,Bangkok,,"Hong Kong,Nepal",Hong Kong,Nepal,Nepal,field,Hong Kong,"{""runs"": 43}",Haroon Arshad,6,international,male
1217741,T20,2019/20,2020-03-01,Terdthai Cricket Ground,Bangkok,,"Thailand,Malaysia",Thailand,Malaysia,Thailand,bat,Malaysia,"{""wickets"": 8}",Pavandeep Singh,6,international,male
1217742,T20,2019/20,2020-03-03,Terdthai Cricket Ground,Bangkok,,"Malaysia,Singapore",Malaysia,Singapore,Singapore,bat,Singapore,"{""runs"": 128}",,6,international,male
1217743,T20,2019/20,2020-03-03,Terdthai Cricket Ground,Bangkok,,"Thailand,Hong Kong",Thailand,Hong Kong,Thailand,bat,Hong Kong,"{""wickets"": 8}",,6,international,male
1217744,T20,2019/20,2020-03-04,Terdthai Cricket Ground,Bangkok,,"Thailand,Nepal",Thailand,Nepal,Thailand,bat,Nepal,"{""wickets"": 9}",Karan KC,6,international,male
1217745,T20,2019/20,2020-03-04,Terdthai Cricket Ground,Bangkok,,"Hong Kong,Singapore",Hong Kong,Singapore,Singapore,bat,Singapore,"{""runs"": 16}",Manpreet Singh,6,international,male
1217747,T20,2019/20,2020-03-06,Terdthai Cricket Ground,Bangkok,,"Hong Kong,Malaysia",Hong Kong,Malaysia,Malaysia,bat,Hong Kong,"{""wickets"": 6}",,6,international,male
1223952,T20,2020/21,2020-12-04,Manuka Oval,Canberra,,"India,Australia",India,Australia,Australia,field,India,"{""runs"": 11}",YS Chahal,6,international,male
1223953,T20,2020/21,2020-12-06,Sydney Cricket Ground,Sydney,,"Australia,India",Australia,India,India,field,India,"{""wickets"": 6}",HH Pandya,6,international,male
1223954,T20,2020/21,2020-12-08,Sydney Cricket Ground,Sydney,,"Australia,India",Australia,India,India,field,Australia,"{""runs"": 12}",MJ Swepson,6,international,male
1229820,T20,2020,2020-08-29,Pierre Werner Cricket Ground,Walferdange,,"Belgium,Luxembourg",Belgium,Luxembourg,Belgium,bat,Belgium,"{""runs"": 37}",,6,international,male
1229822,T20,2020,2020-08-30,Pierre Werner Cricket Ground,Walferdange,,"Belgium,Czech Republic",Belgium,Czech Republic,Belgium,bat,Belgium,"{""runs"": 87}",,6,international,male
1229823,T20,2020,2020-08-30,Pierre Werner Cricket Ground,Walferdange,,"Belgium,Luxembourg",Belgium,Luxembourg,Belgium,bat,Belgium,"{""runs"": 49}",,6,international,male
1229824,T20,2020,2020-08-21,College Field,St Peter Port,,"Isle of Man,Guernsey",Isle of Man,Guernsey,Isle of Man,bat,Guernsey,"{""wickets"": 8}",IDA Damarell,6,international,male
1233464,T20,2020/21,2020-11-07,Rawalpindi Cricket Stadium,,,"Zimbabwe,Pakistan",Zimbabwe,Pakistan,Zimbabwe,bat,Pakistan,"{""wickets"": 6}",Babar Azam,6,international,male
1233465,T20,2020/21,2020-11-08,Rawalpindi Cricket Stadium,,,"Zimbabwe,Pakistan",Zimbabwe,Pakistan,Pakistan,field,Pakistan,"{""wickets"": 8}",Haider Ali,6,international,male
1233466,T20,2020/21,2020-11-10,Rawalpindi Cricket Stadium,,,"Zimbabwe,Pakistan",Zimbabwe,Pakistan,Zimbabwe,bat,Pakistan,"{""wickets"": 8}",Usman Qadir,6,international,male
1233954,T20,2020/21,2020-11-27,Eden Park,Auckland,,"West Indies,New Zealand",West Indies,New Zealand,New Zealand,field,New Zealand,"{""wickets"": 5}",LH Ferguson,6,international,male
1233955,T20,2020/21,2020-11-29,Bay Oval,Mount Maunganui,,"New Zealand,West Indies",New Zealand,West Indies,West Indies,field,New Zealand,"{""runs"": 72}",GD Phillips,6,international,male
1233956,T20,2020/21,2020-11-30,Bay Oval,Mount Maunganui,,"West Indies,New Zealand",West Indies,New Zealand,New Zealand,field,,null,,6,international,male
1233959,T20,2020/21,2020-12-18,Eden Park,Auckland,,"Pakistan,New Zealand",Pakistan,New Zealand,Pakistan,bat,New Zealand,"{""wickets"": 5}",JA Duffy,6,international,male
1233960,T20,2020/21,2020-12-20,Seddon Park,Hamilton,,"Pakistan,New Zealand",Pakistan,New Zealand,Pakistan,bat,New Zealand,"{""wickets"": 9}",TG Southee,6,international,male
1233961,T20,2020/21,2020-12-22,McLean Park,Napier,,"New Zealand,Pakistan",New Zealand,Pakistan,Pakistan,field,Pakistan,"{""wickets"": 4}",Mohammad Rizwan,6,international,male
1233971,T20,2020/21,2021-02-22,Hagley Oval,Christchurch,,"New Zealand,Australia",New Zealand,Australia,Australia,field,New Zealand,"{""runs"": 53}",DP Conway,6,international,male
1233972,T20,2020/21,2021-02-25,University Oval,Dunedin,,"New Zealand,Australia",New Zealand,Australia,Australia,field,New Zealand,"{""runs"": 4}",MJ Guptill,6,international,male
1233973,T20,2020/21,2021-03-03,Westpac Stadium,Wellington,,"Australia,New Zealand",Australia,New Zealand,New Zealand,field,Australia,"{""runs"": 64}",AC Agar,6,international,male
1233974,T20,2020/21,2021-03-05,Westpac Stadium,Wellington,,"Australia,New Zealand",Australia,New Zealand,Australia,bat,Australia,"{""runs"": 50}",AJ Finch,6,international,male
1233975,T20,2020/21,2021-03-07,Sky Stadium,Wellington,,"Australia,New Zealand",Australia,New Zealand,Australia,bat,New Zealand,"{""wickets"": 7}",MJ Guptill,6,international,male
1233979,T20,2020/21,2021-03-28,Seddon Park,Hamilton,,"New Zealand,Bangladesh",New Zealand,Bangladesh,New Zealand,bat,New Zealand,"{""runs"": 66}",DP Conway,6,international,male
1233980,T20,2020/21,2021-03-30,McLean Park,Napier,,"New Zealand,Bangladesh",New Zealand,Bangladesh,Bangladesh,field,New Zealand,"{""runs"": 28}",GD Phillips,6,international,male
1233981,T20,2020/21,2021-04-01,Eden Park,Auckland,,"New Zealand,Bangladesh",New Zealand,Bangladesh,Bangladesh,field,New Zealand,"{""runs"": 65}",FH Allen,6,international,male
1235829,T20,2020/21,2020-10-16,Moara Vlasiei Cricket Ground,,,"Bulgaria,Romania",Bulgaria,Romania,Bulgaria,bat,Bulgaria,"{""runs"": 33}",Bakhtiar Tahiri,6,international,male
1235830,T20,2020/21,2020-10-17,Moara Vlasiei Cricket Ground,,,"Romania,Bulgaria",Romania,Bulgaria,Romania,bat,Romania,"{""runs"": 52}",R Satheesan,6,international,male
1235832,T20,2020/21,2020-10-18,Moara Vlasiei Cricket Ground,,,"Bulgaria,Romania",Bulgaria,Romania,Bulgaria,bat,Romania,"{""wickets"": 6}",S Vashisht,6,international,male
1237122,T20,2020/21,2020-11-27,Newlands,Cape Town,,"South Africa,England",South Africa,England,England,field,England,"{""wickets"": 5}",JM Bairstow,6,international,male
1237123,T20,2020/21,2020-11-29,Boland Park,Paarl,,"South Africa,England",South Africa,England,England,field,England,"{""wickets"": 4}",DJ Malan,6,international,male
1237124,T20,2020/21,2020-12-01,Newlands,Cape Town,,"South Africa,England",South Africa,England,South Africa,bat,England,"{""wickets"": 9}",DJ Malan,6,international,male
1239540,T20,2021,2021-07-16,"Trent Bridge, Nottingham",Nottingham,,"Pakistan,England",Pakistan,England,England,field,Pakistan,"{""runs"": 31}",Shaheen Shah Afridi,6,international,male
1239541,T20,2021,2021-07-18,"Headingley, Leeds",Leeds,,"England,Pakistan",England,Pakistan,Pakistan,field,England,"{""runs"": 45}",MM Ali,6,international,male
1239542,T20,2021,2021-07-20,"Old Trafford, Manchester",Manchester,,"Pakistan,England",Pakistan,England,Pakistan,bat,England,"{""wickets"": 3}",JJ Roy,6,international,male
1243019,T20,2020/21,2021-02-11,Gaddafi Stadium,Lahore,,"Pakistan,South Africa",Pakistan,South Africa,South Africa,field,Pakistan,"{""runs"": 3}",Mohammad Rizwan,6,international,male
1243020,T20,2020/21,2021-02-13,Gaddafi Stadium,Lahore,,"Pakistan,South Africa",Pakistan,South Africa,South Africa,field,South Africa,"{""wickets"": 6}",D Pretorius,6,international,male
1243021,T20,2020/21,2021-02-14,Gaddafi Stadium,Lahore,,"South Africa,Pakistan",South Africa,Pakistan,Pakistan,field,Pakistan,"{""wickets"": 4}",Mohammad Nawaz (3),6,international,male
1243388,T20,2020/21,2021-03-12,Narendra Modi Stadium,Ahmedabad,,"India,England",India,England,England,field,England,"{""wickets"": 8}",JC Archer,6,international,male
1243389,T20,2020/21,2021-03-14,Narendra Modi Stadium,Ahmedabad,,"England,India",England,India,India,field,India,"{""wickets"": 7}",Ishan Kishan,6,international,male
1243390,T20,2020/21,2021-03-16,Narendra Modi Stadium,Ahmedabad,,"India,England",India,England,England,field,England,"{""wickets"": 8}",JC Buttler,6,international,male
1243391,T20,2020/21,2021-03-18,Narendra Modi Stadium,Ahmedabad,,"India,England",India,England,England,field,India,"{""runs"": 8}",SA Yadav,6,international,male
1243392,T20,2020/21,2021-03-20,Narendra Modi Stadium,Ahmedabad,,"India,England",India,England,England,field,India,"{""runs"": 36}",B Kumar,6,international,male
1249206,T20,2021,2021-06-23,"Sophia Gardens, Cardiff",Cardiff,,"Sri Lanka,England",Sri Lanka,England,Sri Lanka,bat,England,"{""wickets"": 8}",JC Buttler,6,international,male
1249207,T20,2021,2021-06-24,"Sophia Gardens, Cardiff",Cardiff,,"Sri Lanka,England",Sri Lanka,England,Sri Lanka,bat,England,"{""wickets"": 5}",LS Livingstone,6,international,male
1249208,T20,2021,2021-06-26,"The Rose Bowl, Southampton",Southampton,,"England,Sri Lanka",England,Sri Lanka,Sri Lanka,field,England,"{""runs"": 89}",DJ Malan,6,international,male
1251575,T20,2021,2021-04-10,"The Wanderers Stadium, Johannesburg",Johannesburg,,"South Africa,Pakistan",South Africa,Pakistan,South Africa,bat,Pakistan,"{""wickets"": 4}",Mohammad Rizwan,6,international,male
1251576,T20,2021,2021-04-12,"The Wanderers Stadium, Johannesburg",Johannesburg,,"Pakistan,South Africa",Pakistan,South Africa,Pakistan,bat,South Africa,"{""wickets"": 6}",GF Linde,6,international,male
1251577,T20,2021,2021-04-14,"SuperSport Park, Centurion",Centurion,,"South Africa,Pakistan",South Africa,Pakistan,Pakistan,field,Pakistan,"{""wickets"": 9}",Babar Azam,6,international,male
1251578,T20,2021,2021-04-16,"SuperSport Park, Centurion",Centurion,,"South Africa,Pakistan",South Africa,Pakistan,Pakistan,field,Pakistan,"{""wickets"": 3}",Faheem Ashraf,6,international,male
1251953,T20,2021,2021-07-19,"The Village, Malahide, Dublin",Dublin,,"South Africa,Ireland",South Africa,Ireland,Ireland,field,South Africa,"{""runs"": 33}",T Shamsi,6,international,male
1251954,T20,2021,2021-07-22,"Civil Service Cricket Club, Stormont, Belfast",Belfast,,"South Africa,Ireland",South Africa,Ireland,South Africa,bat,South Africa,"{""runs"": 42}",DA Miller,6,international,male
1251955,T20,2021,2021-07-24,"Civil Service Cricket Club, Stormont, Belfast",Belfast,,"South Africa,Ireland",South Africa,Ireland,South Africa,bat,South Africa,"{""runs"": 49}",T Bavuma,6,international,male
1252066,T20,2020/21,2021-03-03,"Coolidge Cricket Ground, Antigua",Coolidge,,"Sri Lanka,West Indies",Sri Lanka,West Indies,West Indies,field,West Indies,"{""wickets"": 4}",KA Pollard,6,international,male
1252067,T20,2020/21,2021-03-05,"Coolidge Cricket Ground, Antigua",Coolidge,,"Sri Lanka,West Indies",Sri Lanka,West Indies,Sri Lanka,bat,Sri Lanka,"{""runs"": 43}",PWH de Silva,6,international,male
1252068,T20,2020/21,2021-03-07,"Coolidge Cricket Ground, Antigua",Coolidge,,"Sri Lanka,West Indies",Sri Lanka,West Indies,Sri Lanka,bat,West Indies,"{""wickets"": 3}",FA Allen,6,international,male
1256720,T20,2021/22,2022-01-22,"Kensington Oval, Bridgetown, Barbados",Bridgetown,,"England,West Indies",England,West Indies,West Indies,field,West Indies,"{""wickets"": 9}",JO Holder,6,international,male
1256721,T20,2021/22,2022-01-23,"Kensington Oval, Bridgetown, Barbados",Bridgetown,,"England,West Indies",England,West Indies,West Indies,field,England,"{""runs"": 1}",MM Ali,6,international,male
1256722,T20,2021/22,2022-01-26,"Kensington Oval, Bridgetown, Barbados",Bridgetown,,"West Indies,England",West Indies,England,England,field,West Indies,"{""runs"": 20}",R Powell,6,international,male
1256723,T20,2021/22,2022-01-29,"Kensington Oval, Bridgetown, Barbados",Bridgetown,,"England,West Indies",England,West Indies,West Indies,field,England,"{""runs"": 34}",MM Ali,6,international,male
1256724,T20,2021/22,2022-01-30,"Kensington Oval, Bridgetown, Barbados",Bridgetown,,"West Indies,England",West Indies,England,West Indies,bat,West Indies,"{""runs"": 17}",JO Holder,6,international,male
1257183,T20,2021,2021-04-21,Harare Sports Club,Harare,,"Pakistan,Zimbabwe",Pakistan,Zimbabwe,Zimbabwe,field,Pakistan,"{""runs"": 11}",Mohammad Rizwan,6,international,male
1257184,T20,2021,2021-04-23,Harare Sports Club,Harare,,"Zimbabwe,Pakistan",Zimbabwe,Pakistan,Pakistan,field,Zimbabwe,"{""runs"": 19}",LM Jongwe,6,international,male
1257185,T20,2021,2021-04-25,Harare Sports Club,Harare,,"Pakistan,Zimbabwe",Pakistan,Zimbabwe,Pakistan,bat,Pakistan,"{""runs"": 24}",Hasan Ali,6,international,male
1257404,T20,2021,2021-04-03,Wanderers,Windhoek,,"Uganda,Namibia",Uganda,Namibia,Uganda,bat,Namibia,"{""wickets"": 7}",MG Erasmus,6,international,male
1257405,T20,2021,2021-04-05,"Wanderers Cricket Ground, Windhoek",Windhoek,,"Namibia,Uganda",Namibia,Uganda,Namibia,bat,Namibia,"{""runs"": 20}",JJ Smit,6,international,male
1257406,T20,2021,2021-04-05,"Wanderers Cricket Ground, Windhoek",Windhoek,,"Namibia,Uganda",Namibia,Uganda,Namibia,bat,Namibia,"{""runs"": 65}",CG Williams,6,international,male
1257945,T20,2021,2021-04-17,"Tribhuvan University International Cricket Ground, Kirtipur",Kirtipur,,"Netherlands,Nepal",Netherlands,Nepal,Nepal,field,Nepal,"{""wickets"": 9}",K Bhurtel,6,international,male
1257946,T20,2021,2021-04-18,"Tribhuvan University International Cricket Ground, Kirtipur",Kirtipur,,"Netherlands,Malaysia",Netherlands,Malaysia,Netherlands,bat,Netherlands,"{""runs"": 15}",MP O'Dowd,6,international,male
1257947,T20,2021,2021-04-19,"Tribhuvan University International Cricket Ground, Kirtipur",Kirtipur,,"Malaysia,Nepal",Malaysia,Nepal,Nepal,field,Nepal,"{""wickets"": 9}",Karan KC,6,international,male
1257948,T20,2021,2021-04-20,"Tribhuvan University International Cricket Ground, Kirtipur",Kirtipur,,"Nepal,Netherlands",Nepal,Netherlands,Nepal,bat,Netherlands,"{""wickets"": 3}",BFW de Leede,6,international,male
1257949,T20,2021,2021-04-21,"Tribhuvan University International Cricket Ground, Kirtipur",Kirtipur,,"Netherlands,Malaysia",Netherlands,Malaysia,Malaysia,field,,null,TS Braat,6,international,male
1257950,T20,2021,2021-04-22,"Tribhuvan University International Cricket Ground, Kirtipur",Kirtipur,,"Nepal,Malaysia",Nepal,Malaysia,Malaysia,field,Nepal,"{""runs"": 69}",Sompal Kami,6,international,male
1257951,T20,2021,2021-04-24,"Tribhuvan University International Cricket Ground, Kirtipur",Kirtipur,,"Nepal,Netherlands",Nepal,Netherlands,Netherlands,field,Nepal,"{""runs"": 142}",Karan KC,6,international,male
1262758,T20,2021,2021-07-25,"R Premadasa Stadium, Colombo",Colombo,,"India,Sri Lanka",India,Sri Lanka,Sri Lanka,field,India,"{""runs"": 38}",B Kumar,6,international,male
1262759,T20,2021,2021-07-28,"R Premadasa Stadium, Colombo",Colombo,,"India,Sri Lanka",India,Sri Lanka,Sri Lanka,field,Sri Lanka,"{""wickets"": 4}",DM de Silva,6,international,male
1262760,T20,2021,2021-07-29,"R Premadasa Stadium, Colombo",Colombo,,"India,Sri Lanka",India,Sri Lanka,India,bat,Sri Lanka,"{""wickets"": 7}",PWH de Silva,6,international,male
1263151,T20,2021,2021-06-26,"National Cricket Stadium, St George's, Grenada",St George's,,"South Africa,West Indies",South Africa,West Indies,West Indies,field,West Indies,"{""wickets"": 8}",E Lewis,6,international,male
1263152,T20,2021,2021-06-27,"National Cricket Stadium, St George's, Grenada",St George's,,"South Africa,West Indies",South Africa,West Indies,West Indies,field,South Africa,"{""runs"": 16}",GF Linde,6,international,male
1263153,T20,2021,2021-06-29,"National Cricket Stadium, St George's, Grenada",St George's,,"South Africa,West Indies",South Africa,West Indies,West Indies,field,South Africa,"{""runs"": 1}",T Shamsi,6,international,male
1263154,T20,2021,2021-07-01,"National Cricket Stadium, St George's, Grenada",St George's,,"West Indies,South Africa",West Indies,South Africa,South Africa,field,West Indies,"{""runs"": 21}",KA Pollard,6,international,male
1263155,T20,2021,2021-07-03,"National Cricket Stadium, St George's, Grenada",St George's,,"South Africa,West Indies",South Africa,West Indies,South Africa,bat,South Africa,"{""runs"": 25}",AK Markram,6,international,male
1263156,T20,2021,2021-07-09,"Daren Sammy National Cricket Stadium, Gros Islet, St Lucia",Gros Islet,,"West Indies,Australia",West Indies,Australia,Australia,field,West Indies,"{""runs"": 18}",OC McCoy,6,international,male
1263157,T20,2021,2021-07-10,"Daren Sammy National Cricket Stadium, Gros Islet, St Lucia",Gros Islet,,"West Indies,Australia",West Indies,Australia,Australia,field,West Indies,"{""runs"": 56}",SO Hetmyer,6,international,male
1263158,T20,2021,2021-07-12,"Daren Sammy National Cricket Stadium, Gros Islet, St Lucia",Gros Islet,,"Australia,West Indies",Australia,West Indies,Australia,bat,West Indies,"{""wickets"": 6}",CH Gayle,6,international,male
1263159,T20,2021,2021-07-14,"Daren Sammy National Cricket Stadium, Gros Islet, St Lucia",Gros Islet,,"Australia,West Indies",Australia,West Indies,Australia,bat,Australia,"{""runs"": 4}",MR Marsh,6,international,male
1263160,T20,2021,2021-07-16,"Daren Sammy National Cricket Stadium, Gros Islet, St Lucia",Gros Islet,,"West Indies,Australia",West Indies,Australia,West Indies,bat,West Indies,"{""runs"": 16}",E Lewis,6,international,male
1263164,T20,2021,2021-07-28,"Kensington Oval, Bridgetown, Barbados",Bridgetown,,"West Indies,Pakistan",West Indies,Pakistan,Pakistan,field,,null,,6,international,male
1263165,T20,2021,2021-07-31,"Providence Stadium, Guyana",Providence,,"Pakistan,West Indies",Pakistan,West Indies,West Indies,field,Pakistan,"{""runs"": 7}",Mohammad Hafeez,6,international,male
1263166,T20,2021,2021-08-01,"Providence Stadium, Guyana",Providence,,"West Indies,Pakistan",West Indies,Pakistan,West Indies,bat,,null,,6,international,male
1263167,T20,2021,2021-08-03,"Providence Stadium, Guyana",Providence,,"West Indies,Pakistan",West Indies,Pakistan,Pakistan,field,,null,,6,international,male
1263471,T20,2021/22,2022-02-11,Sydney Cricket Ground,Sydney,,"Australia,Sri Lanka",Australia,Sri Lanka,Sri Lanka,field,Australia,"{""runs"": 20}",A Zampa,6,international,male
1263472,T20,2021/22,2022-02-13,Sydney Cricket Ground,Sydney,,"Australia,Sri Lanka",Australia,Sri Lanka,Sri Lanka,field,,null,JR Hazlewood,6,international,male
1263473,T20,2021/22,2022-02-15,"Manuka Oval, Canberra",Canberra,,"Sri Lanka,Australia",Sri Lanka,Australia,Australia,field,Australia,"{""wickets"": 6}",KW Richardson,6,international,male
1263474,T20,2021/22,2022-02-18,Melbourne Cricket Ground,Melbourne,,"Sri Lanka,Australia",Sri Lanka,Australia,Australia,field,Australia,"{""wickets"": 6}",GJ Maxwell,6,international,male
1263475,T20,2021/22,2022-02-20,Melbourne Cricket Ground,Melbourne,,"Australia,Sri Lanka",Australia,Sri Lanka,Australia,bat,Sri Lanka,"{""wickets"": 5}",BKG Mendis,6,international,male
1263708,T20,2021,2021-05-21,"Scott Page Field, Vinor",Prague,,"Luxembourg,Czech Republic",Luxembourg,Czech Republic,Czech Republic,field,Czech Republic,"{""wickets"": 9}",,6,international,male
1263710,T20,2021,2021-05-22,"Scott Page Field, Vinor",Prague,,"Austria,Czech Republic",Austria,Czech Republic,Czech Republic,field,Austria,"{""runs"": 78}",,6,international,male
1263711,T20,2021,2021-05-22,"Scott Page Field, Vinor",Prague,,"Czech Republic,Luxembourg",Czech Republic,Luxembourg,Luxembourg,field,Luxembourg,"{""wickets"": 6}",,6,international,male
1263712,T20,2021,2021-05-23,"Scott Page Field, Vinor",Prague,,"Austria,Luxembourg",Austria,Luxembourg,Austria,bat,Luxembourg,"{""wickets"": 5}",,6,international,male
1263713,T20,2021,2021-05-23,"Scott Page Field, Vinor",Prague,,"Czech Republic,Austria",Czech Republic,Austria,Czech Republic,bat,Austria,"{""wickets"": 4}",,6,international,male
1267304,T20,2021,2021-06-24,"National Sports Academy, Sofia",Sofia,,"Greece,Romania",Greece,Romania,Greece,bat,Romania,"{""wickets"": 3}",R Satheesan,6,international,male
1267306,T20,2021,2021-06-25,"National Sports Academy, Sofia",Sofia,,"Serbia,Greece",Serbia,Greece,Greece,field,Greece,"{""wickets"": 5}",Aslam Mohammad,6,international,male
1267307,T20,2021,2021-06-25,"National Sports Academy, Sofia",Sofia,,"Bulgaria,Romania",Bulgaria,Romania,Bulgaria,bat,Romania,"{""wickets"": 7}",Taranjeet Singh,6,international,male
1267308,T20,2021,2021-06-25,"National Sports Academy, Sofia",Sofia,,"Romania,Serbia",Romania,Serbia,Romania,bat,Romania,"{""runs"": 91}",S Thakur,6,international,male
1267310,T20,2021,2021-06-26,"National Sports Academy, Sofia",Sofia,,"Serbia,Romania",Serbia,Romania,Serbia,bat,Romania,"{""wickets"": 10}",Taranjeet Singh,6,international,male
1267311,T20,2021,2021-06-26,"National Sports Academy, Sofia",Sofia,,"Bulgaria,Greece",Bulgaria,Greece,Greece,field,,null,,6,international,male
1267680,T20,2021,2021-07-22,Harare Sports Club,Harare,,"Zimbabwe,Bangladesh",Zimbabwe,Bangladesh,Zimbabwe,bat,Bangladesh,"{""wickets"": 8}",Soumya Sarkar,6,international,male
1267681,T20,2021,2021-07-23,Harare Sports Club,Harare,,"Zimbabwe,Bangladesh",Zimbabwe,Bangladesh,Zimbabwe,bat,Zimbabwe,"{""runs"": 23}",W Madhevere,6,international,male
1267682,T20,2021,2021-07-25,Harare Sports Club,Harare,,"Zimbabwe,Bangladesh",Zimbabwe,Bangladesh,Zimbabwe,bat,Bangladesh,"{""wickets"": 5}",Soumya Sarkar,6,international,male
1268188,T20,2021,2021-07-08,Marsa Sports Club,Marsa,,"Belgium,Malta",Belgium,Malta,Belgium,bat,Malta,"{""wickets"": 6}",N Khanna,6,international,male
1268189,T20,2021,2021-07-08,Marsa Sports Club,Marsa,,"Malta,Belgium",Malta,Belgium,Malta,bat,Belgium,"{""wickets"": 10}",B Niaz,6,international,male
1268190,T20,2021,2021-07-09,Marsa Sports Club,Marsa,,"Malta,Belgium",Malta,Belgium,Belgium,field,Belgium,"{""wickets"": 4}",Sheraz Sheikh,6,international,male
1268191,T20,2021,2021-07-10,Marsa Sports Club,Marsa,,"Belgium,Malta",Belgium,Malta,Belgium,bat,Malta,"{""runs"": 2}",Bilal Muhammad,6,international,male
1268192,T20,2021,2021-07-10,Marsa Sports Club,Marsa,,"Belgium,Malta",Belgium,Malta,Belgium,bat,Belgium,"{""runs"": 39}",,6,international,male
1270834,T20,2021,2021-08-03,"Shere Bangla National Stadium, Mirpur",Dhaka,,"Bangladesh,Australia",Bangladesh,Australia,Australia,field,Bangladesh,"{""runs"": 23}",Nasum Ahmed,6,international,male
1270835,T20,2021,2021-08-04,"Shere Bangla National Stadium, Mirpur",Dhaka,,"Australia,Bangladesh",Australia,Bangladesh,Australia,bat,Bangladesh,"{""wickets"": 5}",Afif Hossain,6,international,male
1270836,T20,2021,2021-08-06,"Shere Bangla National Stadium, Mirpur",Dhaka,,"Bangladesh,Australia",Bangladesh,Australia,Bangladesh,bat,Bangladesh,"{""runs"": 10}",Mahmudullah,6,international,male
1270837,T20,2021,2021-08-07,"Shere Bangla National Stadium, Mirpur",Dhaka,,"Bangladesh,Australia",Bangladesh,Australia,Bangladesh,bat,Australia,"{""wickets"": 3}",MJ Swepson,6,international,male
1270838,T20,2021,2021-08-09,"Shere Bangla National Stadium, Mirpur",Dhaka,,"Bangladesh,Australia",Bangladesh,Australia,Bangladesh,bat,Bangladesh,"{""runs"": 60}",Shakib Al Hasan,6,international,male
1271445,T20,2021,2021-08-05,Bayer Uerdingen Cricket Ground,Krefeld,,"Norway,Germany",Norway,Germany,Germany,field,Germany,"{""wickets"": 5}",Ghulam Ahmadi,6,international,male
1271446,T20,2021,2021-08-05,Bayer Uerdingen Cricket Ground,Krefeld,,"Norway,France",Norway,France,France,field,France,"{""wickets"": 4}",S Santhirakumaran,6,international,male
1271447,T20,2021,2021-08-06,Bayer Uerdingen Cricket Ground,Krefeld,,"France,Germany",France,Germany,Germany,field,Germany,"{""wickets"": 2}",H Singh,6,international,male
1271448,T20,2021,2021-08-07,Bayer Uerdingen Cricket Ground,Krefeld,,"Germany,France",Germany,France,France,field,Germany,"{""runs"": 48}",VB Chikkannaiah,6,international,male
1271449,T20,2021,2021-08-07,Bayer Uerdingen Cricket Ground,Krefeld,,"Norway,France",Norway,France,France,field,Norway,"{""runs"": 3}",Sher Sahak,6,international,male
1271450,T20,2021,2021-08-08,Bayer Uerdingen Cricket Ground,Krefeld,,"Norway,Germany",Norway,Germany,Germany,field,Norway,"{""runs"": 51}",Wahidullah Sahak,6,international,male
1271451,T20,2021,2021-08-08,Bayer Uerdingen Cricket Ground,Krefeld,,"Norway,Germany",Norway,Germany,Norway,bat,Germany,"{""wickets"": 6}",Sahir Naqash,6,international,male
1271630,T20,2021,2021-09-10,"R Premadasa Stadium, Colombo",Colombo,,"South Africa,Sri Lanka",South Africa,Sri Lanka,South Africa,bat,South Africa,"{""runs"": 28}",AK Markram,6,international,male
1271631,T20,2021,2021-09-12,"R Premadasa Stadium, Colombo",Colombo,,"Sri Lanka,South Africa",Sri Lanka,South Africa,Sri Lanka,bat,South Africa,"{""wickets"": 9}",T Shamsi,6,international,male
1271632,T20,2021,2021-09-14,"R Premadasa Stadium, Colombo",Colombo,,"Sri Lanka,South Africa",Sri Lanka,South Africa,Sri Lanka,bat,South Africa,"{""wickets"": 10}",Q de Kock,6,international,male
1272093,T20,2021,2021-09-01,"Shere Bangla National Stadium, Mirpur",Dhaka,,"New Zealand,Bangladesh",New Zealand,Bangladesh,New Zealand,bat,Bangladesh,"{""wickets"": 7}",Shakib Al Hasan,6,international,male
1272094,T20,2021,2021-09-03,"Shere Bangla National Stadium, Mirpur",Dhaka,,"Bangladesh,New Zealand",Bangladesh,New Zealand,Bangladesh,bat,Bangladesh,"{""runs"": 4}",Mahmudullah,6,international,male
1272095,T20,2021,2021-09-05,"Shere Bangla National Stadium, Mirpur",Dhaka,,"New Zealand,Bangladesh",New Zealand,Bangladesh,New Zealand,bat,New Zealand,"{""runs"": 52}",AY Patel,6,international,male
1272096,T20,2021,2021-09-08,"Shere Bangla National Stadium, Mirpur",Dhaka,,"New Zealand,Bangladesh",New Zealand,Bangladesh,New Zealand,bat,Bangladesh,"{""wickets"": 6}",Nasum Ahmed,6,international,male
1272097,T20,2021,2021-09-10,"Shere Bangla National Stadium, Mirpur",Dhaka,,"New Zealand,Bangladesh",New Zealand,Bangladesh,New Zealand,bat,New Zealand,"{""runs"": 27}",TWM Latham,6,international,male
1272373,T20,2021,2021-08-27,"Castle Avenue, Dublin",Dublin,,"Zimbabwe,Ireland",Zimbabwe,Ireland,Ireland,field,Zimbabwe,"{""runs"": 3}",RW Chakabva,6,international,male
1272374,T20,2021,2021-08-29,"Castle Avenue, Dublin",Dublin,,"Zimbabwe,Ireland",Zimbabwe,Ireland,Zimbabwe,bat,Ireland,"{""wickets"": 7}",KJ O'Brien,6,international,male
1272375,T20,2021,2021-09-01,"Bready Cricket Club, Magheramason, Bready",Bready,,"Ireland,Zimbabwe",Ireland,Zimbabwe,Zimbabwe,field,Ireland,"{""runs"": 40}",PR Stirling,6,international,male
1272376,T20,2021,2021-09-02,"Bready Cricket Club, Magheramason, Bready",Bready,,"Ireland,Zimbabwe",Ireland,Zimbabwe,Zimbabwe,field,Ireland,"{""runs"": 64}",MR Adair,6,international,male
1272377,T20,2021,2021-09-04,"Bready Cricket Club, Magheramason, Bready",Bready,,"Zimbabwe,Ireland",Zimbabwe,Ireland,Zimbabwe,bat,Zimbabwe,"{""runs"": 5}",CR Ervine,6,international,male
1273133,T20,2021,2021-08-14,"Svanholm Park, Brondby",Brondby,,"Denmark,Sweden",Denmark,Sweden,Sweden,field,Sweden,"{""wickets"": 3}",HAM Shah,6,international,male
1273134,T20,2021,2021-08-15,"Svanholm Park, Brondby",Brondby,,"Sweden,Denmark",Sweden,Denmark,Denmark,field,Denmark,"{""wickets"": 6}",T Bharaj,6,international,male
1273136,T20,2021,2021-08-20,Gucherre Cricket Ground,Albergaria,,"Gibraltar,Malta",Gibraltar,Malta,Malta,field,Malta,"{""wickets"": 8}",Washeem Abbas,6,international,male
1273138,T20,2021,2021-08-21,Gucherre Cricket Ground,Albergaria,,"Malta,Gibraltar",Malta,Gibraltar,Gibraltar,field,Malta,"{""runs"": 4}",VP Thamotharam,6,international,male
1273139,T20,2021,2021-08-22,Gucherre Cricket Ground,Albergaria,,"Portugal,Gibraltar",Portugal,Gibraltar,Gibraltar,field,Portugal,"{""runs"": 110}",Azhar Andani,6,international,male
1273141,T20,2021,2021-08-18,Gahanga International Cricket Stadium. Rwanda,Kigali City,,"Ghana,Rwanda",Ghana,Rwanda,Ghana,bat,Rwanda,"{""wickets"": 1}",,6,international,male
1273143,T20,2021,2021-08-20,Gahanga International Cricket Stadium. Rwanda,Kigali City,,"Rwanda,Ghana",Rwanda,Ghana,Ghana,field,Rwanda,"{""runs"": 57}",Z Bimenyimana,6,international,male
1273144,T20,2021,2021-08-20,Gahanga International Cricket Stadium. Rwanda,Kigali City,,"Ghana,Rwanda",Ghana,Rwanda,Ghana,bat,Ghana,null,R Bakum,6,international,male
1273145,T20,2021,2021-08-21,Gahanga International Cricket Stadium. Rwanda,Kigali City,,"Rwanda,Ghana",Rwanda,Ghana,Rwanda,bat,Ghana,"{""wickets"": 7}",Amoluk Singh,6,international,male
1273146,T20,2021,2021-08-21,Kerava National Cricket Ground,Kerava,,"Sweden,Finland",Sweden,Finland,Sweden,bat,Finland,"{""wickets"": 4}",,6,international,male
1273147,T20,2021,2021-08-21,Kerava National Cricket Ground,Kerava,,"Sweden,Finland",Sweden,Finland,Sweden,bat,Finland,"{""wickets"": 4}",,6,international,male
1273148,T20,2021,2021-08-22,Kerava National Cricket Ground,Kerava,,"Finland,Sweden",Finland,Sweden,Sweden,field,Sweden,"{""wickets"": 3}",,6,international,male
1273149,T20,2021,2021-08-22,Kerava National Cricket Ground,Kerava,,"Finland,Sweden",Finland,Sweden,Sweden,field,Sweden,"{""wickets"": 6}",,6,international,male
1273271,T20,2021,2021-09-15,"Grange Cricket Club Ground, Raeburn Place, Edinburgh",Edinburgh,,"Scotland,Zimbabwe",Scotland,Zimbabwe,Scotland,bat,Scotland,"{""runs"": 7}",,6,international,male
1273272,T20,2021,2021-09-17,"Grange Cricket Club Ground, Raeburn Place, Edinburgh",Edinburgh,,"Zimbabwe,Scotland",Zimbabwe,Scotland,Zimbabwe,bat,Zimbabwe,"{""runs"": 10}",,6,international,male
1273273,T20,2021,2021-09-19,"Grange Cricket Club Ground, Raeburn Place, Edinburgh",Edinburgh,,"Scotland,Zimbabwe",Scotland,Zimbabwe,Scotland,bat,Zimbabwe,"{""wickets"": 6}",,6,international,male
1273712,T20,2021/22,2021-10-17,Al Amerat Cricket Ground Oman Cricket (Ministry Turf 1),Al Amarat,,"Papua New Guinea,Oman",Papua New Guinea,Oman,Oman,field,Oman,"{""wickets"": 10}",Zeeshan Maqsood,6,international,male
1273713,T20,2021/22,2021-10-17,Al Amerat Cricket Ground Oman Cricket (Ministry Turf 1),Al Amarat,,"Scotland,Bangladesh",Scotland,Bangladesh,Bangladesh,field,Scotland,"{""runs"": 6}",CN Greaves,6,international,male
1273714,T20,2021/22,2021-10-18,"Zayed Cricket Stadium, Abu Dhabi",Abu Dhabi,,"Netherlands,Ireland",Netherlands,Ireland,Netherlands,bat,Ireland,"{""wickets"": 7}",C Campher,6,international,male
1273715,T20,2021/22,2021-10-18,"Zayed Cricket Stadium, Abu Dhabi",Abu Dhabi,,"Namibia,Sri Lanka",Namibia,Sri Lanka,Sri Lanka,field,Sri Lanka,"{""wickets"": 7}",M Theekshana,6,international,male
1273716,T20,2021/22,2021-10-19,Al Amerat Cricket Ground Oman Cricket (Ministry Turf 1),Al Amarat,,"Scotland,Papua New Guinea",Scotland,Papua New Guinea,Scotland,bat,Scotland,"{""runs"": 17}",RD Berrington,6,international,male
1273717,T20,2021/22,2021-10-19,Al Amerat Cricket Ground Oman Cricket (Ministry Turf 1),Al Amarat,,"Bangladesh,Oman",Bangladesh,Oman,Bangladesh,bat,Bangladesh,"{""runs"": 26}",Shakib Al Hasan,6,international,male
1273718,T20,2021/22,2021-10-20,"Zayed Cricket Stadium, Abu Dhabi",Abu Dhabi,,"Netherlands,Namibia",Netherlands,Namibia,Namibia,field,Namibia,"{""wickets"": 6}",D Wiese,6,international,male
1273719,T20,2021/22,2021-10-20,"Zayed Cricket Stadium, Abu Dhabi",Abu Dhabi,,"Sri Lanka,Ireland",Sri Lanka,Ireland,Ireland,field,Sri Lanka,"{""runs"": 70}",PWH de Silva,6,international,male
1273720,T20,2021/22,2021-10-21,Al Amerat Cricket Ground Oman Cricket (Ministry Turf 1),Al Amarat,,"Bangladesh,Papua New Guinea",Bangladesh,Papua New Guinea,Bangladesh,bat,Bangladesh,"{""runs"": 84}",Shakib Al Hasan,6,international,male
1273721,T20,2021/22,2021-10-21,Al Amerat Cricket Ground Oman Cricket (Ministry Turf 1),Al Amarat,,"Oman,Scotland",Oman,Scotland,Oman,bat,Scotland,"{""wickets"": 8}",JH Davey,6,international,male
1273722,T20,2021/22,2021-10-22,Sharjah Cricket Stadium,Sharjah,,"Ireland,Namibia",Ireland,Namibia,Ireland,bat,Namibia,"{""wickets"": 8}",D Wiese,6,international,male
1273723,T20,2021/22,2021-10-22,Sharjah Cricket Stadium,Sharjah,,"Netherlands,Sri Lanka",Netherlands,Sri Lanka,Sri Lanka,field,Sri Lanka,"{""wickets"": 8}",CBRLS Kumara,6,international,male
1273724,T20,2021/22,2021-10-23,"Zayed Cricket Stadium, Abu Dhabi",Abu Dhabi,,"South Africa,Australia",South Africa,Australia,Australia,field,Australia,"{""wickets"": 5}",JR Hazlewood,6,international,male
1273725,T20,2021/22,2021-10-23,Dubai International Cricket Stadium,Dubai,,"West Indies,England",West Indies,England,England,field,England,"{""wickets"": 6}",MM Ali,6,international,male
1273726,T20,2021/22,2021-10-24,Sharjah Cricket Stadium,Sharjah,,"Bangladesh,Sri Lanka",Bangladesh,Sri Lanka,Sri Lanka,field,Sri Lanka,"{""wickets"": 5}",KIC Asalanka,6,international,male
1273727,T20,2021/22,2021-10-24,Dubai International Cricket Stadium,Dubai,,"India,Pakistan",India,Pakistan,Pakistan,field,Pakistan,"{""wickets"": 10}",Shaheen Shah Afridi,6,international,male
1273729,T20,2021/22,2021-10-26,Dubai International Cricket Stadium,Dubai,,"West Indies,South Africa",West Indies,South Africa,South Africa,field,South Africa,"{""wickets"": 8}",A Nortje,6,international,male
1273730,T20,2021/22,2021-10-26,Sharjah Cricket Stadium,Sharjah,,"New Zealand,Pakistan",New Zealand,Pakistan,Pakistan,field,Pakistan,"{""wickets"": 5}",Haris Rauf,6,international,male
1273731,T20,2021/22,2021-10-27,"Zayed Cricket Stadium, Abu Dhabi",Abu Dhabi,,"Bangladesh,England",Bangladesh,England,Bangladesh,bat,England,"{""wickets"": 8}",JJ Roy,6,international,male
1273732,T20,2021/22,2021-10-27,"Zayed Cricket Stadium, Abu Dhabi",Abu Dhabi,,"Scotland,Namibia",Scotland,Namibia,Namibia,field,Namibia,"{""wickets"": 4}",R Trumpelmann,6,international,male
1273733,T20,2021/22,2021-10-28,Dubai International Cricket Stadium,Dubai,,"Sri Lanka,Australia",Sri Lanka,Australia,Australia,field,Australia,"{""wickets"": 7}",A Zampa,6,international,male
1273734,T20,2021/22,2021-10-29,Sharjah Cricket Stadium,Sharjah,,"West Indies,Bangladesh",West Indies,Bangladesh,Bangladesh,field,West Indies,"{""runs"": 3}",N Pooran,6,international,male
1273736,T20,2021/22,2021-10-30,Sharjah Cricket Stadium,Sharjah,,"Sri Lanka,South Africa",Sri Lanka,South Africa,South Africa,field,South Africa,"{""wickets"": 4}",T Shamsi,6,international,male
1273737,T20,2021/22,2021-10-30,Dubai International Cricket Stadium,Dubai,,"Australia,England",Australia,England,England,field,England,"{""wickets"": 8}",CJ Jordan,6,international,male
1273739,T20,2021/22,2021-10-31,Dubai International Cricket Stadium,Dubai,,"India,New Zealand",India,New Zealand,New Zealand,field,New Zealand,"{""wickets"": 8}",IS Sodhi,6,international,male
1273740,T20,2021/22,2021-11-01,Sharjah Cricket Stadium,Sharjah,,"England,Sri Lanka",England,Sri Lanka,Sri Lanka,field,England,"{""runs"": 26}",JC Buttler,6,international,male
1273741,T20,2021/22,2021-11-02,"Zayed Cricket Stadium, Abu Dhabi",Abu Dhabi,,"Bangladesh,South Africa",Bangladesh,South Africa,South Africa,field,South Africa,"{""wickets"": 6}",K Rabada,6,international,male
1273742,T20,2021/22,2021-11-02,"Zayed Cricket Stadium, Abu Dhabi",Abu Dhabi,,"Pakistan,Namibia",Pakistan,Namibia,Pakistan,bat,Pakistan,"{""runs"": 45}",Mohammad Rizwan,6,international,male
1273743,T20,2021/22,2021-11-03,Dubai International Cricket Stadium,Dubai,,"New Zealand,Scotland",New Zealand,Scotland,Scotland,field,New Zealand,"{""runs"": 16}",MJ Guptill,6,international,male
1273745,T20,2021/22,2021-11-04,Dubai International Cricket Stadium,Dubai,,"Bangladesh,Australia",Bangladesh,Australia,Australia,field,Australia,"{""wickets"": 8}",A Zampa,6,international,male
1273746,T20,2021/22,2021-11-04,"Zayed Cricket Stadium, Abu Dhabi",Abu Dhabi,,"Sri Lanka,West Indies",Sri Lanka,West Indies,West Indies,field,Sri Lanka,"{""runs"": 20}",KIC Asalanka,6,international,male
1273747,T20,2021/22,2021-11-05,Sharjah Cricket Stadium,Sharjah,,"New Zealand,Namibia",New Zealand,Namibia,Namibia,field,New Zealand,"{""runs"": 52}",JDS Neesham,6,international,male
1273748,T20,2021/22,2021-11-05,Dubai International Cricket Stadium,Dubai,,"Scotland,India",Scotland,India,India,field,India,"{""wickets"": 8}",RA Jadeja,6,international,male
1273749,T20,2021/22,2021-11-06,"Zayed Cricket Stadium, Abu Dhabi",Abu Dhabi,,"West Indies,Australia",West Indies,Australia,Australia,field,Australia,"{""wickets"": 8}",DA Warner,6,international,male
1273750,T20,2021/22,2021-11-06,Sharjah Cricket Stadium,Sharjah,,"South Africa,England",South Africa,England,England,field,South Africa,"{""runs"": 10}",HE van der Dussen,6,international,male
1273752,T20,2021/22,2021-11-07,Sharjah Cricket Stadium,Sharjah,,"Pakistan,Scotland",Pakistan,Scotland,Pakistan,bat,Pakistan,"{""runs"": 72}",Shoaib Malik,6,international,male
1273753,T20,2021/22,2021-11-08,Dubai International Cricket Stadium,Dubai,,"Namibia,India",Namibia,India,India,field,India,"{""wickets"": 9}",RA Jadeja,6,international,male
1273754,T20,2021/22,2021-11-10,"Zayed Cricket Stadium, Abu Dhabi",Abu Dhabi,,"England,New Zealand",England,New Zealand,New Zealand,field,New Zealand,"{""wickets"": 5}",DJ Mitchell,6,international,male
1273755,T20,2021/22,2021-11-11,Dubai International Cricket Stadium,Dubai,,"Pakistan,Australia",Pakistan,Australia,Australia,field,Australia,"{""wickets"": 5}",MS Wade,6,international,male
1273756,T20,2021/22,2021-11-14,Dubai International Cricket Stadium,Dubai,,"New Zealand,Australia",New Zealand,Australia,Australia,field,Australia,"{""wickets"": 8}",MR Marsh,6,international,male
1275039,T20,2021,2021-09-11,Entebbe Cricket Oval,Entebbe,,"Nigeria,Kenya",Nigeria,Kenya,Nigeria,bat,Kenya,"{""wickets"": 8}",,6,international,male
1275040,T20,2021,2021-09-11,Entebbe Cricket Oval,Entebbe,,"Uganda,Nigeria",Uganda,Nigeria,Uganda,bat,Uganda,"{""runs"": 56}",,6,international,male
1275042,T20,2021,2021-09-13,Entebbe Cricket Oval,Entebbe,,"Kenya,Nigeria",Kenya,Nigeria,Kenya,bat,Kenya,"{""runs"": 61}",IA Karim,6,international,male
1275043,T20,2021,2021-09-13,Entebbe Cricket Oval,Entebbe,,"Nigeria,Uganda",Nigeria,Uganda,Nigeria,bat,Uganda,"{""wickets"": 8}",,6,international,male
1275044,T20,2021,2021-09-10,Entebbe Cricket Oval,Entebbe,,"Kenya,Uganda",Kenya,Uganda,Kenya,bat,Kenya,"{""runs"": 22}",,6,international,male
1275045,T20,2021,2021-09-16,Entebbe Cricket Oval,Entebbe,,"Nigeria,Kenya",Nigeria,Kenya,Nigeria,bat,Nigeria,"{""runs"": 4}",JO Adedeji,6,international,male
1275047,T20,2021,2021-09-15,Entebbe Cricket Oval,Entebbe,,"Uganda,Nigeria",Uganda,Nigeria,Uganda,bat,Uganda,"{""runs"": 55}",JO Adedeji,6,international,male
1275051,T20,2021,2021-09-17,Entebbe Cricket Oval,Entebbe,,"Uganda,Kenya",Uganda,Kenya,Uganda,bat,Uganda,"{""runs"": 6}",F Akankwasa,6,international,male
1275052,T20,2021,2021-09-10,"Desert Springs Cricket Ground, Almeria",Almeria,,"Spain,Germany",Spain,Germany,Germany,field,Germany,"{""wickets"": 7}",,6,international,male
1275053,T20,2021,2021-09-11,"Desert Springs Cricket Ground, Almeria",Almeria,,"Germany,Spain",Germany,Spain,Germany,bat,Spain,"{""wickets"": 5}",,6,international,male
1275054,T20,2021,2021-09-11,"Desert Springs Cricket Ground, Almeria",Almeria,,"Germany,Spain",Germany,Spain,Spain,field,Spain,"{""wickets"": 1}",,6,international,male
1275268,T20,2021,2021-09-03,"Moara Vlasiei Cricket Ground, Ilfov County",Ilfov County,,"Romania,Czech Republic",Romania,Czech Republic,Romania,bat,Romania,"{""runs"": 35}",Sami Ullah,6,international,male
1275269,T20,2021,2021-09-02,"Moara Vlasiei Cricket Ground, Ilfov County",Ilfov County,,"Luxembourg,Bulgaria",Luxembourg,Bulgaria,Bulgaria,field,Luxembourg,"{""runs"": 62}",TC Barker,6,international,male
1275270,T20,2021,2021-09-02,"Moara Vlasiei Cricket Ground, Ilfov County",Ilfov County,,"Hungary,Czech Republic",Hungary,Czech Republic,Czech Republic,field,Hungary,"{""runs"": 5}",Zeeshan Kukikhel,6,international,male
1275271,T20,2021,2021-09-03,"Moara Vlasiei Cricket Ground, Ilfov County",Ilfov County,,"Bulgaria,Malta",Bulgaria,Malta,Bulgaria,bat,Malta,"{""wickets"": 7}",Bilal Muhammad,6,international,male
1275272,T20,2021,2021-09-03,"Moara Vlasiei Cricket Ground, Ilfov County",Ilfov County,,"Romania,Hungary",Romania,Hungary,Romania,bat,Romania,"{""runs"": 8}",Asif Bevinje,6,international,male
1275274,T20,2021,2021-09-04,"Moara Vlasiei Cricket Ground, Ilfov County",Ilfov County,,"Luxembourg,Hungary",Luxembourg,Hungary,Hungary,field,Luxembourg,"{""runs"": 2}",,6,international,male
1275275,T20,2021,2021-09-04,"Moara Vlasiei Cricket Ground, Ilfov County",Ilfov County,,"Romania,Malta",Romania,Malta,Malta,field,Romania,"{""runs"": 36}",Taranjeet Singh,6,international,male
1275276,T20,2021,2021-09-05,"Moara Vlasiei Cricket Ground, Ilfov County",Ilfov County,,"Malta,Hungary",Malta,Hungary,Hungary,field,Hungary,"{""wickets"": 8}",Zeeshan Kukikhel,6,international,male
1275277,T20,2021,2021-09-05,"Moara Vlasiei Cricket Ground, Ilfov County",Ilfov County,,"Romania,Luxembourg",Romania,Luxembourg,Romania,bat,Romania,"{""runs"": 33}",Asif Bevinje,6,international,male
1276904,T20,2022,2022-07-07,"The Rose Bowl, Southampton",Southampton,,"India,England",India,England,India,bat,India,"{""runs"": 50}",HH Pandya,6,international,male
1276905,T20,2022,2022-07-09,"Edgbaston, Birmingham",Birmingham,,"India,England",India,England,England,field,India,"{""runs"": 49}",B Kumar,6,international,male
1276906,T20,2022,2022-07-10,"Trent Bridge, Nottingham",Nottingham,,"England,India",England,India,England,bat,England,"{""runs"": 17}",RJW Topley,6,international,male
1276913,T20,2022,2022-07-27,"County Ground, Bristol",Bristol,,"England,South Africa",England,South Africa,South Africa,field,England,"{""runs"": 41}",MM Ali,6,international,male
1276914,T20,2022,2022-07-28,"Sophia Gardens, Cardiff",Cardiff,,"South Africa,England",South Africa,England,England,field,South Africa,"{""runs"": 58}",RR Rossouw,6,international,male
1276915,T20,2022,2022-07-31,"The Rose Bowl, Southampton",Southampton,,"South Africa,England",South Africa,England,England,field,South Africa,"{""runs"": 90}",T Shamsi,6,international,male
1277974,T20,2021/22,2021-11-19,"Shere Bangla National Stadium, Mirpur",Dhaka,,"Bangladesh,Pakistan",Bangladesh,Pakistan,Bangladesh,bat,Pakistan,"{""wickets"": 4}",Hasan Ali,6,international,male
1277975,T20,2021/22,2021-11-20,"Shere Bangla National Stadium, Mirpur",Dhaka,,"Bangladesh,Pakistan",Bangladesh,Pakistan,Bangladesh,bat,Pakistan,"{""wickets"": 8}",Fakhar Zaman,6,international,male
1277976,T20,2021/22,2021-11-22,"Shere Bangla National Stadium, Mirpur",Dhaka,,"Bangladesh,Pakistan",Bangladesh,Pakistan,Bangladesh,bat,Pakistan,"{""wickets"": 5}",Haider Ali,6,international,male
1278671,T20,2021/22,2021-11-17,"Sawai Mansingh Stadium, Jaipur",Jaipur,,"New Zealand,India",New Zealand,India,India,field,India,"{""wickets"": 5}",SA Yadav,6,international,male
1278672,T20,2021/22,2021-11-19,"JSCA International Stadium Complex, Ranchi",Ranchi,,"New Zealand,India",New Zealand,India,India,field,India,"{""wickets"": 7}",HV Patel,6,international,male
1278673,T20,2021/22,2021-11-21,"Eden Gardens, Kolkata",Kolkata,,"India,New Zealand",India,New Zealand,India,bat,India,"{""runs"": 73}",AR Patel,6,international,male
1278679,T20,2021/22,2022-02-16,"Eden Gardens, Kolkata",Kolkata,,"West Indies,India",West Indies,India,India,field,India,"{""wickets"": 6}",Ravi Bishnoi,6,international,male
1278680,T20,2021/22,2022-02-18,"Eden Gardens, Kolkata",Kolkata,,"India,West Indies",India,West Indies,West Indies,field,India,"{""runs"": 8}",RR Pant,6,international,male
1278681,T20,2021/22,2022-02-20,"Eden Gardens, Kolkata",Kolkata,,"India,West Indies",India,West Indies,West Indies,field,India,"{""runs"": 17}",SA Yadav,6,international,male
1278684,T20,2021/22,2022-02-24,"Bharat Ratna Shri Atal Bihari Vajpayee Ekana Cricket Stadium, Lucknow",Lucknow,,"India,Sri Lanka",India,Sri Lanka,Sri Lanka,field,India,"{""runs"": 62}",Ishan Kishan,6,international,male
1278685,T20,2021/22,2022-02-26,"Himachal Pradesh Cricket Association Stadium, Dharamsala",Dharamsala,,"Sri Lanka,India",Sri Lanka,India,India,field,India,"{""wickets"": 7}",SS Iyer,6,international,male
1278686,T20,2021/22,2022-02-27,"Himachal Pradesh Cricket Association Stadium, Dharamsala",Dharamsala,,"Sri Lanka,India",Sri Lanka,India,Sri Lanka,bat,India,"{""wickets"": 6}",SS Iyer,6,international,male
1278687,T20,2022,2022-06-09,"Arun Jaitley Stadium, Delhi",Delhi,,"India,South Africa",India,South Africa,South Africa,field,South Africa,"{""wickets"": 7}",DA Miller,6,international,male
1278688,T20,2022,2022-06-12,"Barabati Stadium, Cuttack",Cuttack,,"India,South Africa",India,South Africa,South Africa,field,South Africa,"{""wickets"": 4}",H Klaasen,6,international,male
1278689,T20,2022,2022-06-14,"Dr. Y.S. Rajasekhara Reddy ACA-VDCA Cricket Stadium, Visakhapatnam",Visakhapatnam,,"India,South Africa",India,South Africa,South Africa,field,India,"{""runs"": 48}",YS Chahal,6,international,male
1278690,T20,2022,2022-06-17,"Saurashtra Cricket Association Stadium, Rajkot",Rajkot,,"India,South Africa",India,South Africa,South Africa,field,India,"{""runs"": 82}",KD Karthik,6,international,male
1278691,T20,2022,2022-06-19,"M Chinnaswamy Stadium, Bangalore",Bengaluru,,"India,South Africa",India,South Africa,South Africa,field,,null,,6,international,male
1279379,T20,2021/22,2021-10-05,Happy Valley Ground,Episkopi,,"Estonia,Cyprus",Estonia,Cyprus,Cyprus,field,Cyprus,"{""wickets"": 4}",Tejwinder Singh,6,international,male
1279380,T20,2021/22,2021-10-05,Happy Valley Ground,Episkopi,,"Estonia,Cyprus",Estonia,Cyprus,Estonia,bat,Cyprus,"{""wickets"": 8}",Gurpratap Singh,6,international,male
1279381,T20,2021/22,2021-10-06,Happy Valley Ground,Episkopi,,"Cyprus,Isle of Man",Cyprus,Isle of Man,Cyprus,bat,Isle of Man,"{""wickets"": 8}",,6,international,male
1279382,T20,2021/22,2021-10-06,Happy Valley Ground,Episkopi,,"Estonia,Isle of Man",Estonia,Isle of Man,Estonia,bat,Isle of Man,"{""wickets"": 6}",,6,international,male
1279383,T20,2021/22,2021-10-07,Happy Valley Ground,Episkopi,,"Cyprus,Isle of Man",Cyprus,Isle of Man,Isle of Man,field,Isle of Man,"{""wickets"": 3}",Gurpratap Singh,6,international,male
1279385,T20,2021/22,2021-10-08,Happy Valley Ground,Episkopi,,"Cyprus,Estonia",Cyprus,Estonia,Cyprus,bat,Cyprus,"{""runs"": 39}",Zeeshan Sarwar,6,international,male
1279386,T20,2021/22,2021-10-08,Happy Valley Ground,Episkopi,,"Estonia,Isle of Man",Estonia,Isle of Man,Isle of Man,field,Isle of Man,"{""wickets"": 8}",J Butler,6,international,male
1280058,T20,2021/22,2021-10-09,"ICC Academy, Dubai",Dubai,,"Scotland,Namibia",Scotland,Namibia,Namibia,field,Namibia,"{""wickets"": 5}",CG Williams,6,international,male
1280059,T20,2021/22,2021-10-10,"ICC Academy, Dubai",Dubai,,"Namibia,Papua New Guinea",Namibia,Papua New Guinea,Papua New Guinea,field,Namibia,"{""runs"": 14}",,6,international,male
1280060,T20,2021/22,2021-10-07,"ICC Academy, Dubai",Dubai,,"United Arab Emirates,Ireland",United Arab Emirates,Ireland,United Arab Emirates,bat,Ireland,"{""wickets"": 7}",,6,international,male
1280061,T20,2021/22,2021-10-08,"ICC Academy, Dubai",Dubai,,"United Arab Emirates,Ireland",United Arab Emirates,Ireland,Ireland,field,United Arab Emirates,"{""runs"": 54}",KP Meiyappan,6,international,male
1280062,T20,2021/22,2021-10-10,"ICC Academy, Dubai",Dubai,,"Ireland,United Arab Emirates",Ireland,United Arab Emirates,United Arab Emirates,field,United Arab Emirates,"{""wickets"": 7}",Waseem Muhammad,6,international,male
1280063,T20,2021/22,2021-10-08,"ICC Academy, Dubai",Dubai,,"Papua New Guinea,Scotland",Papua New Guinea,Scotland,Papua New Guinea,bat,Scotland,"{""wickets"": 8}",HG Munsey,6,international,male
1282272,T20,2021/22,2021-10-21,Marsa Sports Club,Marsa,,"Malta,Gibraltar",Malta,Gibraltar,Malta,bat,Malta,"{""runs"": 61}",HS Gericke,6,international,male
1282273,T20,2021/22,2021-10-22,Marsa Sports Club,Marsa,,"Gibraltar,Switzerland",Gibraltar,Switzerland,Gibraltar,bat,Switzerland,"{""wickets"": 9}",Osama Mahmood,6,international,male
1282275,T20,2021/22,2021-10-22,Marsa Sports Club,Marsa,,"Bulgaria,Switzerland",Bulgaria,Switzerland,Bulgaria,bat,Switzerland,"{""wickets"": 8}",NK Aneesh Kumar,6,international,male
1282276,T20,2021/22,2021-10-23,Marsa Sports Club,Marsa,,"Switzerland,Malta",Switzerland,Malta,Switzerland,bat,Switzerland,"{""runs"": 8}",,6,international,male
1282278,T20,2021/22,2021-10-24,Marsa Sports Club,Marsa,,"Gibraltar,Bulgaria",Gibraltar,Bulgaria,Gibraltar,bat,Bulgaria,"{""wickets"": 6}",H Lakov,6,international,male
1282279,T20,2021/22,2021-10-24,Marsa Sports Club,Marsa,,"Malta,Switzerland",Malta,Switzerland,Malta,bat,Malta,"{""runs"": 6}",VP Thamotharam,6,international,male
1282738,T20,2021/22,2021-10-15,"Desert Springs Cricket Ground, Almeria",Almeria,,"Jersey,Germany",Jersey,Germany,Germany,field,Jersey,"{""runs"": 4}",H Carlyon,6,international,male
1282739,T20,2021/22,2021-10-15,"Desert Springs Cricket Ground, Almeria",Almeria,,"Denmark,Italy",Denmark,Italy,Denmark,bat,Italy,"{""wickets"": 6}",GP Meade,6,international,male
1282740,T20,2021/22,2021-10-16,"Desert Springs Cricket Ground, Almeria",Almeria,,"Denmark,Germany",Denmark,Germany,Denmark,bat,Germany,"{""wickets"": 6}",Faisal Mubashir,6,international,male
1282741,T20,2021/22,2021-10-16,"Desert Springs Cricket Ground, Almeria",Almeria,,"Jersey,Italy",Jersey,Italy,Jersey,bat,Jersey,"{""runs"": 41}",B Ward,6,international,male
1282742,T20,2021/22,2021-10-17,"Desert Springs Cricket Ground, Almeria",Almeria,,"Jersey,Denmark",Jersey,Denmark,Denmark,field,Jersey,"{""runs"": 5}",CW Perchard,6,international,male
1282743,T20,2021/22,2021-10-17,"Desert Springs Cricket Ground, Almeria",Almeria,,"Italy,Germany",Italy,Germany,Italy,bat,Germany,"{""wickets"": 4}",DA Blignaut,6,international,male
1282744,T20,2021/22,2021-10-19,"Desert Springs Cricket Ground, Almeria",Almeria,,"Italy,Denmark",Italy,Denmark,Denmark,field,Italy,"{""runs"": 9}",G Stewart,6,international,male
1282745,T20,2021/22,2021-10-19,"Desert Springs Cricket Ground, Almeria",Almeria,,"Germany,Jersey",Germany,Jersey,Germany,bat,Jersey,"{""wickets"": 4}",B Ward,6,international,male
1282746,T20,2021/22,2021-10-20,"Desert Springs Cricket Ground, Almeria",Almeria,,"Italy,Jersey",Italy,Jersey,Jersey,field,Jersey,"{""wickets"": 8}",H Carlyon,6,international,male
1282747,T20,2021/22,2021-10-20,"Desert Springs Cricket Ground, Almeria",Almeria,,"Germany,Denmark",Germany,Denmark,Denmark,field,Germany,"{""runs"": 12}",MJ Richardson,6,international,male
1282748,T20,2021/22,2021-10-21,"Desert Springs Cricket Ground, Almeria",Almeria,,"Italy,Germany",Italy,Germany,Germany,field,Italy,"{""runs"": 1}",D Klein,6,international,male
1282749,T20,2021/22,2021-10-21,"Desert Springs Cricket Ground, Almeria",Almeria,,"Denmark,Jersey",Denmark,Jersey,Denmark,bat,Jersey,"{""wickets"": 4}",JW Jenner,6,international,male
1283021,T20,2021/22,2021-10-16,Gahanga International Cricket Stadium. Rwanda,Kigali City,,"Rwanda,Ghana",Rwanda,Ghana,Ghana,field,Ghana,"{""wickets"": 5}",SK Awiah,6,international,male
1283023,T20,2021/22,2021-10-16,Gahanga International Cricket Stadium. Rwanda,Kigali City,,"Seychelles,Ghana",Seychelles,Ghana,Seychelles,bat,Ghana,"{""wickets"": 9}",KS Bagabena,6,international,male
1283024,T20,2021/22,2021-10-16,Integrated Polytechnic Regional Centre,Kigali City,,"Malawi,Uganda",Malawi,Uganda,Malawi,bat,Uganda,"{""wickets"": 10}",S Sesazi,6,international,male
1283025,T20,2021/22,2021-10-17,Gahanga International Cricket Stadium. Rwanda,Kigali City,,"Lesotho,Seychelles",Lesotho,Seychelles,Seychelles,field,Seychelles,"{""wickets"": 6}",N Krishna,6,international,male
1283026,T20,2021/22,2021-10-17,Integrated Polytechnic Regional Centre,Kigali City,,"Swaziland,Malawi",Swaziland,Malawi,Malawi,field,Malawi,"{""wickets"": 8}",MA Baig,6,international,male
1283028,T20,2021/22,2021-10-17,Integrated Polytechnic Regional Centre,Kigali City,,"Uganda,Rwanda",Uganda,Rwanda,Uganda,bat,Uganda,"{""runs"": 106}",,6,international,male
1283029,T20,2021/22,2021-10-19,Gahanga International Cricket Stadium. Rwanda,Kigali City,,"Malawi,Ghana",Malawi,Ghana,Ghana,field,Ghana,"{""wickets"": 7}",DK Anefie,6,international,male
1283030,T20,2021/22,2021-10-19,Integrated Polytechnic Regional Centre,Kigali City,,"Lesotho,Uganda",Lesotho,Uganda,Lesotho,bat,Uganda,"{""wickets"": 10}",DM Nakrani,6,international,male
1283032,T20,2021/22,2021-10-19,Integrated Polytechnic Regional Centre,Kigali City,,"Swaziland,Uganda",Swaziland,Uganda,Swaziland,bat,Uganda,"{""wickets"": 6}",F Nsubuga,6,international,male
1283033,T20,2021/22,2021-10-20,Gahanga International Cricket Stadium. Rwanda,Kigali City,,"Malawi,Seychelles",Malawi,Seychelles,Malawi,bat,Malawi,"{""runs"": 21}",Sami Sohail,6,international,male
1283034,T20,2021/22,2021-10-20,Integrated Polytechnic Regional Centre,Kigali City,,"Swaziland,Ghana",Swaziland,Ghana,Ghana,field,Ghana,"{""wickets"": 7}",OH Agbomadzie,6,international,male
1283035,T20,2021/22,2021-10-20,Gahanga International Cricket Stadium. Rwanda,Kigali City,,"Swaziland,Seychelles",Swaziland,Seychelles,Swaziland,bat,Seychelles,"{""wickets"": 7}",SKDT Madusanka,6,international,male
1283036,T20,2021/22,2021-10-20,Integrated Polytechnic Regional Centre,Kigali City,,"Rwanda,Lesotho",Rwanda,Lesotho,Rwanda,bat,Rwanda,"{""runs"": 22}",E Sebareme,6,international,male
1283037,T20,2021/22,2021-10-21,Gahanga International Cricket Stadium. Rwanda,Kigali City,,"Uganda,Ghana",Uganda,Ghana,Ghana,field,Uganda,"{""runs"": 79}",DM Nakrani,6,international,male
1283038,T20,2021/22,2021-10-22,Gahanga International Cricket Stadium. Rwanda,Kigali City,,"Swaziland,Rwanda",Swaziland,Rwanda,Swaziland,bat,Rwanda,"{""wickets"": 7}",M Akayezu,6,international,male
1283040,T20,2021/22,2021-10-22,Gahanga International Cricket Stadium. Rwanda,Kigali City,,"Malawi,Rwanda",Malawi,Rwanda,Malawi,bat,Malawi,"{""runs"": 24}",Sami Sohail,6,international,male
1283041,T20,2021/22,2021-10-22,Integrated Polytechnic Regional Centre,Kigali City,,"Uganda,Seychelles",Uganda,Seychelles,Uganda,bat,Uganda,"{""runs"": 95}",DM Nakrani,6,international,male
1283042,T20,2021/22,2021-11-02,Gahanga International Cricket Stadium. Rwanda,Kigali City,,"Botswana,Sierra Leone",Botswana,Sierra Leone,Botswana,bat,Botswana,"{""runs"": 72}",K Motlanka,6,international,male
1283043,T20,2021/22,2021-11-02,Gahanga International Cricket Stadium. Rwanda,Kigali City,,"Tanzania,Mozambique",Tanzania,Mozambique,Tanzania,bat,Tanzania,"{""runs"": 87}",II Selemani,6,international,male
1283044,T20,2021/22,2021-11-03,Gahanga International Cricket Stadium. Rwanda,Kigali City,,"Mozambique,Cameroon",Mozambique,Cameroon,Cameroon,field,Mozambique,"{""runs"": 171}",F Damiao Couana,6,international,male
1283045,T20,2021/22,2021-11-03,Gahanga International Cricket Stadium. Rwanda,Kigali City,,"Sierra Leone,Tanzania",Sierra Leone,Tanzania,Sierra Leone,bat,Tanzania,"{""wickets"": 8}",II Selemani,6,international,male
1283046,T20,2021/22,2021-11-05,Gahanga International Cricket Stadium. Rwanda,Kigali City,,"Cameroon,Botswana",Cameroon,Botswana,Cameroon,bat,Botswana,"{""wickets"": 9}",R Nehonde,6,international,male
1283047,T20,2021/22,2021-11-05,Gahanga International Cricket Stadium. Rwanda,Kigali City,,"Mozambique,Sierra Leone",Mozambique,Sierra Leone,Mozambique,bat,Sierra Leone,"{""wickets"": 5}",S Conteh,6,international,male
1283048,T20,2021/22,2021-11-06,Gahanga International Cricket Stadium. Rwanda,Kigali City,,"Botswana,Mozambique",Botswana,Mozambique,Botswana,bat,Botswana,"{""runs"": 52}",R Nehonde,6,international,male
1283049,T20,2021/22,2021-11-06,Gahanga International Cricket Stadium. Rwanda,Kigali City,,"Tanzania,Cameroon",Tanzania,Cameroon,Tanzania,bat,Tanzania,"{""runs"": 178}",K Nassoro,6,international,male
1283050,T20,2021/22,2021-11-07,Gahanga International Cricket Stadium. Rwanda,Kigali City,,"Cameroon,Sierra Leone",Cameroon,Sierra Leone,Cameroon,bat,Sierra Leone,"{""wickets"": 6}",S Conteh,6,international,male
1283051,T20,2021/22,2021-11-07,Gahanga International Cricket Stadium. Rwanda,Kigali City,,"Tanzania,Botswana",Tanzania,Botswana,Tanzania,bat,Tanzania,"{""runs"": 3}",Jitin Singh,6,international,male
1283089,T20,2021/22,2021-10-19,University of Lagos Cricket Oval,Lagos,,"Nigeria,Sierra Leone",Nigeria,Sierra Leone,Sierra Leone,field,Sierra Leone,"{""wickets"": 6}",M Kpaka,6,international,male
1283091,T20,2021/22,2021-10-21,University of Lagos Cricket Oval,Lagos,,"Nigeria,Sierra Leone",Nigeria,Sierra Leone,Sierra Leone,field,Nigeria,"{""runs"": 69}",,6,international,male
1283092,T20,2021/22,2021-10-23,University of Lagos Cricket Oval,Lagos,,"Sierra Leone,Nigeria",Sierra Leone,Nigeria,Sierra Leone,bat,Nigeria,"{""wickets"": 9}",,6,international,male
1283093,T20,2021/22,2021-10-24,University of Lagos Cricket Oval,Lagos,,"Nigeria,Sierra Leone",Nigeria,Sierra Leone,Nigeria,bat,Nigeria,"{""runs"": 19}",,6,international,male
1283094,T20,2021/22,2021-10-26,University of Lagos Cricket Oval,Lagos,,"Nigeria,Sierra Leone",Nigeria,Sierra Leone,Nigeria,bat,Nigeria,"{""runs"": 36}",P Aho,6,international,male
1284489,T20,2021/22,2021-10-23,"West End Park International Cricket Stadium, Doha",Doha,,"Maldives,Saudi Arabia",Maldives,Saudi Arabia,Maldives,bat,Saudi Arabia,"{""wickets"": 7}",,6,international,male
1284490,T20,2021/22,2021-10-24,"West End Park International Cricket Stadium, Doha",Doha,,"Bahrain,Kuwait",Bahrain,Kuwait,Kuwait,field,Kuwait,"{""wickets"": 6}",,6,international,male
1284491,T20,2021/22,2021-10-24,"West End Park International Cricket Stadium, Doha",Doha,,"Qatar,Maldives",Qatar,Maldives,Maldives,field,Qatar,"{""runs"": 98}",Mohammad Rizlan,6,international,male
1284493,T20,2021/22,2021-10-27,"West End Park International Cricket Stadium, Doha",Doha,,"Maldives,Bahrain",Maldives,Bahrain,Bahrain,field,Bahrain,"{""wickets"": 7}",,6,international,male
1284495,T20,2021/22,2021-10-28,"West End Park International Cricket Stadium, Doha",Doha,,"Maldives,Kuwait",Maldives,Kuwait,Kuwait,field,Kuwait,"{""wickets"": 5}",ED Silva,6,international,male
1284496,T20,2021/22,2021-10-28,"West End Park International Cricket Stadium, Doha",Doha,,"Bahrain,Saudi Arabia",Bahrain,Saudi Arabia,Saudi Arabia,field,Bahrain,"{""runs"": 18}",Sarfaraz Ali,6,international,male
1284497,T20,2021/22,2021-10-29,"West End Park International Cricket Stadium, Doha",Doha,,"Kuwait,Qatar",Kuwait,Qatar,Kuwait,bat,Qatar,"{""wickets"": 2}",Musawar Shah,6,international,male
1286667,T20,2021/22,2021-11-07,"Coolidge Cricket Ground, Antigua",Coolidge,,"Belize,United States of America",Belize,United States of America,United States of America,field,United States of America,"{""wickets"": 10}",SR Taylor,6,international,male
1286670,T20,2021/22,2021-11-08,"Coolidge Cricket Ground, Antigua",Coolidge,,"Canada,Belize",Canada,Belize,Canada,bat,Canada,"{""runs"": 145}",NS Dhaliwal,6,international,male
1286671,T20,2021/22,2021-11-08,"Sir Vivian Richards Stadium, North Sound, Antigua",North Sound,,"Bahamas,Argentina",Bahamas,Argentina,Bahamas,bat,Bahamas,"{""runs"": 12}",M Taylor,6,international,male
1286672,T20,2021/22,2021-11-08,"Coolidge Cricket Ground, Antigua",Coolidge,,"Belize,Panama",Belize,Panama,Belize,bat,Belize,"{""runs"": 12}",BS Stephenson,6,international,male
1286673,T20,2021/22,2021-11-08,"Sir Vivian Richards Stadium, North Sound, Antigua",North Sound,,"United States of America,Bermuda",United States of America,Bermuda,United States of America,bat,United States of America,"{""runs"": 23}",Aaron Jones,6,international,male
1286674,T20,2021/22,2021-11-10,"Coolidge Cricket Ground, Antigua",Coolidge,,"Canada,United States of America",Canada,United States of America,Canada,bat,,null,K Gore,6,international,male
1286675,T20,2021/22,2021-11-10,"Sir Vivian Richards Stadium, North Sound, Antigua",North Sound,,"Argentina,Belize",Argentina,Belize,Argentina,bat,Argentina,"{""runs"": 59}",A Ferguson,6,international,male
1286677,T20,2021/22,2021-11-10,"Coolidge Cricket Ground, Antigua",Coolidge,,"Bermuda,Bahamas",Bermuda,Bahamas,Bahamas,field,Bermuda,"{""runs"": 140}",T Manders,6,international,male
1286681,T20,2021/22,2021-11-11,"Sir Vivian Richards Stadium, North Sound, Antigua",North Sound,,"Argentina,United States of America",Argentina,United States of America,Argentina,bat,United States of America,"{""wickets"": 8}",G Singh,6,international,male
1286682,T20,2021/22,2021-11-13,"Coolidge Cricket Ground, Antigua",Coolidge,,"Bahamas,United States of America",Bahamas,United States of America,Bahamas,bat,United States of America,"{""wickets"": 10}",NK Patel,6,international,male
1286683,T20,2021/22,2021-11-13,"Sir Vivian Richards Stadium, North Sound, Antigua",North Sound,,"Belize,Bermuda",Belize,Bermuda,Belize,bat,Bermuda,"{""wickets"": 7}",AC Douglas,6,international,male
1286684,T20,2021/22,2021-11-13,"Coolidge Cricket Ground, Antigua",Coolidge,,"Panama,Bahamas",Panama,Bahamas,Bahamas,field,Panama,"{""runs"": 26}",Irfan Hafejee,6,international,male
1286685,T20,2021/22,2021-11-13,"Sir Vivian Richards Stadium, North Sound, Antigua",North Sound,,"Argentina,Canada",Argentina,Canada,Argentina,bat,Canada,"{""wickets"": 9}",D Heyliger,6,international,male
1286686,T20,2021/22,2021-11-14,"Coolidge Cricket Ground, Antigua",Coolidge,,"Canada,Panama",Canada,Panama,Canada,bat,Canada,"{""runs"": 208}",R Pathan,6,international,male
1287773,T20,2021/22,2021-12-13,"National Stadium, Karachi",Karachi,,"Pakistan,West Indies",Pakistan,West Indies,West Indies,field,Pakistan,"{""runs"": 63}",Haider Ali,6,international,male
1287774,T20,2021/22,2021-12-14,"National Stadium, Karachi",Karachi,,"Pakistan,West Indies",Pakistan,West Indies,Pakistan,bat,Pakistan,"{""runs"": 9}",Shadab Khan,6,international,male
1287775,T20,2021/22,2021-12-16,"National Stadium, Karachi",Karachi,,"West Indies,Pakistan",West Indies,Pakistan,West Indies,bat,Pakistan,"{""wickets"": 7}",Mohammad Rizwan,6,international,male
1288316,T20,2021/22,2022-04-05,"Gaddafi Stadium, Lahore",Lahore,,"Pakistan,Australia",Pakistan,Australia,Australia,field,Australia,"{""wickets"": 3}",AJ Finch,6,international,male
1289042,T20,2021/22,2021-11-17,Gahanga International Cricket Stadium. Rwanda,Kigali City,,"Nigeria,Tanzania",Nigeria,Tanzania,Nigeria,bat,Tanzania,"{""wickets"": 6}",S Thakor,6,international,male
1289043,T20,2021/22,2021-11-17,Integrated Polytechnic Regional Centre,Kigali City,,"Kenya,Uganda",Kenya,Uganda,Kenya,bat,Kenya,"{""runs"": 1}",DM Nakrani,6,international,male
1289044,T20,2021/22,2021-11-17,Gahanga International Cricket Stadium. Rwanda,Kigali City,,"Uganda,Nigeria",Uganda,Nigeria,Uganda,bat,Uganda,"{""runs"": 12}",DM Nakrani,6,international,male
1289045,T20,2021/22,2021-11-17,Integrated Polytechnic Regional Centre,Kigali City,,"Tanzania,Kenya",Tanzania,Kenya,Tanzania,bat,Tanzania,"{""runs"": 49}",AA Jasani,6,international,male
1289046,T20,2021/22,2021-11-18,Gahanga International Cricket Stadium. Rwanda,Kigali City,,"Tanzania,Uganda",Tanzania,Uganda,Tanzania,bat,Uganda,"{""wickets"": 8}",RB Patel,6,international,male
1289047,T20,2021/22,2021-11-18,Integrated Polytechnic Regional Centre,Kigali City,,"Nigeria,Kenya",Nigeria,Kenya,Nigeria,bat,Kenya,"{""wickets"": 8}",AA Obanda,6,international,male
1289048,T20,2021/22,2021-11-18,Gahanga International Cricket Stadium. Rwanda,Kigali City,,"Tanzania,Kenya",Tanzania,Kenya,Tanzania,bat,Kenya,"{""wickets"": 7}",RN Patel,6,international,male
1289049,T20,2021/22,2021-11-18,Integrated Polytechnic Regional Centre,Kigali City,,"Nigeria,Uganda",Nigeria,Uganda,Uganda,field,Uganda,"{""wickets"": 8}",Riazat Ali Shah,6,international,male
1289050,T20,2021/22,2021-11-20,Gahanga International Cricket Stadium. Rwanda,Kigali City,,"Tanzania,Uganda",Tanzania,Uganda,Uganda,field,Uganda,"{""wickets"": 6}",F Akankwasa,6,international,male
1289051,T20,2021/22,2021-11-20,Integrated Polytechnic Regional Centre,Kigali City,,"Kenya,Nigeria",Kenya,Nigeria,Nigeria,field,Kenya,"{""runs"": 60}",Vraj Patel,6,international,male
1289052,T20,2021/22,2021-11-20,Gahanga International Cricket Stadium. Rwanda,Kigali City,,"Kenya,Uganda",Kenya,Uganda,Kenya,bat,Uganda,"{""wickets"": 6}",Riazat Ali Shah,6,international,male
1289053,T20,2021/22,2021-11-20,Integrated Polytechnic Regional Centre,Kigali City,,"Tanzania,Nigeria",Tanzania,Nigeria,Tanzania,bat,Tanzania,"{""runs"": 69}",JC Darji,6,international,male
1291187,T20,2021/22,2021-12-22,"Central Broward Regional Park Stadium Turf Ground, Lauderhill",Lauderhill,,"United States of America,Ireland",United States of America,Ireland,United States of America,bat,United States of America,"{""runs"": 26}",G Singh,6,international,male
1291188,T20,2021/22,2021-12-23,"Central Broward Regional Park Stadium Turf Ground, Lauderhill",Lauderhill,,"Ireland,United States of America",Ireland,United States of America,United States of America,field,Ireland,"{""runs"": 9}",L Tucker,6,international,male
1298135,T20,2022/23,2022-10-16,"GMHBA Stadium, South Geelong, Victoria",Geelong,,"Namibia,Sri Lanka",Namibia,Sri Lanka,Sri Lanka,field,Namibia,"{""runs"": 55}",JN Frylinck,6,international,male
1298136,T20,2022/23,2022-10-16,"GMHBA Stadium, South Geelong, Victoria",Geelong,,"United Arab Emirates,Netherlands",United Arab Emirates,Netherlands,United Arab Emirates,bat,Netherlands,"{""wickets"": 3}",BFW de Leede,6,international,male
1298137,T20,2022/23,2022-10-17,"Bellerive Oval, Hobart",Hobart,,"Scotland,West Indies",Scotland,West Indies,West Indies,field,Scotland,"{""runs"": 42}",HG Munsey,6,international,male
1298138,T20,2022/23,2022-10-17,"Bellerive Oval, Hobart",Hobart,,"Zimbabwe,Ireland",Zimbabwe,Ireland,Ireland,field,Zimbabwe,"{""runs"": 31}",Sikandar Raza,6,international,male
1298139,T20,2022/23,2022-10-18,"GMHBA Stadium, South Geelong, Victoria",Geelong,,"Namibia,Netherlands",Namibia,Netherlands,Namibia,bat,Netherlands,"{""wickets"": 5}",BFW de Leede,6,international,male
1298140,T20,2022/23,2022-10-18,"GMHBA Stadium, South Geelong, Victoria",Geelong,,"Sri Lanka,United Arab Emirates",Sri Lanka,United Arab Emirates,United Arab Emirates,field,Sri Lanka,"{""runs"": 79}",P Nissanka,6,international,male
1298141,T20,2022/23,2022-10-19,"Bellerive Oval, Hobart",Hobart,,"Scotland,Ireland",Scotland,Ireland,Scotland,bat,Ireland,"{""wickets"": 6}",C Campher,6,international,male
1298142,T20,2022/23,2022-10-19,"Bellerive Oval, Hobart",Hobart,,"West Indies,Zimbabwe",West Indies,Zimbabwe,West Indies,bat,West Indies,"{""runs"": 31}",AS Joseph,6,international,male
1298143,T20,2022/23,2022-10-20,"GMHBA Stadium, South Geelong, Victoria",Geelong,,"Sri Lanka,Netherlands",Sri Lanka,Netherlands,Sri Lanka,bat,Sri Lanka,"{""runs"": 16}",BKG Mendis,6,international,male
1298144,T20,2022/23,2022-10-20,"GMHBA Stadium, South Geelong, Victoria",Geelong,,"United Arab Emirates,Namibia",United Arab Emirates,Namibia,United Arab Emirates,bat,United Arab Emirates,"{""runs"": 7}",Waseem Muhammad,6,international,male
1298145,T20,2022/23,2022-10-21,"Bellerive Oval, Hobart",Hobart,,"West Indies,Ireland",West Indies,Ireland,West Indies,bat,Ireland,"{""wickets"": 9}",GJ Delany,6,international,male
1298146,T20,2022/23,2022-10-21,"Bellerive Oval, Hobart",Hobart,,"Scotland,Zimbabwe",Scotland,Zimbabwe,Scotland,bat,Zimbabwe,"{""wickets"": 5}",Sikandar Raza,6,international,male
1298147,T20,2022/23,2022-10-22,Sydney Cricket Ground,Sydney,,"New Zealand,Australia",New Zealand,Australia,Australia,field,New Zealand,"{""runs"": 89}",DP Conway,6,international,male
1298149,T20,2022/23,2022-10-23,"Bellerive Oval, Hobart",Hobart,,"Ireland,Sri Lanka",Ireland,Sri Lanka,Ireland,bat,Sri Lanka,"{""wickets"": 9}",BKG Mendis,6,international,male
1298150,T20,2022/23,2022-10-23,Melbourne Cricket Ground,Melbourne,,"Pakistan,India",Pakistan,India,India,field,India,"{""wickets"": 4}",V Kohli,6,international,male
1298151,T20,2022/23,2022-10-24,"Bellerive Oval, Hobart",Hobart,,"Bangladesh,Netherlands",Bangladesh,Netherlands,Netherlands,field,Bangladesh,"{""runs"": 9}",Taskin Ahmed,6,international,male
1298152,T20,2022/23,2022-10-24,"Bellerive Oval, Hobart",Hobart,,"Zimbabwe,South Africa",Zimbabwe,South Africa,Zimbabwe,bat,,null,,6,international,male
1298153,T20,2022/23,2022-10-25,Perth Stadium,Perth,,"Sri Lanka,Australia",Sri Lanka,Australia,Australia,field,Australia,"{""wickets"": 7}",MP Stoinis,6,international,male
1298154,T20,2022/23,2022-10-26,Melbourne Cricket Ground,Melbourne,,"Ireland,England",Ireland,England,England,field,Ireland,"{""runs"": 5}",A Balbirnie,6,international,male
1298156,T20,2022/23,2022-10-27,Sydney Cricket Ground,Sydney,,"South Africa,Bangladesh",South Africa,Bangladesh,South Africa,bat,South Africa,"{""runs"": 104}",RR Rossouw,6,international,male
1298157,T20,2022/23,2022-10-27,Sydney Cricket Ground,Sydney,,"India,Netherlands",India,Netherlands,India,bat,India,"{""runs"": 56}",SA Yadav,6,international,male
1298158,T20,2022/23,2022-10-27,Perth Stadium,Perth,,"Zimbabwe,Pakistan",Zimbabwe,Pakistan,Zimbabwe,bat,Zimbabwe,"{""runs"": 1}",Sikandar Raza,6,international,male
1298161,T20,2022/23,2022-10-29,Sydney Cricket Ground,Sydney,,"New Zealand,Sri Lanka",New Zealand,Sri Lanka,New Zealand,bat,New Zealand,"{""runs"": 65}",GD Phillips,6,international,male
1298162,T20,2022/23,2022-10-30,"Brisbane Cricket Ground, Woolloongabba, Brisbane",Brisbane,,"Bangladesh,Zimbabwe",Bangladesh,Zimbabwe,Bangladesh,bat,Bangladesh,"{""runs"": 3}",Taskin Ahmed,6,international,male
1298163,T20,2022/23,2022-10-30,Perth Stadium,Perth,,"Netherlands,Pakistan",Netherlands,Pakistan,Netherlands,bat,Pakistan,"{""wickets"": 6}",Shadab Khan,6,international,male
1298164,T20,2022/23,2022-10-30,Perth Stadium,Perth,,"India,South Africa",India,South Africa,India,bat,South Africa,"{""wickets"": 5}",L Ngidi,6,international,male
1298165,T20,2022/23,2022-10-31,"Brisbane Cricket Ground, Woolloongabba, Brisbane",Brisbane,,"Australia,Ireland",Australia,Ireland,Ireland,field,Australia,"{""runs"": 42}",AJ Finch,6,international,male
1298167,T20,2022/23,2022-11-01,"Brisbane Cricket Ground, Woolloongabba, Brisbane",Brisbane,,"England,New Zealand",England,New Zealand,England,bat,England,"{""runs"": 20}",JC Buttler,6,international,male
1298168,T20,2022/23,2022-11-02,Adelaide Oval,Adelaide,,"Zimbabwe,Netherlands",Zimbabwe,Netherlands,Zimbabwe,bat,Netherlands,"{""wickets"": 5}",MP O'Dowd,6,international,male
1298169,T20,2022/23,2022-11-02,Adelaide Oval,Adelaide,,"India,Bangladesh",India,Bangladesh,Bangladesh,field,India,"{""runs"": 5}",V Kohli,6,international,male
1298170,T20,2022/23,2022-11-03,Sydney Cricket Ground,Sydney,,"Pakistan,South Africa",Pakistan,South Africa,Pakistan,bat,Pakistan,"{""runs"": 33}",Shadab Khan,6,international,male
1298171,T20,2022/23,2022-11-04,Adelaide Oval,Adelaide,,"New Zealand,Ireland",New Zealand,Ireland,Ireland,field,New Zealand,"{""runs"": 35}",KS Williamson,6,international,male
1298173,T20,2022/23,2022-11-05,Sydney Cricket Ground,Sydney,,"Sri Lanka,England",Sri Lanka,England,Sri Lanka,bat,England,"{""wickets"": 4}",AU Rashid,6,international,male
1298174,T20,2022/23,2022-11-06,Adelaide Oval,Adelaide,,"Netherlands,South Africa",Netherlands,South Africa,South Africa,field,Netherlands,"{""runs"": 13}",CN Ackermann,6,international,male
1298175,T20,2022/23,2022-11-06,Adelaide Oval,Adelaide,,"Bangladesh,Pakistan",Bangladesh,Pakistan,Bangladesh,bat,Pakistan,"{""wickets"": 5}",Shaheen Shah Afridi,6,international,male
1298176,T20,2022/23,2022-11-06,Melbourne Cricket Ground,Melbourne,,"India,Zimbabwe",India,Zimbabwe,India,bat,India,"{""runs"": 71}",SA Yadav,6,international,male
1298177,T20,2022/23,2022-11-09,Sydney Cricket Ground,Sydney,,"New Zealand,Pakistan",New Zealand,Pakistan,New Zealand,bat,Pakistan,"{""wickets"": 7}",Mohammad Rizwan,6,international,male
1298178,T20,2022/23,2022-11-10,Adelaide Oval,Adelaide,,"India,England",India,England,England,field,England,"{""wickets"": 10}",AD Hales,6,international,male
1298179,T20,2022/23,2022-11-13,Melbourne Cricket Ground,Melbourne,,"Pakistan,England",Pakistan,England,England,field,England,"{""wickets"": 5}",SM Curran,6,international,male
1299566,T20,2021/22,2022-02-18,Al Amerat Cricket Ground Oman Cricket (Ministry Turf 1),Al Amarat,,"Nepal,Oman",Nepal,Oman,Oman,field,Nepal,"{""runs"": 39}",Aarif Sheikh,6,international,male
1299567,T20,2021/22,2022-02-18,Al Amerat Cricket Ground Oman Cricket (Ministry Turf 2),Al Amarat,,"Canada,Philippines",Canada,Philippines,Philippines,field,Canada,"{""runs"": 118}",M Spoors,6,international,male
1299568,T20,2021/22,2022-02-18,Al Amerat Cricket Ground Oman Cricket (Ministry Turf 1),Al Amarat,,"United Arab Emirates,Ireland",United Arab Emirates,Ireland,United Arab Emirates,bat,United Arab Emirates,"{""runs"": 18}",V Aravind,6,international,male
1299569,T20,2021/22,2022-02-18,Al Amerat Cricket Ground Oman Cricket (Ministry Turf 2),Al Amarat,,"Germany,Bahrain",Germany,Bahrain,Bahrain,field,Bahrain,"{""wickets"": 6}",Junaid Aziz,6,international,male
1299570,T20,2021/22,2022-02-19,Al Amerat Cricket Ground Oman Cricket (Ministry Turf 1),Al Amarat,,"Canada,Oman",Canada,Oman,Oman,field,Oman,"{""wickets"": 9}",Zeeshan Maqsood,6,international,male
1299571,T20,2021/22,2022-02-19,Al Amerat Cricket Ground Oman Cricket (Ministry Turf 2),Al Amarat,,"Nepal,Philippines",Nepal,Philippines,Philippines,field,Nepal,"{""runs"": 136}",K Bhurtel,6,international,male
1299572,T20,2021/22,2022-02-19,Al Amerat Cricket Ground Oman Cricket (Ministry Turf 1),Al Amarat,,"United Arab Emirates,Germany",United Arab Emirates,Germany,United Arab Emirates,bat,United Arab Emirates,"{""runs"": 24}",Chirag Suri,6,international,male
1299573,T20,2021/22,2022-02-19,Al Amerat Cricket Ground Oman Cricket (Ministry Turf 2),Al Amarat,,"Ireland,Bahrain",Ireland,Bahrain,Ireland,bat,Ireland,"{""runs"": 21}",GJ Delany,6,international,male
1299574,T20,2021/22,2022-02-21,Al Amerat Cricket Ground Oman Cricket (Ministry Turf 1),Al Amarat,,"Germany,Ireland",Germany,Ireland,Ireland,field,Ireland,"{""wickets"": 7}",J Little,6,international,male
1299575,T20,2021/22,2022-02-21,Al Amerat Cricket Ground Oman Cricket (Ministry Turf 2),Al Amarat,,"Bahrain,United Arab Emirates",Bahrain,United Arab Emirates,Bahrain,bat,Bahrain,"{""runs"": 2}",Sarfaraz Ali,6,international,male
1299576,T20,2021/22,2022-02-21,Al Amerat Cricket Ground Oman Cricket (Ministry Turf 1),Al Amarat,,"Canada,Nepal",Canada,Nepal,Canada,bat,Nepal,"{""wickets"": 8}",S Lamichhane,6,international,male
1299577,T20,2021/22,2022-02-21,Al Amerat Cricket Ground Oman Cricket (Ministry Turf 2),Al Amarat,,"Philippines,Oman",Philippines,Oman,Philippines,bat,Oman,"{""wickets"": 9}",Khawar Ali,6,international,male
1299578,T20,2021/22,2022-02-22,Al Amerat Cricket Ground Oman Cricket (Ministry Turf 1),Al Amarat,,"Germany,Canada",Germany,Canada,Canada,field,Canada,"{""wickets"": 6}",M Spoors,6,international,male
1299579,T20,2021/22,2022-02-22,Al Amerat Cricket Ground Oman Cricket (Ministry Turf 2),Al Amarat,,"Bahrain,Philippines",Bahrain,Philippines,Bahrain,bat,Bahrain,"{""runs"": 91}",P Kurup,6,international,male
1299580,T20,2021/22,2022-02-22,Al Amerat Cricket Ground Oman Cricket (Ministry Turf 1),Al Amarat,,"United Arab Emirates,Nepal",United Arab Emirates,Nepal,United Arab Emirates,bat,United Arab Emirates,"{""runs"": 68}",Ahmed Raza,6,international,male
1299581,T20,2021/22,2022-02-22,Al Amerat Cricket Ground Oman Cricket (Ministry Turf 2),Al Amarat,,"Ireland,Oman",Ireland,Oman,Oman,field,Ireland,"{""runs"": 56}",AR McBrine,6,international,male
1299582,T20,2021/22,2022-02-24,Al Amerat Cricket Ground Oman Cricket (Ministry Turf 1),Al Amarat,,"Bahrain,Canada",Bahrain,Canada,Bahrain,bat,Canada,"{""wickets"": 7}",H Thaker,6,international,male
1299583,T20,2021/22,2022-02-24,Al Amerat Cricket Ground Oman Cricket (Ministry Turf 2),Al Amarat,,"Philippines,Germany",Philippines,Germany,Germany,field,Germany,"{""wickets"": 9}",SVE Bharathi,6,international,male
1299584,T20,2021/22,2022-02-24,Al Amerat Cricket Ground Oman Cricket (Ministry Turf 2),Al Amarat,,"Oman,Nepal",Oman,Nepal,Oman,bat,Nepal,"{""wickets"": 9}",S Lamichhane,6,international,male
1299585,T20,2021/22,2022-02-24,Al Amerat Cricket Ground Oman Cricket (Ministry Turf 1),Al Amarat,,"Ireland,United Arab Emirates",Ireland,United Arab Emirates,Ireland,bat,United Arab Emirates,"{""wickets"": 7}",Waseem Muhammad,6,international,male
1299592,T20,2021/22,2022-02-13,Al Amerat Cricket Ground Oman Cricket (Ministry Turf 1),Al Amarat,,"United Arab Emirates,Ireland",United Arab Emirates,Ireland,Ireland,field,United Arab Emirates,"{""runs"": 13}",Rohan Mustafa,6,international,male
1299593,T20,2021/22,2022-02-11,Al Amerat Cricket Ground Oman Cricket (Ministry Turf 1),Al Amarat,,"Oman,Nepal",Oman,Nepal,Nepal,field,Nepal,"{""wickets"": 6}",DS Airee,6,international,male
1299594,T20,2021/22,2022-02-12,Al Amerat Cricket Ground Oman Cricket (Ministry Turf 1),Al Amarat,,"Oman,Ireland",Oman,Ireland,Ireland,field,Ireland,"{""wickets"": 9}",A Balbirnie,6,international,male
1299595,T20,2021/22,2022-02-14,Al Amerat Cricket Ground Oman Cricket (Ministry Turf 1),Al Amarat,,"United Arab Emirates,Oman",United Arab Emirates,Oman,Oman,field,Oman,"{""wickets"": 7}",Aamir Kaleem,6,international,male
1299596,T20,2021/22,2022-02-14,Al Amerat Cricket Ground Oman Cricket (Ministry Turf 1),Al Amarat,,"Ireland,Nepal",Ireland,Nepal,Nepal,field,Ireland,"{""runs"": 16}",DS Airee,6,international,male
1299638,T20,2021/22,2022-02-12,Al Amerat Cricket Ground Oman Cricket (Ministry Turf 1),Al Amarat,,"United Arab Emirates,Nepal",United Arab Emirates,Nepal,Nepal,field,United Arab Emirates,"{""runs"": 25}",Chirag Suri,6,international,male
1303307,T20,2022,2022-06-26,"The Village, Malahide, Dublin",Dublin,,"Ireland,India",Ireland,India,India,field,India,"{""wickets"": 7}",YS Chahal,6,international,male
1303308,T20,2022,2022-06-28,"The Village, Malahide, Dublin",Dublin,,"India,Ireland",India,Ireland,India,bat,India,"{""runs"": 4}",DJ Hooda,6,international,male
1303312,T20,2022,2022-07-18,"Civil Service Cricket Club, Stormont, Belfast",Belfast,,"New Zealand,Ireland",New Zealand,Ireland,Ireland,field,New Zealand,"{""runs"": 31}",GD Phillips,6,international,male
1303313,T20,2022,2022-07-20,"Civil Service Cricket Club, Stormont, Belfast",Belfast,,"New Zealand,Ireland",New Zealand,Ireland,Ireland,field,New Zealand,"{""runs"": 88}",D Cleaver,6,international,male
1303314,T20,2022,2022-07-22,"Civil Service Cricket Club, Stormont, Belfast",Belfast,,"Ireland,New Zealand",Ireland,New Zealand,Ireland,bat,New Zealand,"{""wickets"": 6}",GD Phillips,6,international,male
1303315,T20,2022,2022-08-03,"County Ground, Bristol",Bristol,,"South Africa,Ireland",South Africa,Ireland,South Africa,bat,South Africa,"{""runs"": 21}",RR Hendricks,6,international,male
1303316,T20,2022,2022-08-05,"County Ground, Bristol",Bristol,,"South Africa,Ireland",South Africa,Ireland,Ireland,field,South Africa,"{""runs"": 44}",WD Parnell,6,international,male
1305498,T20,2021/22,2022-03-28,"Tribhuvan University International Cricket Ground, Kirtipur",Kirtipur,,"Nepal,Papua New Guinea",Nepal,Papua New Guinea,Papua New Guinea,field,Nepal,"{""runs"": 15}",S Lamichhane,6,international,male
1305499,T20,2021/22,2022-03-29,"Tribhuvan University International Cricket Ground, Kirtipur",Kirtipur,,"Malaysia,Papua New Guinea",Malaysia,Papua New Guinea,Malaysia,bat,Malaysia,"{""runs"": 8}",S Muniandy,6,international,male
1305500,T20,2021/22,2022-03-30,"Tribhuvan University International Cricket Ground, Kirtipur",Kirtipur,,"Malaysia,Nepal",Malaysia,Nepal,Malaysia,bat,Nepal,"{""wickets"": 6}",Aasif Sheikh,6,international,male
1305501,T20,2021/22,2022-03-31,"Tribhuvan University International Cricket Ground, Kirtipur",Kirtipur,,"Nepal,Papua New Guinea",Nepal,Papua New Guinea,Papua New Guinea,field,Nepal,"{""runs"": 37}",Karan KC,6,international,male
1305502,T20,2021/22,2022-04-01,"Tribhuvan University International Cricket Ground, Kirtipur",Kirtipur,,"Malaysia,Papua New Guinea",Malaysia,Papua New Guinea,Papua New Guinea,field,Papua New Guinea,"{""wickets"": 8}",TP Ura,6,international,male
1305503,T20,2021/22,2022-04-02,"Tribhuvan University International Cricket Ground, Kirtipur",Kirtipur,,"Nepal,Malaysia",Nepal,Malaysia,Malaysia,field,Nepal,"{""runs"": 85}",DS Airee,6,international,male
1305504,T20,2021/22,2022-04-04,"Tribhuvan University International Cricket Ground, Kirtipur",Kirtipur,,"Nepal,Papua New Guinea",Nepal,Papua New Guinea,Papua New Guinea,field,Nepal,"{""runs"": 50}",DS Airee,6,international,male
1307293,T20,2022,2022-06-07,"R Premadasa Stadium, Colombo",Colombo,,"Sri Lanka,Australia",Sri Lanka,Australia,Australia,field,Australia,"{""wickets"": 10}",JR Hazlewood,6,international,male
1307294,T20,2022,2022-06-08,"R Premadasa Stadium, Colombo",Colombo,,"Sri Lanka,Australia",Sri Lanka,Australia,Australia,field,Australia,"{""wickets"": 3}",MS Wade,6,international,male
1307295,T20,2022,2022-06-11,Pallekele International Cricket Stadium,Kandy,,"Australia,Sri Lanka",Australia,Sri Lanka,Australia,bat,Sri Lanka,"{""wickets"": 4}",MD Shanaka,6,international,male
1307477,T20,2022,2022-07-27,"Grange Cricket Club Ground, Raeburn Place, Edinburgh",Edinburgh,,"New Zealand,Scotland",New Zealand,Scotland,Scotland,field,New Zealand,"{""runs"": 68}",FH Allen,6,international,male
1307478,T20,2022,2022-07-29,"Grange Cricket Club Ground, Raeburn Place, Edinburgh",Edinburgh,,"New Zealand,Scotland",New Zealand,Scotland,New Zealand,bat,New Zealand,"{""runs"": 102}",MS Chapman,6,international,male
1309701,T20,2022,2022-04-08,"United Cricket Club Ground, Windhoek",Windhoek,,"Uganda,Namibia",Uganda,Namibia,Namibia,field,Namibia,"{""wickets"": 8}",SJ Baard,6,international,male
1309702,T20,2022,2022-04-09,"United Cricket Club Ground, Windhoek",Windhoek,,"Namibia,Uganda",Namibia,Uganda,Uganda,field,Uganda,"{""wickets"": 7}",DM Nakrani,6,international,male
1309703,T20,2022,2022-04-10,"United Cricket Club Ground, Windhoek",Windhoek,,"Namibia,Uganda",Namibia,Uganda,Uganda,field,Namibia,"{""runs"": 52}",JJ Smit,6,international,male
1310161,T20,2022,2022-04-29,"Desert Springs Cricket Ground, Almeria",Almeria,,"Norway,Guernsey",Norway,Guernsey,Norway,bat,Norway,"{""runs"": 37}",,6,international,male
1310162,T20,2022,2022-04-30,"Desert Springs Cricket Ground, Almeria",Almeria,,"Spain,Norway",Spain,Norway,Spain,bat,Spain,"{""runs"": 51}",Yasir Ali,6,international,male
1310163,T20,2022,2022-04-30,"Desert Springs Cricket Ground, Almeria",Almeria,,"Norway,Guernsey",Norway,Guernsey,Norway,bat,Guernsey,"{""wickets"": 8}",T Nightingale,6,international,male
1310164,T20,2022,2022-04-30,"Desert Springs Cricket Ground, Almeria",Almeria,,"Guernsey,Spain",Guernsey,Spain,Guernsey,bat,Spain,"{""wickets"": 8}",LA Burns,6,international,male
1310165,T20,2022,2022-05-01,"Desert Springs Cricket Ground, Almeria",Almeria,,"Spain,Guernsey",Spain,Guernsey,Spain,bat,Guernsey,"{""wickets"": 8}",MWR Stokes,6,international,male
1310166,T20,2022,2022-05-01,"Desert Springs Cricket Ground, Almeria",Almeria,,"Spain,Norway",Spain,Norway,Spain,bat,Spain,"{""runs"": 41}",D Doyle-Calle,6,international,male
1310167,T20,2022,2022-05-07,"Svanholm Park, Brondby",Brondby,,"Denmark,Finland",Denmark,Finland,Finland,field,Finland,"{""wickets"": 3}",Rizwan Mahmood,6,international,male
1310168,T20,2022,2022-05-07,"Svanholm Park, Brondby",Brondby,,"Denmark,Finland",Denmark,Finland,Finland,field,Denmark,"{""runs"": 138}",T Bharaj,6,international,male
1310169,T20,2022,2022-05-08,"Svanholm Park, Brondby",Brondby,,"Denmark,Finland",Denmark,Finland,Denmark,bat,Denmark,"{""runs"": 55}",HAM Shah,6,international,male
1310170,T20,2022,2022-05-10,Marsa Sports Club,Marsa,,"Gibraltar,Malta",Gibraltar,Malta,Malta,field,Malta,"{""wickets"": 5}",B George,6,international,male
1310171,T20,2022,2022-05-10,Marsa Sports Club,Marsa,,"Malta,Hungary",Malta,Hungary,Hungary,field,Malta,"{""runs"": 45}",B Arora,6,international,male
1310172,T20,2022,2022-05-10,Marsa Sports Club,Marsa,,"Gibraltar,Hungary",Gibraltar,Hungary,Hungary,field,Hungary,"{""wickets"": 4}",HV Mandhyan,6,international,male
1310173,T20,2022,2022-05-11,Marsa Sports Club,Marsa,,"Romania,Malta",Romania,Malta,Malta,field,Malta,"{""wickets"": 5}",B George,6,international,male
1310174,T20,2022,2022-05-11,Marsa Sports Club,Marsa,,"Czech Republic,Gibraltar",Czech Republic,Gibraltar,Czech Republic,bat,Czech Republic,"{""runs"": 40}",S Davizi,6,international,male
1310175,T20,2022,2022-05-11,Marsa Sports Club,Marsa,,"Hungary,Bulgaria",Hungary,Bulgaria,Bulgaria,field,Hungary,"{""runs"": 5}",A Kheterpal,6,international,male
1310176,T20,2022,2022-05-12,Marsa Sports Club,Marsa,,"Malta,Czech Republic",Malta,Czech Republic,Czech Republic,field,Malta,"{""runs"": 2}",B George,6,international,male
1310177,T20,2022,2022-05-12,Marsa Sports Club,Marsa,,"Czech Republic,Bulgaria",Czech Republic,Bulgaria,Czech Republic,bat,Czech Republic,"{""runs"": 88}",S Davizi,6,international,male
1310178,T20,2022,2022-05-12,Marsa Sports Club,Marsa,,"Romania,Hungary",Romania,Hungary,Romania,bat,Hungary,"{""wickets"": 6}",Zahir Mohammed,6,international,male
1310179,T20,2022,2022-05-13,Marsa Sports Club,Marsa,,"Gibraltar,Bulgaria",Gibraltar,Bulgaria,Gibraltar,bat,Gibraltar,"{""runs"": 21}",L Bruce,6,international,male
1310180,T20,2022,2022-05-13,Marsa Sports Club,Marsa,,"Romania,Czech Republic",Romania,Czech Republic,Romania,bat,Romania,"{""runs"": 26}",Taranjeet Singh,6,international,male
1310181,T20,2022,2022-05-13,Marsa Sports Club,Marsa,,"Bulgaria,Romania",Bulgaria,Romania,Bulgaria,bat,Romania,"{""wickets"": 8}",R Satheesan,6,international,male
1310182,T20,2022,2022-05-14,Marsa Sports Club,Marsa,,"Hungary,Czech Republic",Hungary,Czech Republic,Hungary,bat,Czech Republic,"{""wickets"": 7}",A Ashokan,6,international,male
1310183,T20,2022,2022-05-14,Marsa Sports Club,Marsa,,"Gibraltar,Romania",Gibraltar,Romania,Gibraltar,bat,Romania,"{""wickets"": 8}",R Satheesan,6,international,male
1310184,T20,2022,2022-05-14,Marsa Sports Club,Marsa,,"Bulgaria,Malta",Bulgaria,Malta,Bulgaria,bat,Malta,"{""wickets"": 6}",Saim Hussain,6,international,male
1310185,T20,2022,2022-05-15,Marsa Sports Club,Marsa,,"Gibraltar,Bulgaria",Gibraltar,Bulgaria,Gibraltar,bat,Bulgaria,"{""wickets"": 5}",KC D'Souza,6,international,male
1310186,T20,2022,2022-05-15,Marsa Sports Club,Marsa,,"Czech Republic,Hungary",Czech Republic,Hungary,Hungary,field,Czech Republic,"{""runs"": 70}",Dylan Steyn,6,international,male
1310187,T20,2022,2022-05-15,Marsa Sports Club,Marsa,,"Romania,Malta",Romania,Malta,Romania,bat,Romania,"{""runs"": 9}",Taranjeet Singh,6,international,male
1310188,T20,2022,2022-05-20,"College Field, St Peter Port",St Peter Port,,"Jersey,Guernsey",Jersey,Guernsey,Guernsey,field,Jersey,"{""runs"": 37}",H Carlyon,6,international,male
1310901,T20,2022,2022-08-04,"Sportpark Westvliet, The Hague",The Hague,,"New Zealand,Netherlands",New Zealand,Netherlands,New Zealand,bat,New Zealand,"{""runs"": 16}",,6,international,male
1310902,T20,2022,2022-08-05,"Sportpark Westvliet, The Hague",The Hague,,"Netherlands,New Zealand",Netherlands,New Zealand,Netherlands,bat,New Zealand,"{""wickets"": 8}",,6,international,male
1310938,T20,2022,2022-05-17,"Queens Sports Club, Bulawayo",Bulawayo,,"Zimbabwe,Namibia",Zimbabwe,Namibia,Zimbabwe,bat,Zimbabwe,"{""runs"": 7}",CR Ervine,6,international,male
1310939,T20,2022,2022-05-19,"Queens Sports Club, Bulawayo",Bulawayo,,"Zimbabwe,Namibia",Zimbabwe,Namibia,Zimbabwe,bat,Namibia,"{""wickets"": 8}",CG Williams,6,international,male
1310940,T20,2022,2022-05-21,"Queens Sports Club, Bulawayo",Bulawayo,,"Namibia,Zimbabwe",Namibia,Zimbabwe,Namibia,bat,Zimbabwe,"{""wickets"": 8}",,6,international,male
1310941,T20,2022,2022-05-22,"Queens Sports Club, Bulawayo",Bulawayo,,"Zimbabwe,Namibia",Zimbabwe,Namibia,Namibia,field,Namibia,"{""wickets"": 6}",MG Erasmus,6,international,male
1310942,T20,2022,2022-05-24,"Queens Sports Club, Bulawayo",Bulawayo,,"Namibia,Zimbabwe",Namibia,Zimbabwe,Zimbabwe,field,Namibia,"{""runs"": 32}",CG Williams,6,international,male
1317136,T20,2022,2022-06-24,"National Sports Academy, Sofia",Sofia,,"Serbia,Bulgaria",Serbia,Bulgaria,Bulgaria,field,Bulgaria,"{""wickets"": 6}",KC D'Souza,6,international,male
1317137,T20,2022,2022-06-25,"National Sports Academy, Sofia",Sofia,,"Serbia,Bulgaria",Serbia,Bulgaria,Serbia,bat,Bulgaria,"{""wickets"": 5}",IA De Silva,6,international,male
1317138,T20,2022,2022-06-25,"National Sports Academy, Sofia",Sofia,,"Serbia,Bulgaria",Serbia,Bulgaria,Serbia,bat,Bulgaria,"{""runs"": 40}",Saim Hussain,6,international,male
1317139,T20,2022,2022-06-26,"National Sports Academy, Sofia",Sofia,,"Serbia,Bulgaria",Serbia,Bulgaria,Bulgaria,field,Bulgaria,"{""wickets"": 6}",H Lakov,6,international,male
1317149,T20,2022,2022-07-02,"Windsor Park, Roseau, Dominica",Roseau,,"Bangladesh,West Indies",Bangladesh,West Indies,West Indies,field,,null,,6,international,male
1317150,T20,2022,2022-07-03,"Windsor Park, Roseau, Dominica",Roseau,,"West Indies,Bangladesh",West Indies,Bangladesh,West Indies,bat,West Indies,"{""runs"": 35}",R Powell,6,international,male
1317151,T20,2022,2022-07-07,"Providence Stadium, Guyana",Providence,,"Bangladesh,West Indies",Bangladesh,West Indies,Bangladesh,bat,West Indies,"{""wickets"": 5}",N Pooran,6,international,male
1317482,T20,2022/23,2022-10-05,Carrara Oval,Carrara,,"West Indies,Australia",West Indies,Australia,Australia,field,Australia,"{""wickets"": 3}",AJ Finch,6,international,male
1317483,T20,2022/23,2022-10-07,"Brisbane Cricket Ground, Woolloongabba, Brisbane",Brisbane,,"Australia,West Indies",Australia,West Indies,West Indies,field,Australia,"{""runs"": 31}",DA Warner,6,international,male
1317486,T20,2022/23,2022-10-09,Perth Stadium,Perth,,"England,Australia",England,Australia,Australia,field,England,"{""runs"": 8}",AD Hales,6,international,male
1317487,T20,2022/23,2022-10-12,"Manuka Oval, Canberra",Canberra,,"England,Australia",England,Australia,Australia,field,England,"{""runs"": 8}",DJ Malan,6,international,male
1317488,T20,2022/23,2022-10-14,"Manuka Oval, Canberra",Canberra,,"England,Australia",England,Australia,Australia,field,,null,,6,international,male
1317903,T20,2022,2022-07-29,"Brian Lara Stadium, Tarouba, Trinidad",Tarouba,,"India,West Indies",India,West Indies,West Indies,field,India,"{""runs"": 68}",KD Karthik,6,international,male
1317904,T20,2022,2022-08-01,"Warner Park, Basseterre, St Kitts",Basseterre,,"India,West Indies",India,West Indies,West Indies,field,West Indies,"{""wickets"": 5}",OC McCoy,6,international,male
1317905,T20,2022,2022-08-02,"Warner Park, Basseterre, St Kitts",Basseterre,,"West Indies,India",West Indies,India,India,field,India,"{""wickets"": 7}",SA Yadav,6,international,male
1317906,T20,2022,2022-08-06,"Central Broward Regional Park Stadium Turf Ground, Lauderhill",Lauderhill,,"India,West Indies",India,West Indies,West Indies,field,India,"{""runs"": 59}",Avesh Khan,6,international,male
1317907,T20,2022,2022-08-07,"Central Broward Regional Park Stadium Turf Ground, Lauderhill",Lauderhill,,"India,West Indies",India,West Indies,India,bat,India,"{""runs"": 88}",AR Patel,6,international,male
1317908,T20,2022,2022-08-10,"Sabina Park, Kingston, Jamaica",Kingston,,"New Zealand,West Indies",New Zealand,West Indies,West Indies,field,New Zealand,"{""runs"": 13}",MJ Santner,6,international,male
1317909,T20,2022,2022-08-12,"Sabina Park, Kingston, Jamaica",Kingston,,"New Zealand,West Indies",New Zealand,West Indies,New Zealand,bat,New Zealand,"{""runs"": 90}",GD Phillips,6,international,male
1317910,T20,2022,2022-08-14,"Sabina Park, Kingston, Jamaica",Kingston,,"New Zealand,West Indies",New Zealand,West Indies,New Zealand,bat,West Indies,"{""wickets"": 8}",BA King,6,international,male
1318357,T20,2022,2022-06-09,Bayer Uerdingen Cricket Ground,Krefeld,,"Germany,Austria",Germany,Austria,Austria,field,Germany,"{""runs"": 54}",DA Blignaut,6,international,male
1318358,T20,2022,2022-06-09,Bayer Uerdingen Cricket Ground,Krefeld,,"Sweden,Germany",Sweden,Germany,Germany,field,Germany,"{""wickets"": 4}",V Ganesan,6,international,male
1318359,T20,2022,2022-06-10,Bayer Uerdingen Cricket Ground,Krefeld,,"Austria,Germany",Austria,Germany,Austria,bat,Austria,"{""runs"": 38}",Aqib Iqbal,6,international,male
1318360,T20,2022,2022-06-10,Bayer Uerdingen Cricket Ground,Krefeld,,"Austria,Sweden",Austria,Sweden,Sweden,field,Austria,"{""runs"": 3}",Abdullah Akbarjan,6,international,male
1318361,T20,2022,2022-06-11,Bayer Uerdingen Cricket Ground,Krefeld,,"Austria,Sweden",Austria,Sweden,Sweden,field,Austria,"{""runs"": 1}",Iqbal Hossain,6,international,male
1318362,T20,2022,2022-06-11,Bayer Uerdingen Cricket Ground,Krefeld,,"Germany,Sweden",Germany,Sweden,Germany,bat,Germany,"{""runs"": 29}",Talha Khan,6,international,male
1320969,T20,2022,2022-06-28,"Meersen, Gent",Ghent,,"Gibraltar,Belgium",Gibraltar,Belgium,Belgium,field,Belgium,"{""wickets"": 7}",Aziz Mohammad,6,international,male
1320973,T20,2022,2022-06-29,"Meersen, Gent",Ghent,,"Portugal,Malta",Portugal,Malta,Portugal,bat,Portugal,"{""runs"": 11}",VP Thamotharam,6,international,male
1320974,T20,2022,2022-06-29,"Royal Brussels Cricket Club Ground, Waterloo",Waterloo,,"Denmark,Gibraltar",Denmark,Gibraltar,Denmark,bat,Denmark,"{""runs"": 132}",ND Laegsgaard,6,international,male
1320975,T20,2022,2022-06-29,"Meersen, Gent",Ghent,,"Israel,Spain",Israel,Spain,Israel,bat,Spain,"{""wickets"": 7}",Hamza Dar,6,international,male
1320976,T20,2022,2022-06-29,"Royal Brussels Cricket Club Ground, Waterloo",Waterloo,,"Hungary,Belgium",Hungary,Belgium,Hungary,bat,Belgium,"{""wickets"": 2}",Murid Ekrami,6,international,male
1320977,T20,2022,2022-07-01,"Meersen, Gent",Ghent,,"Portugal,Spain",Portugal,Spain,Portugal,bat,Spain,"{""wickets"": 8}",Yasir Ali,6,international,male
1320978,T20,2022,2022-07-01,"Royal Brussels Cricket Club Ground, Waterloo",Waterloo,,"Hungary,Gibraltar",Hungary,Gibraltar,Gibraltar,field,Gibraltar,"{""wickets"": 4}",IDM Latin,6,international,male
1320979,T20,2022,2022-07-01,"Meersen, Gent",Ghent,,"Malta,Israel",Malta,Israel,Israel,field,Malta,"{""runs"": 16}",HS Gericke,6,international,male
1320980,T20,2022,2022-07-01,"Royal Brussels Cricket Club Ground, Waterloo",Waterloo,,"Belgium,Denmark",Belgium,Denmark,Denmark,field,Belgium,"{""runs"": 12}",,6,international,male
1320982,T20,2022,2022-07-02,"Royal Brussels Cricket Club Ground, Waterloo",Waterloo,,"Belgium,Portugal",Belgium,Portugal,Belgium,bat,Portugal,"{""wickets"": 8}",SP Gomes,6,international,male
1320984,T20,2022,2022-07-02,"Royal Brussels Cricket Club Ground, Waterloo",Waterloo,,"Denmark,Spain",Denmark,Spain,Spain,field,Denmark,"{""runs"": 41}",HAM Shah,6,international,male
1320985,T20,2022,2022-07-03,"Royal Brussels Cricket Club Ground, Waterloo",Waterloo,,"Israel,Hungary",Israel,Hungary,Hungary,field,Israel,"{""runs"": 12}",,6,international,male
1320986,T20,2022,2022-07-04,"Royal Brussels Cricket Club Ground, Waterloo",Waterloo,,"Spain,Belgium",Spain,Belgium,Spain,bat,Belgium,"{""wickets"": 5}",Shaheryar Butt,6,international,male
1320987,T20,2022,2022-07-03,"Royal Brussels Cricket Club Ground, Waterloo",Waterloo,,"Gibraltar,Malta",Gibraltar,Malta,Gibraltar,bat,Malta,"{""wickets"": 7}",B George,6,international,male
1320988,T20,2022,2022-07-04,"Royal Brussels Cricket Club Ground, Waterloo",Waterloo,,"Portugal,Denmark",Portugal,Denmark,Portugal,bat,Denmark,"{""wickets"": 9}",T Bharaj,6,international,male
1321258,T20,2022,2022-07-12,Kerava National Cricket Ground,Kerava,,"Cyprus,Isle of Man",Cyprus,Isle of Man,Isle of Man,field,Isle of Man,"{""wickets"": 8}",G Burrows,6,international,male
1321259,T20,2022,2022-07-12,Tikkurila Cricket Ground,Vantaa,,"Finland,Sweden",Finland,Sweden,Sweden,field,Finland,"{""runs"": 12}",Raaz Mohammad,6,international,male
1321260,T20,2022,2022-07-12,Kerava National Cricket Ground,Kerava,,"Romania,Turkey",Romania,Turkey,Turkey,field,Romania,"{""runs"": 51}",V Saini,6,international,male
1321261,T20,2022,2022-07-13,Tikkurila Cricket Ground,Vantaa,,"Cyprus,Romania",Cyprus,Romania,Romania,field,Cyprus,"{""runs"": 20}",Muhammad Shoaib Ahmed,6,international,male
1321262,T20,2022,2022-07-13,Kerava National Cricket Ground,Kerava,,"Croatia,Sweden",Croatia,Sweden,Sweden,field,Sweden,"{""wickets"": 8}",Zaker Taqawi,6,international,male
1321263,T20,2022,2022-07-13,Tikkurila Cricket Ground,Vantaa,,"Isle of Man,Serbia",Isle of Man,Serbia,Serbia,field,Isle of Man,"{""runs"": 68}",G Burrows,6,international,male
1321264,T20,2022,2022-07-13,Kerava National Cricket Ground,Kerava,,"Finland,Italy",Finland,Italy,Italy,field,Italy,"{""wickets"": 5}",,6,international,male
1321265,T20,2022,2022-07-15,Tikkurila Cricket Ground,Vantaa,,"Italy,Sweden",Italy,Sweden,Sweden,field,Italy,"{""runs"": 91}",M Campopiano,6,international,male
1321266,T20,2022,2022-07-15,Kerava National Cricket Ground,Kerava,,"Turkey,Serbia",Turkey,Serbia,Serbia,field,Serbia,"{""wickets"": 7}",NR Johns-Wickberg,6,international,male
1321267,T20,2022,2022-07-15,Tikkurila Cricket Ground,Vantaa,,"Croatia,Greece",Croatia,Greece,Greece,field,Croatia,"{""runs"": 3}",DJ Turkich,6,international,male
1321268,T20,2022,2022-07-15,Kerava National Cricket Ground,Kerava,,"Romania,Isle of Man",Romania,Isle of Man,Isle of Man,field,Isle of Man,"{""wickets"": 8}",,6,international,male
1321269,T20,2022,2022-07-16,Tikkurila Cricket Ground,Vantaa,,"Romania,Serbia",Romania,Serbia,Romania,bat,Romania,"{""runs"": 31}",Taranjeet Singh,6,international,male
1321270,T20,2022,2022-07-16,Kerava National Cricket Ground,Kerava,,"Finland,Greece",Finland,Greece,Greece,field,Finland,"{""runs"": 37}",PF Gallagher,6,international,male
1321271,T20,2022,2022-07-16,Tikkurila Cricket Ground,Vantaa,,"Cyprus,Turkey",Cyprus,Turkey,Cyprus,bat,Cyprus,"{""runs"": 135}",,6,international,male
1321272,T20,2022,2022-07-16,Kerava National Cricket Ground,Kerava,,"Italy,Croatia",Italy,Croatia,Italy,bat,Italy,"{""runs"": 166}",,6,international,male
1321273,T20,2022,2022-07-18,Tikkurila Cricket Ground,Vantaa,,"Sweden,Greece",Sweden,Greece,Greece,field,Sweden,"{""runs"": 107}",Hamid Mahmood,6,international,male
1321274,T20,2022,2022-07-18,Kerava National Cricket Ground,Kerava,,"Cyprus,Serbia",Cyprus,Serbia,Cyprus,bat,Serbia,"{""wickets"": 4}",A Dizija,6,international,male
1321275,T20,2022,2022-07-18,Tikkurila Cricket Ground,Vantaa,,"Croatia,Finland",Croatia,Finland,Croatia,bat,Finland,"{""wickets"": 5}",DJ Turkich,6,international,male
1321276,T20,2022,2022-07-18,Kerava National Cricket Ground,Kerava,,"Isle of Man,Turkey",Isle of Man,Turkey,Isle of Man,bat,Isle of Man,"{""runs"": 74}",G Burrows,6,international,male
1321277,T20,2022,2022-07-19,Tikkurila Cricket Ground,Vantaa,,"Serbia,Croatia",Serbia,Croatia,Serbia,bat,Croatia,"{""wickets"": 3}",N Davidovic,6,international,male
1321278,T20,2022,2022-07-19,Kerava National Cricket Ground,Kerava,,"Finland,Cyprus",Finland,Cyprus,Finland,bat,Finland,"{""runs"": 11}",Atif Rasheed,6,international,male
1321279,T20,2022,2022-07-19,Tikkurila Cricket Ground,Vantaa,,"Romania,Sweden",Romania,Sweden,Romania,bat,Sweden,"{""wickets"": 8}",Hamid Mahmood,6,international,male
1321280,T20,2022,2022-07-19,Kerava National Cricket Ground,Kerava,,"Isle of Man,Italy",Isle of Man,Italy,Italy,field,Italy,"{""wickets"": 7}",M Campopiano,6,international,male
1321281,T20,2022,2022-07-24,Tikkurila Cricket Ground,Vantaa,,"Austria,Luxembourg",Austria,Luxembourg,Luxembourg,field,Austria,"{""runs"": 36}",Sahel Zadran,6,international,male
1321282,T20,2022,2022-07-24,Kerava National Cricket Ground,Kerava,,"Estonia,Norway",Estonia,Norway,Estonia,bat,Norway,"{""wickets"": 10}",Raza Iqbal,6,international,male
1321283,T20,2022,2022-07-24,Tikkurila Cricket Ground,Vantaa,,"Guernsey,Bulgaria",Guernsey,Bulgaria,Bulgaria,field,Guernsey,"{""runs"": 52}",T Nightingale,6,international,male
1321284,T20,2022,2022-07-24,Kerava National Cricket Ground,Kerava,,"France,Czech Republic",France,Czech Republic,Czech Republic,field,France,"{""runs"": 51}",G Mckeon,6,international,male
1321286,T20,2022,2022-07-25,Kerava National Cricket Ground,Kerava,,"Austria,Slovenia",Austria,Slovenia,Slovenia,field,Austria,"{""runs"": 141}",Mirza Ahsan,6,international,male
1321287,T20,2022,2022-07-25,Tikkurila Cricket Ground,Vantaa,,"France,Switzerland",France,Switzerland,France,bat,Switzerland,"{""wickets"": 1}",,6,international,male
1321288,T20,2022,2022-07-25,Kerava National Cricket Ground,Kerava,,"Guernsey,Luxembourg",Guernsey,Luxembourg,Luxembourg,field,Guernsey,"{""runs"": 17}",SKS Gill,6,international,male
1321289,T20,2022,2022-07-27,Tikkurila Cricket Ground,Vantaa,,"Guernsey,Austria",Guernsey,Austria,Guernsey,bat,Austria,"{""wickets"": 2}",Razmal Shigiwal,6,international,male
1321290,T20,2022,2022-07-27,Kerava National Cricket Ground,Kerava,,"Switzerland,Estonia",Switzerland,Estonia,Switzerland,bat,Switzerland,"{""runs"": 31}",Faheem Nazir,6,international,male
1321291,T20,2022,2022-07-27,Tikkurila Cricket Ground,Vantaa,,"Slovenia,Bulgaria",Slovenia,Bulgaria,Bulgaria,field,Bulgaria,"{""wickets"": 3}",IA De Silva,6,international,male
1321292,T20,2022,2022-07-27,Kerava National Cricket Ground,Kerava,,"France,Norway",France,Norway,France,bat,France,"{""runs"": 11}",G Mckeon,6,international,male
1321293,T20,2022,2022-07-28,Tikkurila Cricket Ground,Vantaa,,"Norway,Switzerland",Norway,Switzerland,Norway,bat,Norway,"{""runs"": 12}",Ali Saleem,6,international,male
1321294,T20,2022,2022-07-28,Kerava National Cricket Ground,Kerava,,"Luxembourg,Bulgaria",Luxembourg,Bulgaria,Luxembourg,bat,Luxembourg,"{""runs"": 21}",SKS Gill,6,international,male
1321295,T20,2022,2022-07-28,Tikkurila Cricket Ground,Vantaa,,"Czech Republic,Estonia",Czech Republic,Estonia,Czech Republic,bat,Czech Republic,"{""runs"": 42}",S Wickramasekara,6,international,male
1321296,T20,2022,2022-07-28,Kerava National Cricket Ground,Kerava,,"Slovenia,Guernsey",Slovenia,Guernsey,Guernsey,field,Guernsey,"{""wickets"": 9}",MWR Stokes,6,international,male
1321298,T20,2022,2022-07-30,Kerava National Cricket Ground,Kerava,,"Switzerland,Czech Republic",Switzerland,Czech Republic,Switzerland,bat,Czech Republic,"{""wickets"": 7}",Faheem Nazir,6,international,male
1321299,T20,2022,2022-07-30,Tikkurila Cricket Ground,Vantaa,,"Luxembourg,Slovenia",Luxembourg,Slovenia,Luxembourg,bat,Luxembourg,"{""runs"": 5}",Muhammad Siddiqui,6,international,male
1321301,T20,2022,2022-07-31,Tikkurila Cricket Ground,Vantaa,,"Bulgaria,Czech Republic",Bulgaria,Czech Republic,Bulgaria,bat,Czech Republic,"{""wickets"": 4}",S Wickramasekara,6,international,male
1321302,T20,2022,2022-07-31,Kerava National Cricket Ground,Kerava,,"Guernsey,France",Guernsey,France,Guernsey,bat,Guernsey,"{""runs"": 56}",LT Bichard,6,international,male
1321303,T20,2022,2022-07-31,Tikkurila Cricket Ground,Vantaa,,"Luxembourg,Switzerland",Luxembourg,Switzerland,Luxembourg,bat,Luxembourg,"{""runs"": 7}",Jai Sinh,6,international,male
1321304,T20,2022,2022-07-31,Kerava National Cricket Ground,Kerava,,"Norway,Austria",Norway,Austria,Norway,bat,Austria,"{""wickets"": 9}",Iqbal Hossain,6,international,male
1321305,T20,2022,2022-07-08,"Scott Page Field, Vinor",Prague,,"Luxembourg,Austria",Luxembourg,Austria,Austria,field,Austria,"{""wickets"": 5}",Razmal Shigiwal,6,international,male
1321306,T20,2022,2022-07-08,"Scott Page Field, Vinor",Prague,,"Luxembourg,Czech Republic",Luxembourg,Czech Republic,Luxembourg,bat,Czech Republic,"{""wickets"": 5}",Sazib Bhuiyan,6,international,male
1321307,T20,2022,2022-07-09,"Scott Page Field, Vinor",Prague,,"Czech Republic,Austria",Czech Republic,Austria,Austria,field,Austria,"{""wickets"": 4}",Shahil Momin,6,international,male
1321308,T20,2022,2022-07-09,"Scott Page Field, Vinor",Prague,,"Austria,Luxembourg",Austria,Luxembourg,Luxembourg,field,Austria,"{""runs"": 35}",Razmal Shigiwal,6,international,male
1321309,T20,2022,2022-07-10,"Scott Page Field, Vinor",Prague,,"Czech Republic,Luxembourg",Czech Republic,Luxembourg,Czech Republic,bat,Czech Republic,"{""runs"": 36}",S Wickramasekara,6,international,male
1321310,T20,2022,2022-07-10,"Scott Page Field, Vinor",Prague,,"Austria,Czech Republic",Austria,Czech Republic,Czech Republic,field,Czech Republic,"{""wickets"": 6}",A Ashokan,6,international,male
1321311,T20,2022,2022-06-28,"Indian Association Ground, Singapore",Singapore,,"Malaysia,Singapore",Malaysia,Singapore,Singapore,field,Singapore,"{""wickets"": 4}",U Aryaman Sunil,6,international,male
1321312,T20,2022,2022-06-29,"Indian Association Ground, Singapore",Singapore,,"Malaysia,Singapore",Malaysia,Singapore,Malaysia,bat,Malaysia,"{""runs"": 23}",M Syahadat Ramli,6,international,male
1321313,T20,2022,2022-06-30,"Indian Association Ground, Singapore",Singapore,,"Singapore,Malaysia",Singapore,Malaysia,Singapore,bat,Malaysia,"{""wickets"": 5}",S Muniandy,6,international,male
1321465,T20,2022,2022-07-11,"Queens Sports Club, Bulawayo",Bulawayo,,"Zimbabwe,Singapore",Zimbabwe,Singapore,Singapore,field,Zimbabwe,"{""runs"": 111}",Sikandar Raza,6,international,male
1321466,T20,2022,2022-07-11,Bulawayo Athletic Club,Bulawayo,,"Jersey,United States of America",Jersey,United States of America,United States of America,field,United States of America,"{""wickets"": 8}",SR Taylor,6,international,male
1321467,T20,2022,2022-07-11,"Queens Sports Club, Bulawayo",Bulawayo,,"Netherlands,Papua New Guinea",Netherlands,Papua New Guinea,Netherlands,bat,Netherlands,"{""runs"": 52}",BFW de Leede,6,international,male
1321468,T20,2022,2022-07-11,Bulawayo Athletic Club,Bulawayo,,"Hong Kong,Uganda",Hong Kong,Uganda,Hong Kong,bat,Uganda,"{""wickets"": 2}",DM Nakrani,6,international,male
1321469,T20,2022,2022-07-12,"Queens Sports Club, Bulawayo",Bulawayo,,"Zimbabwe,Jersey",Zimbabwe,Jersey,Jersey,field,Zimbabwe,"{""runs"": 23}",SC Williams,6,international,male
1321470,T20,2022,2022-07-12,Bulawayo Athletic Club,Bulawayo,,"United States of America,Singapore",United States of America,Singapore,Singapore,field,United States of America,"{""runs"": 132}",SN Netravalkar,6,international,male
1321471,T20,2022,2022-07-12,"Queens Sports Club, Bulawayo",Bulawayo,,"Hong Kong,Netherlands",Hong Kong,Netherlands,Hong Kong,bat,Netherlands,"{""wickets"": 7}",LV van Beek,6,international,male
1321472,T20,2022,2022-07-12,Bulawayo Athletic Club,Bulawayo,,"Uganda,Papua New Guinea",Uganda,Papua New Guinea,Papua New Guinea,field,Papua New Guinea,"{""wickets"": 8}",A Vala,6,international,male
1321473,T20,2022,2022-07-14,"Queens Sports Club, Bulawayo",Bulawayo,,"Netherlands,Uganda",Netherlands,Uganda,Uganda,field,Netherlands,"{""runs"": 97}",TLW Cooper,6,international,male
1321474,T20,2022,2022-07-14,Bulawayo Athletic Club,Bulawayo,,"Papua New Guinea,Hong Kong",Papua New Guinea,Hong Kong,Hong Kong,field,Hong Kong,"{""wickets"": 2}",Babar Hayat,6,international,male
1321475,T20,2022,2022-07-14,"Queens Sports Club, Bulawayo",Bulawayo,,"Zimbabwe,United States of America",Zimbabwe,United States of America,Zimbabwe,bat,Zimbabwe,"{""runs"": 46}",Sikandar Raza,6,international,male
1321477,T20,2022,2022-07-15,"Queens Sports Club, Bulawayo",Bulawayo,,"Uganda,Jersey",Uganda,Jersey,Uganda,bat,Uganda,"{""runs"": 5}",,6,international,male
1321478,T20,2022,2022-07-15,Bulawayo Athletic Club,Bulawayo,,"Singapore,Hong Kong",Singapore,Hong Kong,Hong Kong,field,Hong Kong,"{""wickets"": 7}",Nizakat Khan,6,international,male
1321479,T20,2022,2022-07-15,"Queens Sports Club, Bulawayo",Bulawayo,,"Zimbabwe,Papua New Guinea",Zimbabwe,Papua New Guinea,Zimbabwe,bat,Zimbabwe,"{""runs"": 27}",TP Ura,6,international,male
1321480,T20,2022,2022-07-15,Bulawayo Athletic Club,Bulawayo,,"United States of America,Netherlands",United States of America,Netherlands,United States of America,bat,Netherlands,"{""wickets"": 7}",BFW de Leede,6,international,male
1321481,T20,2022,2022-07-17,"Queens Sports Club, Bulawayo",Bulawayo,,"Uganda,Hong Kong",Uganda,Hong Kong,Hong Kong,field,Uganda,"{""runs"": 4}",J Miyaji,6,international,male
1321482,T20,2022,2022-07-17,Bulawayo Athletic Club,Bulawayo,,"Singapore,Jersey",Singapore,Jersey,Singapore,bat,Jersey,"{""wickets"": 6}",NA Greenwood,6,international,male
1321483,T20,2022,2022-07-17,Bulawayo Athletic Club,Bulawayo,,"Papua New Guinea,United States of America",Papua New Guinea,United States of America,United States of America,field,Papua New Guinea,"{""runs"": 5}",CA Soper,6,international,male
1321484,T20,2022,2022-07-17,"Queens Sports Club, Bulawayo",Bulawayo,,"Zimbabwe,Netherlands",Zimbabwe,Netherlands,Zimbabwe,bat,Zimbabwe,"{""runs"": 37}",Sikandar Raza,6,international,male
1321998,T20,2022,2022-07-02,"UKM-YSD Cricket Oval, Bangi",Bangi,,"Malaysia,Bhutan",Malaysia,Bhutan,Bhutan,field,Malaysia,"{""runs"": 155}",Zubaidi Zulkifle,6,international,male
1322001,T20,2022,2022-07-04,"UKM-YSD Cricket Oval, Bangi",Bangi,,"Thailand,Malaysia",Thailand,Malaysia,Thailand,bat,Malaysia,"{""wickets"": 9}",Syazrul Idrus,6,international,male
1322002,T20,2022,2022-07-04,"UKM-YSD Cricket Oval, Bangi",Bangi,,"Bhutan,Maldives",Bhutan,Maldives,Maldives,field,Bhutan,"{""runs"": 6}",Namgay Thinley,6,international,male
1322003,T20,2022,2022-07-06,"UKM-YSD Cricket Oval, Bangi",Bangi,,"Thailand,Bhutan",Thailand,Bhutan,Bhutan,field,Bhutan,"{""wickets"": 6}",Ngawang Thinley,6,international,male
1322004,T20,2022,2022-07-06,"UKM-YSD Cricket Oval, Bangi",Bangi,,"Maldives,Malaysia",Maldives,Malaysia,Malaysia,field,Malaysia,"{""wickets"": 8}",Virandeep Singh,6,international,male
1322005,T20,2022,2022-07-07,"UKM-YSD Cricket Oval, Bangi",Bangi,,"Bhutan,Maldives",Bhutan,Maldives,Maldives,field,Bhutan,"{""runs"": 2}",Namgay Thinley,6,international,male
1322006,T20,2022,2022-07-07,"UKM-YSD Cricket Oval, Bangi",Bangi,,"Thailand,Malaysia",Thailand,Malaysia,Malaysia,field,Malaysia,"{""wickets"": 9}",Syazrul Idrus,6,international,male
1322007,T20,2022,2022-07-08,"UKM-YSD Cricket Oval, Bangi",Bangi,,"Maldives,Thailand",Maldives,Thailand,Thailand,field,Maldives,"{""runs"": 41}",Azyan Farhath,6,international,male
1322009,T20,2022,2022-07-09,"UKM-YSD Cricket Oval, Bangi",Bangi,,"Bhutan,Thailand",Bhutan,Thailand,Bhutan,bat,Bhutan,"{""runs"": 28}",T Jamtsho,6,international,male
1322010,T20,2022,2022-07-11,"UKM-YSD Cricket Oval, Bangi",Bangi,,"Bhutan,Malaysia",Bhutan,Malaysia,Malaysia,field,Malaysia,"{""wickets"": 9}",Syed Aziz,6,international,male
1322011,T20,2022,2022-07-02,"Indian Association Ground, Singapore",Singapore,,"Singapore,Papua New Guinea",Singapore,Papua New Guinea,Singapore,bat,Singapore,"{""runs"": 18}",A Mutreja,6,international,male
1322012,T20,2022,2022-07-03,"Indian Association Ground, Singapore",Singapore,,"Singapore,Papua New Guinea",Singapore,Papua New Guinea,Singapore,bat,Papua New Guinea,"{""wickets"": 3}",TP Ura,6,international,male
1322276,T20,2022/23,2022-11-20,"Bay Oval, Mount Maunganui",Mount Maunganui,,"India,New Zealand",India,New Zealand,New Zealand,field,India,"{""runs"": 65}",SA Yadav,6,international,male
1322277,T20,2022/23,2022-11-22,"McLean Park, Napier",Napier,,"New Zealand,India",New Zealand,India,New Zealand,bat,,null,Mohammed Siraj,6,international,male
1322334,T20,2022/23,2022-10-07,"Hagley Oval, Christchurch",Christchurch,,"Pakistan,Bangladesh",Pakistan,Bangladesh,Bangladesh,field,Pakistan,"{""runs"": 21}",Mohammad Rizwan,6,international,male
1322335,T20,2022/23,2022-10-08,"Hagley Oval, Christchurch",Christchurch,,"New Zealand,Pakistan",New Zealand,Pakistan,New Zealand,bat,Pakistan,"{""wickets"": 6}",Babar Azam,6,international,male
1322336,T20,2022/23,2022-10-09,"Hagley Oval, Christchurch",Christchurch,,"Bangladesh,New Zealand",Bangladesh,New Zealand,New Zealand,field,New Zealand,"{""wickets"": 8}",MG Bracewell,6,international,male
1322337,T20,2022/23,2022-10-11,"Hagley Oval, Christchurch",Christchurch,,"Pakistan,New Zealand",Pakistan,New Zealand,Pakistan,bat,New Zealand,"{""wickets"": 9}",MG Bracewell,6,international,male
1322338,T20,2022/23,2022-10-12,"Hagley Oval, Christchurch",Christchurch,,"New Zealand,Bangladesh",New Zealand,Bangladesh,Bangladesh,field,New Zealand,"{""runs"": 48}",GD Phillips,6,international,male
1322339,T20,2022/23,2022-10-13,"Hagley Oval, Christchurch",Christchurch,,"Bangladesh,Pakistan",Bangladesh,Pakistan,Bangladesh,bat,Pakistan,"{""wickets"": 7}",Mohammad Rizwan,6,international,male
1322340,T20,2022/23,2022-10-14,"Hagley Oval, Christchurch",Christchurch,,"New Zealand,Pakistan",New Zealand,Pakistan,Pakistan,field,Pakistan,"{""wickets"": 5}",Mohammad Nawaz,6,international,male
1322362,T20,2022/23,2023-04-02,"Eden Park, Auckland",Auckland,,"Sri Lanka,New Zealand",Sri Lanka,New Zealand,New Zealand,field,,null,KIC Asalanka,6,international,male
1322363,T20,2022/23,2023-04-05,"University Oval, Dunedin",Dunedin,,"Sri Lanka,New Zealand",Sri Lanka,New Zealand,New Zealand,field,New Zealand,"{""wickets"": 9}",AF Milne,6,international,male
1322364,T20,2022/23,2023-04-08,"John Davies Oval, Queenstown",Queenstown,,"Sri Lanka,New Zealand",Sri Lanka,New Zealand,New Zealand,field,New Zealand,"{""wickets"": 4}",TL Seifert,6,international,male
1323295,T20,2022,2022-07-30,Harare Sports Club,Harare,,"Zimbabwe,Bangladesh",Zimbabwe,Bangladesh,Zimbabwe,bat,Zimbabwe,"{""runs"": 17}",Sikandar Raza,6,international,male
1323296,T20,2022,2022-07-31,Harare Sports Club,Harare,,"Zimbabwe,Bangladesh",Zimbabwe,Bangladesh,Zimbabwe,bat,Bangladesh,"{""wickets"": 7}",Mosaddek Hossain,6,international,male
1323297,T20,2022,2022-08-02,Harare Sports Club,Harare,,"Zimbabwe,Bangladesh",Zimbabwe,Bangladesh,Zimbabwe,bat,Zimbabwe,"{""runs"": 10}",RP Burl,6,international,male
1323550,T20,2022,2022-07-08,Lisicji Jarak Cricket Ground,Belgrade,,"Bulgaria,Serbia",Bulgaria,Serbia,Serbia,field,Serbia,"{""wickets"": 7}",A Mene-Ejegi,6,international,male
1323551,T20,2022,2022-07-09,Lisicji Jarak Cricket Ground,Belgrade,,"Bulgaria,Serbia",Bulgaria,Serbia,Serbia,field,Serbia,"{""wickets"": 8}",WAE Burton,6,international,male
1323552,T20,2022,2022-07-09,Lisicji Jarak Cricket Ground,Belgrade,,"Bulgaria,Serbia",Bulgaria,Serbia,Serbia,field,Bulgaria,"{""runs"": 95}",Omar Rassol,6,international,male
1327228,T20,2022,2022-09-20,"National Stadium, Karachi",Karachi,,"Pakistan,England",Pakistan,England,England,field,England,"{""wickets"": 6}",L Wood,6,international,male
1327229,T20,2022,2022-09-22,"National Stadium, Karachi",Karachi,,"England,Pakistan",England,Pakistan,England,bat,Pakistan,"{""wickets"": 10}",Babar Azam,6,international,male
1327230,T20,2022,2022-09-23,"National Stadium, Karachi",Karachi,,"England,Pakistan",England,Pakistan,Pakistan,field,England,"{""runs"": 63}",HC Brook,6,international,male
1327231,T20,2022,2022-09-25,"National Stadium, Karachi",Karachi,,"Pakistan,England",Pakistan,England,England,field,Pakistan,"{""runs"": 3}",Haris Rauf,6,international,male
1327232,T20,2022,2022-09-28,"Gaddafi Stadium, Lahore",Lahore,,"Pakistan,England",Pakistan,England,England,field,Pakistan,"{""runs"": 6}",Mohammad Rizwan,6,international,male
1327233,T20,2022,2022-09-30,"Gaddafi Stadium, Lahore",Lahore,,"Pakistan,England",Pakistan,England,England,field,England,"{""wickets"": 8}",PD Salt,6,international,male
1327234,T20,2022,2022-10-02,"Gaddafi Stadium, Lahore",Lahore,,"England,Pakistan",England,Pakistan,Pakistan,field,England,"{""runs"": 67}",DJ Malan,6,international,male
1327270,T20,2022,2022-08-28,Dubai International Cricket Stadium,Dubai,,"Pakistan,India",Pakistan,India,India,field,India,"{""wickets"": 5}",HH Pandya,6,international,male
1327272,T20,2022,2022-08-31,Dubai International Cricket Stadium,Dubai,,"India,Hong Kong",India,Hong Kong,Hong Kong,field,India,"{""runs"": 40}",SA Yadav,6,international,male
1327273,T20,2022,2022-09-01,Dubai International Cricket Stadium,Dubai,,"Bangladesh,Sri Lanka",Bangladesh,Sri Lanka,Sri Lanka,field,Sri Lanka,"{""wickets"": 2}",BKG Mendis,6,international,male
1327274,T20,2022,2022-09-02,Sharjah Cricket Stadium,Sharjah,,"Pakistan,Hong Kong",Pakistan,Hong Kong,Hong Kong,field,Pakistan,"{""runs"": 155}",Mohammad Rizwan,6,international,male
1327276,T20,2022,2022-09-04,Dubai International Cricket Stadium,Dubai,,"India,Pakistan",India,Pakistan,Pakistan,field,Pakistan,"{""wickets"": 5}",Mohammad Nawaz,6,international,male
1327277,T20,2022,2022-09-06,Dubai International Cricket Stadium,Dubai,,"India,Sri Lanka",India,Sri Lanka,Sri Lanka,field,Sri Lanka,"{""wickets"": 6}",MD Shanaka,6,international,male
1327280,T20,2022,2022-09-09,Dubai International Cricket Stadium,Dubai,,"Pakistan,Sri Lanka",Pakistan,Sri Lanka,Sri Lanka,field,Sri Lanka,"{""wickets"": 5}",PWH de Silva,6,international,male
1327281,T20,2022,2022-09-11,Dubai International Cricket Stadium,Dubai,,"Sri Lanka,Pakistan",Sri Lanka,Pakistan,Pakistan,field,Sri Lanka,"{""runs"": 23}",PBB Rajapaksa,6,international,male
1327503,T20,2022,2022-09-20,"Punjab Cricket Association IS Bindra Stadium, Mohali, Chandigarh",Chandigarh,,"India,Australia",India,Australia,Australia,field,Australia,"{""wickets"": 4}",C Green,6,international,male
1327504,T20,2022,2022-09-23,"Vidarbha Cricket Association Stadium, Jamtha, Nagpur",Nagpur,,"Australia,India",Australia,India,India,field,India,"{""wickets"": 6}",RG Sharma,6,international,male
1327505,T20,2022,2022-09-25,"Rajiv Gandhi International Stadium, Uppal, Hyderabad",Hyderabad,,"Australia,India",Australia,India,India,field,India,"{""wickets"": 6}",SA Yadav,6,international,male
1327506,T20,2022/23,2022-09-28,"Greenfield International Stadium, Thiruvananthapuram",Thiruvananthapuram,,"South Africa,India",South Africa,India,India,field,India,"{""wickets"": 8}",Arshdeep Singh,6,international,male
1327507,T20,2022/23,2022-10-02,"Barsapara Cricket Stadium, Guwahati",Guwahati,,"India,South Africa",India,South Africa,South Africa,field,India,"{""runs"": 16}",KL Rahul,6,international,male
1327508,T20,2022/23,2022-10-04,"Holkar Cricket Stadium, Indore",Indore,,"South Africa,India",South Africa,India,India,field,South Africa,"{""runs"": 49}",RR Rossouw,6,international,male
1328470,T20,2022,2022-08-13,Al Amerat Cricket Ground Oman Cricket (Ministry Turf 1),Al Amarat,,"Kuwait,Bahrain",Kuwait,Bahrain,Bahrain,field,Kuwait,"{""runs"": 20}",Mohamed Shafeeq,6,international,male
1328471,T20,2022,2022-08-14,Al Amerat Cricket Ground Oman Cricket (Ministry Turf 1),Al Amarat,,"Bahrain,Kuwait",Bahrain,Kuwait,Kuwait,field,Kuwait,"{""wickets"": 5}",Usman Patel,6,international,male
1328473,T20,2022,2022-08-17,Al Amerat Cricket Ground Oman Cricket (Ministry Turf 1),Al Amarat,,"Kuwait,Bahrain",Kuwait,Bahrain,Bahrain,field,Kuwait,"{""runs"": 102}",Shahrukh Quddus,6,international,male
1328474,T20,2022,2022-08-25,"Gymkhana Club Ground, Nairobi",Nairobi,,"Kenya,Nepal",Kenya,Nepal,Nepal,field,Nepal,"{""wickets"": 5}",Sompal Kami,6,international,male
1328476,T20,2022,2022-08-28,"Gymkhana Club Ground, Nairobi",Nairobi,,"Kenya,Nepal",Kenya,Nepal,Kenya,bat,Nepal,"{""wickets"": 4}",G Malla,6,international,male
1328477,T20,2022,2022-08-29,"Gymkhana Club Ground, Nairobi",Nairobi,,"Kenya,Nepal",Kenya,Nepal,Kenya,bat,Kenya,"{""runs"": 7}",SO Ngoche,6,international,male
1328478,T20,2022,2022-08-30,"Gymkhana Club Ground, Nairobi",Nairobi,,"Nepal,Kenya",Nepal,Kenya,Nepal,bat,Nepal,"{""runs"": 31}",G Malla,6,international,male
1328849,T20,2022,2022-08-20,Al Amerat Cricket Ground Oman Cricket (Ministry Turf 1),Al Amarat,,"Hong Kong,Singapore",Hong Kong,Singapore,Singapore,field,Hong Kong,"{""runs"": 8}",Ehsan Khan,6,international,male
1328850,T20,2022,2022-08-21,Al Amerat Cricket Ground Oman Cricket (Ministry Turf 1),Al Amarat,,"United Arab Emirates,Kuwait",United Arab Emirates,Kuwait,Kuwait,field,Kuwait,"{""wickets"": 1}",ED Silva,6,international,male
1328851,T20,2022,2022-08-22,Al Amerat Cricket Ground Oman Cricket (Ministry Turf 1),Al Amarat,,"United Arab Emirates,Singapore",United Arab Emirates,Singapore,Singapore,field,United Arab Emirates,"{""runs"": 47}",KP Meiyappan,6,international,male
1328852,T20,2022,2022-08-23,Al Amerat Cricket Ground Oman Cricket (Ministry Turf 1),Al Amarat,,"Kuwait,Hong Kong",Kuwait,Hong Kong,Hong Kong,field,Hong Kong,"{""wickets"": 8}",Yasim Murtaza,6,international,male
1328853,T20,2022,2022-08-24,Al Amerat Cricket Ground Oman Cricket (Ministry Turf 1),Al Amarat,,"Singapore,Kuwait",Singapore,Kuwait,Singapore,bat,Kuwait,"{""wickets"": 6}",Yasin Patel,6,international,male
1328854,T20,2022,2022-08-24,Al Amerat Cricket Ground Oman Cricket (Ministry Turf 1),Al Amarat,,"United Arab Emirates,Hong Kong",United Arab Emirates,Hong Kong,Hong Kong,field,Hong Kong,"{""wickets"": 8}",Ehsan Khan,6,international,male
1332496,T20,2022,2022-09-15,"Willowmoore Park, Benoni",Benoni,,"Botswana,Uganda",Botswana,Uganda,Uganda,field,Uganda,"{""wickets"": 7}",,6,international,male
1332497,T20,2022,2022-09-17,"Willowmoore Park, Benoni",Benoni,,"Kenya,Tanzania",Kenya,Tanzania,Kenya,bat,Tanzania,"{""wickets"": 4}",Akhil Anil,6,international,male
1332498,T20,2022,2022-09-16,"Willowmoore Park, Benoni",Benoni,,"Ghana,Mozambique",Ghana,Mozambique,Ghana,bat,Ghana,"{""runs"": 28}",,6,international,male
1332501,T20,2022,2022-09-20,"Willowmoore Park, Benoni",Benoni,,"Ghana,Uganda",Ghana,Uganda,Ghana,bat,Uganda,"{""wickets"": 8}",,6,international,male
1332503,T20,2022,2022-09-18,"Willowmoore Park, Benoni",Benoni,,"Uganda,Mozambique",Uganda,Mozambique,Uganda,bat,Uganda,"{""runs"": 38}",AR Ramjani,6,international,male
1332504,T20,2022,2022-09-19,"Willowmoore Park, Benoni",Benoni,,"Botswana,Mozambique",Botswana,Mozambique,Mozambique,field,Botswana,"{""runs"": 92}",,6,international,male
1332505,T20,2022,2022-09-20,"Willowmoore Park, Benoni",Benoni,,"Tanzania,Malawi",Tanzania,Malawi,Malawi,field,Tanzania,"{""runs"": 44}",,6,international,male
1332506,T20,2022,2022-09-19,"Willowmoore Park, Benoni",Benoni,,"Cameroon,Kenya",Cameroon,Kenya,Kenya,field,Kenya,"{""wickets"": 9}",Yash Talati,6,international,male
1332507,T20,2022,2022-09-18,"Willowmoore Park, Benoni",Benoni,,"Botswana,Ghana",Botswana,Ghana,Ghana,field,Botswana,"{""runs"": 11}",D Maisuria,6,international,male
1332508,T20,2022,2022-09-21,"Willowmoore Park, Benoni",Benoni,,"Kenya,Uganda",Kenya,Uganda,Uganda,field,Uganda,"{""wickets"": 3}",C Kyewuta,6,international,male
1332509,T20,2022,2022-09-21,"Willowmoore Park, Benoni",Benoni,,"Botswana,Tanzania",Botswana,Tanzania,Tanzania,field,Tanzania,"{""wickets"": 4}",R Nehonde,6,international,male
1332510,T20,2022,2022-09-22,"Willowmoore Park, Benoni",Benoni,,"Tanzania,Uganda",Tanzania,Uganda,Uganda,field,Uganda,"{""wickets"": 8}",Riazat Ali Shah,6,international,male
1333920,T20,2022,2022-09-10,"Independence Park, Port Vila",Port Vila,,"Cook Islands,Fiji",Cook Islands,Fiji,Cook Islands,bat,Fiji,"{""wickets"": 3}",PV Vuniwaqa,6,international,male
1333921,T20,2022,2022-09-10,"Independence Park, Port Vila",Port Vila,,"Samoa,Vanuatu",Samoa,Vanuatu,Samoa,bat,Vanuatu,"{""wickets"": 9}",N Nipiko,6,international,male
1333922,T20,2022,2022-09-11,"Independence Park, Port Vila",Port Vila,,"Vanuatu,Cook Islands",Vanuatu,Cook Islands,Vanuatu,bat,Cook Islands,"{""wickets"": 5}",MTMMJ Ave,6,international,male
1333923,T20,2022,2022-09-11,"Independence Park, Port Vila",Port Vila,,"Samoa,Fiji",Samoa,Fiji,Samoa,bat,Fiji,"{""wickets"": 3}",PV Vuniwaqa,6,international,male
1333924,T20,2022,2022-09-13,"Independence Park, Port Vila",Port Vila,,"Samoa,Cook Islands",Samoa,Cook Islands,Cook Islands,field,Cook Islands,"{""wickets"": 4}",MTMMJ Ave,6,international,male
1333925,T20,2022,2022-09-13,"Independence Park, Port Vila",Port Vila,,"Vanuatu,Fiji",Vanuatu,Fiji,Fiji,field,Vanuatu,"{""runs"": 18}",J Batinibulu,6,international,male
1333926,T20,2022,2022-09-14,"Independence Park, Port Vila",Port Vila,,"Samoa,Vanuatu",Samoa,Vanuatu,Vanuatu,field,Vanuatu,"{""wickets"": 6}",AL Stephen,6,international,male
1333927,T20,2022,2022-09-14,"Independence Park, Port Vila",Port Vila,,"Fiji,Cook Islands",Fiji,Cook Islands,Cook Islands,field,Cook Islands,"{""wickets"": 8}",MTMMJ Ave,6,international,male
1333928,T20,2022,2022-09-15,"Independence Park, Port Vila",Port Vila,,"Fiji,Samoa",Fiji,Samoa,Samoa,field,Fiji,"{""runs"": 30}",SM Tupou,6,international,male
1333929,T20,2022,2022-09-15,"Independence Park, Port Vila",Port Vila,,"Vanuatu,Cook Islands",Vanuatu,Cook Islands,Cook Islands,field,Vanuatu,"{""runs"": 50}",N Nipiko,6,international,male
1333931,T20,2022/23,2022-10-10,Sano International Cricket Ground,Sano,,"Japan,Indonesia",Japan,Indonesia,Japan,bat,Japan,"{""runs"": 75}",K Kadowaki-Fleming,6,international,male
1333932,T20,2022/23,2022-10-11,Sano International Cricket Ground,Sano,,"Japan,Indonesia",Japan,Indonesia,Japan,bat,Indonesia,"{""wickets"": 3}",IKEG Artawan,6,international,male
1336031,T20,2022,2022-09-25,Dubai International Cricket Stadium,Dubai,,"Bangladesh,United Arab Emirates",Bangladesh,United Arab Emirates,United Arab Emirates,field,Bangladesh,"{""runs"": 7}",Afif Hossain,6,international,male
1336032,T20,2022,2022-09-27,Dubai International Cricket Stadium,Dubai,,"Bangladesh,United Arab Emirates",Bangladesh,United Arab Emirates,United Arab Emirates,field,Bangladesh,"{""runs"": 32}",Mehedi Hasan Miraz,6,international,male
1336048,T20,2023,2023-08-30,"Riverside Ground, Chester-le-Street",Chester-le-Street,,"New Zealand,England",New Zealand,England,England,field,England,"{""wickets"": 7}",BA Carse,6,international,male
1336049,T20,2023,2023-09-01,"Old Trafford, Manchester",Manchester,,"England,New Zealand",England,New Zealand,England,bat,England,"{""runs"": 95}",JM Bairstow,6,international,male
1336050,T20,2023,2023-09-03,"Edgbaston, Birmingham",Birmingham,,"New Zealand,England",New Zealand,England,New Zealand,bat,New Zealand,"{""runs"": 74}",FH Allen,6,international,male
1336051,T20,2023,2023-09-05,"Trent Bridge, Nottingham",Nottingham,,"England,New Zealand",England,New Zealand,England,bat,New Zealand,"{""wickets"": 6}",MJ Santner,6,international,male
1336951,T20,2022/23,2022-10-15,Sano International Cricket Ground,Sano,,"Indonesia,South Korea",Indonesia,South Korea,South Korea,field,Indonesia,"{""runs"": 64}",PR Surve,6,international,male
1336952,T20,2022/23,2022-10-15,Sano International Cricket Ground,Sano,,"Japan,South Korea",Japan,South Korea,Japan,bat,Japan,"{""runs"": 48}",K Kadowaki-Fleming,6,international,male
1336953,T20,2022/23,2022-10-16,Sano International Cricket Ground,Sano,,"Indonesia,Japan",Indonesia,Japan,Indonesia,bat,Japan,"{""wickets"": 4}",R Sakurano-Thomas,6,international,male
1336955,T20,2022/23,2022-10-18,Sano International Cricket Ground,Sano,,"Japan,Indonesia",Japan,Indonesia,Japan,bat,Indonesia,"{""wickets"": 6}",IKEG Artawan,6,international,male
1336956,T20,2022/23,2022-10-18,Sano International Cricket Ground,Sano,,"South Korea,Indonesia",South Korea,Indonesia,South Korea,bat,Indonesia,"{""wickets"": 3}",Alam Nakash,6,international,male
1339205,T20,2022/23,2022-11-04,"Desert Springs Cricket Ground, Almeria",Almeria,,"Italy,Germany",Italy,Germany,Italy,bat,Germany,"{""wickets"": 10}",,6,international,male
1339206,T20,2022/23,2022-11-04,"Desert Springs Cricket Ground, Almeria",Almeria,,"Italy,Germany",Italy,Germany,Italy,bat,Germany,"{""wickets"": 8}",,6,international,male
1339207,T20,2022/23,2022-11-05,"Desert Springs Cricket Ground, Almeria",Almeria,,"Italy,Spain",Italy,Spain,Italy,bat,Spain,"{""wickets"": 4}",Yasir Ali,6,international,male
1339208,T20,2022/23,2022-11-05,"Desert Springs Cricket Ground, Almeria",Almeria,,"Germany,Spain",Germany,Spain,Spain,field,Germany,"{""runs"": 36}",J van Heerden,6,international,male
1339209,T20,2022/23,2022-11-06,"Desert Springs Cricket Ground, Almeria",Almeria,,"Spain,Germany",Spain,Germany,Germany,field,Spain,"{""runs"": 5}",Raja Adeel,6,international,male
1339210,T20,2022/23,2022-11-06,"Desert Springs Cricket Ground, Almeria",Almeria,,"Italy,Spain",Italy,Spain,Italy,bat,Italy,"{""runs"": 33}",M Campopiano,6,international,male
1339604,T20,2022/23,2023-03-25,"SuperSport Park, Centurion",Centurion,,"South Africa,West Indies",South Africa,West Indies,West Indies,field,West Indies,"{""wickets"": 3}",R Powell,6,international,male
1339605,T20,2022/23,2023-03-26,"SuperSport Park, Centurion",Centurion,,"West Indies,South Africa",West Indies,South Africa,South Africa,field,South Africa,"{""wickets"": 6}",Q de Kock,6,international,male
1339606,T20,2022/23,2023-03-28,"The Wanderers Stadium, Johannesburg",Johannesburg,,"West Indies,South Africa",West Indies,South Africa,South Africa,field,West Indies,"{""runs"": 7}",AS Joseph,6,international,male
1339614,T20,2023,2023-04-14,"Gaddafi Stadium, Lahore",Lahore,,"Pakistan,New Zealand",Pakistan,New Zealand,Pakistan,bat,Pakistan,"{""runs"": 88}",Haris Rauf,6,international,male
1339615,T20,2023,2023-04-15,"Gaddafi Stadium, Lahore",Lahore,,"Pakistan,New Zealand",Pakistan,New Zealand,Pakistan,bat,Pakistan,"{""runs"": 38}",Babar Azam,6,international,male
1339616,T20,2023,2023-04-17,"Gaddafi Stadium, Lahore",Lahore,,"New Zealand,Pakistan",New Zealand,Pakistan,New Zealand,bat,New Zealand,"{""runs"": 4}",TWM Latham,6,international,male
1339617,T20,2023,2023-04-20,Rawalpindi Cricket Stadium,Rawalpindi,,"New Zealand,Pakistan",New Zealand,Pakistan,Pakistan,field,,null,,6,international,male
1339618,T20,2023,2023-04-24,Rawalpindi Cricket Stadium,Rawalpindi,,"Pakistan,New Zealand",Pakistan,New Zealand,New Zealand,field,New Zealand,"{""wickets"": 6}",MS Chapman,6,international,male
1343740,T20,2022/23,2022-11-17,Gahanga International Cricket Stadium. Rwanda,Kigali City,,"Botswana,Rwanda",Botswana,Rwanda,Rwanda,field,Rwanda,"{""wickets"": 5}",M Akayezu,6,international,male
1343741,T20,2022/23,2022-11-17,Integrated Polytechnic Regional Centre,Kigali City,,"Lesotho,Mali",Lesotho,Mali,Mali,field,Lesotho,"{""runs"": 31}",LM Gabriel,6,international,male
1343742,T20,2022/23,2022-11-17,Gahanga International Cricket Stadium. Rwanda,Kigali City,,"Kenya,St Helena",Kenya,St Helena,St Helena,field,,null,,6,international,male
1343743,T20,2022/23,2022-11-17,Integrated Polytechnic Regional Centre,Kigali City,,"Botswana,Seychelles",Botswana,Seychelles,Seychelles,field,,null,,6,international,male
1343744,T20,2022/23,2022-11-18,Gahanga International Cricket Stadium. Rwanda,Kigali City,,"Rwanda,St Helena",Rwanda,St Helena,Rwanda,bat,Rwanda,"{""runs"": 54}",E Sebareme,6,international,male
1343745,T20,2022/23,2022-11-18,Integrated Polytechnic Regional Centre,Kigali City,,"Lesotho,Botswana",Lesotho,Botswana,Botswana,field,Botswana,"{""wickets"": 10}",D Maisuria,6,international,male
1343746,T20,2022/23,2022-11-18,Gahanga International Cricket Stadium. Rwanda,Kigali City,,"Kenya,Malawi",Kenya,Malawi,Kenya,bat,,null,,6,international,male
1343747,T20,2022/23,2022-11-18,Integrated Polytechnic Regional Centre,Kigali City,,"Seychelles,Mali",Seychelles,Mali,Mali,field,,null,,6,international,male
1343749,T20,2022/23,2022-11-20,Integrated Polytechnic Regional Centre,Kigali City,,"Mali,Kenya",Mali,Kenya,Mali,bat,Kenya,"{""wickets"": 10}",P Koech,6,international,male
1343750,T20,2022/23,2022-11-20,Gahanga International Cricket Stadium. Rwanda,Kigali City,,"Rwanda,Kenya",Rwanda,Kenya,Kenya,field,Kenya,"{""wickets"": 9}",SO Ngoche,6,international,male
1343753,T20,2022/23,2022-11-21,Integrated Polytechnic Regional Centre,Kigali City,,"Kenya,Lesotho",Kenya,Lesotho,Kenya,bat,Kenya,"{""runs"": 167}",,6,international,male
1343756,T20,2022/23,2022-11-22,Gahanga International Cricket Stadium. Rwanda,Kigali City,,"Mali,Botswana",Mali,Botswana,Botswana,field,Botswana,"{""wickets"": 5}",D Maisuria,6,international,male
1343757,T20,2022/23,2022-11-22,Integrated Polytechnic Regional Centre,Kigali City,,"St Helena,Lesotho",St Helena,Lesotho,Lesotho,field,St Helena,"{""runs"": 45}",A Yon,6,international,male
1343758,T20,2022/23,2022-11-22,Gahanga International Cricket Stadium. Rwanda,Kigali City,,"Seychelles,Malawi",Seychelles,Malawi,Malawi,field,,null,,6,international,male
1343760,T20,2022/23,2022-11-24,Gahanga International Cricket Stadium. Rwanda,Kigali City,,"St Helena,Malawi",St Helena,Malawi,Malawi,field,Malawi,"{""wickets"": 10}",Sami Sohail,6,international,male
1343761,T20,2022/23,2022-11-24,Integrated Polytechnic Regional Centre,Kigali City,,"Rwanda,Seychelles",Rwanda,Seychelles,Rwanda,bat,Rwanda,"{""runs"": 75}",E Dusingizimana,6,international,male
1343762,T20,2022/23,2022-11-24,Gahanga International Cricket Stadium. Rwanda,Kigali City,,"Botswana,Kenya",Botswana,Kenya,Botswana,bat,Kenya,"{""wickets"": 8}",CO Obuya,6,international,male
1343763,T20,2022/23,2022-11-24,Integrated Polytechnic Regional Centre,Kigali City,,"Mali,Rwanda",Mali,Rwanda,Rwanda,field,Rwanda,"{""wickets"": 10}",K Irakoze,6,international,male
1343764,T20,2022/23,2022-11-25,Gahanga International Cricket Stadium. Rwanda,Kigali City,,"Seychelles,Kenya",Seychelles,Kenya,Seychelles,bat,Kenya,"{""wickets"": 7}",P Koech,6,international,male
1343767,T20,2022/23,2022-11-25,Integrated Polytechnic Regional Centre,Kigali City,,"Rwanda,Lesotho",Rwanda,Lesotho,Rwanda,bat,,null,,6,international,male
1343768,T20,2022/23,2022-12-01,Gahanga International Cricket Stadium. Rwanda,Kigali City,,"Sierra Leone,Tanzania",Sierra Leone,Tanzania,Tanzania,field,Tanzania,"{""wickets"": 9}",HA Chohan,6,international,male
1343770,T20,2022/23,2022-12-01,Gahanga International Cricket Stadium. Rwanda,Kigali City,,"Mozambique,Nigeria",Mozambique,Nigeria,Nigeria,field,Nigeria,"{""wickets"": 8}",AA Onikoyi,6,international,male
1343771,T20,2022/23,2022-12-01,Integrated Polytechnic Regional Centre,Kigali City,,"Gambia,Eswatini",Gambia,Eswatini,Eswatini,field,Eswatini,"{""wickets"": 5}",T Sandeep,6,international,male
1343772,T20,2022/23,2022-12-02,Gahanga International Cricket Stadium. Rwanda,Kigali City,,"Sierra Leone,Nigeria",Sierra Leone,Nigeria,Nigeria,field,Nigeria,"{""wickets"": 6}",P Aho,6,international,male
1343773,T20,2022/23,2022-12-02,Integrated Polytechnic Regional Centre,Kigali City,,"Ghana,Mozambique",Ghana,Mozambique,Mozambique,field,Mozambique,"{""wickets"": 7}",F Damiao Couana,6,international,male
1343774,T20,2022/23,2022-12-02,Gahanga International Cricket Stadium. Rwanda,Kigali City,,"Cameroon,Sierra Leone",Cameroon,Sierra Leone,Sierra Leone,field,Sierra Leone,"{""wickets"": 1}",A Turay,6,international,male
1343775,T20,2022/23,2022-12-02,Integrated Polytechnic Regional Centre,Kigali City,,"Eswatini,Mozambique",Eswatini,Mozambique,Mozambique,field,Mozambique,"{""wickets"": 9}",F Damiao Couana,6,international,male
1343776,T20,2022/23,2022-12-04,Gahanga International Cricket Stadium. Rwanda,Kigali City,,"Cameroon,Mozambique",Cameroon,Mozambique,Mozambique,field,Mozambique,"{""wickets"": 9}",J Bulele,6,international,male
1343777,T20,2022/23,2022-12-04,Integrated Polytechnic Regional Centre,Kigali City,,"Nigeria,Eswatini",Nigeria,Eswatini,Eswatini,field,Nigeria,"{""runs"": 118}",A Shreshta,6,international,male
1343778,T20,2022/23,2022-12-04,Gahanga International Cricket Stadium. Rwanda,Kigali City,,"Ghana,Tanzania",Ghana,Tanzania,Tanzania,field,Tanzania,"{""wickets"": 4}",II Selemani,6,international,male
1343780,T20,2022/23,2022-12-05,Gahanga International Cricket Stadium. Rwanda,Kigali City,,"Mozambique,Tanzania",Mozambique,Tanzania,Tanzania,field,Tanzania,"{""wickets"": 6}",K Nassoro,6,international,male
1343781,T20,2022/23,2022-12-05,Integrated Polytechnic Regional Centre,Kigali City,,"Sierra Leone,Eswatini",Sierra Leone,Eswatini,Eswatini,field,Sierra Leone,"{""runs"": 4}",L Lamin,6,international,male
1343782,T20,2022/23,2022-12-05,Gahanga International Cricket Stadium. Rwanda,Kigali City,,"Cameroon,Nigeria",Cameroon,Nigeria,Nigeria,field,Nigeria,"{""runs"": 17}",,6,international,male
1343783,T20,2022/23,2022-12-05,Integrated Polytechnic Regional Centre,Kigali City,,"Ghana,Sierra Leone",Ghana,Sierra Leone,Sierra Leone,field,Sierra Leone,"{""runs"": 18}",,6,international,male
1343784,T20,2022/23,2022-12-06,Gahanga International Cricket Stadium. Rwanda,Kigali City,,"Tanzania,Eswatini",Tanzania,Eswatini,Eswatini,field,Tanzania,"{""runs"": 66}",AR Patwa,6,international,male
1343785,T20,2022/23,2022-12-06,Integrated Polytechnic Regional Centre,Kigali City,,"Gambia,Sierra Leone",Gambia,Sierra Leone,Sierra Leone,field,Sierra Leone,"{""wickets"": 8}",G Ngegba,6,international,male
1343786,T20,2022/23,2022-12-06,Gahanga International Cricket Stadium. Rwanda,Kigali City,,"Gambia,Tanzania",Gambia,Tanzania,Tanzania,field,Tanzania,"{""wickets"": 10}",YM Nkanya,6,international,male
1343788,T20,2022/23,2022-12-08,Gahanga International Cricket Stadium. Rwanda,Kigali City,,"Ghana,Gambia",Ghana,Gambia,Ghana,bat,Ghana,"{""runs"": 138}",OH Agbomadzie,6,international,male
1343790,T20,2022/23,2022-12-08,Gahanga International Cricket Stadium. Rwanda,Kigali City,,"Nigeria,Tanzania",Nigeria,Tanzania,Tanzania,field,,null,,6,international,male
1343791,T20,2022/23,2022-12-08,Integrated Polytechnic Regional Centre,Kigali City,,"Mozambique,Gambia",Mozambique,Gambia,Mozambique,bat,Mozambique,"{""runs"": 40}",J Bulele,6,international,male
1343793,T20,2022/23,2022-12-09,Integrated Polytechnic Regional Centre,Kigali City,,"Gambia,Cameroon",Gambia,Cameroon,Gambia,bat,Gambia,"{""runs"": 11}",Muhammed Manga,6,international,male
1343794,T20,2022/23,2022-12-09,Gahanga International Cricket Stadium. Rwanda,Kigali City,,"Ghana,Nigeria",Ghana,Nigeria,Ghana,bat,Nigeria,"{""wickets"": 6}",P Aho,6,international,male
1343795,T20,2022/23,2022-12-09,Integrated Polytechnic Regional Centre,Kigali City,,"Tanzania,Cameroon",Tanzania,Cameroon,Tanzania,bat,Tanzania,"{""runs"": 184}",YM Nkanya,6,international,male
1344782,T20,2022/23,2022-11-14,Al Amerat Cricket Ground Oman Cricket (Ministry Turf 1),Al Amarat,,"Saudi Arabia,Oman",Saudi Arabia,Oman,Saudi Arabia,bat,Oman,"{""wickets"": 9}",Bilal Khan,6,international,male
1344783,T20,2022/23,2022-11-14,Al Amerat Cricket Ground Oman Cricket (Ministry Turf 1),Al Amarat,,"Bahrain,Canada",Bahrain,Canada,Canada,field,Canada,"{""wickets"": 4}",Saad Bin Zafar,6,international,male
1344784,T20,2022/23,2022-11-15,Al Amerat Cricket Ground Oman Cricket (Ministry Turf 1),Al Amarat,,"Canada,Saudi Arabia",Canada,Saudi Arabia,Saudi Arabia,field,Canada,"{""runs"": 66}",A Johnson,6,international,male
1344785,T20,2022/23,2022-11-15,Al Amerat Cricket Ground Oman Cricket (Ministry Turf 1),Al Amarat,,"Oman,Bahrain",Oman,Bahrain,Bahrain,field,Bahrain,"{""wickets"": 6}",Sohail Ahmed,6,international,male
1344786,T20,2022/23,2022-11-16,Al Amerat Cricket Ground Oman Cricket (Ministry Turf 1),Al Amarat,,"Bahrain,Saudi Arabia",Bahrain,Saudi Arabia,Saudi Arabia,field,Bahrain,"{""runs"": 53}",Sohail Ahmed,6,international,male
1344787,T20,2022/23,2022-11-16,Al Amerat Cricket Ground Oman Cricket (Ministry Turf 1),Al Amarat,,"Canada,Oman",Canada,Oman,Oman,field,Canada,"{""runs"": 1}",A Johnson,6,international,male
1344788,T20,2022/23,2022-11-17,Al Amerat Cricket Ground Oman Cricket (Ministry Turf 1),Al Amarat,,"Saudi Arabia,Oman",Saudi Arabia,Oman,Oman,field,Oman,"{""wickets"": 7}",Zeeshan Maqsood,6,international,male
1344789,T20,2022/23,2022-11-17,Al Amerat Cricket Ground Oman Cricket (Ministry Turf 1),Al Amarat,,"Canada,Bahrain",Canada,Bahrain,Bahrain,field,Bahrain,"{""wickets"": 8}",Sarfaraz Ali,6,international,male
1344790,T20,2022/23,2022-11-19,Al Amerat Cricket Ground Oman Cricket (Ministry Turf 1),Al Amarat,,"Canada,Saudi Arabia",Canada,Saudi Arabia,Saudi Arabia,field,Canada,"{""runs"": 45}",Ammar Khalid,6,international,male
1344791,T20,2022/23,2022-11-19,Al Amerat Cricket Ground Oman Cricket (Ministry Turf 1),Al Amarat,,"Oman,Bahrain",Oman,Bahrain,Bahrain,field,Oman,"{""runs"": 106}",Zeeshan Maqsood,6,international,male
1344792,T20,2022/23,2022-11-20,Al Amerat Cricket Ground Oman Cricket (Ministry Turf 1),Al Amarat,,"Oman,Canada",Oman,Canada,Canada,field,Canada,"{""wickets"": 3}",A Johnson,6,international,male
1344793,T20,2022/23,2022-11-20,Al Amerat Cricket Ground Oman Cricket (Ministry Turf 1),Al Amarat,,"Bahrain,Saudi Arabia",Bahrain,Saudi Arabia,Bahrain,bat,Saudi Arabia,"{""wickets"": 9}",Faisal Khan,6,international,male
1344794,T20,2022/23,2022-11-21,Al Amerat Cricket Ground Oman Cricket (Ministry Turf 1),Al Amarat,,"Saudi Arabia,Bahrain",Saudi Arabia,Bahrain,Bahrain,field,Saudi Arabia,"{""runs"": 32}",Saad Khan,6,international,male
1344795,T20,2022/23,2022-11-21,Al Amerat Cricket Ground Oman Cricket (Ministry Turf 1),Al Amarat,,"Oman,Canada",Oman,Canada,Canada,field,Canada,"{""wickets"": 8}",JOA Gordon,6,international,male
1348323,T20,2022/23,2023-01-12,Harare Sports Club,Harare,,"Ireland,Zimbabwe",Ireland,Zimbabwe,Zimbabwe,field,Zimbabwe,"{""wickets"": 5}",RP Burl,6,international,male
1348324,T20,2022/23,2023-01-14,Harare Sports Club,Harare,,"Zimbabwe,Ireland",Zimbabwe,Ireland,Ireland,field,Ireland,"{""wickets"": 6}",GR Adair,6,international,male
1348325,T20,2022/23,2023-01-15,Harare Sports Club,Harare,,"Ireland,Zimbabwe",Ireland,Zimbabwe,Zimbabwe,field,Zimbabwe,"{""wickets"": 4}",RP Burl,6,international,male
1348640,T20,2022/23,2023-01-03,"Wankhede Stadium, Mumbai",Mumbai,,"India,Sri Lanka",India,Sri Lanka,Sri Lanka,field,India,"{""runs"": 2}",DJ Hooda,6,international,male
1348641,T20,2022/23,2023-01-05,"Maharashtra Cricket Association Stadium, Pune",Pune,,"Sri Lanka,India",Sri Lanka,India,India,field,Sri Lanka,"{""runs"": 16}",MD Shanaka,6,international,male
1348642,T20,2022/23,2023-01-07,"Saurashtra Cricket Association Stadium, Rajkot",Rajkot,,"India,Sri Lanka",India,Sri Lanka,India,bat,India,"{""runs"": 91}",SA Yadav,6,international,male
1348649,T20,2022/23,2023-01-27,"JSCA International Stadium Complex, Ranchi",Ranchi,,"New Zealand,India",New Zealand,India,India,field,New Zealand,"{""runs"": 21}",DJ Mitchell,6,international,male
1348650,T20,2022/23,2023-01-29,"Bharat Ratna Shri Atal Bihari Vajpayee Ekana Cricket Stadium, Lucknow",Lucknow,,"New Zealand,India",New Zealand,India,New Zealand,bat,India,"{""wickets"": 6}",SA Yadav,6,international,male
1348651,T20,2022/23,2023-02-01,"Narendra Modi Stadium, Ahmedabad",Ahmedabad,,"India,New Zealand",India,New Zealand,India,bat,India,"{""runs"": 168}",Shubman Gill,6,international,male
1349124,T20,2022/23,2022-12-13,"Gahanga International Cricket Stadium, Rwanda",Kigali City,,"Tanzania,Rwanda",Tanzania,Rwanda,Rwanda,field,Tanzania,"{""runs"": 66}",AP Rajeevan,6,international,male
1349126,T20,2022/23,2022-12-14,"Gahanga International Cricket Stadium, Rwanda",Kigali City,,"Uganda,Rwanda",Uganda,Rwanda,Rwanda,field,Uganda,"{""runs"": 85}",J Baguma,6,international,male
1349127,T20,2022/23,2022-12-14,"Gahanga International Cricket Stadium, Rwanda",Kigali City,,"Tanzania,Uganda",Tanzania,Uganda,Tanzania,bat,,null,,6,international,male
1349128,T20,2022/23,2022-12-15,"Gahanga International Cricket Stadium, Rwanda",Kigali City,,"Uganda,Rwanda",Uganda,Rwanda,Uganda,bat,Uganda,"{""runs"": 133}",Bilal Hassun,6,international,male
1349129,T20,2022/23,2022-12-15,"Gahanga International Cricket Stadium, Rwanda",Kigali City,,"Uganda,Tanzania",Uganda,Tanzania,Tanzania,field,Uganda,"{""runs"": 13}",RG Mukasa,6,international,male
1349131,T20,2022/23,2022-12-16,"Gahanga International Cricket Stadium, Rwanda",Kigali City,,"Rwanda,Tanzania",Rwanda,Tanzania,Tanzania,field,Rwanda,"{""runs"": 1}",W Niyitanga,6,international,male
1349132,T20,2022/23,2022-12-18,"Gahanga International Cricket Stadium, Rwanda",Kigali City,,"Uganda,Tanzania",Uganda,Tanzania,Uganda,bat,Uganda,"{""runs"": 2}",C Kyewuta,6,international,male
1349133,T20,2022/23,2022-12-18,"Gahanga International Cricket Stadium, Rwanda",Kigali City,,"Rwanda,Tanzania",Rwanda,Tanzania,Rwanda,bat,Tanzania,"{""wickets"": 6}",SA Jumbe,6,international,male
1349134,T20,2022/23,2022-12-19,"Gahanga International Cricket Stadium, Rwanda",Kigali City,,"Uganda,Tanzania",Uganda,Tanzania,Uganda,bat,Tanzania,"{""wickets"": 5}",SA Jumbe,6,international,male
1349136,T20,2022/23,2022-12-20,"Gahanga International Cricket Stadium, Rwanda",Kigali City,,"Tanzania,Rwanda",Tanzania,Rwanda,Tanzania,bat,Tanzania,"{""runs"": 31}",K Nassoro,6,international,male
1349137,T20,2022/23,2022-12-20,"Gahanga International Cricket Stadium, Rwanda",Kigali City,,"Rwanda,Uganda",Rwanda,Uganda,Uganda,field,Uganda,"{""wickets"": 7}",Bilal Hassun,6,international,male
1349138,T20,2022/23,2022-12-22,"Gahanga International Cricket Stadium, Rwanda",Kigali City,,"Tanzania,Rwanda",Tanzania,Rwanda,Rwanda,field,Tanzania,"{""runs"": 28}",AM Kimote,6,international,male
1349139,T20,2022/23,2022-12-22,"Gahanga International Cricket Stadium, Rwanda",Kigali City,,"Uganda,Tanzania",Uganda,Tanzania,Uganda,bat,Uganda,"{""runs"": 7}",S Sesazi,6,international,male
1349140,T20,2022/23,2022-12-23,"Gahanga International Cricket Stadium, Rwanda",Kigali City,,"Uganda,Rwanda",Uganda,Rwanda,Rwanda,field,Uganda,"{""runs"": 3}",J Baguma,6,international,male
1349379,T20,2022/23,2022-12-15,"UKM-YSD Cricket Oval, Bangi",Bangi,,"Singapore,Qatar",Singapore,Qatar,Singapore,bat,Qatar,"{""wickets"": 5}",I Liyanage,6,international,male
1349380,T20,2022/23,2022-12-16,"UKM-YSD Cricket Oval, Bangi",Bangi,,"Qatar,Malaysia",Qatar,Malaysia,Qatar,bat,Malaysia,"{""wickets"": 8}",Rizwan Haider,6,international,male
1349382,T20,2022/23,2022-12-18,"UKM-YSD Cricket Oval, Bangi",Bangi,,"Bahrain,Qatar",Bahrain,Qatar,Qatar,field,Bahrain,"{""runs"": 13}",Sarfaraz Ali,6,international,male
1349383,T20,2022/23,2022-12-18,"UKM-YSD Cricket Oval, Bangi",Bangi,,"Malaysia,Singapore",Malaysia,Singapore,Malaysia,bat,Malaysia,"{""runs"": 120}",Virandeep Singh,6,international,male
1349384,T20,2022/23,2022-12-19,"UKM-YSD Cricket Oval, Bangi",Bangi,,"Singapore,Qatar",Singapore,Qatar,Qatar,field,Qatar,"{""wickets"": 8}",,6,international,male
1349385,T20,2022/23,2022-12-19,"UKM-YSD Cricket Oval, Bangi",Bangi,,"Bahrain,Malaysia",Bahrain,Malaysia,Bahrain,bat,Malaysia,"{""wickets"": 7}",Virandeep Singh,6,international,male
1349386,T20,2022/23,2022-12-21,"UKM-YSD Cricket Oval, Bangi",Bangi,,"Singapore,Bahrain",Singapore,Bahrain,Bahrain,field,Bahrain,"{""wickets"": 6}",Rizwan Butt,6,international,male
1349387,T20,2022/23,2022-12-21,"UKM-YSD Cricket Oval, Bangi",Bangi,,"Malaysia,Qatar",Malaysia,Qatar,Malaysia,bat,,null,,6,international,male
1349388,T20,2022/23,2022-12-22,"UKM-YSD Cricket Oval, Bangi",Bangi,,"Malaysia,Singapore",Malaysia,Singapore,Malaysia,bat,Malaysia,"{""runs"": 143}",Ahmed Faiz,6,international,male
1349389,T20,2022/23,2022-12-22,"UKM-YSD Cricket Oval, Bangi",Bangi,,"Bahrain,Qatar",Bahrain,Qatar,Qatar,field,,null,,6,international,male
1349390,T20,2022/23,2022-12-23,"UKM-YSD Cricket Oval, Bangi",Bangi,,"Singapore,Qatar",Singapore,Qatar,Qatar,field,Qatar,"{""wickets"": 9}",Mohammad Rizlan,6,international,male
1349391,T20,2022/23,2022-12-23,"UKM-YSD Cricket Oval, Bangi",Bangi,,"Malaysia,Bahrain",Malaysia,Bahrain,Malaysia,bat,Bahrain,"{""wickets"": 6}",Sohail Ahmed,6,international,male
1351400,T20,2022/23,2023-03-09,"Zahur Ahmed Chowdhury Stadium, Chattogram",Chattogram,,"England,Bangladesh",England,Bangladesh,Bangladesh,field,Bangladesh,"{""wickets"": 6}",Nazmul Hossain Shanto,6,international,male
1351401,T20,2022/23,2023-03-12,"Shere Bangla National Stadium, Mirpur",Dhaka,,"England,Bangladesh",England,Bangladesh,Bangladesh,field,Bangladesh,"{""wickets"": 4}",Mehedi Hasan Miraz,6,international,male
1351402,T20,2022/23,2023-03-14,"Shere Bangla National Stadium, Mirpur",Dhaka,,"Bangladesh,England",Bangladesh,England,England,field,Bangladesh,"{""runs"": 16}",Liton Das,6,international,male
1354799,T20,2022/23,2023-02-24,La Manga Club Bottom Ground,Murcia,,"Spain,Isle of Man",Spain,Isle of Man,Spain,bat,,null,,6,international,male
1354800,T20,2022/23,2023-02-25,La Manga Club Bottom Ground,Murcia,,"Isle of Man,Spain",Isle of Man,Spain,Isle of Man,bat,Spain,"{""wickets"": 8}",C Rumistrzewicz,6,international,male
1354801,T20,2022/23,2023-02-25,La Manga Club Bottom Ground,Murcia,,"Isle of Man,Spain",Isle of Man,Spain,Isle of Man,bat,Spain,"{""wickets"": 6}",Mohammad Kamran,6,international,male
1354802,T20,2022/23,2023-02-26,La Manga Club Bottom Ground,Murcia,,"Isle of Man,Spain",Isle of Man,Spain,Spain,field,Spain,"{""wickets"": 7}",Shafat Ali Syed,6,international,male
1354803,T20,2022/23,2023-02-26,La Manga Club Bottom Ground,Murcia,,"Isle of Man,Spain",Isle of Man,Spain,Spain,field,Spain,"{""wickets"": 10}",Atif Mehmood,6,international,male
1355720,T20,2022/23,2023-03-27,"Zahur Ahmed Chowdhury Stadium, Chattogram",Chattogram,,"Bangladesh,Ireland",Bangladesh,Ireland,Ireland,field,Bangladesh,"{""runs"": 22}",Rony Talukdar,6,international,male
1355721,T20,2022/23,2023-03-29,"Zahur Ahmed Chowdhury Stadium, Chattogram",Chattogram,,"Bangladesh,Ireland",Bangladesh,Ireland,Ireland,field,Bangladesh,"{""runs"": 77}",Shakib Al Hasan,6,international,male
1355722,T20,2022/23,2023-03-31,"Zahur Ahmed Chowdhury Stadium, Chattogram",Chattogram,,"Bangladesh,Ireland",Bangladesh,Ireland,Bangladesh,bat,Ireland,"{""wickets"": 7}",PR Stirling,6,international,male
1359786,T20,2022/23,2023-02-21,"St Albans Club, Buenos Aires",Buenos Aires,,"Argentina,Bermuda",Argentina,Bermuda,Argentina,bat,Bermuda,"{""wickets"": 6}",,6,international,male
1359787,T20,2022/23,2023-02-22,"Belgrano Athletic Club Ground, Buenos Aires",Buenos Aires,,"Bermuda,Argentina",Bermuda,Argentina,Argentina,field,Bermuda,"{""runs"": 107}",,6,international,male
1359788,T20,2022/23,2023-02-28,"St Albans Club, Buenos Aires",Buenos Aires,,"Cayman Islands,Bahamas",Cayman Islands,Bahamas,Cayman Islands,bat,Cayman Islands,"{""runs"": 31}",YSD Seneveratne,6,international,male
1359789,T20,2022/23,2023-02-28,"Belgrano Athletic Club Ground, Buenos Aires",Buenos Aires,,"Bermuda,Panama",Bermuda,Panama,Bermuda,bat,Bermuda,"{""runs"": 60}",KS Leverock,6,international,male
1359792,T20,2022/23,2023-02-26,"Hurlingham Club Ground, Buenos Aires",Buenos Aires,,"Panama,Bahamas",Panama,Bahamas,Panama,bat,Bahamas,"{""wickets"": 4}",M Taylor,6,international,male
1359793,T20,2022/23,2023-02-26,"Belgrano Athletic Club Ground, Buenos Aires",Buenos Aires,,"Bermuda,Argentina",Bermuda,Argentina,Bermuda,bat,Bermuda,"{""runs"": 110}",DMW Rawlins,6,international,male
1359794,T20,2022/23,2023-02-25,"Hurlingham Club Ground, Buenos Aires",Buenos Aires,,"Panama,Argentina",Panama,Argentina,Argentina,field,Panama,"{""runs"": 53}",,6,international,male
1359795,T20,2022/23,2023-02-25,"St Albans Club, Buenos Aires",Buenos Aires,,"Bermuda,Cayman Islands",Bermuda,Cayman Islands,Bermuda,bat,Bermuda,"{""runs"": 96}",KS Leverock,6,international,male
1359798,T20,2022/23,2023-03-02,"St Albans Club, Buenos Aires",Buenos Aires,,"Argentina,Bahamas",Argentina,Bahamas,Argentina,bat,Argentina,"{""runs"": 43}",LA Musiani,6,international,male
1359799,T20,2022/23,2023-03-02,"Hurlingham Club Ground, Buenos Aires",Buenos Aires,,"Cayman Islands,Panama",Cayman Islands,Panama,Cayman Islands,bat,Cayman Islands,"{""runs"": 12}",RA Sealy,6,international,male
1359800,T20,2022/23,2023-03-04,"Hurlingham Club Ground, Buenos Aires",Buenos Aires,,"Bahamas,Bermuda",Bahamas,Bermuda,Bermuda,field,Bermuda,"{""wickets"": 9}",KS Leverock,6,international,male
1359802,T20,2022/23,2023-03-04,"Belgrano Athletic Club Ground, Buenos Aires",Buenos Aires,,"Argentina,Cayman Islands",Argentina,Cayman Islands,Argentina,bat,Cayman Islands,"{""wickets"": 3}",,6,international,male
1361770,T20,2022/23,2023-03-08,"Mission Road Ground, Mong Kok, Hong Kong",Mong Kok,,"Kuwait,Malaysia",Kuwait,Malaysia,Malaysia,field,Malaysia,"{""wickets"": 3}",Virandeep Singh,6,international,male
1361771,T20,2022/23,2023-03-08,"Mission Road Ground, Mong Kok, Hong Kong",Mong Kok,,"Hong Kong,Bahrain",Hong Kong,Bahrain,Bahrain,field,Hong Kong,"{""runs"": 15}",Aizaz Khan,6,international,male
1361772,T20,2022/23,2023-03-09,"Mission Road Ground, Mong Kok, Hong Kong",Mong Kok,,"Malaysia,Bahrain",Malaysia,Bahrain,Bahrain,field,Malaysia,"{""runs"": 53}",Muhammad Amir,6,international,male
1361773,T20,2022/23,2023-03-09,"Mission Road Ground, Mong Kok, Hong Kong",Mong Kok,,"Hong Kong,Kuwait",Hong Kong,Kuwait,Kuwait,field,Hong Kong,"{""runs"": 11}",Haroon Arshad,6,international,male
1361774,T20,2022/23,2023-03-11,"Mission Road Ground, Mong Kok, Hong Kong",Mong Kok,,"Kuwait,Bahrain",Kuwait,Bahrain,Bahrain,field,Bahrain,"{""wickets"": 4}",Imran Anwar,6,international,male
1361775,T20,2022/23,2023-03-11,"Mission Road Ground, Mong Kok, Hong Kong",Mong Kok,,"Malaysia,Hong Kong",Malaysia,Hong Kong,Hong Kong,field,Hong Kong,"{""wickets"": 4}",Aizaz Khan,6,international,male
1361776,T20,2022/23,2023-03-12,"Mission Road Ground, Mong Kok, Hong Kong",Mong Kok,,"Bahrain,Kuwait",Bahrain,Kuwait,Kuwait,field,Kuwait,"{""wickets"": 6}",,6,international,male
1362242,T20,2022/23,2023-03-12,"Mission Road Ground, Mong Kok, Hong Kong",Mong Kok,,"Hong Kong,Malaysia",Hong Kong,Malaysia,Malaysia,field,Hong Kong,"{""runs"": 39}",Yasim Murtaza,6,international,male
1367722,T20,2023,2023-04-10,Santarem Cricket Ground,Albergaria,,"Portugal,Gibraltar",Portugal,Gibraltar,Portugal,bat,Portugal,"{""runs"": 124}",Kuldeep,6,international,male
1367723,T20,2023,2023-04-11,Santarem Cricket Ground,Albergaria,,"Gibraltar,Portugal",Gibraltar,Portugal,Gibraltar,bat,Portugal,"{""wickets"": 5}",SP Gomes,6,international,male
1367724,T20,2023,2023-04-11,Santarem Cricket Ground,Albergaria,,"Gibraltar,Portugal",Gibraltar,Portugal,Gibraltar,bat,Portugal,"{""wickets"": 5}",Azhar Andani,6,international,male
1367725,T20,2023,2023-05-04,Europa Sports Complex,Gibraltar,,"Gibraltar,Portugal",Gibraltar,Portugal,Gibraltar,bat,Portugal,"{""wickets"": 7}",KJ Stagno,6,international,male
1367726,T20,2023,2023-05-04,Europa Sports Complex,Gibraltar,,"Portugal,Malta",Portugal,Malta,Malta,field,Portugal,"{""runs"": 84}",Sirajullah Khadim,6,international,male
1367727,T20,2023,2023-05-05,Europa Sports Complex,Gibraltar,,"Gibraltar,Malta",Gibraltar,Malta,Gibraltar,bat,Gibraltar,"{""runs"": 43}",IDM Latin,6,international,male
1367728,T20,2023,2023-05-06,Europa Sports Complex,Gibraltar,,"Gibraltar,Portugal",Gibraltar,Portugal,Gibraltar,bat,Portugal,"{""wickets"": 9}",Kuldeep,6,international,male
1367729,T20,2023,2023-05-05,Europa Sports Complex,Gibraltar,,"Portugal,Malta",Portugal,Malta,Portugal,bat,Portugal,"{""runs"": 17}",F Stoman,6,international,male
1367730,T20,2023,2023-05-06,Europa Sports Complex,Gibraltar,,"Gibraltar,Malta",Gibraltar,Malta,Gibraltar,bat,Gibraltar,"{""runs"": 80}",L Bruce,6,international,male
1367731,T20,2023,2023-05-07,Europa Sports Complex,Gibraltar,,"Malta,Gibraltar",Malta,Gibraltar,Malta,bat,Malta,"{""runs"": 1}",Fazil Rahman,6,international,male
1367732,T20,2023,2023-05-07,Europa Sports Complex,Gibraltar,,"Gibraltar,Portugal",Gibraltar,Portugal,Gibraltar,bat,Portugal,"{""wickets"": 1}",Suman Ghimire,6,international,male
1367733,T20,2023,2023-05-06,Europa Sports Complex,Gibraltar,,"Malta,Portugal",Malta,Portugal,Malta,bat,Portugal,"{""wickets"": 7}",Kuldeep,6,international,male
1370782,T20,2023,2023-05-18,"Svanholm Park, Brondby",Brondby,,"Norway,Denmark",Norway,Denmark,Norway,bat,Denmark,"{""wickets"": 9}",ND Laegsgaard,6,international,male
1370783,T20,2023,2023-05-18,"Svanholm Park, Brondby",Brondby,,"Denmark,Finland",Denmark,Finland,Denmark,bat,Denmark,"{""runs"": 72}",SA Ahmad,6,international,male
1370785,T20,2023,2023-05-19,"Svanholm Park, Brondby",Brondby,,"Denmark,Sweden",Denmark,Sweden,Sweden,field,Sweden,"{""wickets"": 10}",Choudry Share Ali,6,international,male
1370787,T20,2023,2023-05-19,"Svanholm Park, Brondby",Brondby,,"Finland,Denmark",Finland,Denmark,Finland,bat,Denmark,"{""wickets"": 8}",HAM Shah,6,international,male
1370790,T20,2023,2023-05-20,"Solvangs Park, Glostrup",Copenhagen,,"Finland,Norway",Finland,Norway,Finland,bat,Norway,"{""wickets"": 7}",Raza Iqbal,6,international,male
1370791,T20,2023,2023-05-21,"Solvangs Park, Glostrup",Copenhagen,,"Sweden,Finland",Sweden,Finland,Finland,field,,null,Prashant Shukla,6,international,male
1373568,T20,2023/24,2023-08-30,"Kingsmead, Durban",Durban,,"Australia,South Africa",Australia,South Africa,South Africa,field,Australia,"{""runs"": 111}",MR Marsh,6,international,male
1373569,T20,2023/24,2023-09-01,"Kingsmead, Durban",Durban,,"South Africa,Australia",South Africa,Australia,Australia,field,Australia,"{""wickets"": 8}",SA Abbott,6,international,male
1373570,T20,2023/24,2023-09-03,"Kingsmead, Durban",Durban,,"South Africa,Australia",South Africa,Australia,South Africa,bat,Australia,"{""wickets"": 5}",TM Head,6,international,male
1373579,T20,2023/24,2023-12-12,"Kensington Oval, Bridgetown, Barbados",Bridgetown,,"England,West Indies",England,West Indies,West Indies,field,West Indies,"{""wickets"": 4}",AD Russell,6,international,male
1373580,T20,2023/24,2023-12-14,"National Cricket Stadium, St George's, Grenada",St George's,,"West Indies,England",West Indies,England,England,field,West Indies,"{""runs"": 10}",BA King,6,international,male
1373581,T20,2023/24,2023-12-16,"National Cricket Stadium, St George's, Grenada",St George's,,"West Indies,England",West Indies,England,England,field,England,"{""wickets"": 7}",PD Salt,6,international,male
1373582,T20,2023/24,2023-12-19,"Brian Lara Stadium, Tarouba, Trinidad",Tarouba,,"England,West Indies",England,West Indies,West Indies,field,England,"{""runs"": 75}",PD Salt,6,international,male
1373583,T20,2023/24,2023-12-21,"Brian Lara Stadium, Tarouba, Trinidad",Tarouba,,"England,West Indies",England,West Indies,West Indies,field,West Indies,"{""wickets"": 4}",G Motie,6,international,male
1375850,T20,2023/24,2024-02-09,"Bellerive Oval, Hobart",Hobart,,"Australia,West Indies",Australia,West Indies,West Indies,field,Australia,"{""runs"": 11}",DA Warner,6,international,male
1375851,T20,2023/24,2024-02-11,Adelaide Oval,Adelaide,,"Australia,West Indies",Australia,West Indies,West Indies,field,Australia,"{""runs"": 34}",GJ Maxwell,6,international,male
1375852,T20,2023/24,2024-02-13,Perth Stadium,Perth,,"West Indies,Australia",West Indies,Australia,West Indies,bat,West Indies,"{""runs"": 37}",AD Russell,6,international,male
1377727,T20,2023,2023-08-17,Dubai International Cricket Stadium,Dubai,,"New Zealand,United Arab Emirates",New Zealand,United Arab Emirates,United Arab Emirates,field,New Zealand,"{""runs"": 19}",TG Southee,6,international,male
1377728,T20,2023,2023-08-19,Dubai International Cricket Stadium,Dubai,,"New Zealand,United Arab Emirates",New Zealand,United Arab Emirates,United Arab Emirates,field,United Arab Emirates,"{""wickets"": 7}",Aayan Afzal Khan,6,international,male
1377729,T20,2023,2023-08-20,Dubai International Cricket Stadium,Dubai,,"New Zealand,United Arab Emirates",New Zealand,United Arab Emirates,United Arab Emirates,field,New Zealand,"{""runs"": 32}",WA Young,6,international,male
1379575,T20,2023,2023-06-17,"Gymkhana Club Ground, Nairobi",Nairobi,,"Botswana,Uganda",Botswana,Uganda,Botswana,bat,Uganda,"{""wickets"": 7}",H Ssenyondo,6,international,male
1379576,T20,2023,2023-06-17,"Gymkhana Club Ground, Nairobi",Nairobi,,"Rwanda,Kenya",Rwanda,Kenya,Rwanda,bat,Kenya,"{""wickets"": 7}",LN Oluoch,6,international,male
1379577,T20,2023,2023-06-10,"Gymkhana Club Ground, Nairobi",Nairobi,,"Kenya,Uganda",Kenya,Uganda,Kenya,bat,Kenya,"{""runs"": 88}",CO Obuya,6,international,male
1379578,T20,2023,2023-06-11,"Gymkhana Club Ground, Nairobi",Nairobi,,"Rwanda,Uganda",Rwanda,Uganda,Rwanda,bat,Uganda,"{""wickets"": 8}",H Ssenyondo,6,international,male
1379579,T20,2023,2023-06-18,"Gymkhana Club Ground, Nairobi",Nairobi,,"Botswana,Rwanda",Botswana,Rwanda,Botswana,bat,Rwanda,"{""wickets"": 7}",E Rukiriza,6,international,male
1379580,T20,2023,2023-06-11,"Gymkhana Club Ground, Nairobi",Nairobi,,"Botswana,Kenya",Botswana,Kenya,Botswana,bat,Kenya,"{""wickets"": 8}",SO Ngoche,6,international,male
1379581,T20,2023,2023-06-18,"Gymkhana Club Ground, Nairobi",Nairobi,,"Kenya,Uganda",Kenya,Uganda,Kenya,bat,Uganda,"{""wickets"": 5}",S Sesazi,6,international,male
1379582,T20,2023,2023-06-14,"Gymkhana Club Ground, Nairobi",Nairobi,,"Rwanda,Kenya",Rwanda,Kenya,Rwanda,bat,Kenya,"{""wickets"": 7}",S Singh,6,international,male
1379583,T20,2023,2023-06-14,"Gymkhana Club Ground, Nairobi",Nairobi,,"Uganda,Botswana",Uganda,Botswana,Uganda,bat,Uganda,"{""runs"": 64}",AR Ramjani,6,international,male
1379584,T20,2023,2023-06-15,"Gymkhana Club Ground, Nairobi",Nairobi,,"Rwanda,Uganda",Rwanda,Uganda,Uganda,field,Uganda,"{""wickets"": 7}",H Ssenyondo,6,international,male
1379585,T20,2023,2023-06-19,"Gymkhana Club Ground, Nairobi",Nairobi,,"Botswana,Kenya",Botswana,Kenya,Botswana,bat,Kenya,"{""wickets"": 6}",CO Obuya,6,international,male
1379586,T20,2023,2023-06-13,"Gymkhana Club Ground, Nairobi",Nairobi,,"Rwanda,Botswana",Rwanda,Botswana,Botswana,field,Rwanda,"{""runs"": 27}",C Rububagumya,6,international,male
1379587,T20,2023,2023-06-19,"Gymkhana Club Ground, Nairobi",Nairobi,,"Uganda,Rwanda",Uganda,Rwanda,Uganda,bat,Uganda,"{""runs"": 94}",H Ssenyondo,6,international,male
1379589,T20,2023,2023-06-13,"Gymkhana Club Ground, Nairobi",Nairobi,,"Uganda,Kenya",Uganda,Kenya,Uganda,bat,Uganda,"{""runs"": 47}",Riazat Ali Shah,6,international,male
1379590,T20,2023,2023-06-15,"Gymkhana Club Ground, Nairobi",Nairobi,,"Botswana,Kenya",Botswana,Kenya,Botswana,bat,Botswana,"{""runs"": 30}",V Balakrishnan,6,international,male
1379592,T20,2023,2023-06-21,"Gymkhana Club Ground, Nairobi",Nairobi,,"Uganda,Kenya",Uganda,Kenya,Uganda,bat,Uganda,"{""runs"": 1}",DM Nakrani,6,international,male
1380583,T20,2023,2023-06-10,Bayer Uerdingen Cricket Ground,Krefeld,,"Belgium,Germany",Belgium,Germany,Germany,field,Germany,"{""wickets"": 4}",Ghulam Ahmadi,6,international,male
1380584,T20,2023,2023-06-11,Bayer Uerdingen Cricket Ground,Krefeld,,"Belgium,Germany",Belgium,Germany,Germany,field,Germany,"{""wickets"": 8}",V Ganesan,6,international,male
1380586,T20,2023,2023-06-11,"Scott Page Field, Vinor",Prague,,"Czech Republic,Hungary",Czech Republic,Hungary,Hungary,field,,null,A Ashokan,6,international,male
1380587,T20,2023,2023-06-11,"Scott Page Field, Vinor",Prague,,"Hungary,Czech Republic",Hungary,Czech Republic,Hungary,bat,Czech Republic,"{""wickets"": 3}",S Wickramasekara,6,international,male
1381217,T20,2023,2023-08-03,"Brian Lara Stadium, Tarouba, Trinidad",Tarouba,,"West Indies,India",West Indies,India,West Indies,bat,West Indies,"{""runs"": 4}",JO Holder,6,international,male
1381218,T20,2023,2023-08-06,"Providence Stadium, Guyana",Providence,,"India,West Indies",India,West Indies,India,bat,West Indies,"{""wickets"": 2}",N Pooran,6,international,male
1381219,T20,2023,2023-08-08,"Providence Stadium, Guyana",Providence,,"West Indies,India",West Indies,India,West Indies,bat,India,"{""wickets"": 7}",SA Yadav,6,international,male
1381220,T20,2023,2023-08-12,"Central Broward Regional Park Stadium Turf Ground, Lauderhill",Lauderhill,,"West Indies,India",West Indies,India,West Indies,bat,India,"{""wickets"": 9}",YBK Jaiswal,6,international,male
1381221,T20,2023,2023-08-13,"Central Broward Regional Park Stadium Turf Ground, Lauderhill",Lauderhill,,"India,West Indies",India,West Indies,India,bat,West Indies,"{""wickets"": 8}",R Shepherd,6,international,male
1381451,T20,2023,2023-06-29,"Sportpark Het Schootsveld, Deventer",Deventer,,"Austria,Germany",Austria,Germany,Germany,field,Germany,"{""wickets"": 6}",,6,international,male
1381452,T20,2023,2023-06-30,"Sportpark Het Schootsveld, Deventer",Deventer,,"Austria,Germany",Austria,Germany,Germany,field,Germany,"{""wickets"": 8}",,6,international,male
1381453,T20,2023,2023-06-23,"National Sports Academy, Sofia",Sofia,,"Serbia,Turkey",Serbia,Turkey,Serbia,bat,Serbia,"{""runs"": 70}",A Dizija,6,international,male
1381454,T20,2023,2023-06-23,"National Sports Academy, Sofia",Sofia,,"Croatia,Bulgaria",Croatia,Bulgaria,Bulgaria,field,Bulgaria,"{""wickets"": 9}",P Mishra,6,international,male
1381455,T20,2023,2023-06-23,"National Sports Academy, Sofia",Sofia,,"Bulgaria,Serbia",Bulgaria,Serbia,Serbia,field,Serbia,"{""wickets"": 5}",MV Pavlovic,6,international,male
1381456,T20,2023,2023-06-24,"National Sports Academy, Sofia",Sofia,,"Croatia,Turkey",Croatia,Turkey,Croatia,bat,Turkey,"{""wickets"": 8}",Muhammed Turkmen,6,international,male
1381457,T20,2023,2023-06-24,"National Sports Academy, Sofia",Sofia,,"Croatia,Serbia",Croatia,Serbia,Croatia,bat,Serbia,"{""wickets"": 9}",M Sarenac,6,international,male
1381458,T20,2023,2023-06-24,"National Sports Academy, Sofia",Sofia,,"Turkey,Bulgaria",Turkey,Bulgaria,Bulgaria,field,Bulgaria,"{""wickets"": 8}",Zaid Soulat,6,international,male
1383068,T20,2023,2023-07-20,"Grange Cricket Club Ground, Raeburn Place, Edinburgh",Edinburgh,,"Austria,Jersey",Austria,Jersey,Jersey,field,Jersey,"{""wickets"": 8}",NA Greenwood,6,international,male
1383069,T20,2023,2023-07-20,"Goldenacre, Edinburgh",Edinburgh,,"Ireland,Italy",Ireland,Italy,Italy,field,Ireland,"{""runs"": 7}",C Campher,6,international,male
1383070,T20,2023,2023-07-20,"Goldenacre, Edinburgh",Edinburgh,,"Scotland,Germany",Scotland,Germany,Germany,field,Scotland,"{""runs"": 72}",OJ Hairs,6,international,male
1383071,T20,2023,2023-07-21,"Grange Cricket Club Ground, Raeburn Place, Edinburgh",Edinburgh,,"Denmark,Ireland",Denmark,Ireland,Denmark,bat,Ireland,"{""wickets"": 9}",A Balbirnie,6,international,male
1383072,T20,2023,2023-07-21,"Goldenacre, Edinburgh",Edinburgh,,"Austria,Germany",Austria,Germany,Austria,bat,Germany,"{""wickets"": 9}",J van Heerden,6,international,male
1383073,T20,2023,2023-07-21,"Grange Cricket Club Ground, Raeburn Place, Edinburgh",Edinburgh,,"Scotland,Jersey",Scotland,Jersey,Jersey,field,Scotland,"{""runs"": 14}",MRJ Watt,6,international,male
1383074,T20,2023,2023-07-23,"Grange Cricket Club Ground, Raeburn Place, Edinburgh",Edinburgh,,"Ireland,Austria",Ireland,Austria,Austria,field,Ireland,"{""runs"": 128}",L Tucker,6,international,male
1383075,T20,2023,2023-07-23,"Goldenacre, Edinburgh",Edinburgh,,"Italy,Jersey",Italy,Jersey,Jersey,field,Italy,"{""runs"": 25}",WL Madsen,6,international,male
1383076,T20,2023,2023-07-23,"Grange Cricket Club Ground, Raeburn Place, Edinburgh",Edinburgh,,"Denmark,Germany",Denmark,Germany,Denmark,bat,Germany,"{""wickets"": 6}",J van Heerden,6,international,male
1383077,T20,2023,2023-07-24,"Grange Cricket Club Ground, Raeburn Place, Edinburgh",Edinburgh,,"Scotland,Italy",Scotland,Italy,Italy,field,Scotland,"{""runs"": 155}",OJ Hairs,6,international,male
1383078,T20,2023,2023-07-24,"Goldenacre, Edinburgh",Edinburgh,,"Austria,Denmark",Austria,Denmark,Denmark,field,Denmark,"{""wickets"": 8}",ND Laegsgaard,6,international,male
1383079,T20,2023,2023-07-24,"Goldenacre, Edinburgh",Edinburgh,,"Jersey,Ireland",Jersey,Ireland,Ireland,field,Ireland,"{""wickets"": 9}",BJ McCarthy,6,international,male
1383080,T20,2023,2023-07-25,"Grange Cricket Club Ground, Raeburn Place, Edinburgh",Edinburgh,,"Italy,Denmark",Italy,Denmark,Denmark,field,Italy,"{""runs"": 26}",HJ Manenti,6,international,male
1383081,T20,2023,2023-07-25,"Goldenacre, Edinburgh",Edinburgh,,"Scotland,Austria",Scotland,Austria,Austria,field,Scotland,"{""runs"": 166}",HG Munsey,6,international,male
1383082,T20,2023,2023-07-25,"Grange Cricket Club Ground, Raeburn Place, Edinburgh",Edinburgh,,"Jersey,Germany",Jersey,Germany,Germany,field,Jersey,"{""runs"": 51}",NA Greenwood,6,international,male
1383083,T20,2023,2023-07-27,"Grange Cricket Club Ground, Raeburn Place, Edinburgh",Edinburgh,,"Scotland,Denmark",Scotland,Denmark,Denmark,field,Scotland,"{""runs"": 33}",RD Berrington,6,international,male
1383086,T20,2023,2023-07-28,"Grange Cricket Club Ground, Raeburn Place, Edinburgh",Edinburgh,,"Germany,Italy",Germany,Italy,Italy,field,Italy,"{""wickets"": 4}",S di Bartolomeo,6,international,male
1383087,T20,2023,2023-07-28,"Goldenacre, Edinburgh",Edinburgh,,"Jersey,Denmark",Jersey,Denmark,Denmark,field,Jersey,"{""runs"": 28}",NA Greenwood,6,international,male
1383088,T20,2023,2023-07-28,"Grange Cricket Club Ground, Raeburn Place, Edinburgh",Edinburgh,,"Scotland,Ireland",Scotland,Ireland,Ireland,field,Scotland,"{""runs"": 8}",BJ Currie,6,international,male
1383089,T20,2023,2023-07-22,"Amini Park, Port Moresby",Port Moresby,,"Japan,Philippines",Japan,Philippines,Japan,bat,Japan,"{""runs"": 53}",K Kadowaki-Fleming,6,international,male
1383090,T20,2023,2023-07-22,"Amini Park, Port Moresby",Port Moresby,,"Vanuatu,Papua New Guinea",Vanuatu,Papua New Guinea,Vanuatu,bat,Papua New Guinea,"{""wickets"": 9}",J Kariko,6,international,male
1383091,T20,2023,2023-07-23,"Amini Park, Port Moresby",Port Moresby,,"Japan,Vanuatu",Japan,Vanuatu,Vanuatu,field,Japan,"{""runs"": 21}",K Kadowaki-Fleming,6,international,male
1383093,T20,2023,2023-07-25,"Amini Park, Port Moresby",Port Moresby,,"Vanuatu,Philippines",Vanuatu,Philippines,Vanuatu,bat,Philippines,"{""wickets"": 6}",DC Smith,6,international,male
1383094,T20,2023,2023-07-25,"Amini Park, Port Moresby",Port Moresby,,"Japan,Papua New Guinea",Japan,Papua New Guinea,Japan,bat,Papua New Guinea,"{""wickets"": 6}",SI Kamea,6,international,male
1383095,T20,2023,2023-07-26,"Amini Park, Port Moresby",Port Moresby,,"Papua New Guinea,Vanuatu",Papua New Guinea,Vanuatu,Papua New Guinea,bat,Papua New Guinea,"{""runs"": 39}",N Vanua,6,international,male
1383096,T20,2023,2023-07-26,"Amini Park, Port Moresby",Port Moresby,,"Japan,Philippines",Japan,Philippines,Japan,bat,Japan,"{""runs"": 33}",S Ravichandran,6,international,male
1383097,T20,2023,2023-07-28,"Amini Park, Port Moresby",Port Moresby,,"Japan,Vanuatu",Japan,Vanuatu,Vanuatu,field,Vanuatu,"{""wickets"": 5}",N Nipiko,6,international,male
1383098,T20,2023,2023-07-28,"Amini Park, Port Moresby",Port Moresby,,"Papua New Guinea,Philippines",Papua New Guinea,Philippines,Philippines,field,Papua New Guinea,"{""runs"": 100}",TP Ura,6,international,male
1383099,T20,2023,2023-07-29,"Amini Park, Port Moresby",Port Moresby,,"Philippines,Vanuatu",Philippines,Vanuatu,Philippines,bat,Vanuatu,"{""wickets"": 3}",KDA Lukies,6,international,male
1383100,T20,2023,2023-07-29,"Amini Park, Port Moresby",Port Moresby,,"Japan,Papua New Guinea",Japan,Papua New Guinea,Japan,bat,Papua New Guinea,"{""wickets"": 6}",N Vanua,6,international,male
1383101,T20,2023,2023-07-26,"Bayuemas Oval, Kuala Lumpur",Kuala Lumpur,,"China,Malaysia",China,Malaysia,China,bat,Malaysia,"{""wickets"": 8}",Syazrul Idrus,6,international,male
1383102,T20,2023,2023-07-26,"Bayuemas Oval, Kuala Lumpur",Kuala Lumpur,,"Bhutan,Myanmar",Bhutan,Myanmar,Bhutan,bat,Bhutan,"{""runs"": 31}",Tashi Phuntsho,6,international,male
1383103,T20,2023,2023-07-27,"Bayuemas Oval, Kuala Lumpur",Kuala Lumpur,,"China,Thailand",China,Thailand,Thailand,field,Thailand,"{""wickets"": 9}",N Senamontree,6,international,male
1383104,T20,2023,2023-07-27,"Bayuemas Oval, Kuala Lumpur",Kuala Lumpur,,"Malaysia,Bhutan",Malaysia,Bhutan,Bhutan,field,Malaysia,"{""runs"": 75}",Virandeep Singh,6,international,male
1383105,T20,2023,2023-07-28,"Bayuemas Oval, Kuala Lumpur",Kuala Lumpur,,"Thailand,Myanmar",Thailand,Myanmar,Myanmar,field,Thailand,"{""runs"": 101}",J Coetzee,6,international,male
1383106,T20,2023,2023-07-30,"Bayuemas Oval, Kuala Lumpur",Kuala Lumpur,,"Bhutan,China",Bhutan,China,Bhutan,bat,Bhutan,"{""runs"": 95}",S Pradhan,6,international,male
1383107,T20,2023,2023-07-30,"Bayuemas Oval, Kuala Lumpur",Kuala Lumpur,,"Malaysia,Myanmar",Malaysia,Myanmar,Myanmar,field,Malaysia,"{""runs"": 184}",Ahmed Faiz,6,international,male
1383108,T20,2023,2023-07-31,"Bayuemas Oval, Kuala Lumpur",Kuala Lumpur,,"Bhutan,Thailand",Bhutan,Thailand,Thailand,field,Thailand,"{""wickets"": 8}",AP Yadav,6,international,male
1383109,T20,2023,2023-07-31,"Bayuemas Oval, Kuala Lumpur",Kuala Lumpur,,"Myanmar,China",Myanmar,China,China,field,China,"{""wickets"": 5}",Chen Zhuo Yue,6,international,male
1383110,T20,2023,2023-08-01,"Bayuemas Oval, Kuala Lumpur",Kuala Lumpur,,"Thailand,Malaysia",Thailand,Malaysia,Malaysia,field,Malaysia,"{""wickets"": 7}",S Vijay Unni,6,international,male
1384582,T20,2023,2023-07-10,Marsa Sports Club,Marsa,,"France,Malta",France,Malta,Malta,field,France,"{""runs"": 9}",Usman Khan,6,international,male
1384583,T20,2023,2023-07-10,Marsa Sports Club,Marsa,,"Malta,France",Malta,France,Malta,bat,Malta,"{""runs"": 4}",,6,international,male
1384584,T20,2023,2023-07-11,Marsa Sports Club,Marsa,,"Malta,Luxembourg",Malta,Luxembourg,Luxembourg,field,Malta,"{""runs"": 42}",Zeeshan Khan,6,international,male
1384585,T20,2023,2023-07-11,Marsa Sports Club,Marsa,,"France,Luxembourg",France,Luxembourg,France,bat,France,"{""runs"": 51}",SM Warnakulasuriya,6,international,male
1384586,T20,2023,2023-07-12,Marsa Sports Club,Marsa,,"Malta,Luxembourg",Malta,Luxembourg,Malta,bat,Luxembourg,"{""wickets"": 4}",E Jabarkhel,6,international,male
1384587,T20,2023,2023-07-12,Marsa Sports Club,Marsa,,"Luxembourg,France",Luxembourg,France,Luxembourg,bat,France,"{""wickets"": 9}",G Mckeon,6,international,male
1384588,T20,2023,2023-07-12,Marsa Sports Club,Marsa,,"France,Malta",France,Malta,France,bat,France,"{""runs"": 30}",Usman Khan,6,international,male
1384589,T20,2023,2023-07-13,Marsa Sports Club,Marsa,,"Luxembourg,Malta",Luxembourg,Malta,Malta,field,Malta,"{""wickets"": 6}",Fanyan Mughal,6,international,male
1384590,T20,2023,2023-07-13,Marsa Sports Club,Marsa,,"Romania,Switzerland",Romania,Switzerland,Switzerland,field,Switzerland,"{""wickets"": 6}",Faheem Nazir,6,international,male
1384591,T20,2023,2023-07-13,Marsa Sports Club,Marsa,,"France,Romania",France,Romania,France,bat,France,"{""runs"": 88}",L Canessane,6,international,male
1384592,T20,2023,2023-07-14,Marsa Sports Club,Marsa,,"Luxembourg,Switzerland",Luxembourg,Switzerland,Switzerland,field,Switzerland,"{""wickets"": 8}",Osama Mahmood,6,international,male
1384593,T20,2023,2023-07-14,Marsa Sports Club,Marsa,,"Malta,Romania",Malta,Romania,Malta,bat,Malta,"{""runs"": 41}",Zeeshan Khan,6,international,male
1384594,T20,2023,2023-07-14,Marsa Sports Club,Marsa,,"France,Switzerland",France,Switzerland,France,bat,Switzerland,"{""wickets"": 6}",Faheem Nazir,6,international,male
1384595,T20,2023,2023-07-15,Marsa Sports Club,Marsa,,"Romania,Luxembourg",Romania,Luxembourg,Romania,bat,Luxembourg,"{""wickets"": 7}",V Vijh,6,international,male
1384596,T20,2023,2023-07-15,Marsa Sports Club,Marsa,,"Malta,Switzerland",Malta,Switzerland,Switzerland,field,Switzerland,"{""wickets"": 6}",K Fletcher,6,international,male
1384597,T20,2023,2023-07-15,Marsa Sports Club,Marsa,,"France,Luxembourg",France,Luxembourg,France,bat,Luxembourg,"{""wickets"": 4}",Anoop Orsu,6,international,male
1384598,T20,2023,2023-07-16,Marsa Sports Club,Marsa,,"France,Malta",France,Malta,France,bat,Malta,"{""wickets"": 7}",Waqas Ahmad,6,international,male
1384599,T20,2023,2023-07-16,Marsa Sports Club,Marsa,,"Luxembourg,Romania",Luxembourg,Romania,Romania,field,Romania,"{""wickets"": 7}",V Saini,6,international,male
1384600,T20,2023,2023-07-16,Marsa Sports Club,Marsa,,"Malta,Switzerland",Malta,Switzerland,Malta,bat,Switzerland,"{""wickets"": 6}",Arjun Vinod,6,international,male
1384634,T20,2023,2023-08-18,"Malahide, Dublin",Dublin,,"Ireland,India",Ireland,India,India,field,India,"{""runs"": 2}",JJ Bumrah,6,international,male
1384637,T20,2023,2023-08-20,"Malahide, Dublin",Dublin,,"India,Ireland",India,Ireland,Ireland,field,India,"{""runs"": 33}",RK Singh,6,international,male
1385688,T20,2024,2024-05-25,"Edgbaston, Birmingham",Birmingham,,"England,Pakistan",England,Pakistan,Pakistan,field,England,"{""runs"": 23}",JC Buttler,6,international,male
1385690,T20,2024,2024-05-30,"Kennington Oval, London",London,,"Pakistan,England",Pakistan,England,England,field,England,"{""wickets"": 7}",AU Rashid,6,international,male
1385697,T20,2024,2024-09-11,"The Rose Bowl, Southampton",Southampton,,"Australia,England",Australia,England,England,field,Australia,"{""runs"": 28}",TM Head,6,international,male
1385698,T20,2024,2024-09-13,"Sophia Gardens, Cardiff",Cardiff,,"Australia,England",Australia,England,England,field,England,"{""wickets"": 3}",LS Livingstone,6,international,male
1387243,T20,2023,2023-08-14,"Sportpark Het Schootsveld, Deventer",Deventer,,"Guernsey,Germany",Guernsey,Germany,Germany,field,Germany,"{""wickets"": 9}",Fayaz Khan,6,international,male
1387244,T20,2023,2023-08-14,"Sportpark Het Schootsveld, Deventer",Deventer,,"Germany,Guernsey",Germany,Guernsey,Germany,bat,Guernsey,"{""wickets"": 5}",MWR Stokes,6,international,male
1387245,T20,2023,2023-08-15,"Sportpark Het Schootsveld, Deventer",Deventer,,"Guernsey,Germany",Guernsey,Germany,Guernsey,bat,Guernsey,"{""runs"": 10}",J Butler,6,international,male
1387598,T20,2023/24,2023-12-12,"St George's Park, Gqeberha",Gqeberha,,"India,South Africa",India,South Africa,South Africa,field,South Africa,"{""wickets"": 5}",T Shamsi,6,international,male
1387599,T20,2023/24,2023-12-14,"The Wanderers Stadium, Johannesburg",Johannesburg,,"India,South Africa",India,South Africa,South Africa,field,India,"{""runs"": 106}",SA Yadav,6,international,male
1388213,T20,2023/24,2023-12-27,"McLean Park, Napier",Napier,,"New Zealand,Bangladesh",New Zealand,Bangladesh,Bangladesh,field,Bangladesh,"{""wickets"": 5}",Mahedi Hasan,6,international,male
1388214,T20,2023/24,2023-12-29,"Bay Oval, Mount Maunganui",Mount Maunganui,,"New Zealand,Bangladesh",New Zealand,Bangladesh,Bangladesh,field,,null,,6,international,male
1388215,T20,2023/24,2023-12-31,"Bay Oval, Mount Maunganui",Mount Maunganui,,"Bangladesh,New Zealand",Bangladesh,New Zealand,New Zealand,field,New Zealand,"{""runs"": 17}",MJ Santner,6,international,male
1388216,T20,2023/24,2024-01-12,"Eden Park, Auckland",Auckland,,"New Zealand,Pakistan",New Zealand,Pakistan,Pakistan,field,New Zealand,"{""runs"": 46}",DJ Mitchell,6,international,male
1388217,T20,2023/24,2024-01-14,"Seddon Park, Hamilton",Hamilton,,"New Zealand,Pakistan",New Zealand,Pakistan,Pakistan,field,New Zealand,"{""runs"": 21}",FH Allen,6,international,male
1388218,T20,2023/24,2024-01-17,"University Oval, Dunedin",Dunedin,,"New Zealand,Pakistan",New Zealand,Pakistan,Pakistan,field,New Zealand,"{""runs"": 45}",FH Allen,6,international,male
1388219,T20,2023/24,2024-01-19,"Hagley Oval, Christchurch",Christchurch,,"Pakistan,New Zealand",Pakistan,New Zealand,New Zealand,field,New Zealand,"{""wickets"": 7}",DJ Mitchell,6,international,male
1388220,T20,2023/24,2024-01-21,"Hagley Oval, Christchurch",Christchurch,,"Pakistan,New Zealand",Pakistan,New Zealand,Pakistan,bat,Pakistan,"{""runs"": 42}",Iftikhar Ahmed,6,international,male
1388223,T20,2023/24,2024-02-21,"Sky Stadium, Wellington",Wellington,,"New Zealand,Australia",New Zealand,Australia,New Zealand,bat,Australia,"{""wickets"": 6}",MR Marsh,6,international,male
1388224,T20,2023/24,2024-02-23,"Eden Park, Auckland",Auckland,,"Australia,New Zealand",Australia,New Zealand,New Zealand,field,Australia,"{""runs"": 72}",PJ Cummins,6,international,male
1388225,T20,2023/24,2024-02-25,"Eden Park, Auckland",Auckland,,"Australia,New Zealand",Australia,New Zealand,New Zealand,field,Australia,"{""runs"": 27}",MW Short,6,international,male
1389391,T20,2023/24,2023-11-23,"Dr. Y.S. Rajasekhara Reddy ACA-VDCA Cricket Stadium, Visakhapatnam",Visakhapatnam,,"Australia,India",Australia,India,India,field,India,"{""wickets"": 2}",SA Yadav,6,international,male
1389392,T20,2023/24,2023-11-26,"Greenfield International Stadium, Thiruvananthapuram",Thiruvananthapuram,,"India,Australia",India,Australia,Australia,field,India,"{""runs"": 44}",YBK Jaiswal,6,international,male
1389393,T20,2023/24,2023-11-28,"Barsapara Cricket Stadium, Guwahati",Guwahati,,"India,Australia",India,Australia,Australia,field,Australia,"{""wickets"": 5}",GJ Maxwell,6,international,male
1389394,T20,2023/24,2023-12-01,"Shaheed Veer Narayan Singh International Stadium, Raipur",Raipur,,"India,Australia",India,Australia,Australia,field,India,"{""runs"": 20}",AR Patel,6,international,male
1389395,T20,2023/24,2023-12-03,"M Chinnaswamy Stadium, Bengaluru",Bengaluru,,"India,Australia",India,Australia,Australia,field,India,"{""runs"": 6}",AR Patel,6,international,male
1390167,T20,2023,2023-08-05,"GB Oval, Szodliget",Szodliget,,"Hungary,Croatia",Hungary,Croatia,Hungary,bat,Hungary,"{""runs"": 145}",Sheikh Rasik,6,international,male
1390169,T20,2023,2023-08-06,"GB Oval, Szodliget",Szodliget,,"Croatia,Hungary",Croatia,Hungary,Croatia,bat,Hungary,"{""wickets"": 7}",Sheikh Rasik,6,international,male
1391332,T20,2023,2023-08-18,"Moara Vlasiei Cricket Ground, Ilfov County",Ilfov County,,"Romania,Malta",Romania,Malta,Romania,bat,Malta,"{""wickets"": 8}",Washeem Abbas,6,international,male
1391333,T20,2023,2023-08-19,"Moara Vlasiei Cricket Ground, Ilfov County",Ilfov County,,"Romania,Malta",Romania,Malta,Romania,bat,Malta,"{""wickets"": 4}",Imran Ameer,6,international,male
1391335,T20,2023,2023-08-19,"Moara Vlasiei Cricket Ground, Ilfov County",Ilfov County,,"Malta,Romania",Malta,Romania,Romania,field,Romania,"{""wickets"": 3}",S Vashisht,6,international,male
1391336,T20,2023,2023-08-20,"Moara Vlasiei Cricket Ground, Ilfov County",Ilfov County,,"Malta,Romania",Malta,Romania,Romania,field,Romania,"{""wickets"": 9}",R Satheesan,6,international,male
1391337,T20,2023,2023-08-20,"Moara Vlasiei Cricket Ground, Ilfov County",Ilfov County,,"Romania,Malta",Romania,Malta,Malta,field,Romania,"{""runs"": 6}",R Satheesan,6,international,male
1391338,T20,2023,2023-09-30,Europa Sports Complex,Gibraltar,,"Estonia,Gibraltar",Estonia,Gibraltar,Gibraltar,field,Gibraltar,"{""wickets"": 2}",L Bruce,6,international,male
1391339,T20,2023,2023-09-30,Europa Sports Complex,Gibraltar,,"Gibraltar,Estonia",Gibraltar,Estonia,Estonia,field,Estonia,"{""wickets"": 8}",Bilal Masud,6,international,male
1392802,T20,2023,2023-09-15,"West End Park International Cricket Stadium, Doha",Doha,,"Saudi Arabia,Kuwait",Saudi Arabia,Kuwait,Saudi Arabia,bat,Kuwait,"{""wickets"": 5}",Adnan Idrees,6,international,male
1392803,T20,2023,2023-09-15,"West End Park International Cricket Stadium, Doha",Doha,,"Qatar,Bahrain",Qatar,Bahrain,Bahrain,field,Qatar,"{""runs"": 19}",H Rathod,6,international,male
1392805,T20,2023,2023-09-16,"West End Park International Cricket Stadium, Doha",Doha,,"Bahrain,Kuwait",Bahrain,Kuwait,Kuwait,field,Kuwait,"{""wickets"": 8}",Meet Bhavsar,6,international,male
1392808,T20,2023,2023-09-18,"West End Park International Cricket Stadium, Doha",Doha,,"Qatar,Kuwait",Qatar,Kuwait,Kuwait,field,Qatar,"{""runs"": 1}",Adnan Mirza,6,international,male
1392809,T20,2023,2023-09-18,"West End Park International Cricket Stadium, Doha",Doha,,"Saudi Arabia,Bahrain",Saudi Arabia,Bahrain,Saudi Arabia,bat,Bahrain,"{""wickets"": 6}",Rizwan Butt,6,international,male
1392811,T20,2023,2023-09-19,"West End Park International Cricket Stadium, Doha",Doha,,"Bahrain,Oman",Bahrain,Oman,Oman,field,Bahrain,"{""runs"": 1}",Rizwan Butt,6,international,male
1392812,T20,2023,2023-09-20,"West End Park International Cricket Stadium, Doha",Doha,,"United Arab Emirates,Qatar",United Arab Emirates,Qatar,United Arab Emirates,bat,United Arab Emirates,"{""runs"": 60}",Zahoor Khan,6,international,male
1393309,T20,2023,2023-08-20,"Gahanga International Cricket Stadium, Rwanda",Kigali City,,"Uganda,Rwanda",Uganda,Rwanda,Uganda,bat,Uganda,"{""runs"": 40}",K Waiswa,6,international,male
1393310,T20,2023,2023-08-20,"Gahanga International Cricket Stadium, Rwanda",Kigali City,,"Tanzania,Uganda",Tanzania,Uganda,Tanzania,bat,Uganda,"{""wickets"": 6}",K Waiswa,6,international,male
1393311,T20,2023,2023-08-21,"Gahanga International Cricket Stadium, Rwanda",Kigali City,,"Uganda,Tanzania",Uganda,Tanzania,Uganda,bat,Tanzania,"{""wickets"": 3}",,6,international,male
1393312,T20,2023,2023-08-22,"Gahanga International Cricket Stadium, Rwanda",Kigali City,,"Uganda,Rwanda",Uganda,Rwanda,Rwanda,field,Uganda,"{""runs"": 61}",AR Ramjani,6,international,male
1393313,T20,2023,2023-08-24,"Gahanga International Cricket Stadium, Rwanda",Kigali City,,"Uganda,Rwanda",Uganda,Rwanda,Rwanda,field,Uganda,"{""runs"": 86}",RG Mukasa,6,international,male
1393314,T20,2023,2023-08-24,"Gahanga International Cricket Stadium, Rwanda",Kigali City,,"Uganda,Tanzania",Uganda,Tanzania,Tanzania,field,Uganda,"{""runs"": 60}",K Waiswa,6,international,male
1393315,T20,2023,2023-08-25,"Gahanga International Cricket Stadium, Rwanda",Kigali City,,"Rwanda,Tanzania",Rwanda,Tanzania,Tanzania,field,Tanzania,"{""wickets"": 1}",M Yunusu Issa,6,international,male
1393316,T20,2023,2023-08-27,"Gahanga International Cricket Stadium, Rwanda",Kigali City,,"Rwanda,Uganda",Rwanda,Uganda,Rwanda,bat,Uganda,"{""wickets"": 6}",AR Ramjani,6,international,male
1393317,T20,2023,2023-08-28,"Gahanga International Cricket Stadium, Rwanda",Kigali City,,"Uganda,Tanzania",Uganda,Tanzania,Uganda,bat,Uganda,"{""runs"": 59}",AR Ramjani,6,international,male
1393318,T20,2023,2023-08-28,"Gahanga International Cricket Stadium, Rwanda",Kigali City,,"Rwanda,Uganda",Rwanda,Uganda,Rwanda,bat,Uganda,"{""wickets"": 8}",,6,international,male
1393319,T20,2023,2023-08-30,"Gahanga International Cricket Stadium, Rwanda",Kigali City,,"Uganda,Tanzania",Uganda,Tanzania,Tanzania,field,Uganda,"{""runs"": 19}",B Masaba,6,international,male
1393320,T20,2023,2023-08-31,"Gahanga International Cricket Stadium, Rwanda",Kigali City,,"Rwanda,Uganda",Rwanda,Uganda,Rwanda,bat,Uganda,"{""wickets"": 8}",S Sesazi,6,international,male
1393328,T20,2023,2023-08-22,"Gahanga International Cricket Stadium, Rwanda",Kigali City,,"Rwanda,Tanzania",Rwanda,Tanzania,Tanzania,field,Tanzania,"{""wickets"": 7}",,6,international,male
1393329,T20,2023,2023-08-25,"Gahanga International Cricket Stadium, Rwanda",Kigali City,,"Uganda,Tanzania",Uganda,Tanzania,Uganda,bat,Uganda,"{""runs"": 19}",AR Ramjani,6,international,male
1393330,T20,2023,2023-08-27,"Gahanga International Cricket Stadium, Rwanda",Kigali City,,"Tanzania,Rwanda",Tanzania,Rwanda,Rwanda,field,Tanzania,"{""runs"": 9}",SA Jumbe,6,international,male
1393331,T20,2023,2023-08-30,"Gahanga International Cricket Stadium, Rwanda",Kigali City,,"Tanzania,Rwanda",Tanzania,Rwanda,Rwanda,field,Tanzania,"{""runs"": 61}",,6,international,male
1393332,T20,2023,2023-08-31,"Gahanga International Cricket Stadium, Rwanda",Kigali City,,"Tanzania,Rwanda",Tanzania,Rwanda,Tanzania,bat,Tanzania,"{""runs"": 49}",YM Nkanya,6,international,male
1397437,T20,2023,2023-09-22,"West End Park International Cricket Stadium, Doha",Doha,,"Bahrain,United Arab Emirates",Bahrain,United Arab Emirates,Bahrain,bat,Bahrain,"{""runs"": 3}",Haider Butt,6,international,male
1397438,T20,2023,2023-09-22,"West End Park International Cricket Stadium, Doha",Doha,,"Oman,Kuwait",Oman,Kuwait,Oman,bat,Oman,"{""runs"": 68}",Ayan Khan,6,international,male
1397439,T20,2023,2023-09-23,"West End Park International Cricket Stadium, Doha",Doha,,"United Arab Emirates,Oman",United Arab Emirates,Oman,United Arab Emirates,bat,Oman,"{""wickets"": 5}",Aqib Ilyas,6,international,male
1398295,T20,2023,2023-09-19,"Bayuemas Oval, Kuala Lumpur",Kuala Lumpur,,"Malaysia,Hong Kong",Malaysia,Hong Kong,Hong Kong,field,Malaysia,"{""runs"": 102}",Virandeep Singh,6,international,male
1398296,T20,2023,2023-09-20,"Bayuemas Oval, Kuala Lumpur",Kuala Lumpur,,"Malaysia,Papua New Guinea",Malaysia,Papua New Guinea,Malaysia,bat,Papua New Guinea,"{""runs"": 45}",TP Ura,6,international,male
1398298,T20,2023,2023-09-22,"Bayuemas Oval, Kuala Lumpur",Kuala Lumpur,,"Malaysia,Hong Kong",Malaysia,Hong Kong,Malaysia,bat,Malaysia,"{""runs"": 23}",Virandeep Singh,6,international,male
1398299,T20,2023,2023-09-23,"Bayuemas Oval, Kuala Lumpur",Kuala Lumpur,,"Malaysia,Papua New Guinea",Malaysia,Papua New Guinea,Malaysia,bat,Papua New Guinea,"{""wickets"": 4}",J Kariko,6,international,male
1398300,T20,2023,2023-09-24,"Bayuemas Oval, Kuala Lumpur",Kuala Lumpur,,"Hong Kong,Papua New Guinea",Hong Kong,Papua New Guinea,Papua New Guinea,field,Papua New Guinea,"{""wickets"": 1}",Nasrulla Rana,6,international,male
1399104,T20,2023,2023-09-27,Zhejiang University of Technology Cricket Field,Hangzhou,,"Nepal,Mongolia",Nepal,Mongolia,Mongolia,field,Nepal,"{""runs"": 273}",,6,international,male
1399113,T20,2023,2023-10-03,Zhejiang University of Technology Cricket Field,Hangzhou,,"India,Nepal",India,Nepal,India,bat,India,"{""runs"": 23}",,6,international,male
1399114,T20,2023,2023-10-03,Zhejiang University of Technology Cricket Field,Hangzhou,,"Pakistan,Hong Kong",Pakistan,Hong Kong,Hong Kong,field,Pakistan,"{""runs"": 68}",,6,international,male
1399116,T20,2023,2023-10-04,Zhejiang University of Technology Cricket Field,Hangzhou,,"Bangladesh,Malaysia",Bangladesh,Malaysia,Bangladesh,bat,Bangladesh,"{""runs"": 2}",,6,international,male
1399117,T20,2023,2023-10-06,Zhejiang University of Technology Cricket Field,Hangzhou,,"Bangladesh,India",Bangladesh,India,India,field,India,"{""wickets"": 9}",,6,international,male
1399119,T20,2023,2023-10-07,Zhejiang University of Technology Cricket Field,Hangzhou,,"Pakistan,Bangladesh",Pakistan,Bangladesh,Bangladesh,field,Bangladesh,"{""wickets"": 6}",,6,international,male
1399138,T20,2023/24,2023-09-28,"West End Park International Cricket Stadium, Doha",Doha,,"Qatar,Kuwait",Qatar,Kuwait,Kuwait,field,Kuwait,"{""wickets"": 7}",R Sandaruwan,6,international,male
1399140,T20,2023/24,2023-09-29,"West End Park International Cricket Stadium, Doha",Doha,,"Maldives,Kuwait",Maldives,Kuwait,Kuwait,field,Kuwait,"{""wickets"": 7}",,6,international,male
1399142,T20,2023/24,2023-10-01,"West End Park International Cricket Stadium, Doha",Doha,,"Maldives,Qatar",Maldives,Qatar,Qatar,field,Qatar,"{""wickets"": 9}",Saqlain Arshad,6,international,male
1399143,T20,2023/24,2023-10-01,"West End Park International Cricket Stadium, Doha",Doha,,"Kuwait,Saudi Arabia",Kuwait,Saudi Arabia,Kuwait,bat,Saudi Arabia,"{""wickets"": 3}",Faisal Khan,6,international,male
1399144,T20,2023/24,2023-10-02,"West End Park International Cricket Stadium, Doha",Doha,,"Qatar,Kuwait",Qatar,Kuwait,Kuwait,field,Kuwait,"{""wickets"": 5}",R Sandaruwan,6,international,male
1399145,T20,2023/24,2023-10-02,"West End Park International Cricket Stadium, Doha",Doha,,"Maldives,Saudi Arabia",Maldives,Saudi Arabia,Maldives,bat,Saudi Arabia,"{""wickets"": 9}",Faisal Khan,6,international,male
1399146,T20,2023/24,2023-10-04,"West End Park International Cricket Stadium, Doha",Doha,,"Maldives,Kuwait",Maldives,Kuwait,Kuwait,field,Kuwait,"{""wickets"": 8}",Meet Bhavsar,6,international,male
1399148,T20,2023/24,2023-10-05,"West End Park International Cricket Stadium, Doha",Doha,,"Qatar,Maldives",Qatar,Maldives,Maldives,field,Qatar,"{""runs"": 42}",Muhammad Tanveer,6,international,male
1399149,T20,2023/24,2023-10-05,"West End Park International Cricket Stadium, Doha",Doha,,"Saudi Arabia,Kuwait",Saudi Arabia,Kuwait,Kuwait,field,Kuwait,"{""wickets"": 4}",Meet Bhavsar,6,international,male
1399150,T20,2023/24,2023-09-30,"White Hill Field, Sandys Parish",Hamilton,,"Bermuda,Canada",Bermuda,Canada,Canada,field,Bermuda,"{""runs"": 86}",KS Leverock,6,international,male
1399151,T20,2023/24,2023-09-30,"White Hill Field, Sandys Parish",Hamilton,,"Panama,Cayman Islands",Panama,Cayman Islands,Panama,bat,Cayman Islands,"{""wickets"": 7}",A Morris,6,international,male
1399152,T20,2023/24,2023-10-01,"White Hill Field, Sandys Parish",Hamilton,,"Panama,Bermuda",Panama,Bermuda,Panama,bat,Bermuda,"{""wickets"": 7}",T Manders,6,international,male
1399153,T20,2023/24,2023-10-01,"White Hill Field, Sandys Parish",Hamilton,,"Canada,Cayman Islands",Canada,Cayman Islands,Canada,bat,Canada,"{""runs"": 108}",H Thaker,6,international,male
1399154,T20,2023/24,2023-10-03,"National Stadium, Hamilton",Hamilton,,"Canada,Panama",Canada,Panama,Canada,bat,Canada,"{""runs"": 163}",A Johnson,6,international,male
1399155,T20,2023/24,2023-10-03,"National Stadium, Hamilton",Hamilton,,"Bermuda,Cayman Islands",Bermuda,Cayman Islands,Bermuda,bat,Bermuda,"{""runs"": 53}",DL Brangman,6,international,male
1399156,T20,2023/24,2023-10-04,"National Stadium, Hamilton",Hamilton,,"Canada,Cayman Islands",Canada,Cayman Islands,Canada,bat,Canada,"{""runs"": 166}",Pargat Singh,6,international,male
1399157,T20,2023/24,2023-10-04,"National Stadium, Hamilton",Hamilton,,"Panama,Bermuda",Panama,Bermuda,Bermuda,field,Bermuda,"{""wickets"": 5}",DMW Rawlins,6,international,male
1399161,T20,2023/24,2023-10-07,"National Stadium, Hamilton",Hamilton,,"Canada,Bermuda",Canada,Bermuda,Canada,bat,Canada,"{""runs"": 39}",Kaleem Sana,6,international,male
1400053,T20,2023/24,2023-10-05,Europa Sports Complex,Gibraltar,,"Serbia,Gibraltar",Serbia,Gibraltar,Gibraltar,field,Gibraltar,"{""wickets"": 7}",BA Pai,6,international,male
1400054,T20,2023/24,2023-10-05,Europa Sports Complex,Gibraltar,,"Serbia,Gibraltar",Serbia,Gibraltar,Serbia,bat,Gibraltar,"{""wickets"": 7}",BA Pai,6,international,male
1400055,T20,2023/24,2023-10-15,Europa Sports Complex,Gibraltar,,"Gibraltar,Luxembourg",Gibraltar,Luxembourg,Luxembourg,field,Gibraltar,"{""runs"": 24}",KJ Stagno,6,international,male
1400056,T20,2023/24,2023-10-15,Europa Sports Complex,Gibraltar,,"Luxembourg,Gibraltar",Luxembourg,Gibraltar,Luxembourg,bat,Luxembourg,"{""runs"": 11}",,6,international,male
1400972,T20,2023/24,2023-10-04,"Tafawa Balewa Square Cricket Oval, Lagos",Lagos,,"Nigeria,Rwanda",Nigeria,Rwanda,Nigeria,bat,Nigeria,"{""runs"": 54}",C Udekwe,6,international,male
1400973,T20,2023/24,2023-10-04,"Tafawa Balewa Square Cricket Oval, Lagos",Lagos,,"Sierra Leone,Ghana",Sierra Leone,Ghana,Ghana,field,Ghana,"{""wickets"": 3}",OH Agbomadzie,6,international,male
1400974,T20,2023/24,2023-10-05,"Tafawa Balewa Square Cricket Oval, Lagos",Lagos,,"Nigeria,Sierra Leone",Nigeria,Sierra Leone,Sierra Leone,field,Nigeria,"{""runs"": 63}",Sulaimon Runsewe,6,international,male
1400975,T20,2023/24,2023-10-05,"Tafawa Balewa Square Cricket Oval, Lagos",Lagos,,"Rwanda,Ghana",Rwanda,Ghana,Rwanda,bat,,null,K Irakoze,6,international,male
1400976,T20,2023/24,2023-10-06,"Tafawa Balewa Square Cricket Oval, Lagos",Lagos,,"Nigeria,Ghana",Nigeria,Ghana,Ghana,field,Nigeria,"{""runs"": 35}",P Aho,6,international,male
1400977,T20,2023/24,2023-10-06,"Tafawa Balewa Square Cricket Oval, Lagos",Lagos,,"Rwanda,Sierra Leone",Rwanda,Sierra Leone,Rwanda,bat,Rwanda,"{""runs"": 33}",Hamza Khan,6,international,male
1400978,T20,2023/24,2023-10-07,"Tafawa Balewa Square Cricket Oval, Lagos",Lagos,,"Rwanda,Nigeria",Rwanda,Nigeria,Nigeria,field,Nigeria,"{""wickets"": 6}",,6,international,male
1400980,T20,2023/24,2023-10-08,"Tafawa Balewa Square Cricket Oval, Lagos",Lagos,,"Sierra Leone,Nigeria",Sierra Leone,Nigeria,Sierra Leone,bat,Nigeria,"{""wickets"": 9}",Mohameed Taiwo,6,international,male
1400981,T20,2023/24,2023-10-08,"Tafawa Balewa Square Cricket Oval, Lagos",Lagos,,"Rwanda,Ghana",Rwanda,Ghana,Rwanda,bat,Rwanda,"{""runs"": 47}",,6,international,male
1400982,T20,2023/24,2023-10-10,"Tafawa Balewa Square Cricket Oval, Lagos",Lagos,,"Nigeria,Ghana",Nigeria,Ghana,Nigeria,bat,Nigeria,"{""runs"": 82}",Sulaimon Runsewe,6,international,male
1400983,T20,2023/24,2023-10-10,"Tafawa Balewa Square Cricket Oval, Lagos",Lagos,,"Sierra Leone,Rwanda",Sierra Leone,Rwanda,Sierra Leone,bat,Sierra Leone,"{""runs"": 2}",R Coker,6,international,male
1400984,T20,2023/24,2023-10-11,"Tafawa Balewa Square Cricket Oval, Lagos",Lagos,,"Ghana,Nigeria",Ghana,Nigeria,Nigeria,field,Nigeria,"{""wickets"": 5}",I Danladi,6,international,male
1400985,T20,2023/24,2023-10-11,"Tafawa Balewa Square Cricket Oval, Lagos",Lagos,,"Sierra Leone,Rwanda",Sierra Leone,Rwanda,Sierra Leone,bat,Rwanda,"{""wickets"": 5}",E Rukiriza,6,international,male
1400986,T20,2023/24,2023-10-12,"Tafawa Balewa Square Cricket Oval, Lagos",Lagos,,"Ghana,Rwanda",Ghana,Rwanda,Ghana,bat,Rwanda,"{""wickets"": 9}",K Irakoze,6,international,male
1400987,T20,2023/24,2023-10-12,"Tafawa Balewa Square Cricket Oval, Lagos",Lagos,,"Nigeria,Sierra Leone",Nigeria,Sierra Leone,Sierra Leone,field,Nigeria,"{""runs"": 53}",IO Okpe,6,international,male
1400988,T20,2023/24,2023-10-14,"Tafawa Balewa Square Cricket Oval, Lagos",Lagos,,"Rwanda,Nigeria",Rwanda,Nigeria,Nigeria,field,Nigeria,"{""wickets"": 8}",,6,international,male
1400989,T20,2023/24,2023-10-14,"Tafawa Balewa Square Cricket Oval, Lagos",Lagos,,"Ghana,Sierra Leone",Ghana,Sierra Leone,Sierra Leone,field,Ghana,"{""runs"": 5}",,6,international,male
1400990,T20,2023/24,2023-10-15,"Tafawa Balewa Square Cricket Oval, Lagos",Lagos,,"Ghana,Sierra Leone",Ghana,Sierra Leone,Ghana,bat,Sierra Leone,"{""wickets"": 6}",,6,international,male
1400991,T20,2023/24,2023-10-15,"Tafawa Balewa Square Cricket Oval, Lagos",Lagos,,"Nigeria,Rwanda",Nigeria,Rwanda,Nigeria,bat,Nigeria,"{""runs"": 17}",I Danladi,6,international,male
1403288,T20,2023/24,2023-10-18,Mulpani Cricket Ground,Kathmandu,,"United Arab Emirates,Nepal",United Arab Emirates,Nepal,Nepal,field,Nepal,"{""wickets"": 7}",RK Paudel,6,international,male
1403289,T20,2023/24,2023-10-19,Mulpani Cricket Ground,Kathmandu,,"Hong Kong,Nepal",Hong Kong,Nepal,Nepal,field,Nepal,"{""wickets"": 6}",Karan KC,6,international,male
1403290,T20,2023/24,2023-10-21,Mulpani Cricket Ground,Kathmandu,,"Nepal,Hong Kong",Nepal,Hong Kong,Nepal,bat,Nepal,"{""runs"": 79}",Kushal Malla,6,international,male
1403291,T20,2023/24,2023-10-22,Mulpani Cricket Ground,Kathmandu,,"Hong Kong,United Arab Emirates",Hong Kong,United Arab Emirates,United Arab Emirates,field,United Arab Emirates,"{""wickets"": 6}",Zahoor Khan,6,international,male
1403292,T20,2023/24,2023-10-23,Mulpani Cricket Ground,Kathmandu,,"United Arab Emirates,Nepal",United Arab Emirates,Nepal,Nepal,field,Nepal,"{""wickets"": 5}",DS Airee,6,international,male
1403293,T20,2023/24,2023-10-25,Mulpani Cricket Ground,Kathmandu,,"Hong Kong,United Arab Emirates",Hong Kong,United Arab Emirates,Hong Kong,bat,Hong Kong,"{""runs"": 69}",Babar Hayat,6,international,male
1403294,T20,2023/24,2023-10-27,"Tribhuvan University International Cricket Ground, Kirtipur",Kirtipur,,"Nepal,United Arab Emirates",Nepal,United Arab Emirates,United Arab Emirates,field,United Arab Emirates,"{""wickets"": 4}",Aayan Afzal Khan,6,international,male
1403297,T20,2023/24,2023-10-18,St Georges Quilmes,,,"Chile,Mexico",Chile,Mexico,Chile,bat,Mexico,"{""wickets"": 5}",Shashikant Laxman,6,international,male
1403301,T20,2023/24,2023-10-19,St Georges Quilmes,,,"Mexico,Argentina",Mexico,Argentina,Argentina,field,Argentina,"{""wickets"": 4}",T Rossi,6,international,male
1403305,T20,2023/24,2023-10-20,St Georges Quilmes,,,"Chile,Argentina",Chile,Argentina,Chile,bat,Argentina,"{""wickets"": 10}",Lucas Rossi,6,international,male
1404390,T20,2023/24,2023-10-24,"Wanderers Cricket Ground, Windhoek",Windhoek,,"Zimbabwe,Namibia",Zimbabwe,Namibia,Zimbabwe,bat,Namibia,"{""wickets"": 7}",N Davin,6,international,male
1404391,T20,2023/24,2023-10-25,"Wanderers Cricket Ground, Windhoek",Windhoek,,"Namibia,Zimbabwe",Namibia,Zimbabwe,Zimbabwe,field,Zimbabwe,"{""wickets"": 5}",Sikandar Raza,6,international,male
1404392,T20,2023/24,2023-10-27,"United Cricket Club Ground, Windhoek",Windhoek,,"Namibia,Zimbabwe",Namibia,Zimbabwe,Namibia,bat,Zimbabwe,"{""wickets"": 6}",Sikandar Raza,6,international,male
1404393,T20,2023/24,2023-10-29,"United Cricket Club Ground, Windhoek",Windhoek,,"Zimbabwe,Namibia",Zimbabwe,Namibia,Zimbabwe,bat,Namibia,"{""wickets"": 7}",MG Erasmus,6,international,male
1404394,T20,2023/24,2023-10-30,"United Cricket Club Ground, Windhoek",Windhoek,,"Namibia,Zimbabwe",Namibia,Zimbabwe,Zimbabwe,field,Namibia,"{""runs"": 8}",JJ Smit,6,international,male
1405313,T20,2023/24,2023-10-30,Mulpani Cricket Ground,Kathmandu,,"Bahrain,United Arab Emirates",Bahrain,United Arab Emirates,United Arab Emirates,field,United Arab Emirates,"{""wickets"": 5}",Ali Naseer,6,international,male
1405314,T20,2023/24,2023-10-30,"Tribhuvan University International Cricket Ground, Kirtipur",Kirtipur,,"Singapore,Nepal",Singapore,Nepal,Singapore,bat,Nepal,"{""wickets"": 8}",K Bhurtel,6,international,male
1405315,T20,2023/24,2023-10-30,"Tribhuvan University International Cricket Ground, Kirtipur",Kirtipur,,"Oman,Malaysia",Oman,Malaysia,Oman,bat,Oman,"{""runs"": 32}",Zeeshan Maqsood,6,international,male
1405316,T20,2023/24,2023-10-30,Mulpani Cricket Ground,Kathmandu,,"Hong Kong,Kuwait",Hong Kong,Kuwait,Kuwait,field,Hong Kong,"{""runs"": 16}",M Coetzee,6,international,male
1405317,T20,2023/24,2023-10-31,"Tribhuvan University International Cricket Ground, Kirtipur",Kirtipur,,"Oman,Singapore",Oman,Singapore,Singapore,field,Oman,"{""runs"": 22}",Aqib Ilyas,6,international,male
1405318,T20,2023/24,2023-10-31,Mulpani Cricket Ground,Kathmandu,,"Bahrain,Hong Kong",Bahrain,Hong Kong,Hong Kong,field,Bahrain,"{""runs"": 20}",,6,international,male
1405319,T20,2023/24,2023-10-31,"Tribhuvan University International Cricket Ground, Kirtipur",Kirtipur,,"Malaysia,Nepal",Malaysia,Nepal,Malaysia,bat,Nepal,"{""wickets"": 6}",Kushal Malla,6,international,male
1405320,T20,2023/24,2023-10-31,Mulpani Cricket Ground,Kathmandu,,"Kuwait,United Arab Emirates",Kuwait,United Arab Emirates,Kuwait,bat,United Arab Emirates,"{""wickets"": 5}",Ali Naseer,6,international,male
1405321,T20,2023/24,2023-11-02,"Tribhuvan University International Cricket Ground, Kirtipur",Kirtipur,,"Oman,Nepal",Oman,Nepal,Nepal,field,Oman,"{""runs"": 5}",Shakeel Ahmed,6,international,male
1405322,T20,2023/24,2023-11-02,Mulpani Cricket Ground,Kathmandu,,"United Arab Emirates,Hong Kong",United Arab Emirates,Hong Kong,Hong Kong,field,United Arab Emirates,"{""runs"": 22}",Basil Hameed,6,international,male
1405323,T20,2023/24,2023-11-02,"Tribhuvan University International Cricket Ground, Kirtipur",Kirtipur,,"Malaysia,Singapore",Malaysia,Singapore,Malaysia,bat,Malaysia,"{""runs"": 60}",Muhammad Amir,6,international,male
1405324,T20,2023/24,2023-11-02,Mulpani Cricket Ground,Kathmandu,,"Bahrain,Kuwait",Bahrain,Kuwait,Kuwait,field,Kuwait,"{""wickets"": 4}",Usman Patel,6,international,male
1405325,T20,2023/24,2023-11-03,"Tribhuvan University International Cricket Ground, Kirtipur",Kirtipur,,"Bahrain,Oman",Bahrain,Oman,Bahrain,bat,Oman,"{""wickets"": 10}",Aqib Ilyas,6,international,male
1405326,T20,2023/24,2023-11-03,Mulpani Cricket Ground,Kathmandu,,"United Arab Emirates,Nepal",United Arab Emirates,Nepal,United Arab Emirates,bat,Nepal,"{""wickets"": 8}",Aasif Sheikh,6,international,male
1405327,T20,2023/24,2023-11-05,"Tribhuvan University International Cricket Ground, Kirtipur",Kirtipur,,"Nepal,Oman",Nepal,Oman,Nepal,bat,,null,KH Prajapati,6,international,male
1407089,T20,2023/24,2023-11-22,"United Cricket Club Ground, Windhoek",Windhoek,,"Kenya,Rwanda",Kenya,Rwanda,Rwanda,field,Kenya,"{""runs"": 17}",IA Karim,6,international,male
1407090,T20,2023/24,2023-11-22,"Wanderers Cricket Ground, Windhoek",Windhoek,,"Tanzania,Uganda",Tanzania,Uganda,Uganda,field,Uganda,"{""wickets"": 8}",Riazat Ali Shah,6,international,male
1407091,T20,2023/24,2023-11-22,"Wanderers Cricket Ground, Windhoek",Windhoek,,"Zimbabwe,Namibia",Zimbabwe,Namibia,Namibia,field,Namibia,"{""wickets"": 7}",N Davin,6,international,male
1407092,T20,2023/24,2023-11-23,"United Cricket Club Ground, Windhoek",Windhoek,,"Nigeria,Kenya",Nigeria,Kenya,Kenya,field,Kenya,"{""wickets"": 4}",P Useni,6,international,male
1407093,T20,2023/24,2023-11-23,"United Cricket Club Ground, Windhoek",Windhoek,,"Tanzania,Zimbabwe",Tanzania,Zimbabwe,Zimbabwe,field,Zimbabwe,"{""wickets"": 9}",R Ngarava,6,international,male
1407094,T20,2023/24,2023-11-24,"Wanderers Cricket Ground, Windhoek",Windhoek,,"Nigeria,Rwanda",Nigeria,Rwanda,Rwanda,field,,null,,6,international,male
1407095,T20,2023/24,2023-11-24,"Wanderers Cricket Ground, Windhoek",Windhoek,,"Uganda,Namibia",Uganda,Namibia,Namibia,field,Namibia,"{""wickets"": 6}",D Wiese,6,international,male
1407096,T20,2023/24,2023-11-25,"Wanderers Cricket Ground, Windhoek",Windhoek,,"Kenya,Tanzania",Kenya,Tanzania,Tanzania,field,Kenya,"{""runs"": 50}",CO Obuya,6,international,male
1407097,T20,2023/24,2023-11-25,"Wanderers Cricket Ground, Windhoek",Windhoek,,"Namibia,Rwanda",Namibia,Rwanda,Rwanda,field,Namibia,"{""runs"": 68}",N Davin,6,international,male
1407098,T20,2023/24,2023-11-26,"United Cricket Club Ground, Windhoek",Windhoek,,"Tanzania,Nigeria",Tanzania,Nigeria,Tanzania,bat,Nigeria,"{""wickets"": 3}",P Useni,6,international,male
1407099,T20,2023/24,2023-11-26,"United Cricket Club Ground, Windhoek",Windhoek,,"Zimbabwe,Uganda",Zimbabwe,Uganda,Uganda,field,Uganda,"{""wickets"": 5}",Riazat Ali Shah,6,international,male
1407100,T20,2023/24,2023-11-27,"United Cricket Club Ground, Windhoek",Windhoek,,"Nigeria,Uganda",Nigeria,Uganda,Nigeria,bat,Uganda,"{""wickets"": 9}",DM Nakrani,6,international,male
1407101,T20,2023/24,2023-11-27,"Wanderers Cricket Ground, Windhoek",Windhoek,,"Zimbabwe,Rwanda",Zimbabwe,Rwanda,Rwanda,field,Zimbabwe,"{""runs"": 144}",Sikandar Raza,6,international,male
1407102,T20,2023/24,2023-11-27,"United Cricket Club Ground, Windhoek",Windhoek,,"Kenya,Namibia",Kenya,Namibia,Namibia,field,Namibia,"{""wickets"": 6}",JN Frylinck,6,international,male
1407103,T20,2023/24,2023-11-28,"Wanderers Cricket Ground, Windhoek",Windhoek,,"Namibia,Tanzania",Namibia,Tanzania,Tanzania,field,Namibia,"{""runs"": 58}",JJ Smit,6,international,male
1407104,T20,2023/24,2023-11-29,"United Cricket Club Ground, Windhoek",Windhoek,,"Nigeria,Zimbabwe",Nigeria,Zimbabwe,Nigeria,bat,Zimbabwe,"{""wickets"": 6}",Sikandar Raza,6,international,male
1407105,T20,2023/24,2023-11-29,"Wanderers Cricket Ground, Windhoek",Windhoek,,"Tanzania,Rwanda",Tanzania,Rwanda,Rwanda,field,Tanzania,"{""runs"": 51}",SA Jumbe,6,international,male
1407106,T20,2023/24,2023-11-29,"Wanderers Cricket Ground, Windhoek",Windhoek,,"Uganda,Kenya",Uganda,Kenya,Uganda,bat,Uganda,"{""runs"": 33}",S Sesazi,6,international,male
1407107,T20,2023/24,2023-11-30,"United Cricket Club Ground, Windhoek",Windhoek,,"Zimbabwe,Kenya",Zimbabwe,Kenya,Kenya,field,Zimbabwe,"{""runs"": 110}",Sikandar Raza,6,international,male
1407108,T20,2023/24,2023-11-30,"Wanderers Cricket Ground, Windhoek",Windhoek,,"Rwanda,Uganda",Rwanda,Uganda,Uganda,field,Uganda,"{""wickets"": 9}",AR Ramjani,6,international,male
1407109,T20,2023/24,2023-11-30,"Wanderers Cricket Ground, Windhoek",Windhoek,,"Nigeria,Namibia",Nigeria,Namibia,Nigeria,bat,Namibia,"{""wickets"": 8}",MG Erasmus,6,international,male
1407714,T20,2023/24,2023-11-20,Udayana Cricket Ground,Bali,,"Cambodia,Indonesia",Cambodia,Indonesia,Cambodia,bat,Indonesia,"{""wickets"": 7}",PR Surve,6,international,male
1407715,T20,2023/24,2023-11-20,Udayana Cricket Ground,Bali,,"Cambodia,Indonesia",Cambodia,Indonesia,Cambodia,bat,Indonesia,"{""wickets"": 8}",GA Priandana,6,international,male
1407716,T20,2023/24,2023-11-21,Udayana Cricket Ground,Bali,,"Indonesia,Cambodia",Indonesia,Cambodia,Cambodia,field,Cambodia,"{""wickets"": 8}",RR Sharan,6,international,male
1407717,T20,2023/24,2023-11-21,Udayana Cricket Ground,Bali,,"Indonesia,Cambodia",Indonesia,Cambodia,Cambodia,field,Indonesia,"{""runs"": 104}",KC Ramamoorthy,6,international,male
1407718,T20,2023/24,2023-11-22,Udayana Cricket Ground,Bali,,"Indonesia,Cambodia",Indonesia,Cambodia,Cambodia,field,Cambodia,"{""wickets"": 7}",US Hathinjar,6,international,male
1407719,T20,2023/24,2023-11-23,Udayana Cricket Ground,Bali,,"Cambodia,Indonesia",Cambodia,Indonesia,Indonesia,field,Indonesia,null,,6,international,male
1408103,T20,2023/24,2023-12-07,Harare Sports Club,Harare,,"Ireland,Zimbabwe",Ireland,Zimbabwe,Zimbabwe,field,Zimbabwe,"{""wickets"": 1}",Sikandar Raza,6,international,male
1408104,T20,2023/24,2023-12-09,Harare Sports Club,Harare,,"Zimbabwe,Ireland",Zimbabwe,Ireland,Ireland,field,Ireland,"{""wickets"": 4}",HT Tector,6,international,male
1408105,T20,2023/24,2023-12-10,Harare Sports Club,Harare,,"Zimbabwe,Ireland",Zimbabwe,Ireland,Ireland,field,Ireland,"{""wickets"": 6}",GH Dockrell,6,international,male
1412530,T20,2023/24,2023-12-22,Udayana Cricket Ground,Bali,,"Philippines,Indonesia",Philippines,Indonesia,Indonesia,field,Philippines,"{""runs"": 2}",J Alegra,6,international,male
1412531,T20,2023/24,2023-12-23,Udayana Cricket Ground,Bali,,"Philippines,Indonesia",Philippines,Indonesia,Indonesia,field,Indonesia,"{""wickets"": 10}",GA Priandana,6,international,male
1412532,T20,2023/24,2023-12-23,Udayana Cricket Ground,Bali,,"Indonesia,Philippines",Indonesia,Philippines,Philippines,field,Indonesia,"{""runs"": 20}",IK Gamantika,6,international,male
1412533,T20,2023/24,2023-12-24,Udayana Cricket Ground,Bali,,"Indonesia,Philippines",Indonesia,Philippines,Philippines,field,Philippines,"{""wickets"": 8}",HER Tyler,6,international,male
1412534,T20,2023/24,2023-12-24,Udayana Cricket Ground,Bali,,"Philippines,Indonesia",Philippines,Indonesia,Indonesia,field,,null,F Banunaek,6,international,male
1412535,T20,2023/24,2023-12-26,Udayana Cricket Ground,Bali,,"Indonesia,Philippines",Indonesia,Philippines,Philippines,field,Philippines,"{""wickets"": 7}",Kulwinderjeet Singh,6,international,male
1412542,T20,2023/24,2024-01-14,"R Premadasa Stadium, Colombo",Colombo,,"Zimbabwe,Sri Lanka",Zimbabwe,Sri Lanka,Sri Lanka,field,Sri Lanka,"{""wickets"": 3}",AD Mathews,6,international,male
1412543,T20,2023/24,2024-01-16,"R Premadasa Stadium, Colombo",Colombo,,"Sri Lanka,Zimbabwe",Sri Lanka,Zimbabwe,Zimbabwe,field,Zimbabwe,"{""wickets"": 4}",LM Jongwe,6,international,male
1412544,T20,2023/24,2024-01-18,"R Premadasa Stadium, Colombo",Colombo,,"Zimbabwe,Sri Lanka",Zimbabwe,Sri Lanka,Sri Lanka,field,Sri Lanka,"{""wickets"": 9}",PWH de Silva,6,international,male
1415701,T20,2024,2024-06-01,"Grand Prairie Stadium, Dallas",Dallas,,"Canada,United States of America",Canada,United States of America,United States of America,field,United States of America,"{""wickets"": 7}",Aaron Jones,6,international,male
1415702,T20,2024,2024-06-02,"Providence Stadium, Guyana",Providence,,"Papua New Guinea,West Indies",Papua New Guinea,West Indies,West Indies,field,West Indies,"{""wickets"": 5}",RL Chase,6,international,male
1415703,T20,2024,2024-06-02,"Kensington Oval, Bridgetown, Barbados",Bridgetown,,"Oman,Namibia",Oman,Namibia,Namibia,field,,null,D Wiese,6,international,male
1415704,T20,2024,2024-06-03,"Nassau County International Cricket Stadium, New York",New York,,"Sri Lanka,South Africa",Sri Lanka,South Africa,Sri Lanka,bat,South Africa,"{""wickets"": 6}",A Nortje,6,international,male
1415706,T20,2024,2024-06-04,"Kensington Oval, Bridgetown, Barbados",Bridgetown,,"Scotland,England",Scotland,England,Scotland,bat,,null,,6,international,male
1415707,T20,2024,2024-06-04,"Grand Prairie Stadium, Dallas",Dallas,,"Nepal,Netherlands",Nepal,Netherlands,Netherlands,field,Netherlands,"{""wickets"": 6}",TJG Pringle,6,international,male
1415708,T20,2024,2024-06-05,"Nassau County International Cricket Stadium, New York",New York,,"Ireland,India",Ireland,India,India,field,India,"{""wickets"": 8}",JJ Bumrah,6,international,male
1415709,T20,2024,2024-06-05,"Providence Stadium, Guyana",Providence,,"Papua New Guinea,Uganda",Papua New Guinea,Uganda,Uganda,field,Uganda,"{""wickets"": 3}",Riazat Ali Shah,6,international,male
1415710,T20,2024,2024-06-05,"Kensington Oval, Bridgetown, Barbados",Bridgetown,,"Australia,Oman",Australia,Oman,Oman,field,Australia,"{""runs"": 39}",MP Stoinis,6,international,male
1415711,T20,2024,2024-06-06,"Grand Prairie Stadium, Dallas",Dallas,,"Pakistan,United States of America",Pakistan,United States of America,United States of America,field,,null,MD Patel,6,international,male
1415712,T20,2024,2024-06-06,"Kensington Oval, Bridgetown, Barbados",Bridgetown,,"Namibia,Scotland",Namibia,Scotland,Namibia,bat,Scotland,"{""wickets"": 5}",MA Leask,6,international,male
1415713,T20,2024,2024-06-07,"Nassau County International Cricket Stadium, New York",New York,,"Canada,Ireland",Canada,Ireland,Ireland,field,Canada,"{""runs"": 12}",NR Kirton,6,international,male
1415715,T20,2024,2024-06-07,"Grand Prairie Stadium, Dallas",Dallas,,"Sri Lanka,Bangladesh",Sri Lanka,Bangladesh,Bangladesh,field,Bangladesh,"{""wickets"": 2}",Rishad Hossain,6,international,male
1415716,T20,2024,2024-06-08,"Nassau County International Cricket Stadium, New York",New York,,"Netherlands,South Africa",Netherlands,South Africa,South Africa,field,South Africa,"{""wickets"": 4}",DA Miller,6,international,male
1415717,T20,2024,2024-06-08,"Kensington Oval, Bridgetown, Barbados",Bridgetown,,"Australia,England",Australia,England,England,field,Australia,"{""runs"": 36}",A Zampa,6,international,male
1415718,T20,2024,2024-06-08,"Providence Stadium, Guyana",Providence,,"West Indies,Uganda",West Indies,Uganda,West Indies,bat,West Indies,"{""runs"": 134}",AJ Hosein,6,international,male
1415719,T20,2024,2024-06-09,"Nassau County International Cricket Stadium, New York",New York,,"India,Pakistan",India,Pakistan,Pakistan,field,India,"{""runs"": 6}",JJ Bumrah,6,international,male
1415720,T20,2024,2024-06-09,"Sir Vivian Richards Stadium, North Sound, Antigua",North Sound,,"Oman,Scotland",Oman,Scotland,Oman,bat,Scotland,"{""wickets"": 7}",BJ McMullen,6,international,male
1415721,T20,2024,2024-06-10,"Nassau County International Cricket Stadium, New York",New York,,"South Africa,Bangladesh",South Africa,Bangladesh,South Africa,bat,South Africa,"{""runs"": 4}",H Klaasen,6,international,male
1415722,T20,2024,2024-06-11,"Nassau County International Cricket Stadium, New York",New York,,"Canada,Pakistan",Canada,Pakistan,Pakistan,field,Pakistan,"{""wickets"": 7}",Mohammad Amir,6,international,male
1415724,T20,2024,2024-06-11,"Sir Vivian Richards Stadium, North Sound, Antigua",North Sound,,"Namibia,Australia",Namibia,Australia,Australia,field,Australia,"{""wickets"": 9}",A Zampa,6,international,male
1415725,T20,2024,2024-06-12,"Nassau County International Cricket Stadium, New York",New York,,"United States of America,India",United States of America,India,India,field,India,"{""wickets"": 7}",Arshdeep Singh,6,international,male
1415726,T20,2024,2024-06-12,"Brian Lara Stadium, Tarouba, Trinidad",Tarouba,,"West Indies,New Zealand",West Indies,New Zealand,New Zealand,field,West Indies,"{""runs"": 13}",SE Rutherford,6,international,male
1415727,T20,2024,2024-06-13,"Arnos Vale Ground, Kingstown, St Vincent",Kingstown,,"Bangladesh,Netherlands",Bangladesh,Netherlands,Netherlands,field,Bangladesh,"{""runs"": 25}",Shakib Al Hasan,6,international,male
1415728,T20,2024,2024-06-13,"Sir Vivian Richards Stadium, North Sound, Antigua",North Sound,,"Oman,England",Oman,England,England,field,England,"{""wickets"": 8}",AU Rashid,6,international,male
1415731,T20,2024,2024-06-14,"Arnos Vale Ground, Kingstown, St Vincent",Kingstown,,"South Africa,Nepal",South Africa,Nepal,Nepal,field,South Africa,"{""runs"": 1}",T Shamsi,6,international,male
1415732,T20,2024,2024-06-14,"Brian Lara Stadium, Tarouba, Trinidad",Tarouba,,"Uganda,New Zealand",Uganda,New Zealand,New Zealand,field,New Zealand,"{""wickets"": 9}",TG Southee,6,international,male
1415734,T20,2024,2024-06-15,"Sir Vivian Richards Stadium, North Sound, Antigua",North Sound,,"England,Namibia",England,Namibia,Namibia,field,England,"{""runs"": 41}",HC Brook,6,international,male
1415735,T20,2024,2024-06-15,"Daren Sammy National Cricket Stadium, Gros Islet, St Lucia",Gros Islet,,"Scotland,Australia",Scotland,Australia,Australia,field,Australia,"{""wickets"": 5}",MP Stoinis,6,international,male
1415736,T20,2024,2024-06-16,"Central Broward Regional Park Stadium Turf Ground, Lauderhill",Lauderhill,,"Ireland,Pakistan",Ireland,Pakistan,Pakistan,field,Pakistan,"{""wickets"": 3}",Shaheen Shah Afridi,6,international,male
1415737,T20,2024,2024-06-16,"Arnos Vale Ground, Kingstown, St Vincent",Kingstown,,"Bangladesh,Nepal",Bangladesh,Nepal,Nepal,field,Bangladesh,"{""runs"": 21}",Tanzim Hasan Sakib,6,international,male
1415738,T20,2024,2024-06-16,"Daren Sammy National Cricket Stadium, Gros Islet, St Lucia",Gros Islet,,"Sri Lanka,Netherlands",Sri Lanka,Netherlands,Netherlands,field,Sri Lanka,"{""runs"": 83}",KIC Asalanka,6,international,male
1415739,T20,2024,2024-06-17,"Brian Lara Stadium, Tarouba, Trinidad",Tarouba,,"Papua New Guinea,New Zealand",Papua New Guinea,New Zealand,New Zealand,field,New Zealand,"{""wickets"": 7}",LH Ferguson,6,international,male
1415741,T20,2024,2024-06-19,"Sir Vivian Richards Stadium, North Sound, Antigua",North Sound,,"South Africa,United States of America",South Africa,United States of America,United States of America,field,South Africa,"{""runs"": 18}",Q de Kock,6,international,male
1415742,T20,2024,2024-06-19,"Daren Sammy National Cricket Stadium, Gros Islet, St Lucia",Gros Islet,,"West Indies,England",West Indies,England,England,field,England,"{""wickets"": 8}",PD Salt,6,international,male
1415744,T20,2024,2024-06-20,"Sir Vivian Richards Stadium, North Sound, Antigua",North Sound,,"Bangladesh,Australia",Bangladesh,Australia,Australia,field,Australia,"{""runs"": 28}",PJ Cummins,6,international,male
1415745,T20,2024,2024-06-21,"Daren Sammy National Cricket Stadium, Gros Islet, St Lucia",Gros Islet,,"South Africa,England",South Africa,England,England,field,South Africa,"{""runs"": 7}",Q de Kock,6,international,male
1415746,T20,2024,2024-06-21,"Kensington Oval, Bridgetown, Barbados",Bridgetown,,"United States of America,West Indies",United States of America,West Indies,West Indies,field,West Indies,"{""wickets"": 9}",RL Chase,6,international,male
1415747,T20,2024,2024-06-22,"Sir Vivian Richards Stadium, North Sound, Antigua",North Sound,,"India,Bangladesh",India,Bangladesh,Bangladesh,field,India,"{""runs"": 50}",HH Pandya,6,international,male
1415749,T20,2024,2024-06-23,"Kensington Oval, Bridgetown, Barbados",Bridgetown,,"United States of America,England",United States of America,England,England,field,England,"{""wickets"": 10}",AU Rashid,6,international,male
1415750,T20,2024,2024-06-23,"Sir Vivian Richards Stadium, North Sound, Antigua",North Sound,,"West Indies,South Africa",West Indies,South Africa,South Africa,field,South Africa,"{""wickets"": 3}",T Shamsi,6,international,male
1415751,T20,2024,2024-06-24,"Daren Sammy National Cricket Stadium, Gros Islet, St Lucia",Gros Islet,,"India,Australia",India,Australia,Australia,field,India,"{""runs"": 24}",RG Sharma,6,international,male
1415754,T20,2024,2024-06-27,"Providence Stadium, Guyana",Providence,,"India,England",India,England,England,field,India,"{""runs"": 68}",AR Patel,6,international,male
1415755,T20,2024,2024-06-29,"Kensington Oval, Bridgetown, Barbados",Bridgetown,,"India,South Africa",India,South Africa,India,bat,India,"{""runs"": 7}",V Kohli,6,international,male
1418176,T20,2023/24,2024-01-27,"Terdthai Cricket Ground, Bangkok",Bangkok,,"Myanmar,Cambodia",Myanmar,Cambodia,Cambodia,field,Cambodia,"{""wickets"": 7}",Luqman Butt,6,international,male
1418177,T20,2023/24,2024-01-28,"Terdthai Cricket Ground, Bangkok",Bangkok,,"Cambodia,China",Cambodia,China,Cambodia,bat,Cambodia,"{""runs"": 93}",S Godara,6,international,male
1418181,T20,2023/24,2024-02-01,"Terdthai Cricket Ground, Bangkok",Bangkok,,"Indonesia,Bhutan",Indonesia,Bhutan,Bhutan,field,Indonesia,"{""runs"": 16}",Anjar Tadarus,6,international,male
1418182,T20,2023/24,2024-02-02,"Terdthai Cricket Ground, Bangkok",Bangkok,,"Singapore,Maldives",Singapore,Maldives,Singapore,bat,Singapore,"{""runs"": 41}",S Chandramohan,6,international,male
1418183,T20,2023/24,2024-02-02,"Terdthai Cricket Ground, Bangkok",Bangkok,,"Japan,Thailand",Japan,Thailand,Thailand,field,Japan,"{""runs"": 46}",R Sakurano-Thomas,6,international,male
1418184,T20,2023/24,2024-02-03,"Terdthai Cricket Ground, Bangkok",Bangkok,,"Bhutan,Saudi Arabia",Bhutan,Saudi Arabia,Saudi Arabia,field,Saudi Arabia,"{""wickets"": 8}",Usman Khalid,6,international,male
1418185,T20,2023/24,2024-02-03,"Terdthai Cricket Ground, Bangkok",Bangkok,,"Indonesia,Cambodia",Indonesia,Cambodia,Indonesia,bat,Cambodia,"{""wickets"": 6}",Luqman Butt,6,international,male
1418186,T20,2023/24,2024-02-04,"Terdthai Cricket Ground, Bangkok",Bangkok,,"Singapore,Thailand",Singapore,Thailand,Singapore,bat,Thailand,"{""wickets"": 7}",C Chatphaisan,6,international,male
1418187,T20,2023/24,2024-02-04,"Terdthai Cricket Ground, Bangkok",Bangkok,,"Japan,Maldives",Japan,Maldives,Japan,bat,Japan,"{""runs"": 42}",S Ravichandran,6,international,male
1418188,T20,2023/24,2024-02-05,"Terdthai Cricket Ground, Bangkok",Bangkok,,"Saudi Arabia,Indonesia",Saudi Arabia,Indonesia,Saudi Arabia,bat,Saudi Arabia,"{""runs"": 82}",Faisal Khan,6,international,male
1418190,T20,2023/24,2024-02-06,"Terdthai Cricket Ground, Bangkok",Bangkok,,"Singapore,Japan",Singapore,Japan,Japan,field,Singapore,"{""runs"": 34}",AE Paraam,6,international,male
1418191,T20,2023/24,2024-02-06,"Terdthai Cricket Ground, Bangkok",Bangkok,,"Maldives,Thailand",Maldives,Thailand,Maldives,bat,Thailand,"{""wickets"": 8}",J Coetzee,6,international,male
1418192,T20,2023/24,2024-02-07,"Terdthai Cricket Ground, Bangkok",Bangkok,,"Indonesia,Thailand",Indonesia,Thailand,Thailand,field,Thailand,"{""wickets"": 7}",J Coetzee,6,international,male
1418193,T20,2023/24,2024-02-07,"Terdthai Cricket Ground, Bangkok",Bangkok,,"Maldives,Bhutan",Maldives,Bhutan,Maldives,bat,Maldives,"{""runs"": 32}",Azyan Farhath,6,international,male
1418194,T20,2023/24,2024-02-09,"Terdthai Cricket Ground, Bangkok",Bangkok,,"Japan,Saudi Arabia",Japan,Saudi Arabia,Saudi Arabia,field,Saudi Arabia,"{""wickets"": 10}",Usman Najeeb,6,international,male
1418195,T20,2023/24,2024-02-09,"Terdthai Cricket Ground, Bangkok",Bangkok,,"Singapore,Cambodia",Singapore,Cambodia,Singapore,bat,Cambodia,"{""wickets"": 6}",RR Sharan,6,international,male
1418196,T20,2023/24,2024-02-11,"Terdthai Cricket Ground, Bangkok",Bangkok,,"Japan,Singapore",Japan,Singapore,Singapore,field,Singapore,"{""wickets"": 8}",Aritra Dutta,6,international,male
1418197,T20,2023/24,2024-02-11,"Terdthai Cricket Ground, Bangkok",Bangkok,,"Cambodia,Saudi Arabia",Cambodia,Saudi Arabia,Saudi Arabia,field,Saudi Arabia,"{""wickets"": 5}",Hisham Sheikh,6,international,male
1418539,T20,2023/24,2024-02-14,"Mission Road Ground, Mong Kok, Hong Kong",Mong Kok,,"Hong Kong,China",Hong Kong,China,Hong Kong,bat,Hong Kong,"{""runs"": 123}",Anshuman Rath,6,international,male
1418540,T20,2023/24,2024-02-14,"Mission Road Ground, Mong Kok, Hong Kong",Mong Kok,,"Japan,Hong Kong",Japan,Hong Kong,Japan,bat,Hong Kong,"{""wickets"": 7}",JJ Atkinson,6,international,male
1418541,T20,2023/24,2024-02-15,"Mission Road Ground, Mong Kok, Hong Kong",Mong Kok,,"Japan,China",Japan,China,Japan,bat,Japan,"{""runs"": 180}","K Kadowaki-Fleming,L Yamamoto-Lake",6,international,male
1418542,T20,2023/24,2024-02-15,"Mission Road Ground, Mong Kok, Hong Kong",Mong Kok,,"Hong Kong,Japan",Hong Kong,Japan,Hong Kong,bat,Hong Kong,"{""runs"": 27}",Yasim Murtaza,6,international,male
1418543,T20,2023/24,2024-02-16,"Mission Road Ground, Mong Kok, Hong Kong",Mong Kok,,"China,Hong Kong",China,Hong Kong,China,bat,Hong Kong,"{""wickets"": 10}",Haroon Arshad,6,international,male
1418544,T20,2023/24,2024-02-16,"Mission Road Ground, Mong Kok, Hong Kong",Mong Kok,,"Japan,China",Japan,China,Japan,bat,Japan,"{""runs"": 44}",MM Siddique,6,international,male
1418545,T20,2023/24,2024-02-17,"Mission Road Ground, Mong Kok, Hong Kong",Mong Kok,,"Hong Kong,Japan",Hong Kong,Japan,Japan,field,Hong Kong,"{""runs"": 34}",Nizakat Khan,6,international,male
1419824,T20,2023/24,2024-03-04,Sylhet International Cricket Stadium,Sylhet,,"Sri Lanka,Bangladesh",Sri Lanka,Bangladesh,Bangladesh,field,Sri Lanka,"{""runs"": 3}",KIC Asalanka,6,international,male
1419825,T20,2023/24,2024-03-06,Sylhet International Cricket Stadium,Sylhet,,"Sri Lanka,Bangladesh",Sri Lanka,Bangladesh,Bangladesh,field,Bangladesh,"{""wickets"": 8}",Nazmul Hossain Shanto,6,international,male
1419826,T20,2023/24,2024-03-09,Sylhet International Cricket Stadium,Sylhet,,"Sri Lanka,Bangladesh",Sri Lanka,Bangladesh,Bangladesh,field,Sri Lanka,"{""runs"": 28}",N Thushara,6,international,male
1420223,T20,2024,2024-07-06,Harare Sports Club,Harare,,"Zimbabwe,India",Zimbabwe,India,India,field,Zimbabwe,"{""runs"": 13}",Sikandar Raza,6,international,male
1420224,T20,2024,2024-07-07,Harare Sports Club,Harare,,"India,Zimbabwe",India,Zimbabwe,India,bat,India,"{""runs"": 100}",Abhishek Sharma,6,international,male
1420225,T20,2024,2024-07-10,Harare Sports Club,Harare,,"India,Zimbabwe",India,Zimbabwe,India,bat,India,"{""runs"": 23}",Washington Sundar,6,international,male
1420226,T20,2024,2024-07-13,Harare Sports Club,Harare,,"Zimbabwe,India",Zimbabwe,India,India,field,India,"{""wickets"": 10}",YBK Jaiswal,6,international,male
1420227,T20,2024,2024-07-14,Harare Sports Club,Harare,,"India,Zimbabwe",India,Zimbabwe,Zimbabwe,field,India,"{""runs"": 42}",S Dube,6,international,male
1420801,T20,2023/24,2024-02-12,"Terdthai Cricket Ground, Bangkok",Bangkok,,"Bhutan,Thailand",Bhutan,Thailand,Bhutan,bat,Thailand,"{""wickets"": 10}",Sarawut Maliwan,6,international,male
1420802,T20,2023/24,2024-02-12,"Terdthai Cricket Ground, Bangkok",Bangkok,,"Saudi Arabia,Maldives",Saudi Arabia,Maldives,Saudi Arabia,bat,Saudi Arabia,"{""runs"": 98}",Kashif Siddique,6,international,male
1420803,T20,2023/24,2024-02-13,"Terdthai Cricket Ground, Bangkok",Bangkok,,"Thailand,Saudi Arabia",Thailand,Saudi Arabia,Saudi Arabia,field,Saudi Arabia,"{""wickets"": 5}",Abdul Waheed,6,international,male
1420804,T20,2023/24,2024-02-13,"Terdthai Cricket Ground, Bangkok",Bangkok,,"Bhutan,Maldives",Bhutan,Maldives,Bhutan,bat,Maldives,"{""wickets"": 9}",Umar Adam,6,international,male
1420805,T20,2023/24,2024-02-15,"Terdthai Cricket Ground, Bangkok",Bangkok,,"Maldives,Thailand",Maldives,Thailand,Thailand,field,Thailand,"{""wickets"": 8}",AP Yadav,6,international,male
1420806,T20,2023/24,2024-02-15,"Terdthai Cricket Ground, Bangkok",Bangkok,,"Saudi Arabia,Bhutan",Saudi Arabia,Bhutan,Bhutan,field,Saudi Arabia,"{""runs"": 166}",Waji Ul Hassan,6,international,male
1420807,T20,2023/24,2024-02-16,"Terdthai Cricket Ground, Bangkok",Bangkok,,"Thailand,Saudi Arabia",Thailand,Saudi Arabia,Saudi Arabia,field,Saudi Arabia,"{""wickets"": 8}",Usman Khalid,6,international,male
1420808,T20,2023/24,2024-02-16,"Terdthai Cricket Ground, Bangkok",Bangkok,,"Maldives,Bhutan",Maldives,Bhutan,Maldives,bat,Bhutan,"{""wickets"": 4}",T Jamtsho,6,international,male
1421078,T20,2023/24,2024-03-11,Dubai International Cricket Stadium,Dubai,,"Scotland,United Arab Emirates",Scotland,United Arab Emirates,United Arab Emirates,field,United Arab Emirates,"{""wickets"": 8}",Junaid Siddique,6,international,male
1421079,T20,2023/24,2024-03-13,Dubai International Cricket Stadium,Dubai,,"Scotland,United Arab Emirates",Scotland,United Arab Emirates,United Arab Emirates,field,Scotland,"{""runs"": 9}",J Jarvis,6,international,male
1421080,T20,2023/24,2024-03-14,Dubai International Cricket Stadium,Dubai,,"Scotland,United Arab Emirates",Scotland,United Arab Emirates,United Arab Emirates,field,Scotland,"{""runs"": 32}",BJ Currie,6,international,male
1422037,T20,2023/24,2024-02-27,"Tribhuvan University International Cricket Ground, Kirtipur",Kirtipur,,"Namibia,Nepal",Namibia,Nepal,Namibia,bat,Namibia,"{""runs"": 20}",JN Loftie-Eaton,6,international,male
1422038,T20,2023/24,2024-02-28,"Tribhuvan University International Cricket Ground, Kirtipur",Kirtipur,,"Netherlands,Nepal",Netherlands,Nepal,Nepal,field,Netherlands,"{""runs"": 2}",SA Engelbrecht,6,international,male
1422039,T20,2023/24,2024-02-29,"Tribhuvan University International Cricket Ground, Kirtipur",Kirtipur,,"Netherlands,Namibia",Netherlands,Namibia,Netherlands,bat,Netherlands,"{""runs"": 59}",M Levitt,6,international,male
1422040,T20,2023/24,2024-03-01,"Tribhuvan University International Cricket Ground, Kirtipur",Kirtipur,,"Nepal,Namibia",Nepal,Namibia,Namibia,field,Nepal,"{""runs"": 3}",Kushal Malla,6,international,male
1422041,T20,2023/24,2024-03-02,"Tribhuvan University International Cricket Ground, Kirtipur",Kirtipur,,"Netherlands,Nepal",Netherlands,Nepal,Netherlands,bat,Nepal,"{""wickets"": 6}",Pratis GC,6,international,male
1422042,T20,2023/24,2024-03-03,"Tribhuvan University International Cricket Ground, Kirtipur",Kirtipur,,"Namibia,Netherlands",Namibia,Netherlands,Netherlands,field,,null,,6,international,male
1422043,T20,2023/24,2024-03-05,"Tribhuvan University International Cricket Ground, Kirtipur",Kirtipur,,"Nepal,Netherlands",Nepal,Netherlands,Nepal,bat,Netherlands,"{""wickets"": 4}",M Levitt,6,international,male
1422802,T20,2023/24,2024-02-27,University of Doha for Science and Technology,Doha,,"Hong Kong,Qatar",Hong Kong,Qatar,Qatar,field,Hong Kong,"{""runs"": 10}",M Coetzee,6,international,male
1422803,T20,2023/24,2024-02-29,University of Doha for Science and Technology,Doha,,"Hong Kong,Qatar",Hong Kong,Qatar,Hong Kong,bat,Qatar,"{""wickets"": 4}",Muhammad Tanveer,6,international,male
1422804,T20,2023/24,2024-03-01,"West End Park International Cricket Stadium, Doha",Doha,,"Qatar,Hong Kong",Qatar,Hong Kong,Hong Kong,field,,null,Dhananjay Rao,6,international,male
1422807,T20,2023/24,2024-03-05,"Bayuemas Oval, Kuala Lumpur",Kuala Lumpur,,"Vanuatu,Tanzania",Vanuatu,Tanzania,Tanzania,field,Vanuatu,"{""runs"": 9}",A Mansale,6,international,male
1422808,T20,2023/24,2024-03-05,"Bayuemas Oval, Kuala Lumpur",Kuala Lumpur,,"Kuwait,Bahrain",Kuwait,Bahrain,Bahrain,field,Bahrain,"{""runs"": 28}",Sarfaraz Ali,6,international,male
1422809,T20,2023/24,2024-03-06,"Bayuemas Oval, Kuala Lumpur",Kuala Lumpur,,"Tanzania,Kuwait",Tanzania,Kuwait,Tanzania,bat,Kuwait,"{""wickets"": 5}",MNM Aslam,6,international,male
1422810,T20,2023/24,2024-03-06,"Bayuemas Oval, Kuala Lumpur",Kuala Lumpur,,"Malaysia,Vanuatu",Malaysia,Vanuatu,Malaysia,bat,Malaysia,"{""runs"": 52}",Virandeep Singh,6,international,male
1422811,T20,2023/24,2024-03-07,"Bayuemas Oval, Kuala Lumpur",Kuala Lumpur,,"Malaysia,Bahrain",Malaysia,Bahrain,Bahrain,field,Bahrain,"{""wickets"": 9}",Umer Imtiaz,6,international,male
1422812,T20,2023/24,2024-03-07,"Bayuemas Oval, Kuala Lumpur",Kuala Lumpur,,"Vanuatu,Kuwait",Vanuatu,Kuwait,Kuwait,field,Kuwait,"{""wickets"": 8}",Mohamed Shafeeq,6,international,male
1422813,T20,2023/24,2024-03-09,"Bayuemas Oval, Kuala Lumpur",Kuala Lumpur,,"Kuwait,Malaysia",Kuwait,Malaysia,Malaysia,field,Malaysia,"{""wickets"": 7}",Syed Aziz,6,international,male
1422814,T20,2023/24,2024-03-09,"Bayuemas Oval, Kuala Lumpur",Kuala Lumpur,,"Bahrain,Tanzania",Bahrain,Tanzania,Tanzania,field,Bahrain,"{""runs"": 52}",Rizwan Butt,6,international,male
1422815,T20,2023/24,2024-03-10,"Bayuemas Oval, Kuala Lumpur",Kuala Lumpur,,"Bahrain,Vanuatu",Bahrain,Vanuatu,Bahrain,bat,Bahrain,"{""runs"": 56}",Sohail Ahmed,6,international,male
1422816,T20,2023/24,2024-03-10,"Bayuemas Oval, Kuala Lumpur",Kuala Lumpur,,"Tanzania,Malaysia",Tanzania,Malaysia,Tanzania,bat,Malaysia,"{""wickets"": 6}",Virandeep Singh,6,international,male
1422817,T20,2023/24,2024-03-11,"Bayuemas Oval, Kuala Lumpur",Kuala Lumpur,,"Vanuatu,Kuwait",Vanuatu,Kuwait,Kuwait,field,Kuwait,"{""wickets"": 7}",Shiraz Khan,6,international,male
1422818,T20,2023/24,2024-03-11,"Bayuemas Oval, Kuala Lumpur",Kuala Lumpur,,"Malaysia,Bahrain",Malaysia,Bahrain,Malaysia,bat,Bahrain,"{""wickets"": 8}",Rizwan Butt,6,international,male
1423372,T20,2023/24,2024-03-06,Al Amerat Cricket Ground Oman Cricket (Ministry Turf 1),Al Amarat,,"Papua New Guinea,Oman",Papua New Guinea,Oman,Oman,field,Oman,"{""wickets"": 3}",Zeeshan Maqsood,6,international,male
1423373,T20,2023/24,2024-03-07,Al Amerat Cricket Ground Oman Cricket (Ministry Turf 1),Al Amarat,,"Oman,Papua New Guinea",Oman,Papua New Guinea,Papua New Guinea,field,Papua New Guinea,"{""wickets"": 8}",S Bau,6,international,male
1423374,T20,2023/24,2024-03-08,Al Amerat Cricket Ground Oman Cricket (Ministry Turf 1),Al Amarat,,"Papua New Guinea,Oman",Papua New Guinea,Oman,Oman,field,Oman,"{""wickets"": 4}",Khalid Kail,6,international,male
1423439,T20,2023/24,2024-03-09,"Mission Road Ground, Mong Kok, Hong Kong",Mong Kok,,"Hong Kong,Nepal",Hong Kong,Nepal,Nepal,field,Hong Kong,"{""runs"": 73}",Babar Hayat,6,international,male
1423440,T20,2023/24,2024-03-10,"Mission Road Ground, Mong Kok, Hong Kong",Mong Kok,,"Hong Kong,Nepal",Hong Kong,Nepal,Nepal,field,,null,,6,international,male
1423441,T20,2023/24,2024-03-12,"Mission Road Ground, Mong Kok, Hong Kong",Mong Kok,,"Nepal,Papua New Guinea",Nepal,Papua New Guinea,Papua New Guinea,field,Nepal,"{""runs"": 85}",K Bhurtel,6,international,male
1423442,T20,2023/24,2024-03-12,"Mission Road Ground, Mong Kok, Hong Kong",Mong Kok,,"Hong Kong,Papua New Guinea",Hong Kong,Papua New Guinea,Hong Kong,bat,Papua New Guinea,"{""wickets"": 10}",S Bau,6,international,male
1423444,T20,2023/24,2024-03-13,"Mission Road Ground, Mong Kok, Hong Kong",Mong Kok,,"Papua New Guinea,Nepal",Papua New Guinea,Nepal,Nepal,field,Papua New Guinea,"{""runs"": 86}",TP Ura,6,international,male
1424752,T20,2023/24,2024-03-17,"Achimota Senior Secondary School A Field, Accra",Accra,,"Zimbabwe,Namibia",Zimbabwe,Namibia,Zimbabwe,bat,Zimbabwe,"{""runs"": 35}",O Muzondo,6,international,male
1424753,T20,2023/24,2024-03-17,"Achimota Senior Secondary School B Field, Accra",Accra,,"Tanzania,Nigeria",Tanzania,Nigeria,Tanzania,bat,Tanzania,"{""runs"": 47}",,6,international,male
1424754,T20,2023/24,2024-03-17,"Achimota Senior Secondary School A Field, Accra",Accra,,"South Africa,Ghana",South Africa,Ghana,South Africa,bat,South Africa,"{""runs"": 134}",G Van Heerden,6,international,male
1424755,T20,2023/24,2024-03-17,"Achimota Senior Secondary School B Field, Accra",Accra,,"Uganda,Kenya",Uganda,Kenya,Uganda,bat,Uganda,"{""runs"": 72}",DM Nakrani,6,international,male
1424756,T20,2023/24,2024-03-18,"Achimota Senior Secondary School A Field, Accra",Accra,,"Tanzania,Zimbabwe",Tanzania,Zimbabwe,Tanzania,bat,Zimbabwe,"{""wickets"": 4}",WT Mubayiwa,6,international,male
1424757,T20,2023/24,2024-03-18,"Achimota Senior Secondary School B Field, Accra",Accra,,"Namibia,Nigeria",Namibia,Nigeria,Namibia,bat,Nigeria,"{""wickets"": 3}",I Danladi,6,international,male
1424759,T20,2023/24,2024-03-18,"Achimota Senior Secondary School B Field, Accra",Accra,,"Uganda,Ghana",Uganda,Ghana,Uganda,bat,Uganda,"{""runs"": 121}",S Sesazi,6,international,male
1424761,T20,2023/24,2024-03-20,"Achimota Senior Secondary School B Field, Accra",Accra,,"Ghana,Kenya",Ghana,Kenya,Ghana,bat,Kenya,"{""wickets"": 7}",CO Obuya,6,international,male
1424762,T20,2023/24,2024-03-20,"Achimota Senior Secondary School A Field, Accra",Accra,,"Nigeria,Zimbabwe",Nigeria,Zimbabwe,Nigeria,bat,Zimbabwe,"{""wickets"": 10}",O Muzondo,6,international,male
1424763,T20,2023/24,2024-03-20,"Achimota Senior Secondary School B Field, Accra",Accra,,"Tanzania,Namibia",Tanzania,Namibia,Tanzania,bat,Namibia,"{""wickets"": 7}",B Shikongo,6,international,male
1424764,T20,2023/24,2024-03-21,"Achimota Senior Secondary School A Field, Accra",Accra,,"Namibia,Uganda",Namibia,Uganda,Namibia,bat,Namibia,"{""runs"": 24}",,6,international,male
1424765,T20,2023/24,2024-03-21,"Achimota Senior Secondary School A Field, Accra",Accra,,"Zimbabwe,Kenya",Zimbabwe,Kenya,Zimbabwe,bat,Zimbabwe,"{""runs"": 70}",T Musekiwa,6,international,male
1424766,T20,2023/24,2024-03-23,"Achimota Senior Secondary School A Field, Accra",Accra,,"Uganda,Kenya",Uganda,Kenya,Uganda,bat,Uganda,"{""runs"": 106}",C Kyewuta,6,international,male
1424767,T20,2023/24,2024-03-23,"Achimota Senior Secondary School A Field, Accra",Accra,,"Namibia,Zimbabwe",Namibia,Zimbabwe,Namibia,bat,Zimbabwe,"{""wickets"": 8}",T Marumani,6,international,male
1424829,T20,2024,2024-04-18,Rawalpindi Cricket Stadium,Rawalpindi,,"New Zealand,Pakistan",New Zealand,Pakistan,New Zealand,bat,,null,,6,international,male
1424830,T20,2024,2024-04-20,Rawalpindi Cricket Stadium,Rawalpindi,,"New Zealand,Pakistan",New Zealand,Pakistan,Pakistan,field,Pakistan,"{""wickets"": 7}",Shaheen Shah Afridi,6,international,male
1424831,T20,2024,2024-04-21,Rawalpindi Cricket Stadium,Rawalpindi,,"Pakistan,New Zealand",Pakistan,New Zealand,New Zealand,field,New Zealand,"{""wickets"": 7}",MS Chapman,6,international,male
1424832,T20,2024,2024-04-25,"Gaddafi Stadium, Lahore",Lahore,,"New Zealand,Pakistan",New Zealand,Pakistan,Pakistan,field,New Zealand,"{""runs"": 4}",W O'Rourke,6,international,male
1424833,T20,2024,2024-04-27,"Gaddafi Stadium, Lahore",Lahore,,"Pakistan,New Zealand",Pakistan,New Zealand,New Zealand,field,Pakistan,"{""runs"": 9}",Shaheen Shah Afridi,6,international,male
1425110,T20,2023/24,2024-03-16,"Bayuemas Oval, Kuala Lumpur",Kuala Lumpur,,"Papua New Guinea,Malaysia",Papua New Guinea,Malaysia,Malaysia,field,Papua New Guinea,"{""runs"": 77}",CJA Amini,6,international,male
1425111,T20,2023/24,2024-03-17,"Bayuemas Oval, Kuala Lumpur",Kuala Lumpur,,"Malaysia,Papua New Guinea",Malaysia,Papua New Guinea,Malaysia,bat,Malaysia,"{""runs"": 63}",Virandeep Singh,6,international,male
1425121,T20,2024,2024-04-07,Prairie View Cricket Complex,Houston,,"Canada,United States of America",Canada,United States of America,United States of America,field,United States of America,"{""wickets"": 6}",NP Kenjige,6,international,male
1425122,T20,2024,2024-04-09,Prairie View Cricket Complex,Houston,,"United States of America,Canada",United States of America,Canada,Canada,field,United States of America,"{""runs"": 31}",MD Patel,6,international,male
1425124,T20,2024,2024-04-12,Prairie View Cricket Complex,Houston,,"United States of America,Canada",United States of America,Canada,Canada,field,United States of America,"{""runs"": 14}",Harmeet Singh,6,international,male
1425125,T20,2024,2024-04-13,Prairie View Cricket Complex,Houston,,"Canada,United States of America",Canada,United States of America,Canada,bat,United States of America,"{""wickets"": 4}",NR Kumar,6,international,male
1425126,T20,2024,2024-05-03,"Zahur Ahmed Chowdhury Stadium, Chattogram",Chattogram,,"Zimbabwe,Bangladesh",Zimbabwe,Bangladesh,Bangladesh,field,Bangladesh,"{""wickets"": 8}",Taskin Ahmed,6,international,male
1425127,T20,2024,2024-05-05,"Zahur Ahmed Chowdhury Stadium, Chattogram",Chattogram,,"Zimbabwe,Bangladesh",Zimbabwe,Bangladesh,Bangladesh,field,Bangladesh,"{""wickets"": 6}",Towhid Hridoy,6,international,male
1425128,T20,2024,2024-05-07,"Zahur Ahmed Chowdhury Stadium, Chattogram",Chattogram,,"Bangladesh,Zimbabwe",Bangladesh,Zimbabwe,Zimbabwe,field,Bangladesh,"{""runs"": 9}",Towhid Hridoy,6,international,male
1425129,T20,2024,2024-05-10,"Shere Bangla National Stadium, Mirpur",Dhaka,,"Bangladesh,Zimbabwe",Bangladesh,Zimbabwe,Zimbabwe,field,Bangladesh,"{""runs"": 5}",Mustafizur Rahman,6,international,male
1425130,T20,2024,2024-05-12,"Shere Bangla National Stadium, Mirpur",Dhaka,,"Bangladesh,Zimbabwe",Bangladesh,Zimbabwe,Zimbabwe,field,Zimbabwe,"{""wickets"": 8}",BJ Bennett,6,international,male
1425131,T20,2024,2024-05-21,Prairie View Cricket Complex,Houston,,"Bangladesh,United States of America",Bangladesh,United States of America,United States of America,field,United States of America,"{""wickets"": 5}",Harmeet Singh,6,international,male
1425132,T20,2024,2024-05-23,Prairie View Cricket Complex,Houston,,"United States of America,Bangladesh",United States of America,Bangladesh,Bangladesh,field,United States of America,"{""runs"": 6}",Ali Khan,6,international,male
1425133,T20,2024,2024-05-25,Prairie View Cricket Complex,Houston,,"United States of America,Bangladesh",United States of America,Bangladesh,Bangladesh,field,Bangladesh,"{""wickets"": 10}",Mustafizur Rahman,6,international,male
1426450,T20,2024,2024-04-01,Al Amerat Cricket Ground Oman Cricket (Ministry Turf 1),Al Amarat,,"Oman,Namibia",Oman,Namibia,Namibia,field,Namibia,"{""wickets"": 4}",T Lungameni,6,international,male
1426451,T20,2024,2024-04-02,Al Amerat Cricket Ground Oman Cricket (Ministry Turf 1),Al Amarat,,"Oman,Namibia",Oman,Namibia,Oman,bat,Oman,"{""runs"": 6}",MG Erasmus,6,international,male
1426452,T20,2024,2024-04-04,Al Amerat Cricket Ground Oman Cricket (Ministry Turf 1),Al Amarat,,"Namibia,Oman",Namibia,Oman,Oman,field,Oman,"{""wickets"": 8}",Naseem Khushi,6,international,male
1426453,T20,2024,2024-04-05,Al Amerat Cricket Ground Oman Cricket (Ministry Turf 1),Al Amarat,,"Namibia,Oman",Namibia,Oman,Oman,field,Namibia,"{""runs"": 24}",D Wiese,6,international,male
1426454,T20,2024,2024-04-07,Al Amerat Cricket Ground Oman Cricket (Ministry Turf 1),Al Amarat,,"Namibia,Oman",Namibia,Oman,Namibia,bat,Namibia,"{""runs"": 62}",MG Erasmus,6,international,male
1426455,T20,2024,2024-04-12,Al Amerat Cricket Ground Oman Cricket (Ministry Turf 1),Al Amarat,,"Oman,Bahrain",Oman,Bahrain,Bahrain,field,Oman,"{""runs"": 3}",Aqib Ilyas,6,international,male
1426456,T20,2024,2024-04-12,Al Amerat Cricket Ground Oman Cricket (Ministry Turf 2),Al Amarat,,"Kuwait,United Arab Emirates",Kuwait,United Arab Emirates,United Arab Emirates,field,United Arab Emirates,"{""wickets"": 7}",A Sharafu,6,international,male
1426457,T20,2024,2024-04-12,Al Amerat Cricket Ground Oman Cricket (Ministry Turf 1),Al Amarat,,"Malaysia,Nepal",Malaysia,Nepal,Malaysia,bat,Nepal,"{""wickets"": 5}",DS Airee,6,international,male
1426458,T20,2024,2024-04-12,Al Amerat Cricket Ground Oman Cricket (Ministry Turf 2),Al Amarat,,"Hong Kong,Qatar",Hong Kong,Qatar,Hong Kong,bat,Hong Kong,"{""runs"": 26}",Nizakat Khan,6,international,male
1426459,T20,2024,2024-04-13,Al Amerat Cricket Ground Oman Cricket (Ministry Turf 1),Al Amarat,,"Cambodia,Kuwait",Cambodia,Kuwait,Cambodia,bat,Kuwait,"{""wickets"": 8}",R Sandaruwan,6,international,male
1426460,T20,2024,2024-04-13,Al Amerat Cricket Ground Oman Cricket (Ministry Turf 2),Al Amarat,,"United Arab Emirates,Bahrain",United Arab Emirates,Bahrain,Bahrain,field,United Arab Emirates,"{""runs"": 37}",Aayan Afzal Khan,6,international,male
1426461,T20,2024,2024-04-13,Al Amerat Cricket Ground Oman Cricket (Ministry Turf 1),Al Amarat,,"Nepal,Qatar",Nepal,Qatar,Nepal,bat,Nepal,"{""runs"": 32}",DS Airee,6,international,male
1426462,T20,2024,2024-04-13,Al Amerat Cricket Ground Oman Cricket (Ministry Turf 2),Al Amarat,,"Malaysia,Saudi Arabia",Malaysia,Saudi Arabia,Malaysia,bat,Malaysia,"{""runs"": 12}",Ahmed Aqeel,6,international,male
1426463,T20,2024,2024-04-14,Al Amerat Cricket Ground Oman Cricket (Ministry Turf 2),Al Amarat,,"Oman,Cambodia",Oman,Cambodia,Cambodia,field,Oman,"{""runs"": 63}",Aqib Ilyas,6,international,male
1426464,T20,2024,2024-04-14,Al Amerat Cricket Ground Oman Cricket (Ministry Turf 2),Al Amarat,,"Saudi Arabia,Hong Kong",Saudi Arabia,Hong Kong,Saudi Arabia,bat,Saudi Arabia,"{""runs"": 55}",Abdul Waheed,6,international,male
1426465,T20,2024,2024-04-15,Al Amerat Cricket Ground Oman Cricket (Ministry Turf 1),Al Amarat,,"Hong Kong,Nepal",Hong Kong,Nepal,Nepal,field,Nepal,"{""wickets"": 8}",A Bohara,6,international,male
1426466,T20,2024,2024-04-15,Al Amerat Cricket Ground Oman Cricket (Ministry Turf 2),Al Amarat,,"Malaysia,Qatar",Malaysia,Qatar,Qatar,field,Qatar,"{""wickets"": 4}",H Rathod,6,international,male
1426467,T20,2024,2024-04-15,Al Amerat Cricket Ground Oman Cricket (Ministry Turf 1),Al Amarat,,"United Arab Emirates,Oman",United Arab Emirates,Oman,Oman,field,Oman,"{""wickets"": 9}",Bilal Khan,6,international,male
1426468,T20,2024,2024-04-15,Al Amerat Cricket Ground Oman Cricket (Ministry Turf 2),Al Amarat,,"Kuwait,Bahrain",Kuwait,Bahrain,Bahrain,field,Kuwait,"{""runs"": 26}",Yasin Patel,6,international,male
1426469,T20,2024,2024-04-16,Al Amerat Cricket Ground Oman Cricket (Ministry Turf 1),Al Amarat,,"Qatar,Saudi Arabia",Qatar,Saudi Arabia,Saudi Arabia,field,Qatar,"{""runs"": 15}",Gayan Munaweera,6,international,male
1426470,T20,2024,2024-04-16,Al Amerat Cricket Ground Oman Cricket (Ministry Turf 1),Al Amarat,,"Cambodia,Bahrain",Cambodia,Bahrain,Cambodia,bat,Bahrain,"{""wickets"": 7}",Ali Dawood,6,international,male
1426471,T20,2024,2024-04-17,Al Amerat Cricket Ground Oman Cricket (Ministry Turf 1),Al Amarat,,"Malaysia,Hong Kong",Malaysia,Hong Kong,Hong Kong,field,Hong Kong,"{""wickets"": 7}",Babar Hayat,6,international,male
1426472,T20,2024,2024-04-17,Al Amerat Cricket Ground Oman Cricket (Ministry Turf 2),Al Amarat,,"Saudi Arabia,Nepal",Saudi Arabia,Nepal,Nepal,field,Nepal,"{""wickets"": 6}",Gulsan Jha,6,international,male
1426473,T20,2024,2024-04-17,Al Amerat Cricket Ground Oman Cricket (Ministry Turf 1),Al Amarat,,"Cambodia,United Arab Emirates",Cambodia,United Arab Emirates,Cambodia,bat,United Arab Emirates,"{""wickets"": 9}",Aayan Afzal Khan,6,international,male
1426474,T20,2024,2024-04-17,Al Amerat Cricket Ground Oman Cricket (Ministry Turf 2),Al Amarat,,"Oman,Kuwait",Oman,Kuwait,Kuwait,field,Oman,"{""runs"": 46}",Zeeshan Maqsood,6,international,male
1426475,T20,2024,2024-04-19,Al Amerat Cricket Ground Oman Cricket (Ministry Turf 1),Al Amarat,,"Nepal,United Arab Emirates",Nepal,United Arab Emirates,United Arab Emirates,field,United Arab Emirates,"{""wickets"": 6}",A Sharafu,6,international,male
1426476,T20,2024,2024-04-19,Al Amerat Cricket Ground Oman Cricket (Ministry Turf 1),Al Amarat,,"Hong Kong,Oman",Hong Kong,Oman,Oman,field,Oman,"{""wickets"": 5}",Aqib Ilyas,6,international,male
1426477,T20,2024,2024-04-20,Al Amerat Cricket Ground Oman Cricket (Ministry Turf 1),Al Amarat,,"Nepal,Hong Kong",Nepal,Hong Kong,Nepal,bat,Hong Kong,"{""wickets"": 4}",Anshuman Rath,6,international,male
1426478,T20,2024,2024-04-21,Al Amerat Cricket Ground Oman Cricket (Ministry Turf 1),Al Amarat,,"United Arab Emirates,Oman",United Arab Emirates,Oman,Oman,field,United Arab Emirates,"{""runs"": 55}",Waseem Muhammad,6,international,male
1426479,T20,2024,2024-04-14,La Manga Club Top Ground,Murcia,,"Jersey,Spain",Jersey,Spain,Spain,field,Spain,"{""wickets"": 5}",Mohammad Ihsan,6,international,male
1426480,T20,2024,2024-04-14,La Manga Club Top Ground,Murcia,,"Jersey,Spain",Jersey,Spain,Jersey,bat,Spain,"{""wickets"": 1}",,6,international,male
1426552,T20,2024/25,2024-11-14,"Brisbane Cricket Ground, Woolloongabba, Brisbane",Brisbane,,"Australia,Pakistan",Australia,Pakistan,Pakistan,field,Australia,"{""runs"": 29}",GJ Maxwell,6,international,male
1426553,T20,2024/25,2024-11-16,Sydney Cricket Ground,Sydney,,"Australia,Pakistan",Australia,Pakistan,Australia,bat,Australia,"{""runs"": 13}",SH Johnson,6,international,male
1426554,T20,2024/25,2024-11-18,"Bellerive Oval, Hobart",Hobart,,"Pakistan,Australia",Pakistan,Australia,Pakistan,bat,Australia,"{""wickets"": 7}",MP Stoinis,6,international,male
1426830,T20,2024,2024-05-10,"Castle Avenue, Dublin",Dublin,,"Pakistan,Ireland",Pakistan,Ireland,Ireland,field,Ireland,"{""wickets"": 5}",A Balbirnie,6,international,male
1426831,T20,2024,2024-05-12,"Castle Avenue, Dublin",Dublin,,"Ireland,Pakistan",Ireland,Pakistan,Pakistan,field,Pakistan,"{""wickets"": 7}",Mohammad Rizwan,6,international,male
1426832,T20,2024,2024-05-14,"Castle Avenue, Dublin",Dublin,,"Ireland,Pakistan",Ireland,Pakistan,Pakistan,field,Pakistan,"{""wickets"": 6}",Shaheen Shah Afridi,6,international,male
1428151,T20,2024,2024-05-18,"Sportpark Westvliet, The Hague",The Hague,,"Netherlands,Scotland",Netherlands,Scotland,Scotland,field,Netherlands,"{""runs"": 41}",VJ Kingma,6,international,male
1428152,T20,2024,2024-05-19,"Sportpark Westvliet, The Hague",The Hague,,"Ireland,Netherlands",Ireland,Netherlands,Netherlands,field,Ireland,"{""runs"": 1}",MR Adair,6,international,male
1428154,T20,2024,2024-05-22,"Sportpark Westvliet, The Hague",The Hague,,"Scotland,Netherlands",Scotland,Netherlands,Netherlands,field,Scotland,"{""runs"": 71}",HG Munsey,6,international,male
1428155,T20,2024,2024-05-23,"Sportpark Westvliet, The Hague",The Hague,,"Scotland,Ireland",Scotland,Ireland,Scotland,bat,Ireland,"{""wickets"": 5}",A Balbirnie,6,international,male
1428156,T20,2024,2024-05-24,"Sportpark Westvliet, The Hague",The Hague,,"Ireland,Netherlands",Ireland,Netherlands,Netherlands,field,Ireland,"{""runs"": 3}",GH Dockrell,6,international,male
1428743,T20,2024,2024-04-12,Los Reyes Polo Club,Guacima,,"Mexico,Costa Rica",Mexico,Costa Rica,Costa Rica,field,Mexico,"{""runs"": 22}",Shantanu Kaveri,6,international,male
1428744,T20,2024,2024-04-12,Los Reyes Polo Club,Guacima,,"Mexico,Costa Rica",Mexico,Costa Rica,Mexico,bat,Mexico,"{""runs"": 42}",R Ankad,6,international,male
1428745,T20,2024,2024-04-13,Los Reyes Polo Club,Guacima,,"Costa Rica,Mexico",Costa Rica,Mexico,Costa Rica,bat,Costa Rica,"{""runs"": 42}",S Ravikumar,6,international,male
1428746,T20,2024,2024-04-14,Los Reyes Polo Club,Guacima,,"Mexico,Costa Rica",Mexico,Costa Rica,Mexico,bat,Mexico,"{""runs"": 58}",Pratik Singh Bais,6,international,male
1431086,T20,2024/25,2024-09-27,"Zayed Cricket Stadium, Abu Dhabi",Abu Dhabi,,"Ireland,South Africa",Ireland,South Africa,South Africa,field,South Africa,"{""wickets"": 8}",RD Rickelton,6,international,male
1431087,T20,2024/25,2024-09-29,"Zayed Cricket Stadium, Abu Dhabi",Abu Dhabi,,"Ireland,South Africa",Ireland,South Africa,South Africa,field,Ireland,"{""runs"": 10}",GR Adair,6,international,male
1431120,T20,2024,2024-05-07,Sano International Cricket Ground,Sano,,"Japan,Mongolia",Japan,Mongolia,Japan,bat,Japan,"{""runs"": 166}",W Miyauchi,6,international,male
1431121,T20,2024,2024-05-08,Sano International Cricket Ground,Sano,,"Japan,Mongolia",Japan,Mongolia,Japan,bat,Japan,"{""runs"": 205}",K Kato-Stafford,6,international,male
1431122,T20,2024,2024-05-08,Sano International Cricket Ground,Sano,,"Japan,Mongolia",Japan,Mongolia,Japan,bat,,null,,6,international,male
1431123,T20,2024,2024-05-09,Sano International Cricket Ground,Sano,,"Mongolia,Japan",Mongolia,Japan,Mongolia,bat,Japan,"{""wickets"": 10}",M Taniyama,6,international,male
1431124,T20,2024,2024-05-11,Sano International Cricket Ground,Sano,,"Japan,Mongolia",Japan,Mongolia,Japan,bat,Japan,"{""runs"": 180}",S Ravichandran,6,international,male
1431125,T20,2024,2024-05-11,Sano International Cricket Ground,Sano,,"Japan,Mongolia",Japan,Mongolia,Japan,bat,Japan,"{""runs"": 158}",S Ravichandran,6,international,male
1431126,T20,2024,2024-05-12,Sano International Cricket Ground,Sano,,"Japan,Mongolia",Japan,Mongolia,Japan,bat,Japan,"{""runs"": 157}",L Yamamoto-Lake,6,international,male
1431607,T20,2024,2024-05-01,Udayana Cricket Ground,Bali,,"Thailand,Indonesia",Thailand,Indonesia,Indonesia,field,Thailand,"{""runs"": 8}",,6,international,male
1431608,T20,2024,2024-05-02,Udayana Cricket Ground,Bali,,"Thailand,Indonesia",Thailand,Indonesia,Thailand,bat,Indonesia,"{""wickets"": 6}",KD Kesuma,6,international,male
1431609,T20,2024,2024-05-04,Udayana Cricket Ground,Bali,,"Indonesia,Thailand",Indonesia,Thailand,Thailand,field,Indonesia,"{""runs"": 33}",Gaurav Tiwari,6,international,male
1431610,T20,2024,2024-05-05,Udayana Cricket Ground,Bali,,"Thailand,Indonesia",Thailand,Indonesia,Indonesia,field,Thailand,"{""runs"": 17}",MK Thakur,6,international,male
1431611,T20,2024,2024-05-06,Udayana Cricket Ground,Bali,,"Indonesia,Thailand",Indonesia,Thailand,Indonesia,bat,Thailand,"{""wickets"": 6}",AV Lazarus,6,international,male
1432194,T20,2024,2024-05-09,Dreux Sport Cricket Club,Dreux,,"France,Malta",France,Malta,France,bat,France,"{""runs"": 9}",L Canessane,6,international,male
1432195,T20,2024,2024-05-09,Dreux Sport Cricket Club,Dreux,,"France,Malta",France,Malta,France,bat,France,"{""runs"": 86}",Dawood Ahmadzai,6,international,male
1432196,T20,2024,2024-05-10,Dreux Sport Cricket Club,Dreux,,"Belgium,France",Belgium,France,Belgium,bat,,null,Zaheer Zahiri,6,international,male
1432197,T20,2024,2024-05-10,Dreux Sport Cricket Club,Dreux,,"Belgium,Malta",Belgium,Malta,Belgium,bat,Belgium,"{""runs"": 16}",B Niaz,6,international,male
1432198,T20,2024,2024-05-11,Dreux Sport Cricket Club,Dreux,,"Malta,Belgium",Malta,Belgium,Malta,bat,Belgium,"{""wickets"": 7}",F Khaliq,6,international,male
1432199,T20,2024,2024-05-11,Dreux Sport Cricket Club,Dreux,,"Belgium,France",Belgium,France,Belgium,bat,France,"{""wickets"": 7}",Ikbal Hossain,6,international,male
1432200,T20,2024,2024-05-12,Dreux Sport Cricket Club,Dreux,,"France,Belgium",France,Belgium,France,bat,Belgium,"{""runs"": 15}",F Khaliq,6,international,male
1432211,T20,2024/25,2024-12-10,"Kingsmead, Durban",Durban,,"South Africa,Pakistan",South Africa,Pakistan,South Africa,bat,South Africa,"{""runs"": 11}",GF Linde,6,international,male
1432212,T20,2024/25,2024-12-13,"SuperSport Park, Centurion",Centurion,,"Pakistan,South Africa",Pakistan,South Africa,Pakistan,bat,South Africa,"{""wickets"": 7}",RR Hendricks,6,international,male
1433362,T20,2024,2024-05-23,"Sabina Park, Kingston, Jamaica",Kingston,,"West Indies,South Africa",West Indies,South Africa,South Africa,field,West Indies,"{""runs"": 28}",BA King,6,international,male
1433363,T20,2024,2024-05-25,"Sabina Park, Kingston, Jamaica",Kingston,,"West Indies,South Africa",West Indies,South Africa,West Indies,bat,West Indies,"{""runs"": 16}",RL Chase,6,international,male
1433364,T20,2024,2024-05-26,"Sabina Park, Kingston, Jamaica",Kingston,,"South Africa,West Indies",South Africa,West Indies,South Africa,bat,West Indies,"{""wickets"": 8}",J Charles,6,international,male
1433367,T20,2024,2024-08-23,"Brian Lara Stadium, Tarouba, Trinidad",Tarouba,,"South Africa,West Indies",South Africa,West Indies,West Indies,field,West Indies,"{""wickets"": 7}",N Pooran,6,international,male
1433368,T20,2024,2024-08-25,"Brian Lara Stadium, Tarouba, Trinidad",Tarouba,,"West Indies,South Africa",West Indies,South Africa,South Africa,field,West Indies,"{""runs"": 30}",R Shepherd,6,international,male
1433369,T20,2024,2024-08-27,"Brian Lara Stadium, Tarouba, Trinidad",Tarouba,,"South Africa,West Indies",South Africa,West Indies,West Indies,field,West Indies,"{""wickets"": 8}",R Shepherd,6,international,male
1433373,T20,2024/25,2024-11-09,"Kensington Oval, Bridgetown, Barbados",Bridgetown,,"West Indies,England",West Indies,England,England,field,England,"{""wickets"": 8}",PD Salt,6,international,male
1433374,T20,2024/25,2024-11-10,"Kensington Oval, Bridgetown, Barbados",Bridgetown,,"West Indies,England",West Indies,England,England,field,England,"{""wickets"": 7}",JC Buttler,6,international,male
1433375,T20,2024/25,2024-11-14,"Daren Sammy National Cricket Stadium, Gros Islet, St Lucia",Gros Islet,,"West Indies,England",West Indies,England,England,field,England,"{""wickets"": 3}",S Mahmood,6,international,male
1433376,T20,2024/25,2024-11-16,"Daren Sammy National Cricket Stadium, Gros Islet, St Lucia",Gros Islet,,"England,West Indies",England,West Indies,West Indies,field,West Indies,"{""wickets"": 5}",SD Hope,6,international,male
1433377,T20,2024/25,2024-11-17,"Daren Sammy National Cricket Stadium, Gros Islet, St Lucia",Gros Islet,,"West Indies,England",West Indies,England,England,field,,null,,6,international,male
1433383,T20,2024/25,2024-12-15,"Arnos Vale Ground, Kingstown, St Vincent",Kingstown,,"Bangladesh,West Indies",Bangladesh,West Indies,West Indies,field,Bangladesh,"{""runs"": 7}",Mahedi Hasan,6,international,male
1433384,T20,2024/25,2024-12-17,"Arnos Vale Ground, Kingstown, St Vincent",Kingstown,,"Bangladesh,West Indies",Bangladesh,West Indies,West Indies,field,Bangladesh,"{""runs"": 27}",Shamim Hossain,6,international,male
1433385,T20,2024/25,2024-12-19,"Arnos Vale Ground, Kingstown, St Vincent",Kingstown,,"Bangladesh,West Indies",Bangladesh,West Indies,Bangladesh,bat,Bangladesh,"{""runs"": 80}",Jaker Ali,6,international,male
1434155,T20,2024,2024-05-24,"Moara Vlasiei Cricket Ground, Ilfov County",Ilfov County,,"Bulgaria,Gibraltar",Bulgaria,Gibraltar,Gibraltar,field,Gibraltar,"{""wickets"": 5}",BA Pai,6,international,male
1434157,T20,2024,2024-05-24,"Moara Vlasiei Cricket Ground, Ilfov County",Ilfov County,,"Bulgaria,Romania",Bulgaria,Romania,Bulgaria,bat,Romania,"{""wickets"": 7}",Taranjeet Singh,6,international,male
1434160,T20,2024,2024-05-25,"Moara Vlasiei Cricket Ground, Ilfov County",Ilfov County,,"Romania,Gibraltar",Romania,Gibraltar,Romania,bat,Gibraltar,"{""wickets"": 6}",S Bodha,6,international,male
1434161,T20,2024,2024-05-26,"Moara Vlasiei Cricket Ground, Ilfov County",Ilfov County,,"Romania,Bulgaria",Romania,Bulgaria,Bulgaria,field,Romania,"{""runs"": 74}",Taranjeet Singh,6,international,male
1436471,T20,2024,2024-06-09,Roma Cricket Ground,Spinaceto,,"Italy,Luxembourg",Italy,Luxembourg,Luxembourg,field,Italy,"{""runs"": 77}",HJ Manenti,6,international,male
1436472,T20,2024,2024-06-09,"Simar Cricket Ground, Rome",Rome,,"Portugal,Hungary",Portugal,Hungary,Hungary,field,Portugal,"{""runs"": 15}",V Ravindran,6,international,male
1436473,T20,2024,2024-06-09,Roma Cricket Ground,Spinaceto,,"France,Isle of Man",France,Isle of Man,Isle of Man,field,France,"{""runs"": 16}",,6,international,male
1436474,T20,2024,2024-06-09,"Simar Cricket Ground, Rome",Rome,,"Austria,Romania",Austria,Romania,Austria,bat,Romania,"{""wickets"": 3}",V Saini,6,international,male
1436475,T20,2024,2024-06-10,Roma Cricket Ground,Spinaceto,,"Israel,Austria",Israel,Austria,Israel,bat,Austria,"{""wickets"": 7}",Aqib Iqbal,6,international,male
1436476,T20,2024,2024-06-10,"Simar Cricket Ground, Rome",Rome,,"Isle of Man,Turkey",Isle of Man,Turkey,Turkey,field,Isle of Man,"{""runs"": 81}",JA Burrows,6,international,male
1436477,T20,2024,2024-06-10,Roma Cricket Ground,Spinaceto,,"Portugal,Romania",Portugal,Romania,Portugal,bat,Romania,"{""wickets"": 6}",,6,international,male
1436478,T20,2024,2024-06-10,"Simar Cricket Ground, Rome",Rome,,"France,Italy",France,Italy,Italy,field,Italy,"{""wickets"": 5}",,6,international,male
1436479,T20,2024,2024-06-12,Roma Cricket Ground,Spinaceto,,"Isle of Man,Italy",Isle of Man,Italy,Isle of Man,bat,Italy,"{""wickets"": 7}",TJ Draca,6,international,male
1436480,T20,2024,2024-06-12,"Simar Cricket Ground, Rome",Rome,,"Portugal,Austria",Portugal,Austria,Portugal,bat,Austria,"{""wickets"": 7}",Karanbir Singh,6,international,male
1436481,T20,2024,2024-06-12,Roma Cricket Ground,Spinaceto,,"Luxembourg,Turkey",Luxembourg,Turkey,Turkey,field,Luxembourg,"{""runs"": 73}",TC Barker,6,international,male
1436482,T20,2024,2024-06-12,"Simar Cricket Ground, Rome",Rome,,"Israel,Hungary",Israel,Hungary,Israel,bat,Hungary,"{""wickets"": 1}",Muhammad Burhan,6,international,male
1436483,T20,2024,2024-06-13,Roma Cricket Ground,Spinaceto,,"Hungary,Romania",Hungary,Romania,Romania,field,Romania,"{""wickets"": 8}",M Koli,6,international,male
1436484,T20,2024,2024-06-13,"Simar Cricket Ground, Rome",Rome,,"France,Luxembourg",France,Luxembourg,France,bat,France,"{""runs"": 13}",C Roberts,6,international,male
1436485,T20,2024,2024-06-13,Roma Cricket Ground,Spinaceto,,"Portugal,Israel",Portugal,Israel,Portugal,bat,Israel,"{""wickets"": 2}",,6,international,male
1436486,T20,2024,2024-06-13,"Simar Cricket Ground, Rome",Rome,,"Turkey,Italy",Turkey,Italy,Turkey,bat,Italy,"{""wickets"": 9}",,6,international,male
1436487,T20,2024,2024-06-15,Roma Cricket Ground,Spinaceto,,"Isle of Man,Luxembourg",Isle of Man,Luxembourg,Isle of Man,bat,Isle of Man,"{""runs"": 63}",CJ Langford,6,international,male
1436488,T20,2024,2024-06-15,"Simar Cricket Ground, Rome",Rome,,"Austria,Hungary",Austria,Hungary,Hungary,field,Austria,"{""runs"": 14}",Bilal Zalmai,6,international,male
1436489,T20,2024,2024-06-15,Roma Cricket Ground,Spinaceto,,"France,Turkey",France,Turkey,Turkey,field,France,"{""runs"": 40}",Kamran Ahmadzai,6,international,male
1436490,T20,2024,2024-06-15,"Simar Cricket Ground, Rome",Rome,,"Romania,Israel",Romania,Israel,Israel,field,Romania,"{""runs"": 24}",Taranjeet Singh,6,international,male
1436491,T20,2024,2024-06-16,Roma Cricket Ground,Spinaceto,,"Luxembourg,Israel",Luxembourg,Israel,Luxembourg,bat,Israel,"{""wickets"": 2}",E Solomon,6,international,male
1436492,T20,2024,2024-06-16,"Simar Cricket Ground, Rome",Rome,,"France,Austria",France,Austria,Austria,field,Austria,"{""wickets"": 6}",Bilal Zalmai,6,international,male
1436493,T20,2024,2024-06-16,Roma Cricket Ground,Spinaceto,,"Portugal,Isle of Man",Portugal,Isle of Man,Portugal,bat,Portugal,"{""runs"": 88}",Amandeep Singh,6,international,male
1436494,T20,2024,2024-06-16,"Simar Cricket Ground, Rome",Rome,,"Italy,Romania",Italy,Romania,Romania,field,Italy,"{""runs"": 160}",JA Burns,6,international,male
1438073,T20,2024,2024-06-16,"Svanholm Park, Brondby",Brondby,,"Denmark,Jersey",Denmark,Jersey,Jersey,field,Jersey,"{""wickets"": 6}",AM Tribe,6,international,male
1438074,T20,2024,2024-06-16,"Svanholm Park, Brondby",Brondby,,"Jersey,Denmark",Jersey,Denmark,Denmark,field,Jersey,"{""runs"": 96}",AM Tribe,6,international,male
1438075,T20,2024,2024-06-17,Happy Valley Ground,Episkopi,,"Cyprus,Estonia",Cyprus,Estonia,Cyprus,bat,Estonia,"{""wickets"": 5}",S Gooch,6,international,male
1438076,T20,2024,2024-06-17,Happy Valley Ground,Episkopi,,"Cyprus,Estonia",Cyprus,Estonia,Cyprus,bat,Estonia,"{""wickets"": 6}",Sahil Chauhan,6,international,male
1438077,T20,2024,2024-06-18,Happy Valley Ground,Episkopi,,"Cyprus,Estonia",Cyprus,Estonia,Estonia,field,Cyprus,"{""runs"": 12}",S Burdekin,6,international,male
1438078,T20,2024,2024-06-18,Happy Valley Ground,Episkopi,,"Estonia,Cyprus",Estonia,Cyprus,Estonia,bat,Estonia,"{""runs"": 26}",Sahil Chauhan,6,international,male
1438079,T20,2024,2024-06-19,Happy Valley Ground,Episkopi,,"Estonia,Cyprus",Estonia,Cyprus,Cyprus,field,Cyprus,"{""wickets"": 4}",R Siriwardena,6,international,male
1438080,T20,2024,2024-06-19,Happy Valley Ground,Episkopi,,"Estonia,Cyprus",Estonia,Cyprus,Estonia,bat,Estonia,"{""runs"": 31}",S Gooch,6,international,male
1438257,T20,2024,2024-06-14,Kerava National Cricket Ground,Kerava,,"Norway,Finland",Norway,Finland,Finland,field,Norway,"{""runs"": 97}",D Abeyrathna,6,international,male
1438259,T20,2024,2024-06-15,Kerava National Cricket Ground,Kerava,,"Finland,Norway",Finland,Norway,Finland,bat,Norway,"{""wickets"": 7}",D Abeyrathna,6,international,male
1438262,T20,2024,2024-06-16,Kerava National Cricket Ground,Kerava,,"Finland,Norway",Finland,Norway,Finland,bat,Norway,"{""wickets"": 9}",Khizer Ahmed,6,international,male
1439813,T20,2024,2024-07-07,Bayer Uerdingen Cricket Ground,Krefeld,,"Jersey,Serbia",Jersey,Serbia,Jersey,bat,Jersey,"{""runs"": 165}",H Carlyon,6,international,male
1439814,T20,2024,2024-07-08,Bayer Uerdingen Cricket Ground,Krefeld,,"Germany,Gibraltar",Germany,Gibraltar,Gibraltar,field,Germany,"{""runs"": 44}",H Singh,6,international,male
1439815,T20,2024,2024-07-07,Bayer Uerdingen Cricket Ground,Krefeld,,"Switzerland,Belgium",Switzerland,Belgium,Belgium,field,Belgium,"{""wickets"": 2}",B Niaz,6,international,male
1439816,T20,2024,2024-07-08,Bayer Uerdingen Cricket Ground,Krefeld,,"Norway,Sweden",Norway,Sweden,Sweden,field,Norway,"{""runs"": 53}",Walid Ghauri,6,international,male
1439817,T20,2024,2024-07-09,Bayer Uerdingen Cricket Ground,Krefeld,,"Slovenia,Norway",Slovenia,Norway,Slovenia,bat,Norway,"{""wickets"": 8}",Raza Iqbal,6,international,male
1439818,T20,2024,2024-07-08,Bayer Uerdingen Cricket Ground,Krefeld,,"Croatia,Belgium",Croatia,Belgium,Croatia,bat,Croatia,"{""runs"": 5}",ZXM Vukusic,6,international,male
1439819,T20,2024,2024-07-09,Bayer Uerdingen Cricket Ground,Krefeld,,"Germany,Sweden",Germany,Sweden,Germany,bat,Germany,"{""runs"": 2}",H Singh,6,international,male
1439820,T20,2024,2024-07-09,Bayer Uerdingen Cricket Ground,Krefeld,,"Jersey,Switzerland",Jersey,Switzerland,Jersey,bat,Jersey,"{""runs"": 167}",,6,international,male
1439821,T20,2024,2024-07-10,Bayer Uerdingen Cricket Ground,Krefeld,,"Jersey,Belgium",Jersey,Belgium,Belgium,field,Jersey,"{""runs"": 108}",B Ward,6,international,male
1439822,T20,2024,2024-07-11,Bayer Uerdingen Cricket Ground,Krefeld,,"Norway,Germany",Norway,Germany,Germany,field,Norway,"{""runs"": 11}",Fayaz Khan,6,international,male
1439823,T20,2024,2024-07-10,Bayer Uerdingen Cricket Ground,Krefeld,,"Croatia,Serbia",Croatia,Serbia,Serbia,field,Croatia,"{""runs"": 28}",ZXM Vukusic,6,international,male
1439824,T20,2024,2024-07-10,Bayer Uerdingen Cricket Ground,Krefeld,,"Gibraltar,Slovenia",Gibraltar,Slovenia,Gibraltar,bat,Slovenia,"{""wickets"": 1}",Izaz Ali,6,international,male
1439825,T20,2024,2024-07-11,Bayer Uerdingen Cricket Ground,Krefeld,,"Gibraltar,Sweden",Gibraltar,Sweden,Sweden,field,Sweden,"{""wickets"": 8}",Imal Zuwak,6,international,male
1439826,T20,2024,2024-07-11,Bayer Uerdingen Cricket Ground,Krefeld,,"Switzerland,Serbia",Switzerland,Serbia,Switzerland,bat,Switzerland,"{""runs"": 40}",Abdullah Rana,6,international,male
1439829,T20,2024,2024-07-12,Bayer Uerdingen Cricket Ground,Krefeld,,"Belgium,Serbia",Belgium,Serbia,Belgium,bat,Belgium,"{""runs"": 77}",Muhammad Muneeb,6,international,male
1439830,T20,2024,2024-07-13,Bayer Uerdingen Cricket Ground,Krefeld,,"Norway,Gibraltar",Norway,Gibraltar,Norway,bat,Norway,"{""runs"": 6}",Wahidullah Sahak,6,international,male
1439831,T20,2024,2024-07-13,Bayer Uerdingen Cricket Ground,Krefeld,,"Croatia,Switzerland",Croatia,Switzerland,Switzerland,field,Switzerland,"{""wickets"": 7}",K Fletcher,6,international,male
1439832,T20,2024,2024-07-13,Bayer Uerdingen Cricket Ground,Krefeld,,"Slovenia,Sweden",Slovenia,Sweden,Sweden,field,Sweden,"{""wickets"": 6}",A Mundra,6,international,male
1439833,T20,2024,2024-07-14,Bayer Uerdingen Cricket Ground,Krefeld,,"Croatia,Germany",Croatia,Germany,Croatia,bat,Germany,"{""wickets"": 8}",V Ganesan,6,international,male
1439836,T20,2024,2024-07-14,Bayer Uerdingen Cricket Ground,Krefeld,,"Norway,Jersey",Norway,Jersey,Jersey,field,Jersey,"{""wickets"": 6}",B Ward,6,international,male
1439893,T20,2024/25,2024-10-06,"Shrimant Madhavrao Scindia Cricket Stadium, Gwalior",Gwalior,,"Bangladesh,India",Bangladesh,India,India,field,India,"{""wickets"": 7}",Arshdeep Singh,6,international,male
1439894,T20,2024/25,2024-10-09,"Arun Jaitley Stadium, Delhi",Delhi,,"India,Bangladesh",India,Bangladesh,Bangladesh,field,India,"{""runs"": 86}",Nithish Kumar Reddy,6,international,male
1439895,T20,2024/25,2024-10-12,"Rajiv Gandhi International Stadium, Uppal, Hyderabad",Hyderabad,,"India,Bangladesh",India,Bangladesh,India,bat,India,"{""runs"": 133}",SV Samson,6,international,male
1439899,T20,2024/25,2025-01-22,"Eden Gardens, Kolkata",Kolkata,,"England,India",England,India,India,field,India,"{""wickets"": 7}",CV Varun,6,international,male
1439900,T20,2024/25,2025-01-25,"MA Chidambaram Stadium, Chepauk, Chennai",Chennai,,"England,India",England,India,India,field,India,"{""wickets"": 2}",Tilak Varma,6,international,male
1439901,T20,2024/25,2025-01-28,"Saurashtra Cricket Association Stadium, Rajkot",Rajkot,,"England,India",England,India,India,field,England,"{""runs"": 26}",CV Varun,6,international,male
1439902,T20,2024/25,2025-01-31,"Maharashtra Cricket Association Stadium, Pune",Pune,,"India,England",India,England,England,field,India,"{""runs"": 15}",S Dube,6,international,male
1439903,T20,2024/25,2025-02-02,"Wankhede Stadium, Mumbai",Mumbai,,"India,England",India,England,England,field,India,"{""runs"": 150}",Abhishek Sharma,6,international,male
1440129,T20,2024,2024-06-22,"King George V Sports Ground, Castel",Castel,,"Guernsey,Jersey",Guernsey,Jersey,Jersey,field,Jersey,"{""wickets"": 7}",NA Greenwood,6,international,male
1440130,T20,2024,2024-06-22,"King George V Sports Ground, Castel",Castel,,"Guernsey,Jersey",Guernsey,Jersey,Jersey,field,Jersey,"{""wickets"": 8}",JW Jenner,6,international,male
1440131,T20,2024,2024-06-23,"Guernsey Rovers Athletic Club Ground, Port Soif",Port  Soif,,"Jersey,Guernsey",Jersey,Guernsey,Guernsey,field,Guernsey,"{""wickets"": 4}",T Nightingale,6,international,male
1440463,T20,2024,2024-09-04,"Grange Cricket Club Ground, Raeburn Place, Edinburgh",Edinburgh,,"Scotland,Australia",Scotland,Australia,Australia,field,Australia,"{""wickets"": 7}",TM Head,6,international,male
1440464,T20,2024,2024-09-06,"Grange Cricket Club Ground, Raeburn Place, Edinburgh",Edinburgh,,"Australia,Scotland",Australia,Scotland,Scotland,field,Australia,"{""runs"": 70}",JP Inglis,6,international,male
1440465,T20,2024,2024-09-07,"Grange Cricket Club Ground, Raeburn Place, Edinburgh",Edinburgh,,"Scotland,Australia",Scotland,Australia,Australia,field,Australia,"{""wickets"": 6}",C Green,6,international,male
1441133,T20,2024,2024-06-28,"Sikh Union Club Ground, Nairobi",Nairobi,,"Malawi,Rwanda",Malawi,Rwanda,Malawi,bat,Malawi,"{""runs"": 58}",,6,international,male
1441135,T20,2024,2024-06-29,"Sikh Union Club Ground, Nairobi",Nairobi,,"Rwanda,Kenya",Rwanda,Kenya,Rwanda,bat,Kenya,"{""wickets"": 6}",Tanzeel Sheikh,6,international,male
1441136,T20,2024,2024-07-01,"Sikh Union Club Ground, Nairobi",Nairobi,,"Malawi,Kenya",Malawi,Kenya,Kenya,field,Kenya,"{""wickets"": 9}",S Singh,6,international,male
1441140,T20,2024,2024-07-03,"Sikh Union Club Ground, Nairobi",Nairobi,,"Rwanda,Kenya",Rwanda,Kenya,Rwanda,bat,Kenya,"{""wickets"": 4}",N Mugabe,6,international,male
1441145,T20,2024,2024-07-05,"Sikh Union Club Ground, Nairobi",Nairobi,,"Kenya,Rwanda",Kenya,Rwanda,Kenya,bat,Kenya,"{""runs"": 49}",RR Patel,6,international,male
1442735,T20,2024,2024-07-12,"Sikh Union Club Ground, Nairobi",Nairobi,,"Kenya,Nigeria",Kenya,Nigeria,Kenya,bat,Kenya,"{""runs"": 29}",SR Bhudia,6,international,male
1442736,T20,2024,2024-07-13,"Sikh Union Club Ground, Nairobi",Nairobi,,"Nigeria,Kenya",Nigeria,Kenya,Nigeria,bat,Kenya,"{""wickets"": 4}",RN Patel,6,international,male
1442737,T20,2024,2024-07-15,"Sikh Union Club Ground, Nairobi",Nairobi,,"Kenya,Nigeria",Kenya,Nigeria,Nigeria,field,Nigeria,"{""wickets"": 3}",VD Adewoye,6,international,male
1442738,T20,2024,2024-07-16,"Sikh Union Club Ground, Nairobi",Nairobi,,"Nigeria,Kenya",Nigeria,Kenya,Kenya,field,Nigeria,"{""runs"": 14}",Sulaimon Runsewe,6,international,male
1442739,T20,2024,2024-07-17,"Sikh Union Club Ground, Nairobi",Nairobi,,"Nigeria,Kenya",Nigeria,Kenya,Nigeria,bat,Kenya,"{""wickets"": 4}",F Mutua,6,international,male
1442987,T20,2024,2024-07-27,Pallekele International Cricket Stadium,Kandy,,"India,Sri Lanka",India,Sri Lanka,Sri Lanka,field,India,"{""runs"": 43}",SA Yadav,6,international,male
1442988,T20,2024,2024-07-28,Pallekele International Cricket Stadium,Kandy,,"Sri Lanka,India",Sri Lanka,India,India,field,India,"{""wickets"": 7}",Ravi Bishnoi,6,international,male
1442989,T20,2024,2024-07-30,Pallekele International Cricket Stadium,Kandy,,"India,Sri Lanka",India,Sri Lanka,Sri Lanka,field,,null,Washington Sundar,6,international,male
1443543,T20,2024/25,2024-12-28,"Bay Oval, Mount Maunganui",Mount Maunganui,,"New Zealand,Sri Lanka",New Zealand,Sri Lanka,Sri Lanka,field,New Zealand,"{""runs"": 8}",JA Duffy,6,international,male
1443544,T20,2024/25,2024-12-30,"Bay Oval, Mount Maunganui",Mount Maunganui,,"New Zealand,Sri Lanka",New Zealand,Sri Lanka,Sri Lanka,field,New Zealand,"{""runs"": 45}",MJ Hay,6,international,male
1443545,T20,2024/25,2025-01-02,"Saxton Oval, Nelson",Nelson,,"Sri Lanka,New Zealand",Sri Lanka,New Zealand,New Zealand,field,Sri Lanka,"{""runs"": 7}",MDKJ Perera,6,international,male
1443549,T20,2024/25,2025-03-16,"Hagley Oval, Christchurch",Christchurch,,"Pakistan,New Zealand",Pakistan,New Zealand,New Zealand,field,New Zealand,"{""wickets"": 9}",KA Jamieson,6,international,male
1443550,T20,2024/25,2025-03-18,"University Oval, Dunedin",Dunedin,,"Pakistan,New Zealand",Pakistan,New Zealand,New Zealand,field,New Zealand,"{""wickets"": 5}",TL Seifert,6,international,male
1443551,T20,2024/25,2025-03-21,"Eden Park, Auckland",Auckland,,"New Zealand,Pakistan",New Zealand,Pakistan,Pakistan,field,Pakistan,"{""wickets"": 9}",Hassan Nawaz,6,international,male
1443552,T20,2024/25,2025-03-23,"Bay Oval, Mount Maunganui",Mount Maunganui,,"New Zealand,Pakistan",New Zealand,Pakistan,Pakistan,field,New Zealand,"{""runs"": 115}",FH Allen,6,international,male
1443553,T20,2024/25,2025-03-26,"Sky Stadium, Wellington",Wellington,,"Pakistan,New Zealand",Pakistan,New Zealand,New Zealand,field,New Zealand,"{""wickets"": 8}",JDS Neesham,6,international,male
1443766,T20,2024,2024-08-21,"King George V Sports Ground, Castel",Castel,,"Spain,Cyprus",Spain,Cyprus,Cyprus,field,Spain,"{""runs"": 15}",A Davidson Soler,6,international,male
1443767,T20,2024,2024-08-21,"Guernsey Rovers Athletic Club Ground, Port Soif",Port  Soif,,"Bulgaria,Guernsey",Bulgaria,Guernsey,Bulgaria,bat,Guernsey,"{""wickets"": 8}",M Dale-Bradley,6,international,male
1443768,T20,2024,2024-08-21,"King George V Sports Ground, Castel",Castel,,"Denmark,Czech Republic",Denmark,Czech Republic,Denmark,bat,Denmark,"{""runs"": 118}",HAM Shah,6,international,male
1443769,T20,2024,2024-08-21,"Guernsey Rovers Athletic Club Ground, Port Soif",Port  Soif,,"Malta,Finland",Malta,Finland,Malta,bat,Finland,"{""wickets"": 9}",NM Salonen,6,international,male
1443770,T20,2024,2024-08-22,"King George V Sports Ground, Castel",Castel,,"Finland,Estonia",Finland,Estonia,Estonia,field,Estonia,"{""wickets"": 8}",S Gooch,6,international,male
1443771,T20,2024,2024-08-22,"Guernsey Rovers Athletic Club Ground, Port Soif",Port  Soif,,"Denmark,Greece",Denmark,Greece,Greece,field,Denmark,"{""runs"": 32}",HAM Shah,6,international,male
1443772,T20,2024,2024-08-22,"King George V Sports Ground, Castel",Castel,,"Malta,Guernsey",Malta,Guernsey,Guernsey,field,Guernsey,"{""wickets"": 8}",J Butler,6,international,male
1443773,T20,2024,2024-08-22,"Guernsey Rovers Athletic Club Ground, Port Soif",Port  Soif,,"Spain,Czech Republic",Spain,Czech Republic,Czech Republic,field,Spain,"{""runs"": 1}",Sazib Bhuiyan,6,international,male
1443775,T20,2024,2024-08-24,"Guernsey Rovers Athletic Club Ground, Port Soif",Port  Soif,,"Finland,Guernsey",Finland,Guernsey,Guernsey,field,Finland,"{""runs"": 4}",Raaz Mohammad,6,international,male
1443776,T20,2024,2024-08-24,"King George V Sports Ground, Castel",Castel,,"Greece,Cyprus",Greece,Cyprus,Greece,bat,Cyprus,"{""wickets"": 8}",S Burdekin,6,international,male
1443777,T20,2024,2024-08-24,"Guernsey Rovers Athletic Club Ground, Port Soif",Port  Soif,,"Bulgaria,Estonia",Bulgaria,Estonia,Estonia,field,Estonia,"{""wickets"": 7}",Bilal Masud,6,international,male
1443778,T20,2024,2024-08-25,"King George V Sports Ground, Castel",Castel,,"Malta,Bulgaria",Malta,Bulgaria,Malta,bat,Malta,"{""runs"": 61}",B George,6,international,male
1443779,T20,2024,2024-08-25,"Guernsey Rovers Athletic Club Ground, Port Soif",Port  Soif,,"Cyprus,Czech Republic",Cyprus,Czech Republic,Cyprus,bat,Czech Republic,"{""wickets"": 4}",M Vandrasi,6,international,male
1443780,T20,2024,2024-08-25,"King George V Sports Ground, Castel",Castel,,"Estonia,Guernsey",Estonia,Guernsey,Guernsey,field,Guernsey,"{""wickets"": 5}",Harry Johnson,6,international,male
1443781,T20,2024,2024-08-25,"Guernsey Rovers Athletic Club Ground, Port Soif",Port  Soif,,"Greece,Spain",Greece,Spain,Greece,bat,Spain,"{""wickets"": 7}",Yasir Ali,6,international,male
1443782,T20,2024,2024-08-27,"King George V Sports Ground, Castel",Castel,,"Denmark,Cyprus",Denmark,Cyprus,Denmark,bat,Denmark,"{""runs"": 142}",HAM Shah,6,international,male
1443783,T20,2024,2024-08-27,"Guernsey Rovers Athletic Club Ground, Port Soif",Port  Soif,,"Finland,Bulgaria",Finland,Bulgaria,Finland,bat,Finland,"{""runs"": 125}",Atif Rasheed,6,international,male
1443784,T20,2024,2024-08-27,"King George V Sports Ground, Castel",Castel,,"Czech Republic,Greece",Czech Republic,Greece,Czech Republic,bat,Czech Republic,"{""runs"": 75}",M Vandrasi,6,international,male
1443785,T20,2024,2024-08-27,"Guernsey Rovers Athletic Club Ground, Port Soif",Port  Soif,,"Malta,Estonia",Malta,Estonia,Malta,bat,Estonia,"{""wickets"": 5}",Habib Khan,6,international,male
1443786,T20,2024,2024-08-28,"King George V Sports Ground, Castel",Castel,,"Spain,Finland",Spain,Finland,Finland,field,Spain,"{""runs"": 46}",C Rumistrzewicz,6,international,male
1443787,T20,2024,2024-08-28,"Guernsey Rovers Athletic Club Ground, Port Soif",Port  Soif,,"Cyprus,Malta",Cyprus,Malta,Malta,field,Cyprus,"{""runs"": 6}",S Burdekin,6,international,male
1443788,T20,2024,2024-08-28,"Guernsey Rovers Athletic Club Ground, Port Soif",Port  Soif,,"Czech Republic,Estonia",Czech Republic,Estonia,Estonia,field,Estonia,"{""wickets"": 7}",Bilal Masud,6,international,male
1443789,T20,2024,2024-08-28,"King George V Sports Ground, Castel",Castel,,"Denmark,Guernsey",Denmark,Guernsey,Guernsey,field,Guernsey,"{""wickets"": 6}",MWR Stokes,6,international,male
1444652,T20,2024/25,2024-12-01,"Queens Sports Club, Bulawayo",Bulawayo,,"Pakistan,Zimbabwe",Pakistan,Zimbabwe,Pakistan,bat,Pakistan,"{""runs"": 57}",Tayyab Tahir,6,international,male
1444653,T20,2024/25,2024-12-03,"Queens Sports Club, Bulawayo",Bulawayo,,"Zimbabwe,Pakistan",Zimbabwe,Pakistan,Zimbabwe,bat,Pakistan,"{""wickets"": 10}",Sufiyan Muqeem,6,international,male
1444654,T20,2024/25,2024-12-05,"Queens Sports Club, Bulawayo",Bulawayo,,"Pakistan,Zimbabwe",Pakistan,Zimbabwe,Pakistan,bat,Zimbabwe,"{""wickets"": 2}",BJ Bennett,6,international,male
1444947,T20,2024,2024-08-02,"Mladost Cricket Ground, Zagreb",Zagreb,,"Croatia,Spain",Croatia,Spain,Spain,field,Spain,"{""wickets"": 4}",Yasir Ali,6,international,male
1444948,T20,2024,2024-08-03,"Mladost Cricket Ground, Zagreb",Zagreb,,"Croatia,Spain",Croatia,Spain,Spain,field,Spain,"{""wickets"": 6}",Atif Mehmood,6,international,male
1444949,T20,2024,2024-08-03,"Mladost Cricket Ground, Zagreb",Zagreb,,"Croatia,Spain",Croatia,Spain,Spain,field,Spain,"{""wickets"": 8}",C Rumistrzewicz,6,international,male
1444950,T20,2024,2024-08-04,"Mladost Cricket Ground, Zagreb",Zagreb,,"Spain,Croatia",Spain,Croatia,Croatia,field,Spain,"{""runs"": 140}",Hamza Dar,6,international,male
1444951,T20,2024,2024-08-04,"Mladost Cricket Ground, Zagreb",Zagreb,,"Spain,Croatia",Spain,Croatia,Croatia,field,Spain,"{""runs"": 161}",D Long Martinez,6,international,male
1444952,T20,2024,2024-08-17,"Faleata Oval No 2, Apia",Apia,,"Vanuatu,Cook Islands",Vanuatu,Cook Islands,Cook Islands,field,Cook Islands,"{""wickets"": 9}",HB Dickson,6,international,male
1444953,T20,2024,2024-08-17,"Faleata Oval No 2, Apia",Apia,,"Fiji,Samoa",Fiji,Samoa,Fiji,bat,Samoa,"{""wickets"": 9}",D Visser,6,international,male
1444954,T20,2024,2024-08-19,"Faleata Oval No 2, Apia",Apia,,"Samoa,Cook Islands",Samoa,Cook Islands,Cook Islands,field,Cook Islands,"{""wickets"": 7}",C Dickson,6,international,male
1444955,T20,2024,2024-08-19,"Faleata Oval No 2, Apia",Apia,,"Vanuatu,Fiji",Vanuatu,Fiji,Fiji,field,Vanuatu,"{""runs"": 36}",A Mansale,6,international,male
1444956,T20,2024,2024-08-20,"Faleata Oval No 2, Apia",Apia,,"Samoa,Vanuatu",Samoa,Vanuatu,Samoa,bat,Samoa,"{""runs"": 10}",D Visser,6,international,male
1444957,T20,2024,2024-08-20,"Faleata Oval No 2, Apia",Apia,,"Fiji,Cook Islands",Fiji,Cook Islands,Cook Islands,field,Fiji,"{""runs"": 104}",A Sokovagone,6,international,male
1444958,T20,2024,2024-08-21,"Faleata Oval No 2, Apia",Apia,,"Samoa,Fiji",Samoa,Fiji,Fiji,field,Samoa,"{""runs"": 73}",D Visser,6,international,male
1444959,T20,2024,2024-08-21,"Faleata Oval No 2, Apia",Apia,,"Vanuatu,Cook Islands",Vanuatu,Cook Islands,Cook Islands,field,Cook Islands,"{""wickets"": 7}",OE Taylor,6,international,male
1444960,T20,2024,2024-08-23,"Faleata Oval No 2, Apia",Apia,,"Vanuatu,Fiji",Vanuatu,Fiji,Vanuatu,bat,Fiji,"{""wickets"": 5}",P Dakainivanua,6,international,male
1444961,T20,2024,2024-08-23,"Faleata Oval No 2, Apia",Apia,,"Samoa,Cook Islands",Samoa,Cook Islands,Samoa,bat,Cook Islands,"{""wickets"": 8}",T Parima,6,international,male
1444962,T20,2024,2024-08-24,"Faleata Oval No 2, Apia",Apia,,"Fiji,Cook Islands",Fiji,Cook Islands,Cook Islands,field,Fiji,"{""runs"": 9}",PV Vuniwaqa,6,international,male
1444963,T20,2024,2024-08-24,"Faleata Oval No 2, Apia",Apia,,"Samoa,Vanuatu",Samoa,Vanuatu,Samoa,bat,Samoa,"{""runs"": 8}",SF Tiai,6,international,male
1446761,T20,2024,2024-08-23,"Sportpark Maarschalkerweerd, Utrecht",Utrecht,,"Canada,Netherlands",Canada,Netherlands,Canada,bat,Netherlands,"{""wickets"": 5}",,6,international,male
1446762,T20,2024,2024-08-24,"Sportpark Maarschalkerweerd, Utrecht",Utrecht,,"Canada,United States of America",Canada,United States of America,Canada,bat,,null,,6,international,male
1446763,T20,2024,2024-08-25,"Sportpark Maarschalkerweerd, Utrecht",Utrecht,,"Netherlands,United States of America",Netherlands,United States of America,United States of America,field,Netherlands,"{""runs"": 102}",,6,international,male
1446764,T20,2024,2024-08-26,"Sportpark Maarschalkerweerd, Utrecht",Utrecht,,"Canada,Netherlands",Canada,Netherlands,Netherlands,field,Canada,"{""runs"": 8}",Saad Bin Zafar,6,international,male
1446765,T20,2024,2024-08-27,"Sportpark Westvliet, The Hague",The Hague,,"United States of America,Canada",United States of America,Canada,United States of America,bat,United States of America,"{""runs"": 20}",SR Mukkamalla,6,international,male
1446766,T20,2024,2024-08-28,"Sportpark Westvliet, The Hague",The Hague,,"Netherlands,United States of America",Netherlands,United States of America,Netherlands,bat,Netherlands,"{""runs"": 4}",A Dutt,6,international,male
1446771,T20,2024,2024-08-21,"Selangor Turf Club, Kuala Lumpur",Kuala Lumpur,,"Hong Kong,Kuwait",Hong Kong,Kuwait,Kuwait,field,Kuwait,"{""wickets"": 4}",,6,international,male
1446772,T20,2024,2024-08-22,"Selangor Turf Club, Kuala Lumpur",Kuala Lumpur,,"Kuwait,Malaysia",Kuwait,Malaysia,Malaysia,field,Malaysia,"{""wickets"": 5}",Syed Aziz,6,international,male
1446773,T20,2024,2024-08-23,"Selangor Turf Club, Kuala Lumpur",Kuala Lumpur,,"Malaysia,Hong Kong",Malaysia,Hong Kong,Hong Kong,field,Hong Kong,"{""wickets"": 6}",Yasim Murtaza,6,international,male
1446774,T20,2024,2024-08-24,"Selangor Turf Club, Kuala Lumpur",Kuala Lumpur,,"Hong Kong,Kuwait",Hong Kong,Kuwait,Kuwait,field,Kuwait,"{""wickets"": 2}",Bilal Tahir,6,international,male
1446775,T20,2024,2024-08-25,"Selangor Turf Club, Kuala Lumpur",Kuala Lumpur,,"Kuwait,Malaysia",Kuwait,Malaysia,Malaysia,field,Kuwait,"{""runs"": 18}",MNM Aslam,6,international,male
1446776,T20,2024,2024-08-26,"Selangor Turf Club, Kuala Lumpur",Kuala Lumpur,,"Hong Kong,Malaysia",Hong Kong,Malaysia,Malaysia,field,Hong Kong,"{""runs"": 7}",Ehsan Khan,6,international,male
1446777,T20,2024,2024-08-27,"Selangor Turf Club, Kuala Lumpur",Kuala Lumpur,,"Hong Kong,Kuwait",Hong Kong,Kuwait,Kuwait,field,Kuwait,"{""wickets"": 8}",R Sandaruwan,6,international,male
1447477,T20,2024,2024-08-30,"Bayuemas Oval, Kuala Lumpur",Kuala Lumpur,,"Malaysia,Maldives",Malaysia,Maldives,Maldives,field,Malaysia,"{""runs"": 94}",Syed Aziz,6,international,male
1447478,T20,2024,2024-08-30,"YSD-UKM Cricket Oval, Bangi",Bangi,,"Myanmar,Hong Kong",Myanmar,Hong Kong,Hong Kong,field,Hong Kong,"{""wickets"": 9}",Anas Khan,6,international,male
1447479,T20,2024,2024-08-30,"Bayuemas Oval, Kuala Lumpur",Kuala Lumpur,,"Kuwait,Mongolia",Kuwait,Mongolia,Mongolia,field,Kuwait,"{""runs"": 160}",CV Anto,6,international,male
1447480,T20,2024,2024-08-31,"Bayuemas Oval, Kuala Lumpur",Kuala Lumpur,,"Singapore,Maldives",Singapore,Maldives,Singapore,bat,Singapore,"{""runs"": 47}",Manpreet Singh,6,international,male
1447481,T20,2024,2024-08-31,"YSD-UKM Cricket Oval, Bangi",Bangi,,"Myanmar,Malaysia",Myanmar,Malaysia,Malaysia,field,Malaysia,"{""wickets"": 6}",Virandeep Singh,6,international,male
1447482,T20,2024,2024-08-31,"Bayuemas Oval, Kuala Lumpur",Kuala Lumpur,,"Mongolia,Hong Kong",Mongolia,Hong Kong,Hong Kong,field,Hong Kong,"{""wickets"": 9}",Ehsan Khan,6,international,male
1447483,T20,2024,2024-09-02,"Bayuemas Oval, Kuala Lumpur",Kuala Lumpur,,"Hong Kong,Singapore",Hong Kong,Singapore,Singapore,field,Hong Kong,"{""runs"": 23}",Zeeshan Ali,6,international,male
1447484,T20,2024,2024-09-02,"YSD-UKM Cricket Oval, Bangi",Bangi,,"Kuwait,Maldives",Kuwait,Maldives,Maldives,field,Kuwait,"{""runs"": 142}",Usman Patel,6,international,male
1447485,T20,2024,2024-09-02,"YSD-UKM Cricket Oval, Bangi",Bangi,,"Myanmar,Mongolia",Myanmar,Mongolia,Mongolia,field,Myanmar,"{""runs"": 71}",Pyae Phyo Wai,6,international,male
1447486,T20,2024,2024-09-03,"YSD-UKM Cricket Oval, Bangi",Bangi,,"Maldives,Hong Kong",Maldives,Hong Kong,Hong Kong,field,Hong Kong,"{""wickets"": 9}",Ateeq Iqbal,6,international,male
1447487,T20,2024,2024-09-03,"Bayuemas Oval, Kuala Lumpur",Kuala Lumpur,,"Myanmar,Kuwait",Myanmar,Kuwait,Kuwait,field,Kuwait,"{""wickets"": 8}",Yasin Patel,6,international,male
1447488,T20,2024,2024-09-03,"YSD-UKM Cricket Oval, Bangi",Bangi,,"Malaysia,Singapore",Malaysia,Singapore,Malaysia,bat,Malaysia,"{""runs"": 1}",Syed Aziz,6,international,male
1447489,T20,2024,2024-09-05,"Bayuemas Oval, Kuala Lumpur",Kuala Lumpur,,"Malaysia,Kuwait",Malaysia,Kuwait,Kuwait,field,Kuwait,"{""wickets"": 8}",Usman Patel,6,international,male
1447490,T20,2024,2024-09-05,"YSD-UKM Cricket Oval, Bangi",Bangi,,"Mongolia,Singapore",Mongolia,Singapore,Singapore,field,Singapore,"{""wickets"": 9}",H Bharadwaj,6,international,male
1447491,T20,2024,2024-09-05,"Bayuemas Oval, Kuala Lumpur",Kuala Lumpur,,"Myanmar,Maldives",Myanmar,Maldives,Myanmar,bat,Maldives,"{""wickets"": 9}",Umar Adam,6,international,male
1447492,T20,2024,2024-09-06,"Bayuemas Oval, Kuala Lumpur",Kuala Lumpur,,"Maldives,Mongolia",Maldives,Mongolia,Maldives,bat,Maldives,"{""runs"": 117}",Azyan Farhath,6,international,male
1447493,T20,2024,2024-09-06,"YSD-UKM Cricket Oval, Bangi",Bangi,,"Kuwait,Singapore",Kuwait,Singapore,Singapore,field,Singapore,"{""wickets"": 5}",,6,international,male
1447494,T20,2024,2024-09-07,"Bayuemas Oval, Kuala Lumpur",Kuala Lumpur,,"Malaysia,Hong Kong",Malaysia,Hong Kong,Hong Kong,field,Malaysia,"{""runs"": 3}",Syed Aziz,6,international,male
1447495,T20,2024,2024-09-09,"Bayuemas Oval, Kuala Lumpur",Kuala Lumpur,,"Myanmar,Singapore",Myanmar,Singapore,Singapore,field,Singapore,"{""wickets"": 8}",,6,international,male
1447496,T20,2024,2024-09-09,"YSD-UKM Cricket Oval, Bangi",Bangi,,"Mongolia,Malaysia",Mongolia,Malaysia,Malaysia,field,Malaysia,"{""wickets"": 10}",Virandeep Singh,6,international,male
1447497,T20,2024,2024-09-09,"YSD-UKM Cricket Oval, Bangi",Bangi,,"Hong Kong,Kuwait",Hong Kong,Kuwait,Kuwait,field,,null,,6,international,male
1448346,T20,2025,2025-06-06,"Riverside Ground, Chester-le-Street",Chester-le-Street,,"England,West Indies",England,West Indies,England,bat,England,"{""runs"": 21}",LA Dawson,6,international,male
1448347,T20,2025,2025-06-08,"County Ground, Bristol",Bristol,,"West Indies,England",West Indies,England,England,field,England,"{""wickets"": 4}",L Wood,6,international,male
1448348,T20,2025,2025-06-10,"The Rose Bowl, Southampton",Southampton,,"England,West Indies",England,West Indies,West Indies,field,England,"{""runs"": 37}",BM Duckett,6,international,male
1448357,T20,2025,2025-09-10,"Sophia Gardens, Cardiff",Cardiff,,"South Africa,England",South Africa,England,England,field,South Africa,"{""runs"": 14}",D Ferreira,6,international,male
1448358,T20,2025,2025-09-12,"Old Trafford, Manchester",Manchester,,"England,South Africa",England,South Africa,South Africa,field,England,"{""runs"": 146}",PD Salt,6,international,male
1448360,T20,2025,2025-09-17,"The Village, Malahide, Dublin",Dublin,,"Ireland,England",Ireland,England,England,field,England,"{""wickets"": 4}",PD Salt,6,international,male
1448362,T20,2025,2025-09-21,"The Village, Malahide, Dublin",Dublin,,"Ireland,England",Ireland,England,England,field,England,"{""wickets"": 6}",AU Rashid,6,international,male
1449301,T20,2024/25,2024-11-08,"Kingsmead, Durban",Durban,,"India,South Africa",India,South Africa,South Africa,field,India,"{""runs"": 61}",SV Samson,6,international,male
1449302,T20,2024/25,2024-11-10,"St George's Park, Gqeberha",Gqeberha,,"India,South Africa",India,South Africa,South Africa,field,South Africa,"{""wickets"": 3}",T Stubbs,6,international,male
1449303,T20,2024/25,2024-11-13,"SuperSport Park, Centurion",Centurion,,"India,South Africa",India,South Africa,South Africa,field,India,"{""runs"": 11}",Tilak Varma,6,international,male
1449304,T20,2024/25,2024-11-15,"The Wanderers Stadium, Johannesburg",Johannesburg,,"India,South Africa",India,South Africa,India,bat,India,"{""runs"": 135}",Tilak Varma,6,international,male
1450751,T20,2024,2024-09-21,"Gymkhana Club Ground, Dar-es-Salaam",Dar-es-Salaam,,"Malawi,Lesotho",Malawi,Lesotho,Lesotho,field,Malawi,"{""runs"": 93}",Sami Sohail,6,international,male
1450752,T20,2024,2024-09-21,"Gymkhana Club Ground, Dar-es-Salaam",Dar-es-Salaam,,"Cameroon,Ghana",Cameroon,Ghana,Cameroon,bat,Ghana,"{""wickets"": 8}",R Baaleri,6,international,male
1450753,T20,2024,2024-09-21,University of Dar-es-Salaam Ground,Dar-es-Salaam,,"Mali,Tanzania",Mali,Tanzania,Tanzania,field,Tanzania,"{""wickets"": 10}",S Thakor,6,international,male
1450754,T20,2024,2024-09-22,"Gymkhana Club Ground, Dar-es-Salaam",Dar-es-Salaam,,"Mali,Cameroon",Mali,Cameroon,Mali,bat,Cameroon,"{""wickets"": 6}",I Tchakou,6,international,male
1450755,T20,2024,2024-09-22,University of Dar-es-Salaam Ground,Dar-es-Salaam,,"Malawi,Ghana",Malawi,Ghana,Ghana,field,Malawi,"{""runs"": 25}",MA Baig,6,international,male
1450757,T20,2024,2024-09-24,University of Dar-es-Salaam Ground,Dar-es-Salaam,,"Ghana,Lesotho",Ghana,Lesotho,Ghana,bat,Ghana,"{""runs"": 50}",R Baaleri,6,international,male
1450758,T20,2024,2024-09-24,"Gymkhana Club Ground, Dar-es-Salaam",Dar-es-Salaam,,"Cameroon,Tanzania",Cameroon,Tanzania,Cameroon,bat,Tanzania,"{""wickets"": 9}",LS Barkania,6,international,male
1450759,T20,2024,2024-09-24,University of Dar-es-Salaam Ground,Dar-es-Salaam,,"Mali,Malawi",Mali,Malawi,Mali,bat,Malawi,"{""wickets"": 9}",SZ Vayani,6,international,male
1450760,T20,2024,2024-09-25,University of Dar-es-Salaam Ground,Dar-es-Salaam,,"Ghana,Tanzania",Ghana,Tanzania,Ghana,bat,Tanzania,"{""wickets"": 7}",Akhil Anil,6,international,male
1450761,T20,2024,2024-09-25,"Gymkhana Club Ground, Dar-es-Salaam",Dar-es-Salaam,,"Lesotho,Mali",Lesotho,Mali,Mali,field,Lesotho,"{""runs"": 112}",Waseem Yaqoob,6,international,male
1450762,T20,2024,2024-09-25,University of Dar-es-Salaam Ground,Dar-es-Salaam,,"Cameroon,Malawi",Cameroon,Malawi,Malawi,field,Malawi,"{""wickets"": 9}",MA Baig,6,international,male
1450763,T20,2024,2024-09-26,"Gymkhana Club Ground, Dar-es-Salaam",Dar-es-Salaam,,"Mali,Ghana",Mali,Ghana,Mali,bat,Ghana,"{""wickets"": 10}",L Nyarko,6,international,male
1450764,T20,2024,2024-09-26,University of Dar-es-Salaam Ground,Dar-es-Salaam,,"Lesotho,Cameroon",Lesotho,Cameroon,Cameroon,field,Cameroon,"{""wickets"": 9}",BN Toube,6,international,male
1450765,T20,2024,2024-09-26,"Gymkhana Club Ground, Dar-es-Salaam",Dar-es-Salaam,,"Tanzania,Malawi",Tanzania,Malawi,Tanzania,bat,Tanzania,"{""runs"": 19}",K Juma,6,international,male
1450766,T20,2024,2024-09-25,"Yeonhui Cricket Ground, Incheon",Incheon,,"Japan,Indonesia",Japan,Indonesia,Japan,bat,Japan,"{""runs"": 4}",C Hinze,6,international,male
1450767,T20,2024,2024-09-26,"Yeonhui Cricket Ground, Incheon",Incheon,,"Japan,Philippines",Japan,Philippines,Japan,bat,Japan,"{""runs"": 47}",K Kadowaki-Fleming,6,international,male
1450768,T20,2024,2024-09-28,"Yeonhui Cricket Ground, Incheon",Incheon,,"Philippines,Japan",Philippines,Japan,Philippines,bat,Japan,"{""wickets"": 2}",J Tuffin,6,international,male
1450769,T20,2024,2024-09-28,"Yeonhui Cricket Ground, Incheon",Incheon,,"South Korea,Indonesia",South Korea,Indonesia,South Korea,bat,Indonesia,"{""wickets"": 2}",AN Hyobeom,6,international,male
1450770,T20,2024,2024-09-29,"Yeonhui Cricket Ground, Incheon",Incheon,,"Philippines,Indonesia",Philippines,Indonesia,Indonesia,field,Philippines,"{""runs"": 42}",AS Samra,6,international,male
1450771,T20,2024,2024-09-29,"Yeonhui Cricket Ground, Incheon",Incheon,,"South Korea,Japan",South Korea,Japan,South Korea,bat,Japan,"{""wickets"": 7}",S Ravichandran,6,international,male
1450772,T20,2024,2024-10-01,"Yeonhui Cricket Ground, Incheon",Incheon,,"Japan,Indonesia",Japan,Indonesia,Indonesia,field,Japan,"{""runs"": 53}",K Kadowaki-Fleming,6,international,male
1450773,T20,2024,2024-10-01,"Yeonhui Cricket Ground, Incheon",Incheon,,"Philippines,South Korea",Philippines,South Korea,South Korea,field,Philippines,"{""runs"": 37}",AS Samra,6,international,male
1450774,T20,2024,2024-10-02,"Yeonhui Cricket Ground, Incheon",Incheon,,"Japan,Philippines",Japan,Philippines,Japan,bat,Japan,"{""runs"": 27}",L Yamamoto-Lake,6,international,male
1450775,T20,2024,2024-10-02,"Yeonhui Cricket Ground, Incheon",Incheon,,"Indonesia,South Korea",Indonesia,South Korea,Indonesia,bat,Indonesia,"{""runs"": 27}",Anjar Tadarus,6,international,male
1450776,T20,2024,2024-10-04,"Yeonhui Cricket Ground, Incheon",Incheon,,"Indonesia,Philippines",Indonesia,Philippines,Indonesia,bat,Indonesia,"{""runs"": 3}",Gaurav Tiwari,6,international,male
1450777,T20,2024,2024-10-04,"Yeonhui Cricket Ground, Incheon",Incheon,,"Japan,South Korea",Japan,South Korea,Japan,bat,Japan,"{""runs"": 108}",K Kadowaki-Fleming,6,international,male
1450778,T20,2024,2024-10-05,"Yeonhui Cricket Ground, Incheon",Incheon,,"Philippines,South Korea",Philippines,South Korea,Philippines,bat,Philippines,"{""runs"": 101}",KDA Lukies,6,international,male
1450779,T20,2024,2024-10-05,"Yeonhui Cricket Ground, Incheon",Incheon,,"Japan,Indonesia",Japan,Indonesia,Japan,bat,Japan,"{""runs"": 144}",K Kadowaki-Fleming,6,international,male
1450817,T20,2024,2024-09-29,"Wanderers Cricket Ground, Windhoek",Windhoek,,"United Arab Emirates,Namibia",United Arab Emirates,Namibia,Namibia,field,United Arab Emirates,"{""runs"": 40}",Waseem Muhammad,6,international,male
1450818,T20,2024,2024-09-30,"Wanderers Cricket Ground, Windhoek",Windhoek,,"United States of America,United Arab Emirates",United States of America,United Arab Emirates,United States of America,bat,United States of America,"{""runs"": 15}",SR Mukkamalla,6,international,male
1450819,T20,2024,2024-10-01,"Wanderers Cricket Ground, Windhoek",Windhoek,,"United States of America,Namibia",United States of America,Namibia,United States of America,bat,United States of America,"{""runs"": 13}",AGS Gous,6,international,male
1450820,T20,2024,2024-10-02,"Wanderers Cricket Ground, Windhoek",Windhoek,,"Namibia,United Arab Emirates",Namibia,United Arab Emirates,Namibia,bat,United Arab Emirates,"{""wickets"": 6}",Asif Khan,6,international,male
1450821,T20,2024,2024-10-04,"Wanderers Cricket Ground, Windhoek",Windhoek,,"United Arab Emirates,United States of America",United Arab Emirates,United States of America,United Arab Emirates,bat,United Arab Emirates,"{""runs"": 6}",Basil Hameed,6,international,male
1450822,T20,2024,2024-10-05,"Wanderers Cricket Ground, Windhoek",Windhoek,,"Namibia,United States of America",Namibia,United States of America,Namibia,bat,United States of America,"{""wickets"": 6}",Milind Kumar,6,international,male
1450823,T20,2024,2024-09-28,"Maple Leaf North-West Ground, King City",King City,,"Canada,Nepal",Canada,Nepal,Nepal,field,Canada,"{""runs"": 14}",Saad Bin Zafar,6,international,male
1450824,T20,2024,2024-09-29,"Maple Leaf North-West Ground, King City",King City,,"Nepal,Oman",Nepal,Oman,Oman,field,Nepal,"{""runs"": 37}",Gulsan Jha,6,international,male
1450825,T20,2024,2024-09-30,"Maple Leaf North-West Ground, King City",King City,,"Canada,Oman",Canada,Oman,Oman,field,Oman,"{""wickets"": 8}",Aqib Ilyas,6,international,male
1450826,T20,2024,2024-10-01,"Maple Leaf North-West Ground, King City",King City,,"Nepal,Canada",Nepal,Canada,Canada,field,Canada,"{""wickets"": 4}",Saad Bin Zafar,6,international,male
1450827,T20,2024,2024-10-02,"Maple Leaf North-West Ground, King City",King City,,"Nepal,Oman",Nepal,Oman,Oman,field,Nepal,"{""runs"": 56}",,6,international,male
1450828,T20,2024,2024-10-03,"Maple Leaf North-West Ground, King City",King City,,"Oman,Canada",Oman,Canada,Canada,field,Canada,"{""wickets"": 5}",,6,international,male
1451814,T20,2024/25,2024-10-13,Rangiri Dambulla International Stadium,Dambulla,,"Sri Lanka,West Indies",Sri Lanka,West Indies,West Indies,field,West Indies,"{""wickets"": 5}",BA King,6,international,male
1451815,T20,2024/25,2024-10-15,Rangiri Dambulla International Stadium,Dambulla,,"Sri Lanka,West Indies",Sri Lanka,West Indies,Sri Lanka,bat,Sri Lanka,"{""runs"": 73}",P Nissanka,6,international,male
1451816,T20,2024/25,2024-10-17,Rangiri Dambulla International Stadium,Dambulla,,"West Indies,Sri Lanka",West Indies,Sri Lanka,West Indies,bat,Sri Lanka,"{""wickets"": 9}",BKG Mendis,6,international,male
1452624,T20,2024,2024-09-30,Europa Sports Complex,Gibraltar,,"Serbia,Gibraltar",Serbia,Gibraltar,Serbia,bat,Gibraltar,"{""wickets"": 7}",L Bruce,6,international,male
1452625,T20,2024,2024-09-30,Europa Sports Complex,Gibraltar,,"Serbia,Gibraltar",Serbia,Gibraltar,Gibraltar,field,Gibraltar,"{""wickets"": 8}",N Advani,6,international,male
1453518,T20,2024/25,2024-10-17,"Grand Prairie Stadium, Dallas",Dallas,,"Nepal,United States of America",Nepal,United States of America,United States of America,field,Nepal,"{""runs"": 17}",DS Airee,6,international,male
1453519,T20,2024/25,2024-10-19,"Grand Prairie Stadium, Dallas",Dallas,,"Nepal,United States of America",Nepal,United States of America,Nepal,bat,,null,K Bhurtel,6,international,male
1453520,T20,2024/25,2024-10-20,"Grand Prairie Stadium, Dallas",Dallas,,"United States of America,Nepal",United States of America,Nepal,United States of America,bat,Nepal,"{""wickets"": 8}",Aasif Sheikh,6,international,male
1453903,T20,2024/25,2024-10-12,Sao Fernando Polo and Cricket Club,Seropedica,,"Brazil,Mexico",Brazil,Mexico,Mexico,field,Brazil,"{""runs"": 7}",Kawsar Khan,6,international,male
1453909,T20,2024/25,2024-10-13,Sao Fernando Polo and Cricket Club,Seropedica,,"Mexico,Argentina",Mexico,Argentina,Argentina,field,Argentina,"{""wickets"": 8}",P Baron,6,international,male
1453911,T20,2024/25,2024-10-19,Gelephu International Cricket Ground,Gelephu,,"Thailand,Bhutan",Thailand,Bhutan,Bhutan,field,Thailand,"{""runs"": 77}",C Chatphaisan,6,international,male
1453912,T20,2024/25,2024-10-19,Gelephu International Cricket Ground,Gelephu,,"Indonesia,Maldives",Indonesia,Maldives,Indonesia,bat,Maldives,"{""runs"": 23}",Shaof Hassan,6,international,male
1453913,T20,2024/25,2024-10-20,Gelephu International Cricket Ground,Gelephu,,"Maldives,Bhutan",Maldives,Bhutan,Bhutan,field,Bhutan,"{""wickets"": 4}",T Jamtsho,6,international,male
1453914,T20,2024/25,2024-10-20,Gelephu International Cricket Ground,Gelephu,,"Indonesia,Thailand",Indonesia,Thailand,Indonesia,bat,Thailand,"{""wickets"": 6}",J Coetzee,6,international,male
1453915,T20,2024/25,2024-10-22,Gelephu International Cricket Ground,Gelephu,,"Thailand,Maldives",Thailand,Maldives,Thailand,bat,Thailand,"{""runs"": 44}",AV Lazarus,6,international,male
1453916,T20,2024/25,2024-10-22,Gelephu International Cricket Ground,Gelephu,,"Bhutan,Indonesia",Bhutan,Indonesia,Bhutan,bat,Bhutan,"{""runs"": 56}",RM Dorji,6,international,male
1453917,T20,2024/25,2024-10-23,Gelephu International Cricket Ground,Gelephu,,"Thailand,Indonesia",Thailand,Indonesia,Thailand,bat,Thailand,"{""runs"": 66}",AP Yadav,6,international,male
1453918,T20,2024/25,2024-10-23,Gelephu International Cricket Ground,Gelephu,,"Bhutan,Maldives",Bhutan,Maldives,Bhutan,bat,Maldives,"{""wickets"": 7}",Ibrahim Rizan,6,international,male
1453919,T20,2024/25,2024-10-24,Gelephu International Cricket Ground,Gelephu,,"Indonesia,Bhutan",Indonesia,Bhutan,Indonesia,bat,Bhutan,"{""wickets"": 1}",D Dawa,6,international,male
1453922,T20,2024/25,2024-10-19,"Gymkhana Club Ground, Nairobi",Nairobi,,"Zimbabwe,Seychelles",Zimbabwe,Seychelles,Seychelles,field,Zimbabwe,"{""runs"": 76}",,6,international,male
1453923,T20,2024/25,2024-10-19,"Ruaraka Sports Club Ground, Nairobi",Nairobi,,"Kenya,Mozambique",Kenya,Mozambique,Mozambique,field,Kenya,"{""runs"": 111}",RR Patel,6,international,male
1453924,T20,2024/25,2024-10-24,"Ruaraka Sports Club Ground, Nairobi",Nairobi,,"Rwanda,Seychelles",Rwanda,Seychelles,Rwanda,bat,Rwanda,"{""runs"": 73}",Yves Cyusa,6,international,male
1453925,T20,2024/25,2024-10-24,"Gymkhana Club Ground, Nairobi",Nairobi,,"Zimbabwe,Kenya",Zimbabwe,Kenya,Zimbabwe,bat,Zimbabwe,"{""runs"": 61}",RP Burl,6,international,male
1453926,T20,2024/25,2024-10-24,"Ruaraka Sports Club Ground, Nairobi",Nairobi,,"Gambia,Mozambique",Gambia,Mozambique,Gambia,bat,Mozambique,"{""wickets"": 6}",F Damiao Couana,6,international,male
1453927,T20,2024/25,2024-10-20,"Gymkhana Club Ground, Nairobi",Nairobi,,"Mozambique,Zimbabwe",Mozambique,Zimbabwe,Zimbabwe,field,Zimbabwe,"{""wickets"": 9}",R Ngarava,6,international,male
1453929,T20,2024/25,2024-10-20,"Gymkhana Club Ground, Nairobi",Nairobi,,"Rwanda,Kenya",Rwanda,Kenya,Rwanda,bat,Kenya,"{""wickets"": 5}",SR Bhudia,6,international,male
1453930,T20,2024/25,2024-10-23,"Ruaraka Sports Club Ground, Nairobi",Nairobi,,"Seychelles,Kenya",Seychelles,Kenya,Seychelles,bat,Kenya,"{""wickets"": 9}",SO Ngoche,6,international,male
1453931,T20,2024/25,2024-10-23,"Gymkhana Club Ground, Nairobi",Nairobi,,"Rwanda,Mozambique",Rwanda,Mozambique,Rwanda,bat,Mozambique,"{""wickets"": 7}",F Damiao Couana,6,international,male
1453932,T20,2024/25,2024-10-23,"Ruaraka Sports Club Ground, Nairobi",Nairobi,,"Zimbabwe,Gambia",Zimbabwe,Gambia,Zimbabwe,bat,Zimbabwe,"{""runs"": 290}",Sikandar Raza,6,international,male
1453933,T20,2024/25,2024-10-22,"Gymkhana Club Ground, Nairobi",Nairobi,,"Mozambique,Seychelles",Mozambique,Seychelles,Mozambique,bat,Mozambique,"{""runs"": 60}",F Damiao Couana,6,international,male
1453934,T20,2024/25,2024-10-22,"Gymkhana Club Ground, Nairobi",Nairobi,,"Kenya,Gambia",Kenya,Gambia,Kenya,bat,Kenya,"{""runs"": 129}",GM Muthui,6,international,male
1453935,T20,2024/25,2024-10-22,"Ruaraka Sports Club Ground, Nairobi",Nairobi,,"Zimbabwe,Rwanda",Zimbabwe,Rwanda,Zimbabwe,bat,Zimbabwe,"{""runs"": 149}",Sikandar Raza,6,international,male
1454384,T20,2024/25,2024-10-09,"TCA Oval, Blantyre",Blantyre,,"Malawi,Rwanda",Malawi,Rwanda,Malawi,bat,Rwanda,"{""wickets"": 8}",E Rukiriza,6,international,male
1454385,T20,2024/25,2024-10-10,"TCA Oval, Blantyre",Blantyre,,"Malawi,Rwanda",Malawi,Rwanda,Rwanda,field,Rwanda,"{""wickets"": 9}",O Manishimwe,6,international,male
1454388,T20,2024/25,2024-10-13,"TCA Oval, Blantyre",Blantyre,,"Malawi,Rwanda",Malawi,Rwanda,Rwanda,field,Rwanda,"{""wickets"": 6}",O Manishimwe,6,international,male
1454819,T20,2024/25,2024-11-13,Al Amerat Cricket Ground Oman Cricket (Ministry Turf 1),Al Amarat,,"Netherlands,Oman",Netherlands,Oman,Oman,field,Oman,"{""wickets"": 3}",Hammad Mirza,6,international,male
1454820,T20,2024/25,2024-11-14,Al Amerat Cricket Ground Oman Cricket (Ministry Turf 1),Al Amarat,,"Netherlands,Oman",Netherlands,Oman,Oman,field,Netherlands,"{""runs"": 50}",SA Edwards,6,international,male
1454821,T20,2024/25,2024-11-16,Al Amerat Cricket Ground Oman Cricket (Ministry Turf 1),Al Amarat,,"Netherlands,Oman",Netherlands,Oman,Oman,field,Netherlands,"{""runs"": 29}",K Klein,6,international,male
1456013,T20,2024/25,2024-10-18,"Sikh Union Club Ground, Nairobi",Nairobi,,"Kenya,Seychelles",Kenya,Seychelles,Kenya,bat,Kenya,"{""runs"": 91}",RN Patel,6,international,male
1456441,T20,2024/25,2024-11-09,Rangiri Dambulla International Stadium,Dambulla,,"New Zealand,Sri Lanka",New Zealand,Sri Lanka,New Zealand,bat,Sri Lanka,"{""wickets"": 4}",KIC Asalanka,6,international,male
1456442,T20,2024/25,2024-11-10,Rangiri Dambulla International Stadium,Dambulla,,"New Zealand,Sri Lanka",New Zealand,Sri Lanka,Sri Lanka,field,New Zealand,"{""runs"": 5}",LH Ferguson,6,international,male
1456867,T20,2024/25,2024-11-12,Udayana Cricket Ground,Bali,,"Indonesia,Myanmar",Indonesia,Myanmar,Myanmar,field,Indonesia,"{""runs"": 136}",KD Kesuma,6,international,male
1456868,T20,2024/25,2024-11-13,Udayana Cricket Ground,Bali,,"Myanmar,Indonesia",Myanmar,Indonesia,Myanmar,bat,Indonesia,"{""wickets"": 9}",GA Priandana,6,international,male
1456869,T20,2024/25,2024-11-15,Udayana Cricket Ground,Bali,,"Myanmar,Indonesia",Myanmar,Indonesia,Indonesia,field,Indonesia,"{""wickets"": 5}",Ahmad Ramdoni,6,international,male
1456870,T20,2024/25,2024-11-16,Udayana Cricket Ground,Bali,,"Myanmar,Indonesia",Myanmar,Indonesia,Myanmar,bat,Indonesia,"{""wickets"": 4}",Paing Danu,6,international,male
1456871,T20,2024/25,2024-11-17,Udayana Cricket Ground,Bali,,"Indonesia,Myanmar",Indonesia,Myanmar,Indonesia,bat,Indonesia,"{""runs"": 114}",IK Gamantika,6,international,male
1456872,T20,2024/25,2024-11-19,Udayana Cricket Ground,Bali,,"Myanmar,Indonesia",Myanmar,Indonesia,Myanmar,bat,Indonesia,"{""wickets"": 4}",IK Gamantika,6,international,male
1457217,T20,2024/25,2024-11-19,"West End Park International Cricket Stadium, Doha",Doha,,"Thailand,Qatar",Thailand,Qatar,Qatar,field,Qatar,"{""wickets"": 5}",Mohammad Ahnaff,6,international,male
1457218,T20,2024/25,2024-11-19,University of Doha for Science and Technology,Doha,,"United Arab Emirates,Bhutan",United Arab Emirates,Bhutan,Bhutan,field,United Arab Emirates,"{""runs"": 63}",Waseem Muhammad,6,international,male
1457219,T20,2024/25,2024-11-19,"West End Park International Cricket Stadium, Doha",Doha,,"Bahrain,Saudi Arabia",Bahrain,Saudi Arabia,Saudi Arabia,field,Bahrain,"{""runs"": 3}",Abdul Waheed,6,international,male
1457220,T20,2024/25,2024-11-20,"West End Park International Cricket Stadium, Doha",Doha,,"Thailand,Cambodia",Thailand,Cambodia,Cambodia,field,Thailand,"{""runs"": 16}",J Coetzee,6,international,male
1457221,T20,2024/25,2024-11-20,University of Doha for Science and Technology,Doha,,"Bhutan,Qatar",Bhutan,Qatar,Qatar,field,Qatar,"{""wickets"": 6}",Amir Farooq,6,international,male
1457222,T20,2024/25,2024-11-20,"West End Park International Cricket Stadium, Doha",Doha,,"United Arab Emirates,Saudi Arabia",United Arab Emirates,Saudi Arabia,United Arab Emirates,bat,United Arab Emirates,"{""runs"": 17}",R Chopra,6,international,male
1457223,T20,2024/25,2024-11-22,"West End Park International Cricket Stadium, Doha",Doha,,"Cambodia,United Arab Emirates",Cambodia,United Arab Emirates,United Arab Emirates,field,United Arab Emirates,"{""wickets"": 5}",Muhammad Jawadullah,6,international,male
1457224,T20,2024/25,2024-11-22,University of Doha for Science and Technology,Doha,,"Bahrain,Thailand",Bahrain,Thailand,Bahrain,bat,Thailand,"{""wickets"": 2}",N Salekar,6,international,male
1457225,T20,2024/25,2024-11-22,University of Doha for Science and Technology,Doha,,"Saudi Arabia,Bhutan",Saudi Arabia,Bhutan,Bhutan,field,Saudi Arabia,"{""runs"": 85}",Waji Ul Hassan,6,international,male
1457226,T20,2024/25,2024-11-23,"West End Park International Cricket Stadium, Doha",Doha,,"Bahrain,Bhutan",Bahrain,Bhutan,Bhutan,field,Bahrain,"{""runs"": 90}",Haider Butt,6,international,male
1457227,T20,2024/25,2024-11-23,University of Doha for Science and Technology,Doha,,"United Arab Emirates,Thailand",United Arab Emirates,Thailand,United Arab Emirates,bat,United Arab Emirates,"{""runs"": 155}",R Chopra,6,international,male
1457228,T20,2024/25,2024-11-23,University of Doha for Science and Technology,Doha,,"Qatar,Cambodia",Qatar,Cambodia,Qatar,bat,Qatar,"{""runs"": 48}",I Liyanage,6,international,male
1457229,T20,2024/25,2024-11-25,"West End Park International Cricket Stadium, Doha",Doha,,"Qatar,Bahrain",Qatar,Bahrain,Bahrain,field,Qatar,"{""runs"": 13}",,6,international,male
1457230,T20,2024/25,2024-11-25,University of Doha for Science and Technology,Doha,,"Cambodia,Saudi Arabia",Cambodia,Saudi Arabia,Saudi Arabia,field,Saudi Arabia,"{""wickets"": 5}",Faisal Khan,6,international,male
1457231,T20,2024/25,2024-11-25,"West End Park International Cricket Stadium, Doha",Doha,,"Thailand,Bhutan",Thailand,Bhutan,Thailand,bat,Thailand,"{""runs"": 7}",N Salekar,6,international,male
1457232,T20,2024/25,2024-11-26,"West End Park International Cricket Stadium, Doha",Doha,,"Thailand,Saudi Arabia",Thailand,Saudi Arabia,Saudi Arabia,field,Saudi Arabia,"{""wickets"": 5}",Zain Ul Abidin,6,international,male
1457233,T20,2024/25,2024-11-26,University of Doha for Science and Technology,Doha,,"Bahrain,Cambodia",Bahrain,Cambodia,Cambodia,field,Bahrain,"{""runs"": 49}",Rizwan Butt,6,international,male
1457234,T20,2024/25,2024-11-26,"West End Park International Cricket Stadium, Doha",Doha,,"United Arab Emirates,Qatar",United Arab Emirates,Qatar,United Arab Emirates,bat,United Arab Emirates,"{""runs"": 29}",Waseem Muhammad,6,international,male
1457235,T20,2024/25,2024-11-28,"West End Park International Cricket Stadium, Doha",Doha,,"Bhutan,Cambodia",Bhutan,Cambodia,Cambodia,field,Cambodia,"{""wickets"": 5}",GC Murtaza,6,international,male
1457236,T20,2024/25,2024-11-28,University of Doha for Science and Technology,Doha,,"Saudi Arabia,Qatar",Saudi Arabia,Qatar,Qatar,field,Qatar,"{""wickets"": 6}",Mohammad Ahnaff,6,international,male
1457350,T20,2024/25,2024-10-28,Jinja Cricket Ground,Jinja,,"Bahrain,Uganda",Bahrain,Uganda,Uganda,field,Bahrain,"{""runs"": 17}",Imran Anwar,6,international,male
1457351,T20,2024/25,2024-10-29,Jinja Cricket Ground,Jinja,,"Bahrain,Uganda",Bahrain,Uganda,Bahrain,bat,Uganda,"{""wickets"": 8}",Haider Butt,6,international,male
1459278,T20,2024/25,2024-11-28,University of Doha for Science and Technology,Doha,,"Bahrain,United Arab Emirates",Bahrain,United Arab Emirates,Bahrain,bat,United Arab Emirates,"{""wickets"": 8}",A Sharafu,6,international,male
1459374,T20,2024/25,2024-11-23,"Tafawa Balewa Square Cricket Oval, Lagos",Lagos,,"Botswana,Eswatini",Botswana,Eswatini,Botswana,bat,Botswana,"{""runs"": 48}",V Balakrishnan,6,international,male
1459375,T20,2024/25,2024-11-23,"Tafawa Balewa Square Cricket Oval, Lagos",Lagos,,"Sierra Leone,Ivory Coast",Sierra Leone,Ivory Coast,Sierra Leone,bat,Sierra Leone,"{""runs"": 168}",G Ngegba,6,international,male
1459376,T20,2024/25,2024-11-23,University of Lagos Cricket Oval,Lagos,,"Nigeria,St Helena",Nigeria,St Helena,Nigeria,bat,Nigeria,"{""runs"": 118}",R Abdulkareem,6,international,male
1459377,T20,2024/25,2024-11-28,"Nigeria Cricket Federation Oval 1, Abuja",Abuja,,"Ivory Coast,St Helena",Ivory Coast,St Helena,Ivory Coast,bat,St Helena,"{""wickets"": 10}",J Yon,6,international,male
1459378,T20,2024/25,2024-11-28,"Nigeria Cricket Federation Oval 2, Abuja",Abuja,,"Sierra Leone,Eswatini",Sierra Leone,Eswatini,Sierra Leone,bat,Sierra Leone,"{""runs"": 109}",A Turay,6,international,male
1459379,T20,2024/25,2024-11-28,"Nigeria Cricket Federation Oval 2, Abuja",Abuja,,"Nigeria,Botswana",Nigeria,Botswana,Nigeria,bat,Nigeria,"{""runs"": 77}",R Abdulkareem,6,international,male
1459380,T20,2024/25,2024-11-26,"Nigeria Cricket Federation Oval 1, Abuja",Abuja,,"St Helena,Sierra Leone",St Helena,Sierra Leone,Sierra Leone,field,Sierra Leone,"{""wickets"": 4}",A Turay,6,international,male
1459381,T20,2024/25,2024-11-26,"Nigeria Cricket Federation Oval 1, Abuja",Abuja,,"Eswatini,Nigeria",Eswatini,Nigeria,Eswatini,bat,Nigeria,"{""wickets"": 5}",I Danladi,6,international,male
1459382,T20,2024/25,2024-11-26,"Nigeria Cricket Federation Oval 2, Abuja",Abuja,,"Ivory Coast,Botswana",Ivory Coast,Botswana,Botswana,field,Botswana,"{""wickets"": 10}",M Mooketsi,6,international,male
1459383,T20,2024/25,2024-11-27,"Nigeria Cricket Federation Oval 2, Abuja",Abuja,,"Nigeria,Sierra Leone",Nigeria,Sierra Leone,Sierra Leone,field,Nigeria,"{""runs"": 29}",I Danladi,6,international,male
1459384,T20,2024/25,2024-11-27,"Nigeria Cricket Federation Oval 1, Abuja",Abuja,,"St Helena,Botswana",St Helena,Botswana,St Helena,bat,Botswana,"{""wickets"": 9}",K Motlanka,6,international,male
1459385,T20,2024/25,2024-11-27,"Nigeria Cricket Federation Oval 2, Abuja",Abuja,,"Ivory Coast,Eswatini",Ivory Coast,Eswatini,Ivory Coast,bat,Eswatini,"{""wickets"": 8}",R Sandeep,6,international,male
1459386,T20,2024/25,2024-11-24,University of Lagos Cricket Oval,Lagos,,"Sierra Leone,Botswana",Sierra Leone,Botswana,Sierra Leone,bat,Botswana,"{""wickets"": 5}",T Perera,6,international,male
1459387,T20,2024/25,2024-11-24,"Tafawa Balewa Square Cricket Oval, Lagos",Lagos,,"Nigeria,Ivory Coast",Nigeria,Ivory Coast,Nigeria,bat,Nigeria,"{""runs"": 264}",Selim Salau,6,international,male
1459388,T20,2024/25,2024-11-24,University of Lagos Cricket Oval,Lagos,,"Eswatini,St Helena",Eswatini,St Helena,Eswatini,bat,Eswatini,"{""runs"": 48}",Adil Butt,6,international,male
1462877,T20,2024/25,2024-12-06,"St Albans Club, Buenos Aires",Buenos Aires,,"Panama,Suriname",Panama,Suriname,Panama,bat,Panama,"{""runs"": 10}",Irfan Hafejee,6,international,male
1462878,T20,2024/25,2024-12-06,"St George's College Ground, Buenos Aires",Buenos Aires,,"Bahamas,Brazil",Bahamas,Brazil,Bahamas,bat,Bahamas,"{""runs"": 26}",M Taylor,6,international,male
1462880,T20,2024/25,2024-12-07,"Hurlingham Club Ground, Buenos Aires",Buenos Aires,,"Mexico,Brazil",Mexico,Brazil,Mexico,bat,Mexico,"{""runs"": 47}",Shoaib Rafiq,6,international,male
1462881,T20,2024/25,2024-12-07,"St George's College Ground, Buenos Aires",Buenos Aires,,"Argentina,Belize",Argentina,Belize,Belize,field,Argentina,"{""runs"": 5}",H Fennell,6,international,male
1462882,T20,2024/25,2024-12-07,"Hurlingham Club Ground, Buenos Aires",Buenos Aires,,"Bermuda,Suriname",Bermuda,Suriname,Bermuda,bat,Bermuda,"{""runs"": 92}",K Fubler,6,international,male
1462883,T20,2024/25,2024-12-07,"St George's College Ground, Buenos Aires",Buenos Aires,,"Cayman Islands,Panama",Cayman Islands,Panama,Cayman Islands,bat,Cayman Islands,"{""runs"": 83}",A Wright,6,international,male
1462884,T20,2024/25,2024-12-08,"St Albans Club, Buenos Aires",Buenos Aires,,"Panama,Bermuda",Panama,Bermuda,Panama,bat,Bermuda,"{""wickets"": 9}",TS Fray,6,international,male
1462885,T20,2024/25,2024-12-08,"Hurlingham Club Ground, Buenos Aires",Buenos Aires,,"Bahamas,Argentina",Bahamas,Argentina,Bahamas,bat,Bahamas,"{""runs"": 18}",Festus Benn,6,international,male
1462886,T20,2024/25,2024-12-08,"St Albans Club, Buenos Aires",Buenos Aires,,"Suriname,Brazil",Suriname,Brazil,Suriname,bat,Brazil,"{""wickets"": 6}",LH Rodrigues,6,international,male
1462887,T20,2024/25,2024-12-08,"Hurlingham Club Ground, Buenos Aires",Buenos Aires,,"Cayman Islands,Belize",Cayman Islands,Belize,Cayman Islands,bat,Cayman Islands,"{""runs"": 44}",ROC Dunka,6,international,male
1462888,T20,2024/25,2024-12-10,"Hurlingham Club Ground, Buenos Aires",Buenos Aires,,"Cayman Islands,Suriname",Cayman Islands,Suriname,Suriname,field,Suriname,"{""wickets"": 6}",XSD Smith,6,international,male
1462889,T20,2024/25,2024-12-10,"St Albans Club, Buenos Aires",Buenos Aires,,"Bahamas,Belize",Bahamas,Belize,Belize,field,Bahamas,"{""runs"": 3}",K Hinds,6,international,male
1462890,T20,2024/25,2024-12-10,"Hurlingham Club Ground, Buenos Aires",Buenos Aires,,"Mexico,Bermuda",Mexico,Bermuda,Mexico,bat,Bermuda,"{""wickets"": 6}",OGL Bascome,6,international,male
1462891,T20,2024/25,2024-12-10,"St Albans Club, Buenos Aires",Buenos Aires,,"Panama,Argentina",Panama,Argentina,Panama,bat,Argentina,"{""wickets"": 6}",A Kirschbaum,6,international,male
1462892,T20,2024/25,2024-12-11,"St George's College Ground, Buenos Aires",Buenos Aires,,"Mexico,Cayman Islands",Mexico,Cayman Islands,Mexico,bat,Cayman Islands,"{""wickets"": 7}",YSD Seneveratne,6,international,male
1462893,T20,2024/25,2024-12-11,"Hurlingham Club Ground, Buenos Aires",Buenos Aires,,"Bahamas,Panama",Bahamas,Panama,Bahamas,bat,Bahamas,"{""runs"": 21}",Festus Benn,6,international,male
1462894,T20,2024/25,2024-12-11,"St George's College Ground, Buenos Aires",Buenos Aires,,"Bermuda,Brazil",Bermuda,Brazil,Brazil,field,Bermuda,"{""runs"": 87}",D Sabir,6,international,male
1462895,T20,2024/25,2024-12-11,"Hurlingham Club Ground, Buenos Aires",Buenos Aires,,"Suriname,Argentina",Suriname,Argentina,Suriname,bat,Argentina,"{""wickets"": 6}",P Baron,6,international,male
1462896,T20,2024/25,2024-12-12,"Belgrano Athletic Club Ground, Buenos Aires",Buenos Aires,,"Panama,Brazil",Panama,Brazil,Panama,bat,Brazil,"{""wickets"": 6}",Yasar Haroon,6,international,male
1462897,T20,2024/25,2024-12-12,"St George's College Ground, Buenos Aires",Buenos Aires,,"Suriname,Mexico",Suriname,Mexico,Mexico,field,Mexico,"{""wickets"": 8}",PK Mohanarangam,6,international,male
1462898,T20,2024/25,2024-12-12,"Belgrano Athletic Club Ground, Buenos Aires",Buenos Aires,,"Bahamas,Cayman Islands",Bahamas,Cayman Islands,Bahamas,bat,Cayman Islands,"{""wickets"": 10}",J Baker,6,international,male
1462899,T20,2024/25,2024-12-12,"St George's College Ground, Buenos Aires",Buenos Aires,,"Bermuda,Belize",Bermuda,Belize,Belize,field,Bermuda,"{""runs"": 71}",DC Stovell,6,international,male
1462900,T20,2024/25,2024-12-14,"St Albans Club, Buenos Aires",Buenos Aires,,"Cayman Islands,Brazil",Cayman Islands,Brazil,Cayman Islands,bat,Cayman Islands,"{""runs"": 159}",YSD Seneveratne,6,international,male
1462901,T20,2024/25,2024-12-14,"Belgrano Athletic Club Ground, Buenos Aires",Buenos Aires,,"Bahamas,Suriname",Bahamas,Suriname,Bahamas,bat,Bahamas,"{""runs"": 26}",K Hinds,6,international,male
1462902,T20,2024/25,2024-12-14,"St Albans Club, Buenos Aires",Buenos Aires,,"Panama,Belize",Panama,Belize,Panama,bat,Belize,"{""wickets"": 7}",L Bonner,6,international,male
1462903,T20,2024/25,2024-12-14,"Belgrano Athletic Club Ground, Buenos Aires",Buenos Aires,,"Argentina,Mexico",Argentina,Mexico,Mexico,field,Argentina,"{""runs"": 23}",H Fennell,6,international,male
1462904,T20,2024/25,2024-12-15,"Belgrano Athletic Club Ground, Buenos Aires",Buenos Aires,,"Brazil,Belize",Brazil,Belize,Brazil,bat,Belize,"{""wickets"": 6}",L Bonner,6,international,male
1462905,T20,2024/25,2024-12-15,"Hurlingham Club Ground, Buenos Aires",Buenos Aires,,"Cayman Islands,Argentina",Cayman Islands,Argentina,Argentina,field,Cayman Islands,"{""runs"": 22}",C Wright,6,international,male
1462906,T20,2024/25,2024-12-15,"Belgrano Athletic Club Ground, Buenos Aires",Buenos Aires,,"Bermuda,Bahamas",Bermuda,Bahamas,Bermuda,bat,Bermuda,"{""runs"": 62}",,6,international,male
1462907,T20,2024/25,2024-12-15,"Hurlingham Club Ground, Buenos Aires",Buenos Aires,,"Panama,Mexico",Panama,Mexico,Mexico,field,Panama,"{""runs"": 48}",Mahmud Jasat,6,international,male
1462908,T20,2024/25,2024-12-16,"St Albans Club, Buenos Aires",Buenos Aires,,"Bermuda,Cayman Islands",Bermuda,Cayman Islands,Bermuda,bat,Bermuda,"{""runs"": 13}",Z Burgess,6,international,male
1462909,T20,2024/25,2024-12-16,"St George's College Ground, Buenos Aires",Buenos Aires,,"Bahamas,Mexico",Bahamas,Mexico,Bahamas,bat,Bahamas,"{""runs"": 24}",K Hinds,6,international,male
1462910,T20,2024/25,2024-12-16,"St Albans Club, Buenos Aires",Buenos Aires,,"Belize,Suriname",Belize,Suriname,Belize,bat,Suriname,"{""wickets"": 4}",K Hardat,6,international,male
1462911,T20,2024/25,2024-12-16,"St George's College Ground, Buenos Aires",Buenos Aires,,"Argentina,Brazil",Argentina,Brazil,Brazil,field,Argentina,"{""runs"": 11}",AAP Rivero,6,international,male
1462912,T20,2024/25,2024-12-04,"Gahanga International Cricket Stadium, Rwanda",Kigali City,,"Uganda,Botswana",Uganda,Botswana,Botswana,field,Uganda,"{""runs"": 78}",AR Ramjani,6,international,male
1462913,T20,2024/25,2024-12-13,"Gahanga International Cricket Stadium, Rwanda",Kigali City,,"Nigeria,Rwanda",Nigeria,Rwanda,Nigeria,bat,Nigeria,"{""runs"": 37}",R Abdulkareem,6,international,male
1462914,T20,2024/25,2024-12-08,"Gahanga International Cricket Stadium, Rwanda",Kigali City,,"Rwanda,Botswana",Rwanda,Botswana,Rwanda,bat,Botswana,"{""wickets"": 6}",M Badenhorst,6,international,male
1462915,T20,2024/25,2024-12-06,"Gahanga International Cricket Stadium, Rwanda",Kigali City,,"Nigeria,Uganda",Nigeria,Uganda,Nigeria,bat,Uganda,"{""wickets"": 5}",C Kyewuta,6,international,male
1462916,T20,2024/25,2024-12-04,"Gahanga International Cricket Stadium, Rwanda",Kigali City,,"Rwanda,Nigeria",Rwanda,Nigeria,Rwanda,bat,Nigeria,"{""wickets"": 6}",IO Okpe,6,international,male
1462917,T20,2024/25,2024-12-11,"Gahanga International Cricket Stadium, Rwanda",Kigali City,,"Uganda,Nigeria",Uganda,Nigeria,Nigeria,field,Uganda,"{""runs"": 23}",C Kyewuta,6,international,male
1462918,T20,2024/25,2024-12-11,"Gahanga International Cricket Stadium, Rwanda",Kigali City,,"Rwanda,Botswana",Rwanda,Botswana,Botswana,field,Rwanda,"{""runs"": 25}",E Rukiriza,6,international,male
1462919,T20,2024/25,2024-12-05,"Gahanga International Cricket Stadium, Rwanda",Kigali City,,"Nigeria,Botswana",Nigeria,Botswana,Botswana,field,Nigeria,"{""runs"": 29}",I Danladi,6,international,male
1462920,T20,2024/25,2024-12-12,"Gahanga International Cricket Stadium, Rwanda",Kigali City,,"Botswana,Nigeria",Botswana,Nigeria,Botswana,bat,Nigeria,"{""wickets"": 10}",Sulaimon Runsewe,6,international,male
1462921,T20,2024/25,2024-12-05,"Gahanga International Cricket Stadium, Rwanda",Kigali City,,"Uganda,Rwanda",Uganda,Rwanda,Rwanda,field,Uganda,"{""runs"": 112}",R Obuya,6,international,male
1462922,T20,2024/25,2024-12-09,"Gahanga International Cricket Stadium, Rwanda",Kigali City,,"Nigeria,Rwanda",Nigeria,Rwanda,Nigeria,bat,Rwanda,"{""wickets"": 6}",I Niyomugabo,6,international,male
1462923,T20,2024/25,2024-12-12,"Gahanga International Cricket Stadium, Rwanda",Kigali City,,"Uganda,Rwanda",Uganda,Rwanda,Rwanda,field,Uganda,"{""runs"": 50}",AR Ramjani,6,international,male
1462924,T20,2024/25,2024-12-06,"Gahanga International Cricket Stadium, Rwanda",Kigali City,,"Botswana,Rwanda",Botswana,Rwanda,Rwanda,field,Rwanda,"{""wickets"": 10}",O Manishimwe,6,international,male
1462925,T20,2024/25,2024-12-08,"Gahanga International Cricket Stadium, Rwanda",Kigali City,,"Nigeria,Uganda",Nigeria,Uganda,Uganda,field,Uganda,"{""wickets"": 7}",H Ssenyondo,6,international,male
1462926,T20,2024/25,2024-12-02,"Hurlingham Club Ground, Buenos Aires",Buenos Aires,,"Bermuda,Argentina",Bermuda,Argentina,Argentina,field,Bermuda,"{""runs"": 42}",Jonte Smith,6,international,male
1462927,T20,2024/25,2024-12-07,"Gahanga International Cricket Stadium, Rwanda",Kigali City,,"Nigeria,Botswana",Nigeria,Botswana,Nigeria,bat,Botswana,"{""wickets"": 3}",T Tshose,6,international,male
1462928,T20,2024/25,2024-12-09,"Gahanga International Cricket Stadium, Rwanda",Kigali City,,"Uganda,Botswana",Uganda,Botswana,Botswana,field,Uganda,"{""runs"": 108}",S Sesazi,6,international,male
1462930,T20,2024/25,2024-12-13,"Gahanga International Cricket Stadium, Rwanda",Kigali City,,"Uganda,Botswana",Uganda,Botswana,Uganda,bat,Uganda,"{""runs"": 32}",F Nsubuga,6,international,male
1462931,T20,2024/25,2024-12-07,"Gahanga International Cricket Stadium, Rwanda",Kigali City,,"Uganda,Rwanda",Uganda,Rwanda,Rwanda,field,Uganda,"{""runs"": 86}",Riazat Ali Shah,6,international,male
1462932,T20,2024/25,2024-12-14,"Gahanga International Cricket Stadium, Rwanda",Kigali City,,"Nigeria,Uganda",Nigeria,Uganda,Nigeria,bat,Uganda,"{""wickets"": 6}",Riazat Ali Shah,6,international,male
1463652,T20,2024/25,2024-12-13,"ICC Academy, Dubai",Dubai,,"Bahrain,United Arab Emirates",Bahrain,United Arab Emirates,Bahrain,bat,United Arab Emirates,"{""wickets"": 8}",Waseem Muhammad,6,international,male
1463653,T20,2024/25,2024-12-13,"ICC Academy, Dubai",Dubai,,"Saudi Arabia,Kuwait",Saudi Arabia,Kuwait,Kuwait,field,Kuwait,"{""wickets"": 6}",MNM Aslam,6,international,male
1463654,T20,2024/25,2024-12-14,"ICC Academy, Dubai",Dubai,,"Bahrain,Kuwait",Bahrain,Kuwait,Kuwait,field,Bahrain,"{""runs"": 4}",Imran Anwar,6,international,male
1463655,T20,2024/25,2024-12-14,"ICC Academy, Dubai",Dubai,,"Oman,Qatar",Oman,Qatar,Qatar,field,Oman,"{""runs"": 35}",Jatinder Singh,6,international,male
1463656,T20,2024/25,2024-12-15,"ICC Academy, Dubai",Dubai,,"United Arab Emirates,Oman",United Arab Emirates,Oman,Oman,field,United Arab Emirates,"{""runs"": 24}",Waseem Muhammad,6,international,male
1463657,T20,2024/25,2024-12-15,"ICC Academy, Dubai",Dubai,,"Qatar,Saudi Arabia",Qatar,Saudi Arabia,Saudi Arabia,field,Saudi Arabia,"{""wickets"": 9}",Usman Khalid,6,international,male
1463658,T20,2024/25,2024-12-16,"ICC Academy, Dubai",Dubai,,"Saudi Arabia,Bahrain",Saudi Arabia,Bahrain,Bahrain,field,Bahrain,"{""wickets"": 8}",Haider Butt,6,international,male
1463659,T20,2024/25,2024-12-16,"ICC Academy, Dubai",Dubai,,"United Arab Emirates,Kuwait",United Arab Emirates,Kuwait,United Arab Emirates,bat,United Arab Emirates,"{""runs"": 11}",T Suri,6,international,male
1463660,T20,2024/25,2024-12-17,"ICC Academy, Dubai",Dubai,,"Qatar,Kuwait",Qatar,Kuwait,Kuwait,field,Kuwait,"{""wickets"": 6}",Sayed Monib,6,international,male
1463661,T20,2024/25,2024-12-17,"ICC Academy, Dubai",Dubai,,"Oman,Bahrain",Oman,Bahrain,Bahrain,field,Oman,"{""runs"": 2}",Mohammad Nadeem,6,international,male
1463662,T20,2024/25,2024-12-18,"ICC Academy, Dubai",Dubai,,"Oman,Saudi Arabia",Oman,Saudi Arabia,Saudi Arabia,field,Saudi Arabia,"{""wickets"": 8}",Faisal Khan,6,international,male
1463663,T20,2024/25,2024-12-18,"ICC Academy, Dubai",Dubai,,"United Arab Emirates,Qatar",United Arab Emirates,Qatar,United Arab Emirates,bat,United Arab Emirates,"{""runs"": 23}",SS Kang,6,international,male
1463664,T20,2024/25,2024-12-19,"ICC Academy, Dubai",Dubai,,"Saudi Arabia,United Arab Emirates",Saudi Arabia,United Arab Emirates,United Arab Emirates,field,Saudi Arabia,"{""runs"": 11}",Usman Najeeb,6,international,male
1463665,T20,2024/25,2024-12-20,"ICC Academy, Dubai",Dubai,,"Bahrain,Qatar",Bahrain,Qatar,Qatar,field,Qatar,"{""wickets"": 6}",Muhammad Asim,6,international,male
1463666,T20,2024/25,2024-12-20,"ICC Academy, Dubai",Dubai,,"Oman,Kuwait",Oman,Kuwait,Oman,bat,Kuwait,"{""wickets"": 3}",Meet Bhavsar,6,international,male
1463667,T20,2024/25,2024-12-21,Dubai International Cricket Stadium,Dubai,,"United Arab Emirates,Kuwait",United Arab Emirates,Kuwait,United Arab Emirates,bat,United Arab Emirates,"{""runs"": 2}",Muhammad Jawadullah,6,international,male
1467704,T20,2024/25,2025-02-22,Harare Sports Club,Harare,,"Zimbabwe,Ireland",Zimbabwe,Ireland,Ireland,field,,null,,6,international,male
1467705,T20,2024/25,2025-02-23,Harare Sports Club,Harare,,"Ireland,Zimbabwe",Ireland,Zimbabwe,Zimbabwe,field,Zimbabwe,"{""wickets"": 3}",T Munyonga,6,international,male
1467706,T20,2024/25,2025-02-25,Harare Sports Club,Harare,,"Zimbabwe,Ireland",Zimbabwe,Ireland,Ireland,field,,null,,6,international,male
1470186,T20,2024/25,2025-02-03,Marsa Sports Club,Marsa,,"Hungary,Malta",Hungary,Malta,Malta,field,Hungary,"{""runs"": 8}",Abbas Ghani,6,international,male
1470187,T20,2024/25,2025-02-03,Marsa Sports Club,Marsa,,"Malta,Austria",Malta,Austria,Austria,field,Austria,"{""wickets"": 6}",M Simpson-Parker,6,international,male
1470188,T20,2024/25,2025-02-04,Marsa Sports Club,Marsa,,"Hungary,Austria",Hungary,Austria,Hungary,bat,Austria,"{""wickets"": 6}",Bilal Zalmai,6,international,male
1470189,T20,2024/25,2025-02-04,Marsa Sports Club,Marsa,,"Malta,Hungary",Malta,Hungary,Malta,bat,Hungary,"{""wickets"": 8}",Sheikh Rasik,6,international,male
1470190,T20,2024/25,2025-02-05,Marsa Sports Club,Marsa,,"Malta,Austria",Malta,Austria,Austria,field,Austria,"{""wickets"": 6}",M Simpson-Parker,6,international,male
1470191,T20,2024/25,2025-02-05,Marsa Sports Club,Marsa,,"Austria,Hungary",Austria,Hungary,Hungary,field,Hungary,"{""wickets"": 2}",Muhammad Saqlain,6,international,male
1471822,T20,2024/25,2025-02-19,Udayana Cricket Ground,Bali,,"Bahrain,Indonesia",Bahrain,Indonesia,Indonesia,field,Bahrain,"{""runs"": 63}",P Kurup,6,international,male
1471823,T20,2024/25,2025-02-20,Udayana Cricket Ground,Bali,,"Indonesia,Bahrain",Indonesia,Bahrain,Bahrain,field,Bahrain,"{""wickets"": 10}",Imran Khan,6,international,male
1471824,T20,2024/25,2025-02-22,Udayana Cricket Ground,Bali,,"Bahrain,Indonesia",Bahrain,Indonesia,Indonesia,field,Indonesia,"{""wickets"": 8}",PR Surve,6,international,male
1471825,T20,2024/25,2025-02-23,Udayana Cricket Ground,Bali,,"Bahrain,Indonesia",Bahrain,Indonesia,Indonesia,field,Bahrain,"{""runs"": 112}",Fiaz Ahmed,6,international,male
1471826,T20,2024/25,2025-02-24,Udayana Cricket Ground,Bali,,"Indonesia,Bahrain",Indonesia,Bahrain,Indonesia,bat,Bahrain,"{""wickets"": 5}",GA Priandana,6,international,male
1472516,T20,2025,2025-06-15,"Bready Cricket Club, Magheramason, Bready",Bready,,"West Indies,Ireland",West Indies,Ireland,Ireland,field,West Indies,"{""runs"": 62}",E Lewis,6,international,male
1472520,T20,2025,2025-07-20,"Sabina Park, Kingston, Jamaica",Kingston,,"West Indies,Australia",West Indies,Australia,Australia,field,Australia,"{""wickets"": 3}",MJ Owen,6,international,male
1472521,T20,2025,2025-07-22,"Sabina Park, Kingston, Jamaica",Kingston,,"West Indies,Australia",West Indies,Australia,Australia,field,Australia,"{""wickets"": 8}",JP Inglis,6,international,male
1472522,T20,2025,2025-07-25,"Warner Park, Basseterre, St Kitts",Basseterre,,"West Indies,Australia",West Indies,Australia,Australia,field,Australia,"{""wickets"": 6}",TH David,6,international,male
1472523,T20,2025,2025-07-26,"Warner Park, Basseterre, St Kitts",Basseterre,,"West Indies,Australia",West Indies,Australia,Australia,field,Australia,"{""wickets"": 3}",GJ Maxwell,6,international,male
1472524,T20,2025,2025-07-28,"Warner Park, Basseterre, St Kitts",Basseterre,,"West Indies,Australia",West Indies,Australia,Australia,field,Australia,"{""wickets"": 3}",BJ Dwarshuis,6,international,male
1472525,T20,2025,2025-07-31,"Central Broward Regional Park Stadium Turf Ground, Lauderhill",Lauderhill,,"Pakistan,West Indies",Pakistan,West Indies,West Indies,field,Pakistan,"{""runs"": 14}",Saim Ayub,6,international,male
1472526,T20,2025,2025-08-02,"Central Broward Regional Park Stadium Turf Ground, Lauderhill",Lauderhill,,"Pakistan,West Indies",Pakistan,West Indies,Pakistan,bat,West Indies,"{""wickets"": 2}",JO Holder,6,international,male
1472527,T20,2025,2025-08-03,"Central Broward Regional Park Stadium Turf Ground, Lauderhill",Lauderhill,,"Pakistan,West Indies",Pakistan,West Indies,Pakistan,bat,Pakistan,"{""runs"": 13}",Sahibzada Farhan,6,international,male
1473145,T20,2024/25,2025-02-20,Al Amerat Cricket Ground Oman Cricket (Ministry Turf 1),Al Amarat,,"Oman,United States of America",Oman,United States of America,United States of America,field,United States of America,"{""wickets"": 7}",SR Mukkamalla,6,international,male
1473146,T20,2024/25,2025-02-21,Al Amerat Cricket Ground Oman Cricket (Ministry Turf 1),Al Amarat,,"Oman,United States of America",Oman,United States of America,United States of America,field,United States of America,"{""wickets"": 4}",MD Patel,6,international,male
1473147,T20,2024/25,2025-02-23,Al Amerat Cricket Ground Oman Cricket (Ministry Turf 1),Al Amarat,,"Oman,United States of America",Oman,United States of America,Oman,bat,United States of America,"{""wickets"": 8}",Milind Kumar,6,international,male
1474260,T20,2024/25,2025-02-28,Singapore National Cricket Ground,Singapore,,"Bahrain,Singapore",Bahrain,Singapore,Singapore,field,Bahrain,"{""runs"": 31}",Fiaz Ahmed,6,international,male
1474261,T20,2024/25,2025-03-01,Singapore National Cricket Ground,Singapore,,"Singapore,Bahrain",Singapore,Bahrain,Singapore,bat,Bahrain,"{""wickets"": 7}",Sohail Ahmed,6,international,male
1474262,T20,2024/25,2025-03-02,Singapore National Cricket Ground,Singapore,,"Singapore,Bahrain",Singapore,Bahrain,Singapore,bat,Bahrain,"{""wickets"": 8}",P Kurup,6,international,male
1474263,T20,2024/25,2025-03-04,Singapore National Cricket Ground,Singapore,,"Singapore,Bahrain",Singapore,Bahrain,Singapore,bat,,null,,6,international,male
1475525,T20,2024/25,2025-03-10,"Bayuemas Oval, Kuala Lumpur",Kuala Lumpur,,"Malaysia,Bahrain",Malaysia,Bahrain,Bahrain,field,Bahrain,"{""wickets"": 6}",Asif Ali,6,international,male
1475526,T20,2024/25,2025-03-11,"Bayuemas Oval, Kuala Lumpur",Kuala Lumpur,,"Hong Kong,Bahrain",Hong Kong,Bahrain,Hong Kong,bat,Bahrain,"{""wickets"": 8}",Asif Ali,6,international,male
1475527,T20,2024/25,2025-03-12,"Bayuemas Oval, Kuala Lumpur",Kuala Lumpur,,"Hong Kong,Malaysia",Hong Kong,Malaysia,Hong Kong,bat,Hong Kong,"{""runs"": 42}",Anshuman Rath,6,international,male
1475528,T20,2024/25,2025-03-13,"Bayuemas Oval, Kuala Lumpur",Kuala Lumpur,,"Bahrain,Malaysia",Bahrain,Malaysia,Malaysia,field,Bahrain,"{""runs"": 35}",Sohail Ahmed,6,international,male
1475529,T20,2024/25,2025-03-14,"Bayuemas Oval, Kuala Lumpur",Kuala Lumpur,,"Hong Kong,Bahrain",Hong Kong,Bahrain,Hong Kong,bat,,null,,6,international,male
1475530,T20,2024/25,2025-03-15,"Bayuemas Oval, Kuala Lumpur",Kuala Lumpur,,"Malaysia,Hong Kong",Malaysia,Hong Kong,Malaysia,bat,Hong Kong,"{""wickets"": 8}",A Shukla,6,international,male
1475531,T20,2024/25,2025-03-17,"Bayuemas Oval, Kuala Lumpur",Kuala Lumpur,,"Hong Kong,Bahrain",Hong Kong,Bahrain,Hong Kong,bat,Bahrain,"{""wickets"": 8}",Imran Anwar,6,international,male
1476795,T20,2024/25,2025-03-19,"Namibia Cricket Ground, Windhoek",Windhoek,,"Canada,Namibia",Canada,Namibia,Namibia,field,Namibia,"{""wickets"": 3}",JJ Smit,6,international,male
1476797,T20,2024/25,2025-03-22,"Namibia Cricket Ground, Windhoek",Windhoek,,"Canada,Namibia",Canada,Namibia,Canada,bat,Namibia,"{""wickets"": 10}",JJ Smit,6,international,male
1476798,T20,2024/25,2025-03-23,"Namibia Cricket Ground, Windhoek",Windhoek,,"Canada,Namibia",Canada,Namibia,Namibia,field,Namibia,"{""wickets"": 8}",JN Loftie-Eaton,6,international,male
1478228,T20,2025,2025-04-07,Santarem Cricket Ground,Albergaria,,"Norway,Portugal",Norway,Portugal,Portugal,field,Norway,"{""runs"": 39}",D Abeyrathna,6,international,male
1478229,T20,2025,2025-04-08,Santarem Cricket Ground,Albergaria,,"Norway,Portugal",Norway,Portugal,Norway,bat,Portugal,"{""wickets"": 4}",C Greenshields,6,international,male
1478230,T20,2025,2025-04-09,Santarem Cricket Ground,Albergaria,,"Portugal,Norway",Portugal,Norway,Portugal,bat,Portugal,"{""runs"": 54}",D Norotam,6,international,male
1478865,T20,2025,2025-07-14,Harare Sports Club,Harare,,"Zimbabwe,South Africa",Zimbabwe,South Africa,South Africa,field,South Africa,"{""wickets"": 5}",D Brevis,6,international,male
1478866,T20,2025,2025-07-16,Harare Sports Club,Harare,,"New Zealand,South Africa",New Zealand,South Africa,South Africa,field,New Zealand,"{""runs"": 21}",TB Robinson,6,international,male
1478867,T20,2025,2025-07-18,Harare Sports Club,Harare,,"Zimbabwe,New Zealand",Zimbabwe,New Zealand,New Zealand,field,New Zealand,"{""wickets"": 8}",DP Conway,6,international,male
1478868,T20,2025,2025-07-20,Harare Sports Club,Harare,,"Zimbabwe,South Africa",Zimbabwe,South Africa,South Africa,field,South Africa,"{""wickets"": 7}",RA Herman,6,international,male
1478869,T20,2025,2025-07-22,Harare Sports Club,Harare,,"South Africa,New Zealand",South Africa,New Zealand,New Zealand,field,New Zealand,"{""wickets"": 7}",TL Seifert,6,international,male
1478870,T20,2025,2025-07-24,Harare Sports Club,Harare,,"New Zealand,Zimbabwe",New Zealand,Zimbabwe,New Zealand,bat,New Zealand,"{""runs"": 60}",IS Sodhi,6,international,male
1478871,T20,2025,2025-07-26,Harare Sports Club,Harare,,"New Zealand,South Africa",New Zealand,South Africa,South Africa,field,New Zealand,"{""runs"": 3}",MJ Henry,6,international,male
1478898,T20,2025,2025-08-10,"Marrara Stadium, Darwin",Darwin,,"Australia,South Africa",Australia,South Africa,South Africa,field,Australia,"{""runs"": 17}",TH David,6,international,male
1478899,T20,2025,2025-08-12,"Marrara Stadium, Darwin",Darwin,,"South Africa,Australia",South Africa,Australia,Australia,field,South Africa,"{""runs"": 53}",D Brevis,6,international,male
1478900,T20,2025,2025-08-16,"Cazaly's Stadium, Cairns",Cairns,,"South Africa,Australia",South Africa,Australia,Australia,field,Australia,"{""wickets"": 2}",GJ Maxwell,6,international,male
1478907,T20,2025/26,2025-10-29,"Manuka Oval, Canberra",Canberra,,"India,Australia",India,Australia,Australia,field,,null,,6,international,male
1478908,T20,2025/26,2025-10-31,Melbourne Cricket Ground,Melbourne,,"India,Australia",India,Australia,Australia,field,Australia,"{""wickets"": 4}",JR Hazlewood,6,international,male
1478909,T20,2025/26,2025-11-02,"Bellerive Oval, Hobart",Hobart,,"Australia,India",Australia,India,India,field,India,"{""wickets"": 5}",Arshdeep Singh,6,international,male
1478910,T20,2025/26,2025-11-06,Carrara Oval,Carrara,,"India,Australia",India,Australia,Australia,field,India,"{""runs"": 48}",AR Patel,6,international,male
1478911,T20,2025/26,2025-11-08,"Brisbane Cricket Ground, Woolloongabba, Brisbane",Brisbane,,"India,Australia",India,Australia,Australia,field,,null,,6,international,male
1479320,T20,2025,2025-04-09,"Mission Road Ground, Mong Kok, Hong Kong",Mong Kok,,"Qatar,Nepal",Qatar,Nepal,Nepal,field,Nepal,"{""wickets"": 8}",K Bhurtel,6,international,male
1479321,T20,2025,2025-04-09,"Mission Road Ground, Mong Kok, Hong Kong",Mong Kok,,"Hong Kong,Kuwait",Hong Kong,Kuwait,Kuwait,field,Kuwait,"{""wickets"": 4}",MNM Aslam,6,international,male
1479322,T20,2025,2025-04-10,"Mission Road Ground, Mong Kok, Hong Kong",Mong Kok,,"Kuwait,Nepal",Kuwait,Nepal,Nepal,field,Nepal,"{""wickets"": 6}",K Bhurtel,6,international,male
1479323,T20,2025,2025-04-10,"Mission Road Ground, Mong Kok, Hong Kong",Mong Kok,,"Hong Kong,Qatar",Hong Kong,Qatar,Qatar,field,Hong Kong,"{""runs"": 68}",Waqas Barkat,6,international,male
1479324,T20,2025,2025-04-12,"Mission Road Ground, Mong Kok, Hong Kong",Mong Kok,,"Qatar,Kuwait",Qatar,Kuwait,Kuwait,field,Kuwait,"{""wickets"": 6}",CV Anto,6,international,male
1479325,T20,2025,2025-04-12,"Mission Road Ground, Mong Kok, Hong Kong",Mong Kok,,"Hong Kong,Nepal",Hong Kong,Nepal,Nepal,field,,null,,6,international,male
1479326,T20,2025,2025-04-13,"Mission Road Ground, Mong Kok, Hong Kong",Mong Kok,,"Hong Kong,Qatar",Hong Kong,Qatar,Qatar,field,Hong Kong,"{""runs"": 1}",Anshuman Rath,6,international,male
1479327,T20,2025,2025-04-13,"Mission Road Ground, Mong Kok, Hong Kong",Mong Kok,,"Kuwait,Nepal",Kuwait,Nepal,Nepal,field,Kuwait,"{""runs"": 3}",A Chenthamara,6,international,male
1481295,T20,2025,2025-04-17,"Clayton Panama, Panama City",Panama City,,"Mexico,Costa Rica",Mexico,Costa Rica,Costa Rica,field,Mexico,"{""runs"": 124}",D Panda,6,international,male
1481296,T20,2025,2025-04-17,"Clayton Panama, Panama City",Panama City,,"Panama,Turks and Caicos Island",Panama,Turks and Caicos Island,Panama,bat,Panama,"{""runs"": 49}",Ronitkumar Ahir,6,international,male
1481297,T20,2025,2025-04-18,"Clayton Panama, Panama City",Panama City,,"Costa Rica,Panama",Costa Rica,Panama,Costa Rica,bat,Panama,"{""wickets"": 9}",Ronitkumar Ahir,6,international,male
1481298,T20,2025,2025-04-18,"Clayton Panama, Panama City",Panama City,,"Turks and Caicos Island,Mexico",Turks and Caicos Island,Mexico,Turks and Caicos Island,bat,Mexico,"{""wickets"": 8}",Kaushal Kumar,6,international,male
1481299,T20,2025,2025-04-19,"Clayton Panama, Panama City",Panama City,,"Costa Rica,Turks and Caicos Island",Costa Rica,Turks and Caicos Island,Costa Rica,bat,Turks and Caicos Island,"{""wickets"": 10}",J Daley,6,international,male
1481300,T20,2025,2025-04-19,"Clayton Panama, Panama City",Panama City,,"Panama,Mexico",Panama,Mexico,Panama,bat,Panama,"{""runs"": 6}",Ronitkumar Ahir,6,international,male
1481301,T20,2025,2025-04-20,"Clayton Panama, Panama City",Panama City,,"Turks and Caicos Island,Costa Rica",Turks and Caicos Island,Costa Rica,Turks and Caicos Island,bat,Costa Rica,"{""runs"": 21}",D Ganesh,6,international,male
1481303,T20,2025,2025-04-19,"Jimmy Powell Oval, Cayman Islands",George Town,,"United States of America,Cayman Islands",United States of America,Cayman Islands,United States of America,bat,United States of America,"{""runs"": 79}",MD Patel,6,international,male
1481304,T20,2025,2025-04-19,"Jimmy Powell Oval, Cayman Islands",George Town,,"Bermuda,Canada",Bermuda,Canada,Bermuda,bat,Canada,"{""wickets"": 5}",Kaleem Sana,6,international,male
1481305,T20,2025,2025-04-20,"Jimmy Powell Oval, Cayman Islands",George Town,,"United States of America,Bahamas",United States of America,Bahamas,United States of America,bat,United States of America,"{""runs"": 149}",MD Patel,6,international,male
1481306,T20,2025,2025-04-20,"Jimmy Powell Oval, Cayman Islands",George Town,,"Bermuda,Cayman Islands",Bermuda,Cayman Islands,Bermuda,bat,Bermuda,"{""runs"": 30}",D Sabir,6,international,male
1481307,T20,2025,2025-04-21,"Jimmy Powell Oval, Cayman Islands",George Town,,"Bahamas,Canada",Bahamas,Canada,Bahamas,bat,Canada,"{""wickets"": 10}",Saad Bin Zafar,6,international,male
1481308,T20,2025,2025-04-21,"Jimmy Powell Oval, Cayman Islands",George Town,,"Bermuda,United States of America",Bermuda,United States of America,Bermuda,bat,United States of America,"{""wickets"": 10}",Ali Sheikh,6,international,male
1481309,T20,2025,2025-04-23,"Jimmy Powell Oval, Cayman Islands",George Town,,"Canada,Cayman Islands",Canada,Cayman Islands,Cayman Islands,field,Canada,"{""runs"": 94}",Ali Nadeem,6,international,male
1481310,T20,2025,2025-04-23,"Jimmy Powell Oval, Cayman Islands",George Town,,"Bahamas,Bermuda",Bahamas,Bermuda,Bahamas,bat,Bermuda,"{""wickets"": 10}",D Sabir,6,international,male
1481311,T20,2025,2025-04-24,"Jimmy Powell Oval, Cayman Islands",George Town,,"Cayman Islands,Bahamas",Cayman Islands,Bahamas,Cayman Islands,bat,Cayman Islands,"{""runs"": 79}",J Baker,6,international,male
1481312,T20,2025,2025-04-24,"Jimmy Powell Oval, Cayman Islands",George Town,,"Canada,United States of America",Canada,United States of America,Canada,bat,Canada,"{""runs"": 17}",NS Dhaliwal,6,international,male
1481313,T20,2025,2025-04-26,"Jimmy Powell Oval, Cayman Islands",George Town,,"Cayman Islands,Canada",Cayman Islands,Canada,Cayman Islands,bat,Canada,"{""wickets"": 10}",Kaleem Sana,6,international,male
1481314,T20,2025,2025-04-26,"Jimmy Powell Oval, Cayman Islands",George Town,,"Bermuda,United States of America",Bermuda,United States of America,Bermuda,bat,United States of America,"{""wickets"": 10}",SR Mukkamalla,6,international,male
1481315,T20,2025,2025-04-27,"Jimmy Powell Oval, Cayman Islands",George Town,,"Canada,United States of America",Canada,United States of America,Canada,bat,United States of America,"{""wickets"": 6}",MD Patel,6,international,male
1482088,T20,2025,2025-04-24,"Bayuemas Oval, Kuala Lumpur",Kuala Lumpur,,"Saudi Arabia,Thailand",Saudi Arabia,Thailand,Saudi Arabia,bat,Saudi Arabia,"{""runs"": 66}",Hisham Sheikh,6,international,male
1482089,T20,2025,2025-04-24,"Bayuemas Oval, Kuala Lumpur",Kuala Lumpur,,"Malaysia,Singapore",Malaysia,Singapore,Malaysia,bat,Malaysia,"{""runs"": 28}",Virandeep Singh,6,international,male
1482090,T20,2025,2025-04-25,"Bayuemas Oval, Kuala Lumpur",Kuala Lumpur,,"Thailand,Malaysia",Thailand,Malaysia,Malaysia,field,Malaysia,"{""wickets"": 7}",,6,international,male
1482091,T20,2025,2025-04-25,"Bayuemas Oval, Kuala Lumpur",Kuala Lumpur,,"Saudi Arabia,Singapore",Saudi Arabia,Singapore,Saudi Arabia,bat,Saudi Arabia,"{""runs"": 96}",Faisal Khan,6,international,male
1482092,T20,2025,2025-04-26,"Bayuemas Oval, Kuala Lumpur",Kuala Lumpur,,"Saudi Arabia,Malaysia",Saudi Arabia,Malaysia,Saudi Arabia,bat,Malaysia,"{""wickets"": 5}",Virandeep Singh,6,international,male
1482093,T20,2025,2025-04-26,"Bayuemas Oval, Kuala Lumpur",Kuala Lumpur,,"Singapore,Thailand",Singapore,Thailand,Singapore,bat,Singapore,"{""runs"": 10}",Manpreet Singh,6,international,male
1482094,T20,2025,2025-04-28,"Bayuemas Oval, Kuala Lumpur",Kuala Lumpur,,"Saudi Arabia,Thailand",Saudi Arabia,Thailand,Thailand,field,Saudi Arabia,"{""runs"": 39}",Waji Ul Hassan,6,international,male
1482095,T20,2025,2025-04-28,"Bayuemas Oval, Kuala Lumpur",Kuala Lumpur,,"Singapore,Malaysia",Singapore,Malaysia,Singapore,bat,,null,,6,international,male
1482096,T20,2025,2025-04-29,"Bayuemas Oval, Kuala Lumpur",Kuala Lumpur,,"Malaysia,Thailand",Malaysia,Thailand,Thailand,field,Malaysia,"{""runs"": 70}",Virandeep Singh,6,international,male
1482097,T20,2025,2025-04-29,"Bayuemas Oval, Kuala Lumpur",Kuala Lumpur,,"Singapore,Saudi Arabia",Singapore,Saudi Arabia,Singapore,bat,Saudi Arabia,"{""wickets"": 7}",Ishtiaq Ahmad,6,international,male
1482098,T20,2025,2025-04-30,"Bayuemas Oval, Kuala Lumpur",Kuala Lumpur,,"Malaysia,Saudi Arabia",Malaysia,Saudi Arabia,Saudi Arabia,field,Saudi Arabia,"{""wickets"": 7}",Faisal Khan,6,international,male
1482100,T20,2025,2025-05-02,"Bayuemas Oval, Kuala Lumpur",Kuala Lumpur,,"Singapore,Thailand",Singapore,Thailand,Singapore,bat,Singapore,"{""runs"": 30}",H Venkataram,6,international,male
1482101,T20,2025,2025-05-02,"Bayuemas Oval, Kuala Lumpur",Kuala Lumpur,,"Malaysia,Saudi Arabia",Malaysia,Saudi Arabia,Malaysia,bat,Malaysia,"{""runs"": 18}",Ahmed Aqeel,6,international,male
1482819,T20,2025,2025-05-07,Sano International Cricket Ground,Sano,,"Thailand,Cook Islands",Thailand,Cook Islands,Thailand,bat,Cook Islands,"{""wickets"": 3}",T Parima,6,international,male
1482820,T20,2025,2025-05-08,Sano International Cricket Ground,Sano,,"Japan,Thailand",Japan,Thailand,Japan,bat,Japan,"{""runs"": 61}",S Ravichandran,6,international,male
1482821,T20,2025,2025-05-09,Sano International Cricket Ground,Sano,,"Cook Islands,Thailand",Cook Islands,Thailand,Thailand,field,Thailand,"{""wickets"": 8}",J Coetzee,6,international,male
1482822,T20,2025,2025-05-09,Sano International Cricket Ground,Sano,,"Japan,Cook Islands",Japan,Cook Islands,Cook Islands,field,Japan,"{""runs"": 34}",M Taniyama,6,international,male
1482825,T20,2025,2025-05-11,Sano International Cricket Ground,Sano,,"Japan,Thailand",Japan,Thailand,Japan,bat,Thailand,"{""wickets"": 6}",AV Lazarus,6,international,male
1482826,T20,2025,2025-05-13,Sano International Cricket Ground,Sano,,"Cook Islands,Japan",Cook Islands,Japan,Cook Islands,bat,Japan,"{""wickets"": 2}",S Ravichandran,6,international,male
1482827,T20,2025,2025-05-14,Sano International Cricket Ground,Sano,,"Japan,Cook Islands",Japan,Cook Islands,Cook Islands,field,Japan,"{""runs"": 42}",,6,international,male
1482828,T20,2025,2025-05-06,Marsa Sports Club,Marsa,,"Malta,Estonia",Malta,Estonia,Estonia,field,Malta,"{""runs"": 26}",VP Thamotharam,6,international,male
1482829,T20,2025,2025-05-06,Marsa Sports Club,Marsa,,"Malta,Estonia",Malta,Estonia,Estonia,field,Estonia,"{""wickets"": 4}",Arslan Amjad,6,international,male
1482830,T20,2025,2025-05-07,Marsa Sports Club,Marsa,,"Malta,Estonia",Malta,Estonia,Estonia,field,Malta,"{""runs"": 101}",P Pushparajan,6,international,male
1483731,T20,2025,2025-06-08,"Scott Page Field, Vinor",Prague,,"Czech Republic,Austria",Czech Republic,Austria,Austria,field,Austria,"{""wickets"": 10}",Bilal Zalmai,6,international,male
1483732,T20,2025,2025-06-08,"Scott Page Field, Vinor",Prague,,"Norway,Czech Republic",Norway,Czech Republic,Norway,bat,Norway,"{""runs"": 37}",Mansoor Shah,6,international,male
1483733,T20,2025,2025-06-09,"Scott Page Field, Vinor",Prague,,"Norway,Austria",Norway,Austria,Norway,bat,Norway,"{""runs"": 22}",Walid Ghauri,6,international,male
1483734,T20,2025,2025-06-09,"Scott Page Field, Vinor",Prague,,"Austria,Czech Republic",Austria,Czech Republic,Austria,bat,Austria,"{""runs"": 161}",Bilal Zalmai,6,international,male
1483735,T20,2025,2025-06-10,"Scott Page Field, Vinor",Prague,,"Norway,Czech Republic",Norway,Czech Republic,Czech Republic,field,Norway,"{""runs"": 41}",Chaudhary Akram,6,international,male
1483736,T20,2025,2025-06-10,"Scott Page Field, Vinor",Prague,,"Norway,Austria",Norway,Austria,Norway,bat,Austria,"{""wickets"": 9}",Karanbir Singh,6,international,male
1483785,T20,2025,2025-05-28,"Gaddafi Stadium, Lahore",Lahore,,"Pakistan,Bangladesh",Pakistan,Bangladesh,Pakistan,bat,Pakistan,"{""runs"": 37}",Shadab Khan,6,international,male
1483786,T20,2025,2025-05-30,"Gaddafi Stadium, Lahore",Lahore,,"Pakistan,Bangladesh",Pakistan,Bangladesh,Pakistan,bat,Pakistan,"{""runs"": 57}",Sahibzada Farhan,6,international,male
1483787,T20,2025,2025-06-01,"Gaddafi Stadium, Lahore",Lahore,,"Bangladesh,Pakistan",Bangladesh,Pakistan,Pakistan,field,Pakistan,"{""wickets"": 7}",Mohammad Haris,6,international,male
1483788,T20,2025,2025-05-30,"Velden Cricket Ground, Latschach",Latschach,,"Austria,Switzerland",Austria,Switzerland,Austria,bat,Austria,"{""runs"": 29}",Bilal Zalmai,6,international,male
1483789,T20,2025,2025-05-31,"Velden Cricket Ground, Latschach",Latschach,,"Austria,Switzerland",Austria,Switzerland,Switzerland,field,Austria,"{""runs"": 17}",Karanbir Singh,6,international,male
1484051,T20,2025,2025-05-17,Sharjah Cricket Stadium,Sharjah,,"Bangladesh,United Arab Emirates",Bangladesh,United Arab Emirates,United Arab Emirates,field,Bangladesh,"{""runs"": 27}",Parvez Hossain Emon,6,international,male
1484052,T20,2025,2025-05-19,Sharjah Cricket Stadium,Sharjah,,"Bangladesh,United Arab Emirates",Bangladesh,United Arab Emirates,United Arab Emirates,field,United Arab Emirates,"{""wickets"": 2}",Waseem Muhammad,6,international,male
1485343,T20,2025,2025-05-30,"Stars Arena Hofstade, Zemst",Zemst,,"Belgium,Portugal",Belgium,Portugal,Belgium,bat,Portugal,"{""wickets"": 5}",C Potgieter,6,international,male
1485344,T20,2025,2025-05-31,"Stars Arena Hofstade, Zemst",Zemst,,"Belgium,Portugal",Belgium,Portugal,Belgium,bat,Portugal,"{""wickets"": 5}",U Shantu,6,international,male
1485345,T20,2025,2025-05-30,"Stars Arena Hofstade, Zemst",Zemst,,"Malta,Portugal",Malta,Portugal,Portugal,field,Portugal,"{""wickets"": 8}",SP Gomes,6,international,male
1485346,T20,2025,2025-05-30,"Stars Arena Hofstade, Zemst",Zemst,,"Malta,Belgium",Malta,Belgium,Malta,bat,Belgium,"{""wickets"": 6}",Iftikhar Kankhel,6,international,male
1485347,T20,2025,2025-05-31,"Stars Arena Hofstade, Zemst",Zemst,,"Malta,Portugal",Malta,Portugal,Malta,bat,Portugal,"{""wickets"": 8}",SP Gomes,6,international,male
1485348,T20,2025,2025-05-31,"Stars Arena Hofstade, Zemst",Zemst,,"Belgium,Malta",Belgium,Malta,Malta,field,Belgium,"{""runs"": 103}",OJ Herrington,6,international,male
1485508,T20,2025,2025-07-10,Pallekele International Cricket Stadium,Kandy,,"Bangladesh,Sri Lanka",Bangladesh,Sri Lanka,Sri Lanka,field,Sri Lanka,"{""wickets"": 7}",BKG Mendis,6,international,male
1485509,T20,2025,2025-07-13,Rangiri Dambulla International Stadium,Dambulla,,"Bangladesh,Sri Lanka",Bangladesh,Sri Lanka,Sri Lanka,field,Bangladesh,"{""runs"": 83}",Liton Das,6,international,male
1485510,T20,2025,2025-07-16,"R Premadasa Stadium, Colombo",Colombo,,"Sri Lanka,Bangladesh",Sri Lanka,Bangladesh,Sri Lanka,bat,Bangladesh,"{""wickets"": 8}",Mahedi Hasan,6,international,male
1485938,T20,2025,2025-06-15,"Titwood, Glasgow",Glasgow,,"Scotland,Netherlands",Scotland,Netherlands,Netherlands,field,Scotland,"{""runs"": 39}",FDW McCreath,6,international,male
1485939,T20,2025,2025-06-16,"Titwood, Glasgow",Glasgow,,"Netherlands,Nepal",Netherlands,Nepal,Nepal,field,,null,ZB Lion-Cachet,6,international,male
1485940,T20,2025,2025-06-17,"Titwood, Glasgow",Glasgow,,"Scotland,Nepal",Scotland,Nepal,Nepal,field,Nepal,"{""wickets"": 2}",S Lamichhane,6,international,male
1485941,T20,2025,2025-06-19,"Titwood, Glasgow",Glasgow,,"Netherlands,Nepal",Netherlands,Nepal,Nepal,field,Nepal,"{""wickets"": 6}",M Levitt,6,international,male
1485942,T20,2025,2025-06-18,"Titwood, Glasgow",Glasgow,,"Netherlands,Scotland",Netherlands,Scotland,Scotland,field,Netherlands,"{""runs"": 17}",M Levitt,6,international,male
1485943,T20,2025,2025-06-20,"Titwood, Glasgow",Glasgow,,"Scotland,Nepal",Scotland,Nepal,Scotland,bat,Scotland,"{""runs"": 34}",HG Munsey,6,international,male
1486224,T20,2025,2025-06-01,"Stars Arena Hofstade, Zemst",Zemst,,"Belgium,Portugal",Belgium,Portugal,Portugal,field,Belgium,"{""runs"": 44}",Murid Ekrami,6,international,male
1486225,T20,2025,2025-05-17,"Velden Cricket Ground, Latschach",Latschach,,"Austria,Slovenia",Austria,Slovenia,Slovenia,field,Austria,"{""runs"": 75}",Aqib Iqbal,6,international,male
1486227,T20,2025,2025-05-18,"Ballpark Ground, Graz",Graz,,"Slovenia,Austria",Slovenia,Austria,Slovenia,bat,Austria,"{""wickets"": 5}",Izaz Ali,6,international,male
1486228,T20,2025,2025-05-18,"Ballpark Ground, Graz",Graz,,"Austria,Slovenia",Austria,Slovenia,Austria,bat,Austria,"{""runs"": 168}",Mansoor Safi,6,international,male
1486582,T20,2025,2025-05-21,Sharjah Cricket Stadium,Sharjah,,"Bangladesh,United Arab Emirates",Bangladesh,United Arab Emirates,United Arab Emirates,field,United Arab Emirates,"{""wickets"": 7}",A Sharafu,6,international,male
1486784,T20,2025,2025-05-31,"Velden Cricket Ground, Latschach",Latschach,,"Austria,Switzerland",Austria,Switzerland,Austria,bat,Switzerland,"{""wickets"": 3}",H Deshan,6,international,male
1486785,T20,2025,2025-06-01,"Velden Cricket Ground, Latschach",Latschach,,"Austria,Switzerland",Austria,Switzerland,Austria,bat,Austria,"{""runs"": 17}",Karanbir Singh,6,international,male
1486786,T20,2025,2025-06-21,"GB Oval, Szodliget",Szodliget,,"Hungary,Slovenia",Hungary,Slovenia,Hungary,bat,Hungary,"{""runs"": 122}",V Ravindran,6,international,male
1486787,T20,2025,2025-06-21,"GB Oval, Szodliget",Szodliget,,"Hungary,Slovenia",Hungary,Slovenia,Hungary,bat,Hungary,"{""runs"": 62}",Ali Nawaz,6,international,male
1486788,T20,2025,2025-06-22,"GB Oval, Szodliget",Szodliget,,"Slovenia,Hungary",Slovenia,Hungary,Slovenia,bat,Hungary,"{""wickets"": 9}",V Ravindran,6,international,male
1486790,T20,2025,2025-06-07,Lisicji Jarak Cricket Ground,Belgrade,,"Slovenia,Serbia",Slovenia,Serbia,Slovenia,bat,Serbia,"{""wickets"": 9}",BM Pecic,6,international,male
1486791,T20,2025,2025-06-08,Lisicji Jarak Cricket Ground,Belgrade,,"Serbia,Slovenia",Serbia,Slovenia,Slovenia,field,Serbia,"{""runs"": 24}",WAE Burton,6,international,male
1487631,T20,2025,2025-06-21,Pierre Werner Cricket Ground,Walferdange,,"Switzerland,Luxembourg",Switzerland,Luxembourg,Luxembourg,field,Switzerland,"{""runs"": 57}",Khalid Niazi,6,international,male
1487632,T20,2025,2025-06-21,Pierre Werner Cricket Ground,Walferdange,,"Switzerland,Luxembourg",Switzerland,Luxembourg,Switzerland,bat,Switzerland,"{""runs"": 11}",Sheraz Sirwari,6,international,male
1487633,T20,2025,2025-06-22,Pierre Werner Cricket Ground,Walferdange,,"Switzerland,Luxembourg",Switzerland,Luxembourg,Switzerland,bat,Luxembourg,"{""wickets"": 7}",,6,international,male
1487813,T20,2025,2025-06-06,"Grainville, St Saviour",St Saviour,,"Jersey,Guernsey",Jersey,Guernsey,Guernsey,field,Guernsey,"{""runs"": 13}",,6,international,male
1487814,T20,2025,2025-06-07,"Grainville, St Saviour",St Saviour,,"Guernsey,Jersey",Guernsey,Jersey,Jersey,field,Jersey,"{""wickets"": 7}",NA Greenwood,6,international,male
1487815,T20,2025,2025-06-07,"Grainville, St Saviour",St Saviour,,"Jersey,Guernsey",Jersey,Guernsey,Jersey,bat,Jersey,"{""runs"": 3}",CW Perchard,6,international,male
1487824,T20,2025/26,2025-10-11,"Namibia Cricket Ground, Windhoek",Windhoek,,"South Africa,Namibia",South Africa,Namibia,South Africa,bat,Namibia,"{""wickets"": 4}",R Trumpelmann,6,international,male
1488319,T20,2025,2025-06-11,Udayana Cricket Ground,Bali,,"Indonesia,Cambodia",Indonesia,Cambodia,Cambodia,field,Cambodia,"{""wickets"": 8}",M Chadha,6,international,male
1488320,T20,2025,2025-06-12,Udayana Cricket Ground,Bali,,"Indonesia,Cambodia",Indonesia,Cambodia,Cambodia,field,Cambodia,"{""wickets"": 5}",Luqman Butt,6,international,male
1488321,T20,2025,2025-06-12,Udayana Cricket Ground,Bali,,"Indonesia,Cambodia",Indonesia,Cambodia,Indonesia,bat,Cambodia,"{""wickets"": 6}",M Chadha,6,international,male
1488322,T20,2025,2025-06-14,Udayana Cricket Ground,Bali,,"Cambodia,Indonesia",Cambodia,Indonesia,Indonesia,field,Indonesia,"{""wickets"": 9}",,6,international,male
1488323,T20,2025,2025-06-14,Udayana Cricket Ground,Bali,,"Cambodia,Indonesia",Cambodia,Indonesia,Cambodia,bat,,null,,6,international,male
1488324,T20,2025,2025-06-15,Udayana Cricket Ground,Bali,,"Indonesia,Cambodia",Indonesia,Cambodia,Cambodia,field,Cambodia,"{""wickets"": 9}",GC Murtaza,6,international,male
1488325,T20,2025,2025-06-15,Udayana Cricket Ground,Bali,,"Indonesia,Cambodia",Indonesia,Cambodia,Indonesia,bat,Cambodia,"{""wickets"": 10}",US Hathinjar,6,international,male
1488326,T20,2025,2025-06-15,"Maple Leaf North-West Ground, King City",King City,,"Canada,Bermuda",Canada,Bermuda,Bermuda,field,Canada,"{""runs"": 110}",H Thaker,6,international,male
1488327,T20,2025,2025-06-15,"Maple Leaf North-West Ground, King City",King City,,"Cayman Islands,Bahamas",Cayman Islands,Bahamas,Bahamas,field,Cayman Islands,"{""runs"": 38}",J Baker,6,international,male
1488328,T20,2025,2025-06-16,"Maple Leaf North-West Ground, King City",King City,,"Canada,Cayman Islands",Canada,Cayman Islands,Cayman Islands,field,Canada,"{""runs"": 59}",K Tathgur,6,international,male
1488329,T20,2025,2025-06-16,"Maple Leaf North-West Ground, King City",King City,,"Bahamas,Bermuda",Bahamas,Bermuda,Bahamas,bat,Bermuda,"{""wickets"": 7}",OGL Bascome,6,international,male
1488330,T20,2025,2025-06-18,"Maple Leaf North-West Ground, King City",King City,,"Cayman Islands,Bermuda",Cayman Islands,Bermuda,Bermuda,field,Bermuda,"{""wickets"": 7}",Jonte Smith,6,international,male
1488331,T20,2025,2025-06-18,"Maple Leaf North-West Ground, King City",King City,,"Bahamas,Canada",Bahamas,Canada,Canada,field,Canada,"{""wickets"": 10}",YS Samra,6,international,male
1488332,T20,2025,2025-06-19,"Maple Leaf North-West Ground, King City",King City,,"Bermuda,Bahamas",Bermuda,Bahamas,Bahamas,field,Bermuda,"{""runs"": 26}",DMW Rawlins,6,international,male
1488333,T20,2025,2025-06-19,"Maple Leaf North-West Ground, King City",King City,,"Canada,Cayman Islands",Canada,Cayman Islands,Cayman Islands,field,Canada,"{""runs"": 42}",DS Bajwa,6,international,male
1488334,T20,2025,2025-06-21,"Maple Leaf North-West Ground, King City",King City,,"Bahamas,Canada",Bahamas,Canada,Canada,field,Canada,"{""wickets"": 7}",Kaleem Sana,6,international,male
1488335,T20,2025,2025-06-21,"Maple Leaf North-West Ground, King City",King City,,"Bermuda,Cayman Islands",Bermuda,Cayman Islands,Cayman Islands,field,Cayman Islands,"{""wickets"": 9}",RA Sealy,6,international,male
1488336,T20,2025,2025-06-22,"Maple Leaf North-West Ground, King City",King City,,"Cayman Islands,Bahamas",Cayman Islands,Bahamas,Bahamas,field,Cayman Islands,"{""runs"": 49}",J Baker,6,international,male
1488338,T20,2025,2025-06-13,"Ishoj Cricket Club, Vejledalen",Ishoj,,"Denmark,Finland",Denmark,Finland,Finland,field,Denmark,"{""runs"": 121}",S Thanikaithasan,6,international,male
1488339,T20,2025,2025-06-14,"Ishoj Cricket Club, Vejledalen",Ishoj,,"Finland,Norway",Finland,Norway,Finland,bat,Finland,"{""runs"": 11}",Amjad Sher,6,international,male
1488340,T20,2025,2025-06-14,Koge Cricket Club,Koge,,"Denmark,Sweden",Denmark,Sweden,Denmark,bat,Denmark,"{""runs"": 18}",Samiullah Rahmani,6,international,male
1488341,T20,2025,2025-06-14,Koge Cricket Club,Koge,,"Denmark,Norway",Denmark,Norway,Denmark,bat,Norway,"{""wickets"": 9}",Walid Ghauri,6,international,male
1488342,T20,2025,2025-06-14,"Ishoj Cricket Club, Vejledalen",Ishoj,,"Sweden,Finland",Sweden,Finland,Finland,field,Sweden,"{""runs"": 71}",Imal Zuwak,6,international,male
1488343,T20,2025,2025-06-15,"Ishoj Cricket Club, Vejledalen",Ishoj,,"Sweden,Norway",Sweden,Norway,Sweden,bat,Norway,"{""wickets"": 2}",Khizer Ahmed,6,international,male
1488344,T20,2025,2025-06-15,"Ishoj Cricket Club, Vejledalen",Ishoj,,"Finland,Norway",Finland,Norway,Finland,bat,Finland,"{""runs"": 22}",,6,international,male
1489581,T20,2025,2025-06-12,"Maple Leaf North-East Ground, King City",King City,,"Canada,Bahamas",Canada,Bahamas,Canada,bat,Canada,"{""runs"": 107}",M Taylor,6,international,male
1489582,T20,2025,2025-06-12,"Maple Leaf North-East Ground, King City",King City,,"Bermuda,Cayman Islands",Bermuda,Cayman Islands,Bermuda,bat,Bermuda,"{""runs"": 30}",D Sabir,6,international,male
1489584,T20,2025,2025-06-13,"Maple Leaf North-East Ground, King City",King City,,"Bermuda,Bahamas",Bermuda,Bahamas,Bermuda,bat,Bermuda,"{""runs"": 18}",DMW Rawlins,6,international,male
1489585,T20,2025,2025-06-13,"Maple Leaf North-East Ground, King City",King City,,"Canada,Cayman Islands",Canada,Cayman Islands,Canada,bat,Canada,"{""runs"": 126}",Pargat Singh,6,international,male
1489968,T20,2025,2025-09-27,Sharjah Cricket Stadium,Sharjah,,"Nepal,West Indies",Nepal,West Indies,West Indies,field,Nepal,"{""runs"": 19}",RK Paudel,6,international,male
1489969,T20,2025,2025-09-29,Sharjah Cricket Stadium,Sharjah,,"Nepal,West Indies",Nepal,West Indies,Nepal,bat,Nepal,"{""runs"": 90}",Aasif Sheikh,6,international,male
1489970,T20,2025,2025-09-30,Sharjah Cricket Stadium,Sharjah,,"Nepal,West Indies",Nepal,West Indies,West Indies,field,West Indies,"{""wickets"": 10}",RR Simmonds,6,international,male
1490239,T20,2025,2025-06-16,Udayana Cricket Ground,Bali,,"Cambodia,Indonesia",Cambodia,Indonesia,Indonesia,field,Indonesia,"{""wickets"": 4}",DJ Hawoe,6,international,male
1490471,T20,2025,2025-07-05,"Sportpark Westvliet, Voorburg",The Hague,,"Jersey,Netherlands",Jersey,Netherlands,Netherlands,field,Netherlands,"{""wickets"": 7}",SA Edwards,6,international,male
1490472,T20,2025,2025-07-05,"Sportpark Westvliet, Voorburg",The Hague,,"Guernsey,Italy",Guernsey,Italy,Italy,field,Italy,"{""wickets"": 7}",J Mosca,6,international,male
1490475,T20,2025,2025-07-08,"Sportpark Westvliet, Voorburg",The Hague,,"Jersey,Guernsey",Jersey,Guernsey,Guernsey,field,Jersey,"{""runs"": 22}",H Carlyon,6,international,male
1490476,T20,2025,2025-07-08,"Sportpark Westvliet, Voorburg",The Hague,,"Scotland,Netherlands",Scotland,Netherlands,Scotland,bat,Scotland,"{""runs"": 6}",CN Greaves,6,international,male
1490477,T20,2025,2025-07-09,"Sportpark Westvliet, Voorburg",The Hague,,"Italy,Scotland",Italy,Scotland,Italy,bat,Italy,"{""runs"": 12}",HJ Manenti,6,international,male
1490478,T20,2025,2025-07-09,"Sportpark Westvliet, Voorburg",The Hague,,"Netherlands,Guernsey",Netherlands,Guernsey,Netherlands,bat,Netherlands,"{""runs"": 73}",MP O'Dowd,6,international,male
1490479,T20,2025,2025-07-11,"Sportpark Westvliet, Voorburg",The Hague,,"Scotland,Jersey",Scotland,Jersey,Jersey,field,Jersey,"{""wickets"": 1}",NA Greenwood,6,international,male
1490480,T20,2025,2025-07-11,"Sportpark Westvliet, Voorburg",The Hague,,"Italy,Netherlands",Italy,Netherlands,Italy,bat,Netherlands,"{""wickets"": 9}",RE van der Merwe,6,international,male
1490870,T20,2025,2025-07-06,Udayana Cricket Ground,Bali,,"Philippines,Indonesia",Philippines,Indonesia,Indonesia,field,Philippines,"{""runs"": 53}",AS Samra,6,international,male
1490871,T20,2025,2025-07-07,Udayana Cricket Ground,Bali,,"South Korea,Philippines",South Korea,Philippines,Philippines,field,Philippines,"{""wickets"": 7}",ASF Sirah,6,international,male
1490872,T20,2025,2025-07-07,Udayana Cricket Ground,Bali,,"Indonesia,Philippines",Indonesia,Philippines,Philippines,field,Indonesia,"{""runs"": 45}",F Banunaek,6,international,male
1490873,T20,2025,2025-07-08,Udayana Cricket Ground,Bali,,"Indonesia,South Korea",Indonesia,South Korea,South Korea,field,Indonesia,"{""runs"": 52}",GA Priandana,6,international,male
1490874,T20,2025,2025-07-09,Udayana Cricket Ground,Bali,,"South Korea,Philippines",South Korea,Philippines,Philippines,field,South Korea,"{""runs"": 39}",BI Dilruksha,6,international,male
1490875,T20,2025,2025-07-09,Udayana Cricket Ground,Bali,,"South Korea,Indonesia",South Korea,Indonesia,South Korea,bat,Indonesia,"{""wickets"": 10}",Anjar Tadarus,6,international,male
1490876,T20,2025,2025-07-10,Udayana Cricket Ground,Bali,,"Indonesia,Philippines",Indonesia,Philippines,Indonesia,bat,Philippines,"{""wickets"": 9}",KD Kesuma,6,international,male
1490877,T20,2025,2025-07-10,Udayana Cricket Ground,Bali,,"Philippines,South Korea",Philippines,South Korea,Philippines,bat,Philippines,"{""runs"": 112}",M Podosky,6,international,male
1490878,T20,2025,2025-07-12,Udayana Cricket Ground,Bali,,"Indonesia,South Korea",Indonesia,South Korea,South Korea,field,South Korea,"{""wickets"": 3}",Kuldeep Gurjar,6,international,male
1490879,T20,2025,2025-07-12,Udayana Cricket Ground,Bali,,"Philippines,South Korea",Philippines,South Korea,Philippines,bat,Philippines,"{""runs"": 85}",A Donovan,6,international,male
1490880,T20,2025,2025-07-13,Udayana Cricket Ground,Bali,,"Indonesia,Philippines",Indonesia,Philippines,Philippines,field,Philippines,"{""wickets"": 6}",N Tanner,6,international,male
1490881,T20,2025,2025-07-13,Udayana Cricket Ground,Bali,,"South Korea,Indonesia",South Korea,Indonesia,South Korea,bat,Indonesia,"{""wickets"": 7}",JMJ Lynn,6,international,male
1490882,T20,2025,2025-06-26,"Moara Vlasiei Cricket Ground, Ilfov County",Ilfov County,,"France,Malta",France,Malta,France,bat,Malta,"{""wickets"": 6}",Mehboob Ali,6,international,male
1490884,T20,2025,2025-06-26,"Moara Vlasiei Cricket Ground, Ilfov County",Ilfov County,,"Belgium,Malta",Belgium,Malta,Malta,field,Belgium,"{""runs"": 65}",Muhammad Muneeb,6,international,male
1490885,T20,2025,2025-06-27,"Moara Vlasiei Cricket Ground, Ilfov County",Ilfov County,,"Hungary,Austria",Hungary,Austria,Austria,field,Austria,"{""wickets"": 8}",Karanbir Singh,6,international,male
1490886,T20,2025,2025-06-27,"Moara Vlasiei Cricket Ground, Ilfov County",Ilfov County,,"Belgium,France",Belgium,France,Belgium,bat,Belgium,"{""runs"": 16}",Sheraz Sheikh,6,international,male
1490887,T20,2025,2025-06-27,"Moara Vlasiei Cricket Ground, Ilfov County",Ilfov County,,"Hungary,Romania",Hungary,Romania,Romania,field,Romania,"{""wickets"": 7}",V Saini,6,international,male
1490888,T20,2025,2025-06-28,"Moara Vlasiei Cricket Ground, Ilfov County",Ilfov County,,"Belgium,Austria",Belgium,Austria,Austria,field,Austria,"{""wickets"": 4}",Karanbir Singh,6,international,male
1490889,T20,2025,2025-06-28,"Moara Vlasiei Cricket Ground, Ilfov County",Ilfov County,,"Malta,Romania",Malta,Romania,Romania,field,Malta,"{""runs"": 13}",Mehboob Ali,6,international,male
1490890,T20,2025,2025-06-29,"Moara Vlasiei Cricket Ground, Ilfov County",Ilfov County,,"Hungary,France",Hungary,France,France,field,Hungary,"{""runs"": 52}",Ibrar Ahmad,6,international,male
1491604,T20,2025,2025-07-10,"Vassil Levski National Sports Academy, Sofia",Sofia,,"Bulgaria,Gibraltar",Bulgaria,Gibraltar,Gibraltar,field,Gibraltar,"{""wickets"": 8}",M Raikes,6,international,male
1491605,T20,2025,2025-07-10,"Vassil Levski National Sports Academy, Sofia",Sofia,,"Turkey,Bulgaria",Turkey,Bulgaria,Bulgaria,field,Bulgaria,"{""wickets"": 8}",M Gogev,6,international,male
1491606,T20,2025,2025-07-11,"Vassil Levski National Sports Academy, Sofia",Sofia,,"Turkey,Gibraltar",Turkey,Gibraltar,Gibraltar,field,Gibraltar,"{""wickets"": 7}",M Raikes,6,international,male
1491607,T20,2025,2025-07-11,"Vassil Levski National Sports Academy, Sofia",Sofia,,"Gibraltar,Bulgaria",Gibraltar,Bulgaria,Bulgaria,field,Bulgaria,"{""wickets"": 6}",Jakob Gul,6,international,male
1491608,T20,2025,2025-07-12,"Vassil Levski National Sports Academy, Sofia",Sofia,,"Turkey,Bulgaria",Turkey,Bulgaria,Bulgaria,field,Turkey,"{""runs"": 59}",Muhammad Fahad,6,international,male
1491609,T20,2025,2025-07-12,"Vassil Levski National Sports Academy, Sofia",Sofia,,"Turkey,Gibraltar",Turkey,Gibraltar,Turkey,bat,Gibraltar,"{""wickets"": 5}",PA Raikes,6,international,male
1491610,T20,2025,2025-07-13,"Vassil Levski National Sports Academy, Sofia",Sofia,,"Gibraltar,Bulgaria",Gibraltar,Bulgaria,Bulgaria,field,Bulgaria,"{""wickets"": 8}",P Mishra,6,international,male
1491714,T20,2025/26,2025-10-01,"Bay Oval, Mount Maunganui",Mount Maunganui,,"New Zealand,Australia",New Zealand,Australia,Australia,field,Australia,"{""wickets"": 6}",MR Marsh,6,international,male
1491715,T20,2025/26,2025-10-03,"Bay Oval, Mount Maunganui",Mount Maunganui,,"Australia,New Zealand",Australia,New Zealand,New Zealand,field,,null,,6,international,male
1491716,T20,2025/26,2025-10-04,"Bay Oval, Mount Maunganui",Mount Maunganui,,"New Zealand,Australia",New Zealand,Australia,Australia,field,Australia,"{""wickets"": 3}",MR Marsh,6,international,male
1491717,T20,2025/26,2025-10-18,"Hagley Oval, Christchurch",Christchurch,,"England,New Zealand",England,New Zealand,New Zealand,field,,null,,6,international,male
1491718,T20,2025/26,2025-10-20,"Hagley Oval, Christchurch",Christchurch,,"England,New Zealand",England,New Zealand,New Zealand,field,England,"{""runs"": 65}",HC Brook,6,international,male
1491719,T20,2025/26,2025-10-23,"Eden Park, Auckland",Auckland,,"New Zealand,England",New Zealand,England,England,field,,null,,6,international,male
1491723,T20,2025/26,2025-11-05,"Eden Park, Auckland",Auckland,,"West Indies,New Zealand",West Indies,New Zealand,New Zealand,field,West Indies,"{""runs"": 7}",RL Chase,6,international,male
1491724,T20,2025/26,2025-11-06,"Eden Park, Auckland",Auckland,,"New Zealand,West Indies",New Zealand,West Indies,West Indies,field,New Zealand,"{""runs"": 3}",MS Chapman,6,international,male
1491725,T20,2025/26,2025-11-09,"Saxton Oval, Nelson",Nelson,,"New Zealand,West Indies",New Zealand,West Indies,New Zealand,bat,New Zealand,"{""runs"": 9}",IS Sodhi,6,international,male
1491726,T20,2025/26,2025-11-10,"Saxton Oval, Nelson",Nelson,,"West Indies,New Zealand",West Indies,New Zealand,New Zealand,field,,null,,6,international,male
1491903,T20,2025,2025-07-20,"Shere Bangla National Stadium, Mirpur",Dhaka,,"Pakistan,Bangladesh",Pakistan,Bangladesh,Bangladesh,field,Bangladesh,"{""wickets"": 7}",Parvez Hossain Emon,6,international,male
1491904,T20,2025,2025-07-22,"Shere Bangla National Stadium, Mirpur",Dhaka,,"Bangladesh,Pakistan",Bangladesh,Pakistan,Pakistan,field,Bangladesh,"{""runs"": 8}",Jaker Ali,6,international,male
1491905,T20,2025,2025-07-24,"Shere Bangla National Stadium, Mirpur",Dhaka,,"Pakistan,Bangladesh",Pakistan,Bangladesh,Bangladesh,field,Pakistan,"{""runs"": 74}",Sahibzada Farhan,6,international,male
1492823,T20,2025,2025-09-03,Harare Sports Club,Harare,,"Zimbabwe,Sri Lanka",Zimbabwe,Sri Lanka,Sri Lanka,field,Sri Lanka,"{""wickets"": 4}",PHKD Mendis,6,international,male
1492824,T20,2025,2025-09-06,Harare Sports Club,Harare,,"Sri Lanka,Zimbabwe",Sri Lanka,Zimbabwe,Zimbabwe,field,Zimbabwe,"{""wickets"": 5}",Sikandar Raza,6,international,male
1492825,T20,2025,2025-09-07,Harare Sports Club,Harare,,"Zimbabwe,Sri Lanka",Zimbabwe,Sri Lanka,Sri Lanka,field,Sri Lanka,"{""wickets"": 8}",K Mishara,6,international,male
1492879,T20,2025,2025-07-08,"TCA Oval, Blantyre",Blantyre,,"Bahrain,Tanzania",Bahrain,Tanzania,Tanzania,field,Tanzania,"{""wickets"": 6}",Arun Yadav,6,international,male
1492880,T20,2025,2025-07-05,"TCA Oval, Blantyre",Blantyre,,"Malawi,Germany",Malawi,Germany,Germany,field,Germany,"{""wickets"": 5}",Shahid Afridi,6,international,male
1492881,T20,2025,2025-07-06,"TCA Oval, Blantyre",Blantyre,,"Bahrain,Germany",Bahrain,Germany,Bahrain,bat,Bahrain,"{""runs"": 46}",Fiaz Ahmed,6,international,male
1492883,T20,2025,2025-07-07,"TCA Oval, Blantyre",Blantyre,,"Tanzania,Germany",Tanzania,Germany,Tanzania,bat,Germany,"{""wickets"": 4}",Musaddiq Ahmed,6,international,male
1492884,T20,2025,2025-07-07,"TCA Oval, Blantyre",Blantyre,,"Malawi,Bahrain",Malawi,Bahrain,Malawi,bat,Bahrain,"{""wickets"": 7}",Abdul Majid Abbasi,6,international,male
1492887,T20,2025,2025-07-10,"TCA Oval, Blantyre",Blantyre,,"Tanzania,Bahrain",Tanzania,Bahrain,Bahrain,field,Bahrain,"{""wickets"": 6}",Imran Anwar,6,international,male
1492888,T20,2025,2025-07-10,"TCA Oval, Blantyre",Blantyre,,"Malawi,Germany",Malawi,Germany,Malawi,bat,Malawi,"{""runs"": 8}",A Limdawala,6,international,male
1492889,T20,2025,2025-07-12,"TCA Oval, Blantyre",Blantyre,,"Malawi,Bahrain",Malawi,Bahrain,Malawi,bat,Bahrain,"{""wickets"": 10}",Rizwan Butt,6,international,male
1492890,T20,2025,2025-07-12,"TCA Oval, Blantyre",Blantyre,,"Germany,Tanzania",Germany,Tanzania,Tanzania,field,Tanzania,"{""wickets"": 5}",A Augastin,6,international,male
1492891,T20,2025,2025-07-13,"TCA Oval, Blantyre",Blantyre,,"Germany,Malawi",Germany,Malawi,Germany,bat,Germany,"{""runs"": 37}",Musaddiq Ahmed,6,international,male
1492892,T20,2025,2025-07-13,"TCA Oval, Blantyre",Blantyre,,"Bahrain,Tanzania",Bahrain,Tanzania,Tanzania,field,Tanzania,"{""wickets"": 10}",SA Jumbe,6,international,male
1494090,T20,2025,2025-07-18,Singapore National Cricket Ground,Singapore,,"Hong Kong,Malaysia",Hong Kong,Malaysia,Malaysia,field,Malaysia,"{""wickets"": 5}",Virandeep Singh,6,international,male
1494091,T20,2025,2025-07-18,Singapore National Cricket Ground,Singapore,,"Singapore,Samoa",Singapore,Samoa,Singapore,bat,Singapore,"{""runs"": 52}",H Venkataram,6,international,male
1494092,T20,2025,2025-07-19,Singapore National Cricket Ground,Singapore,,"Singapore,Malaysia",Singapore,Malaysia,Malaysia,field,Malaysia,"{""wickets"": 6}",S Vijay Unni,6,international,male
1494093,T20,2025,2025-07-19,Singapore National Cricket Ground,Singapore,,"Hong Kong,Samoa",Hong Kong,Samoa,Hong Kong,bat,Hong Kong,"{""runs"": 54}",Zeeshan Ali,6,international,male
1494094,T20,2025,2025-07-20,Singapore National Cricket Ground,Singapore,,"Hong Kong,Singapore",Hong Kong,Singapore,Singapore,field,Hong Kong,"{""runs"": 52}",Anshuman Rath,6,international,male
1494095,T20,2025,2025-07-20,Singapore National Cricket Ground,Singapore,,"Samoa,Malaysia",Samoa,Malaysia,Samoa,bat,Malaysia,"{""wickets"": 6}",Arif Ullah,6,international,male
1494096,T20,2025,2025-07-22,Singapore National Cricket Ground,Singapore,,"Hong Kong,Malaysia",Hong Kong,Malaysia,Malaysia,field,Malaysia,"{""wickets"": 7}",Virandeep Singh,6,international,male
1494097,T20,2025,2025-07-22,Singapore National Cricket Ground,Singapore,,"Samoa,Singapore",Samoa,Singapore,Samoa,bat,Singapore,"{""wickets"": 3}",G Gune,6,international,male
1494098,T20,2025,2025-07-23,Singapore National Cricket Ground,Singapore,,"Samoa,Hong Kong",Samoa,Hong Kong,Hong Kong,field,Hong Kong,"{""wickets"": 3}",D Visser,6,international,male
1494099,T20,2025,2025-07-23,Singapore National Cricket Ground,Singapore,,"Malaysia,Singapore",Malaysia,Singapore,Singapore,field,Malaysia,"{""runs"": 65}",Virandeep Singh,6,international,male
1494100,T20,2025,2025-07-24,Singapore National Cricket Ground,Singapore,,"Samoa,Malaysia",Samoa,Malaysia,Malaysia,field,Malaysia,"{""wickets"": 6}",Ahmed Faiz,6,international,male
1494101,T20,2025,2025-07-24,Singapore National Cricket Ground,Singapore,,"Hong Kong,Singapore",Hong Kong,Singapore,Hong Kong,bat,Hong Kong,"{""runs"": 52}",Yasim Murtaza,6,international,male
1494102,T20,2025,2025-07-26,Singapore National Cricket Ground,Singapore,,"Hong Kong,Malaysia",Hong Kong,Malaysia,Malaysia,field,Malaysia,"{""wickets"": 10}",Syed Aziz,6,international,male
1494103,T20,2025,2025-07-21,Entebbe Cricket Oval,Entebbe,,"Uganda,Kenya",Uganda,Kenya,Uganda,bat,Uganda,"{""runs"": 28}",F Nsubuga,6,international,male
1494108,T20,2025,2025-07-19,Entebbe Cricket Oval,Entebbe,,"Uganda,United Arab Emirates",Uganda,United Arab Emirates,Uganda,bat,Uganda,"{""runs"": 6}",AR Ramjani,6,international,male
1494110,T20,2025,2025-07-23,Entebbe Cricket Oval,Entebbe,,"Kenya,United Arab Emirates",Kenya,United Arab Emirates,Kenya,bat,United Arab Emirates,"{""wickets"": 7}",Zuhaib Zubair,6,international,male
1494111,T20,2025,2025-07-27,Entebbe Cricket Oval,Entebbe,,"Uganda,United Arab Emirates",Uganda,United Arab Emirates,Uganda,bat,Uganda,"{""runs"": 8}",AR Ramjani,6,international,male
1494113,T20,2025,2025-07-26,Entebbe Cricket Oval,Entebbe,,"United Arab Emirates,Nigeria",United Arab Emirates,Nigeria,United Arab Emirates,bat,United Arab Emirates,"{""runs"": 53}",Ethan D'Souza,6,international,male
1494114,T20,2025,2025-07-25,Entebbe Cricket Oval,Entebbe,,"Kenya,Uganda",Kenya,Uganda,Uganda,field,Uganda,"{""wickets"": 6}",DM Nakrani,6,international,male
1494115,T20,2025,2025-07-17,Entebbe Cricket Oval,Entebbe,,"Kenya,Nigeria",Kenya,Nigeria,Kenya,bat,Kenya,"{""runs"": 20}",Vraj Patel,6,international,male
1494116,T20,2025,2025-07-18,Entebbe Cricket Oval,Entebbe,,"Uganda,Nigeria",Uganda,Nigeria,Uganda,bat,Uganda,"{""runs"": 77}",R Obuya,6,international,male
1494118,T20,2025,2025-07-21,Entebbe Cricket Oval,Entebbe,,"Nigeria,United Arab Emirates",Nigeria,United Arab Emirates,Nigeria,bat,United Arab Emirates,"{""wickets"": 7}",Zuhaib Zubair,6,international,male
1494583,T20,2025,2025-07-22,Entebbe Cricket Oval,Entebbe,,"Uganda,Nigeria",Uganda,Nigeria,Uganda,bat,Uganda,"{""runs"": 38}",SG Mangela,6,international,male
1494584,T20,2025,2025-07-27,Entebbe Cricket Oval,Entebbe,,"Nigeria,Kenya",Nigeria,Kenya,Nigeria,bat,Kenya,"{""wickets"": 6}",,6,international,male
1494766,T20,2025,2025-07-19,"West End Park International Cricket Stadium, Doha",Doha,,"Qatar,Saudi Arabia",Qatar,Saudi Arabia,Qatar,bat,Saudi Arabia,"{""wickets"": 4}",Faisal Khan,6,international,male
1494767,T20,2025,2025-07-21,"West End Park International Cricket Stadium, Doha",Doha,,"Saudi Arabia,Qatar",Saudi Arabia,Qatar,Qatar,field,Qatar,"{""wickets"": 4}",MM Baig,6,international,male
1494768,T20,2025,2025-07-22,"West End Park International Cricket Stadium, Doha",Doha,,"Qatar,Saudi Arabia",Qatar,Saudi Arabia,Saudi Arabia,field,Qatar,"{""runs"": 32}",MM Baig,6,international,male
1494769,T20,2025,2025-07-23,"West End Park International Cricket Stadium, Doha",Doha,,"Saudi Arabia,Qatar",Saudi Arabia,Qatar,Qatar,field,,null,Ishtiaq Ahmad,6,international,male
1494771,T20,2025,2025-07-26,Estonian National Cricket and Rugby Field,Tallinn,,"Finland,Estonia",Finland,Estonia,Finland,bat,Estonia,"{""wickets"": 4}",S Gooch,6,international,male
1494772,T20,2025,2025-07-27,Estonian National Cricket and Rugby Field,Tallinn,,"Estonia,Finland",Estonia,Finland,Finland,field,Finland,"{""wickets"": 5}",MB Tambe,6,international,male
1494773,T20,2025,2025-08-02,Estonian National Cricket and Rugby Field,Tallinn,,"Switzerland,Estonia",Switzerland,Estonia,Switzerland,bat,Switzerland,"{""runs"": 72}",Ashwin Vinod,6,international,male
1494774,T20,2025,2025-08-03,Estonian National Cricket and Rugby Field,Tallinn,,"Switzerland,Estonia",Switzerland,Estonia,Switzerland,bat,Switzerland,"{""runs"": 15}",Faheem Nazir,6,international,male
1494775,T20,2025,2025-08-03,Estonian National Cricket and Rugby Field,Tallinn,,"Switzerland,Estonia",Switzerland,Estonia,Switzerland,bat,Switzerland,"{""runs"": 41}",H Deshan,6,international,male
1495453,T20,2025,2025-07-18,"Gahanga International Cricket Stadium, Rwanda",Kigali City,,"Rwanda,Bahrain",Rwanda,Bahrain,Bahrain,field,Bahrain,"{""wickets"": 8}",Asif Ali,6,international,male
1495454,T20,2025,2025-07-19,"Gahanga International Cricket Stadium, Rwanda",Kigali City,,"Malawi,Bahrain",Malawi,Bahrain,Bahrain,field,Bahrain,"{""wickets"": 9}",Asif Ali,6,international,male
1495455,T20,2025,2025-07-19,"Gahanga International Cricket Stadium, Rwanda",Kigali City,,"Malawi,Rwanda",Malawi,Rwanda,Malawi,bat,Rwanda,"{""wickets"": 6}",D Gumyusenge,6,international,male
1495456,T20,2025,2025-07-20,"Gahanga International Cricket Stadium, Rwanda",Kigali City,,"Malawi,Bahrain",Malawi,Bahrain,Bahrain,field,Bahrain,"{""wickets"": 9}",Asif Ali,6,international,male
1495457,T20,2025,2025-07-20,"Gahanga International Cricket Stadium, Rwanda",Kigali City,,"Rwanda,Bahrain",Rwanda,Bahrain,Rwanda,bat,Bahrain,"{""wickets"": 7}",Imran Anwar,6,international,male
1495458,T20,2025,2025-07-22,"Gahanga International Cricket Stadium, Rwanda",Kigali City,,"Malawi,Rwanda",Malawi,Rwanda,Malawi,bat,Rwanda,"{""wickets"": 4}",D Ndikubwimana,6,international,male
1495459,T20,2025,2025-07-22,"Gahanga International Cricket Stadium, Rwanda",Kigali City,,"Bahrain,Rwanda",Bahrain,Rwanda,Rwanda,field,Bahrain,"{""runs"": 112}",Asif Ali,6,international,male
1495460,T20,2025,2025-07-23,"Gahanga International Cricket Stadium, Rwanda",Kigali City,,"Rwanda,Malawi",Rwanda,Malawi,Malawi,field,Malawi,"{""wickets"": 6}",Sami Sohail,6,international,male
1495461,T20,2025,2025-07-23,"Gahanga International Cricket Stadium, Rwanda",Kigali City,,"Bahrain,Malawi",Bahrain,Malawi,Bahrain,bat,Bahrain,"{""runs"": 45}",,6,international,male
1495462,T20,2025,2025-07-25,"Gahanga International Cricket Stadium, Rwanda",Kigali City,,"Bahrain,Rwanda",Bahrain,Rwanda,Rwanda,field,Bahrain,"{""runs"": 114}",Ali Dawood,6,international,male
1495463,T20,2025,2025-07-25,"Gahanga International Cricket Stadium, Rwanda",Kigali City,,"Malawi,Bahrain",Malawi,Bahrain,Malawi,bat,Bahrain,"{""wickets"": 8}",P Kurup,6,international,male
1495464,T20,2025,2025-07-26,"Gahanga International Cricket Stadium, Rwanda",Kigali City,,"Rwanda,Malawi",Rwanda,Malawi,Malawi,field,Malawi,"{""wickets"": 9}",Sami Sohail,6,international,male
1495465,T20,2025,2025-07-27,"Gahanga International Cricket Stadium, Rwanda",Kigali City,,"Bahrain,Malawi",Bahrain,Malawi,Malawi,field,Bahrain,"{""runs"": 94}",Asif Ali,6,international,male
1495654,T20,2025,2025-07-25,"GB Oval, Szodliget",Szodliget,,"Romania,Austria",Romania,Austria,Romania,bat,Austria,"{""wickets"": 7}",Bilal Zalmai,6,international,male
1495655,T20,2025,2025-07-25,"GB Oval, Szodliget",Szodliget,,"Hungary,Romania",Hungary,Romania,Hungary,bat,Romania,"{""wickets"": 10}",M Koli,6,international,male
1495656,T20,2025,2025-07-25,"GB Oval, Szodliget",Szodliget,,"Hungary,Luxembourg",Hungary,Luxembourg,Hungary,bat,Hungary,"{""runs"": 70}",Muhammad Saqlain,6,international,male
1495657,T20,2025,2025-07-26,"GB Oval, Szodliget",Szodliget,,"Romania,Luxembourg",Romania,Luxembourg,Luxembourg,field,Romania,"{""runs"": 46}",V Saini,6,international,male
1495658,T20,2025,2025-07-26,"GB Oval, Szodliget",Szodliget,,"Hungary,Austria",Hungary,Austria,Austria,field,Austria,"{""wickets"": 4}",Karanbir Singh,6,international,male
1495659,T20,2025,2025-07-26,"GB Oval, Szodliget",Szodliget,,"Austria,Luxembourg",Austria,Luxembourg,Austria,bat,Austria,"{""runs"": 66}",Bilal Zalmai,6,international,male
1495660,T20,2025,2025-07-27,"GB Oval, Szodliget",Szodliget,,"Hungary,Luxembourg",Hungary,Luxembourg,Luxembourg,field,Hungary,"{""runs"": 37}",,6,international,male
1495661,T20,2025,2025-07-27,"GB Oval, Szodliget",Szodliget,,"Austria,Romania",Austria,Romania,Romania,field,,null,,6,international,male
1496821,T20,2025,2025-08-08,"Botkyrka Cricket Center, Stockholm",Stockholm,,"Sweden,Austria",Sweden,Austria,Sweden,bat,Austria,"{""wickets"": 4}",Bilal Zalmai,6,international,male
1496822,T20,2025,2025-08-08,"Botkyrka Cricket Center, Stockholm",Stockholm,,"Norway,France",Norway,France,France,field,Norway,"{""runs"": 22}",Ibrahim Rahimi,6,international,male
1496823,T20,2025,2025-08-09,"Botkyrka Cricket Center, Stockholm",Stockholm,,"Norway,Sweden",Norway,Sweden,Norway,bat,Norway,"{""runs"": 23}",Walid Ghauri,6,international,male
1496824,T20,2025,2025-08-09,"Botkyrka Cricket Center, Stockholm",Stockholm,,"France,Austria",France,Austria,France,bat,Austria,"{""wickets"": 6}",Jamshid Nasiri,6,international,male
1496825,T20,2025,2025-08-10,"Botkyrka Cricket Center, Stockholm",Stockholm,,"Sweden,France",Sweden,France,Sweden,bat,France,"{""wickets"": 2}",Imal Zuwak,6,international,male
1496826,T20,2025,2025-08-10,"Botkyrka Cricket Center, Stockholm",Stockholm,,"Norway,Austria",Norway,Austria,Austria,field,Austria,"{""wickets"": 8}",Bilal Zalmai,6,international,male
1496827,T20,2025,2025-08-17,"Stubberudmyra Cricket Ground, Oslo",Oslo,,"Sweden,Norway",Sweden,Norway,Sweden,bat,Norway,"{""wickets"": 3}",,6,international,male
1496828,T20,2025,2025-08-07,"Mladost Cricket Ground, Zagreb",Zagreb,,"Cyprus,Croatia",Cyprus,Croatia,Croatia,field,Cyprus,"{""runs"": 58}",R Mazumder,6,international,male
1496829,T20,2025,2025-08-07,"Mladost Cricket Ground, Zagreb",Zagreb,,"Croatia,Cyprus",Croatia,Cyprus,Croatia,bat,Cyprus,"{""wickets"": 7}",Waqar Ali,6,international,male
1496830,T20,2025,2025-08-08,"Mladost Cricket Ground, Zagreb",Zagreb,,"Croatia,Cyprus",Croatia,Cyprus,Croatia,bat,Cyprus,"{""wickets"": 3}",S Austin,6,international,male
1496831,T20,2025,2025-08-08,"Mladost Cricket Ground, Zagreb",Zagreb,,"Cyprus,Croatia",Cyprus,Croatia,Cyprus,bat,Cyprus,"{""runs"": 52}",Adam Senn,6,international,male
1496921,T20,2025,2025-09-10,Dubai International Cricket Stadium,Dubai,,"United Arab Emirates,India",United Arab Emirates,India,India,field,India,"{""wickets"": 9}",Kuldeep Yadav,6,international,male
1496922,T20,2025,2025-09-11,"Zayed Cricket Stadium, Abu Dhabi",Abu Dhabi,,"Hong Kong,Bangladesh",Hong Kong,Bangladesh,Bangladesh,field,Bangladesh,"{""wickets"": 7}",Liton Das,6,international,male
1496923,T20,2025,2025-09-12,Dubai International Cricket Stadium,Dubai,,"Pakistan,Oman",Pakistan,Oman,Pakistan,bat,Pakistan,"{""runs"": 93}",Mohammad Haris,6,international,male
1496924,T20,2025,2025-09-13,"Zayed Cricket Stadium, Abu Dhabi",Abu Dhabi,,"Bangladesh,Sri Lanka",Bangladesh,Sri Lanka,Sri Lanka,field,Sri Lanka,"{""wickets"": 6}",K Mishara,6,international,male
1496925,T20,2025,2025-09-14,Dubai International Cricket Stadium,Dubai,,"Pakistan,India",Pakistan,India,Pakistan,bat,India,"{""wickets"": 7}",Kuldeep Yadav,6,international,male
1496926,T20,2025,2025-09-15,"Zayed Cricket Stadium, Abu Dhabi",Abu Dhabi,,"United Arab Emirates,Oman",United Arab Emirates,Oman,Oman,field,United Arab Emirates,"{""runs"": 42}",A Sharafu,6,international,male
1496927,T20,2025,2025-09-15,Dubai International Cricket Stadium,Dubai,,"Hong Kong,Sri Lanka",Hong Kong,Sri Lanka,Sri Lanka,field,Sri Lanka,"{""wickets"": 4}",P Nissanka,6,international,male
1496929,T20,2025,2025-09-17,Dubai International Cricket Stadium,Dubai,,"Pakistan,United Arab Emirates",Pakistan,United Arab Emirates,United Arab Emirates,field,Pakistan,"{""runs"": 41}",Shaheen Shah Afridi,6,international,male
1496931,T20,2025,2025-09-19,"Zayed Cricket Stadium, Abu Dhabi",Abu Dhabi,,"India,Oman",India,Oman,India,bat,India,"{""runs"": 21}",SV Samson,6,international,male
1496932,T20,2025,2025-09-20,Dubai International Cricket Stadium,Dubai,,"Sri Lanka,Bangladesh",Sri Lanka,Bangladesh,Bangladesh,field,Bangladesh,"{""wickets"": 4}",Saif Hassan,6,international,male
1496933,T20,2025,2025-09-21,Dubai International Cricket Stadium,Dubai,,"Pakistan,India",Pakistan,India,India,field,India,"{""wickets"": 6}",Abhishek Sharma,6,international,male
1496934,T20,2025,2025-09-23,"Zayed Cricket Stadium, Abu Dhabi",Abu Dhabi,,"Sri Lanka,Pakistan",Sri Lanka,Pakistan,Pakistan,field,Pakistan,"{""wickets"": 5}",Hussain Talat,6,international,male
1496935,T20,2025,2025-09-24,Dubai International Cricket Stadium,Dubai,,"India,Bangladesh",India,Bangladesh,Bangladesh,field,India,"{""runs"": 41}",Abhishek Sharma,6,international,male
1496936,T20,2025,2025-09-25,Dubai International Cricket Stadium,Dubai,,"Pakistan,Bangladesh",Pakistan,Bangladesh,Bangladesh,field,Pakistan,"{""runs"": 11}",Shaheen Shah Afridi,6,international,male
1496937,T20,2025,2025-09-26,Dubai International Cricket Stadium,Dubai,,"India,Sri Lanka",India,Sri Lanka,Sri Lanka,field,,null,P Nissanka,6,international,male
1496938,T20,2025,2025-09-28,Dubai International Cricket Stadium,Dubai,,"Pakistan,India",Pakistan,India,India,field,India,"{""wickets"": 5}",Tilak Varma,6,international,male
1497874,T20,2025,2025-08-30,Sharjah Cricket Stadium,Sharjah,,"Pakistan,United Arab Emirates",Pakistan,United Arab Emirates,Pakistan,bat,Pakistan,"{""runs"": 31}",Saim Ayub,6,international,male
1497877,T20,2025,2025-09-04,Sharjah Cricket Stadium,Sharjah,,"Pakistan,United Arab Emirates",Pakistan,United Arab Emirates,Pakistan,bat,Pakistan,"{""runs"": 31}",Abrar Ahmed,6,international,male
1498191,T20,2025,2025-08-17,"Stubberudmyra Cricket Ground, Oslo",Oslo,,"Sweden,Hungary",Sweden,Hungary,Hungary,field,Sweden,"{""runs"": 79}",Saeed Ahmed,6,international,male
1498192,T20,2025,2025-08-17,"Stubberudmyra Cricket Ground, Oslo",Oslo,,"Norway,Hungary",Norway,Hungary,Norway,bat,Norway,"{""runs"": 32}",Ibrahim Rahimi,6,international,male
1498662,T20,2025,2025-08-30,Sylhet International Cricket Stadium,Sylhet,,"Netherlands,Bangladesh",Netherlands,Bangladesh,Bangladesh,field,Bangladesh,"{""wickets"": 8}",Taskin Ahmed,6,international,male
1498663,T20,2025,2025-09-01,Sylhet International Cricket Stadium,Sylhet,,"Netherlands,Bangladesh",Netherlands,Bangladesh,Bangladesh,field,Bangladesh,"{""wickets"": 9}",Nasum Ahmed,6,international,male
1498664,T20,2025,2025-09-03,Sylhet International Cricket Stadium,Sylhet,,"Bangladesh,Netherlands",Bangladesh,Netherlands,Netherlands,field,,null,,6,international,male
1498689,T20,2025,2025-08-14,"King George V Sports Ground, Castel",Castel,,"Guernsey,Papua New Guinea",Guernsey,Papua New Guinea,Papua New Guinea,field,Papua New Guinea,"{""wickets"": 6}",,6,international,male
1498690,T20,2025,2025-08-30,"King George V Sports Ground, Castel",Castel,,"Guernsey,Switzerland",Guernsey,Switzerland,Switzerland,field,,null,,6,international,male
1498691,T20,2025,2025-08-30,"King George V Sports Ground, Castel",Castel,,"Switzerland,Guernsey",Switzerland,Guernsey,Guernsey,field,,null,,6,international,male
1498696,T20,2025,2025-08-23,"Velden Cricket Ground, Latschach",Latschach,,"Belgium,Austria",Belgium,Austria,Austria,field,Austria,"{""wickets"": 6}",Aqib Iqbal,6,international,male
1498697,T20,2025,2025-08-23,"Velden Cricket Ground, Latschach",Latschach,,"Austria,Belgium",Austria,Belgium,Austria,bat,Austria,"{""runs"": 38}",Karanbir Singh,6,international,male
1498698,T20,2025,2025-08-24,"Velden Cricket Ground, Latschach",Latschach,,"Belgium,Austria",Belgium,Austria,Austria,field,Austria,"{""wickets"": 4}",Ranjit Singh,6,international,male
1498699,T20,2025,2025-08-24,"Velden Cricket Ground, Latschach",Latschach,,"Belgium,Austria",Belgium,Austria,Belgium,bat,Austria,"{""wickets"": 4}",Aqib Iqbal,6,international,male
1499011,T20,2025,2025-08-21,"Moara Vlasiei Cricket Ground, Ilfov County",Ilfov County,,"Czech Republic,Romania",Czech Republic,Romania,Romania,field,Czech Republic,"{""runs"": 18}",Sazib Bhuiyan,6,international,male
1499012,T20,2025,2025-08-21,"Moara Vlasiei Cricket Ground, Ilfov County",Ilfov County,,"Romania,Czech Republic",Romania,Czech Republic,Romania,bat,Romania,"{""runs"": 18}",Avishka Iroshan,6,international,male
1499013,T20,2025,2025-08-22,"Moara Vlasiei Cricket Ground, Ilfov County",Ilfov County,,"Romania,Czech Republic",Romania,Czech Republic,Czech Republic,field,Romania,"{""runs"": 25}",Rameez Khan,6,international,male
1499014,T20,2025,2025-08-22,"Moara Vlasiei Cricket Ground, Ilfov County",Ilfov County,,"Romania,Czech Republic",Romania,Czech Republic,Romania,bat,Czech Republic,"{""wickets"": 4}",Divyendra Singh,6,international,male
1501502,T20,2025,2025-09-12,Malkerns Country Club oval,Malkerns,,"Eswatini,Mozambique",Eswatini,Mozambique,Eswatini,bat,Eswatini,"{""runs"": 31}",M Khojbariya,6,international,male
1501503,T20,2025,2025-09-12,Malkerns Country Club oval,Malkerns,,"Eswatini,Mozambique",Eswatini,Mozambique,Eswatini,bat,Eswatini,"{""runs"": 5}",Adil Butt,6,international,male
1501504,T20,2025,2025-09-13,Malkerns Country Club oval,Malkerns,,"Eswatini,Mozambique",Eswatini,Mozambique,Eswatini,bat,Eswatini,"{""runs"": 74}",Adil Butt,6,international,male
1501505,T20,2025,2025-09-13,Malkerns Country Club oval,Malkerns,,"Eswatini,Mozambique",Eswatini,Mozambique,Eswatini,bat,,null,Adil Butt,6,international,male
1501506,T20,2025,2025-09-14,Malkerns Country Club oval,Malkerns,,"Eswatini,Mozambique",Eswatini,Mozambique,Eswatini,bat,,null,,6,international,male
1501895,T20,2025/26,2025-10-28,Rawalpindi Cricket Stadium,Rawalpindi,,"South Africa,Pakistan",South Africa,Pakistan,Pakistan,field,South Africa,"{""runs"": 55}",GF Linde,6,international,male
1501896,T20,2025/26,2025-10-31,"Gaddafi Stadium, Lahore",Lahore,,"South Africa,Pakistan",South Africa,Pakistan,Pakistan,field,Pakistan,"{""wickets"": 9}",Salman Mirza,6,international,male
1501897,T20,2025/26,2025-11-01,"Gaddafi Stadium, Lahore",Lahore,,"South Africa,Pakistan",South Africa,Pakistan,Pakistan,field,Pakistan,"{""wickets"": 4}",Babar Azam,6,international,male
1502164,T20,2025/26,2025-09-15,"Queens Sports Club, Bulawayo",Bulawayo,,"Zimbabwe,Namibia",Zimbabwe,Namibia,Namibia,field,Zimbabwe,"{""runs"": 33}",BJ Bennett,6,international,male
1502165,T20,2025/26,2025-09-16,"Queens Sports Club, Bulawayo",Bulawayo,,"Namibia,Zimbabwe",Namibia,Zimbabwe,Zimbabwe,field,Zimbabwe,"{""wickets"": 5}",BJ Bennett,6,international,male
1502166,T20,2025/26,2025-09-18,"Queens Sports Club, Bulawayo",Bulawayo,,"Namibia,Zimbabwe",Namibia,Zimbabwe,Namibia,bat,Namibia,"{""runs"": 28}",JN Frylinck,6,international,male
1502743,T20,2025/26,2025-09-26,Harare Sports Club,Harare,,"Namibia,Kenya",Namibia,Kenya,Kenya,field,Namibia,"{""runs"": 136}",JJ Smit,6,international,male
1502744,T20,2025/26,2025-09-26,"Takashinga Sports Club, Highfield, Harare",Harare,,"Malawi,Nigeria",Malawi,Nigeria,Nigeria,field,Nigeria,"{""wickets"": 9}",R Abdulkareem,6,international,male
1502745,T20,2025/26,2025-09-26,Harare Sports Club,Harare,,"Uganda,Zimbabwe",Uganda,Zimbabwe,Uganda,bat,Zimbabwe,"{""wickets"": 5}",BJ Bennett,6,international,male
1502746,T20,2025/26,2025-09-26,"Takashinga Sports Club, Highfield, Harare",Harare,,"Botswana,Tanzania",Botswana,Tanzania,Botswana,bat,Tanzania,"{""wickets"": 7}",Arun Yadav,6,international,male
1502747,T20,2025/26,2025-09-28,Harare Sports Club,Harare,,"Namibia,Nigeria",Namibia,Nigeria,Nigeria,field,Namibia,"{""runs"": 117}",JN Frylinck,6,international,male
1502748,T20,2025/26,2025-09-28,"Takashinga Sports Club, Highfield, Harare",Harare,,"Tanzania,Uganda",Tanzania,Uganda,Uganda,field,Tanzania,"{""runs"": 9}",K Juma,6,international,male
1502749,T20,2025/26,2025-09-28,Harare Sports Club,Harare,,"Zimbabwe,Botswana",Zimbabwe,Botswana,Botswana,field,Zimbabwe,"{""runs"": 170}",BRM Taylor,6,international,male
1502750,T20,2025/26,2025-09-28,"Takashinga Sports Club, Highfield, Harare",Harare,,"Malawi,Kenya",Malawi,Kenya,Malawi,bat,Malawi,"{""runs"": 3}",Sami Sohail,6,international,male
1502751,T20,2025/26,2025-09-30,Harare Sports Club,Harare,,"Zimbabwe,Tanzania",Zimbabwe,Tanzania,Tanzania,field,Zimbabwe,"{""runs"": 113}",,6,international,male
1502752,T20,2025/26,2025-09-30,"Takashinga Sports Club, Highfield, Harare",Harare,,"Botswana,Uganda",Botswana,Uganda,Uganda,field,Uganda,"{""wickets"": 8}",,6,international,male
1502753,T20,2025/26,2025-09-30,Harare Sports Club,Harare,,"Malawi,Namibia",Malawi,Namibia,Malawi,bat,Namibia,"{""wickets"": 8}",,6,international,male
1502754,T20,2025/26,2025-09-30,"Takashinga Sports Club, Highfield, Harare",Harare,,"Nigeria,Kenya",Nigeria,Kenya,Nigeria,bat,Kenya,"{""wickets"": 7}",SR Bhudia,6,international,male
1502755,T20,2025/26,2025-10-02,Harare Sports Club,Harare,,"Namibia,Tanzania",Namibia,Tanzania,Tanzania,field,Namibia,"{""runs"": 63}",JJ Smit,6,international,male
1502756,T20,2025/26,2025-10-02,"Takashinga Sports Club, Highfield, Harare",Harare,,"Nigeria,Botswana",Nigeria,Botswana,Nigeria,bat,Nigeria,"{""runs"": 44}",Joshua Asia,6,international,male
1502757,T20,2025/26,2025-10-02,Harare Sports Club,Harare,,"Kenya,Zimbabwe",Kenya,Zimbabwe,Kenya,bat,Zimbabwe,"{""wickets"": 7}",BJ Bennett,6,international,male
1502758,T20,2025/26,2025-10-02,"Takashinga Sports Club, Highfield, Harare",Harare,,"Uganda,Malawi",Uganda,Malawi,Uganda,bat,Uganda,"{""runs"": 117}",SL Verma,6,international,male
1502759,T20,2025/26,2025-10-04,Harare Sports Club,Harare,,"Kenya,Tanzania",Kenya,Tanzania,Tanzania,field,Kenya,"{""runs"": 51}",DM Gondaria,6,international,male
1502760,T20,2025/26,2025-10-04,"Takashinga Sports Club, Highfield, Harare",Harare,,"Malawi,Botswana",Malawi,Botswana,Malawi,bat,Malawi,"{""runs"": 56}",MA Baig,6,international,male
1502761,T20,2025/26,2025-10-04,"Takashinga Sports Club, Highfield, Harare",Harare,,"Uganda,Nigeria",Uganda,Nigeria,Uganda,bat,Uganda,"{""runs"": 66}",Riazat Ali Shah,6,international,male
1502762,T20,2025/26,2025-10-04,Harare Sports Club,Harare,,"Namibia,Zimbabwe",Namibia,Zimbabwe,Zimbabwe,field,Zimbabwe,"{""wickets"": 7}",T Marumani,6,international,male
1503450,T20,2025/26,2025-10-08,Al Amerat Cricket Ground Oman Cricket (Ministry Turf 2),Al Amarat,,"Samoa,Oman",Samoa,Oman,Oman,field,Oman,"{""wickets"": 5}",Shah Faisal,6,international,male
1503451,T20,2025/26,2025-10-08,Al Amerat Cricket Ground Oman Cricket (Ministry Turf 1),Al Amarat,,"Qatar,United Arab Emirates",Qatar,United Arab Emirates,Qatar,bat,United Arab Emirates,"{""wickets"": 7}",Muhammad Rohid,6,international,male
1503452,T20,2025/26,2025-10-08,Al Amerat Cricket Ground Oman Cricket (Ministry Turf 1),Al Amarat,,"Nepal,Kuwait",Nepal,Kuwait,Kuwait,field,Nepal,"{""runs"": 58}",K Bhurtel,6,international,male
1503453,T20,2025/26,2025-10-09,Al Amerat Cricket Ground Oman Cricket (Ministry Turf 2),Al Amarat,,"Malaysia,Qatar",Malaysia,Qatar,Qatar,field,Qatar,"{""wickets"": 8}",Zubair Ali,6,international,male
1503454,T20,2025/26,2025-10-09,Al Amerat Cricket Ground Oman Cricket (Ministry Turf 1),Al Amarat,,"Kuwait,Japan",Kuwait,Japan,Japan,field,Japan,"{""wickets"": 5}",Esam Rahman,6,international,male
1503455,T20,2025/26,2025-10-09,Al Amerat Cricket Ground Oman Cricket (Ministry Turf 1),Al Amarat,,"Papua New Guinea,Samoa",Papua New Guinea,Samoa,Papua New Guinea,bat,Samoa,"{""wickets"": 6}",SM Solia,6,international,male
1503456,T20,2025/26,2025-10-10,Al Amerat Cricket Ground Oman Cricket (Ministry Turf 2),Al Amarat,,"Malaysia,United Arab Emirates",Malaysia,United Arab Emirates,United Arab Emirates,field,United Arab Emirates,"{""wickets"": 6}",Waseem Muhammad,6,international,male
1503457,T20,2025/26,2025-10-10,Al Amerat Cricket Ground Oman Cricket (Ministry Turf 1),Al Amarat,,"Japan,Nepal",Japan,Nepal,Nepal,field,Nepal,"{""wickets"": 5}",Gulsan Jha,6,international,male
1503458,T20,2025/26,2025-10-10,Al Amerat Cricket Ground Oman Cricket (Ministry Turf 1),Al Amarat,,"Oman,Papua New Guinea",Oman,Papua New Guinea,Papua New Guinea,field,Oman,"{""runs"": 52}",V Shukla,6,international,male
1503459,T20,2025/26,2025-10-12,Al Amerat Cricket Ground Oman Cricket (Ministry Turf 2),Al Amarat,,"Oman,Qatar",Oman,Qatar,Qatar,field,Oman,"{""runs"": 34}",Jatinder Singh,6,international,male
1503460,T20,2025/26,2025-10-12,Al Amerat Cricket Ground Oman Cricket (Ministry Turf 1),Al Amarat,,"Nepal,United Arab Emirates",Nepal,United Arab Emirates,Nepal,bat,Nepal,"{""runs"": 1}",DS Airee,6,international,male
1503461,T20,2025/26,2025-10-12,Al Amerat Cricket Ground Oman Cricket (Ministry Turf 1),Al Amarat,,"Japan,Samoa",Japan,Samoa,Samoa,field,Japan,"{""runs"": 4}",I Takahashi,6,international,male
1503462,T20,2025/26,2025-10-13,Al Amerat Cricket Ground Oman Cricket (Ministry Turf 1),Al Amarat,,"United Arab Emirates,Oman",United Arab Emirates,Oman,United Arab Emirates,bat,Oman,"{""wickets"": 5}",Nadeem Khan,6,international,male
1503463,T20,2025/26,2025-10-13,Al Amerat Cricket Ground Oman Cricket (Ministry Turf 1),Al Amarat,,"Nepal,Qatar",Nepal,Qatar,Qatar,field,Nepal,"{""runs"": 5}",S Lamichhane,6,international,male
1503464,T20,2025/26,2025-10-15,Al Amerat Cricket Ground Oman Cricket (Ministry Turf 2),Al Amarat,,"Japan,Qatar",Japan,Qatar,Qatar,field,Qatar,"{""wickets"": 3}",Shariq Munir,6,international,male
1503465,T20,2025/26,2025-10-15,Al Amerat Cricket Ground Oman Cricket (Ministry Turf 1),Al Amarat,,"United Arab Emirates,Samoa",United Arab Emirates,Samoa,Samoa,field,United Arab Emirates,"{""runs"": 77}",Muhammad Farooq,6,international,male
1503466,T20,2025/26,2025-10-15,Al Amerat Cricket Ground Oman Cricket (Ministry Turf 1),Al Amarat,,"Nepal,Oman",Nepal,Oman,Nepal,bat,Nepal,"{""runs"": 38}",K Bhurtel,6,international,male
1503467,T20,2025/26,2025-10-16,Al Amerat Cricket Ground Oman Cricket (Ministry Turf 1),Al Amarat,,"Japan,United Arab Emirates",Japan,United Arab Emirates,United Arab Emirates,field,United Arab Emirates,"{""wickets"": 8}",Haider Ali,6,international,male
1503468,T20,2025/26,2025-10-16,Al Amerat Cricket Ground Oman Cricket (Ministry Turf 1),Al Amarat,,"Samoa,Qatar",Samoa,Qatar,Qatar,field,Qatar,"{""wickets"": 8}",Muhammad Asim,6,international,male
1503469,T20,2025/26,2025-10-17,Al Amerat Cricket Ground Oman Cricket (Ministry Turf 2),Al Amarat,,"Japan,Oman",Japan,Oman,Oman,field,Oman,"{""wickets"": 9}",Sufyan Mehmood,6,international,male
1503470,T20,2025/26,2025-10-17,Al Amerat Cricket Ground Oman Cricket (Ministry Turf 1),Al Amarat,,"Nepal,Samoa",Nepal,Samoa,Samoa,field,Nepal,"{""runs"": 124}",Aasif Sheikh,6,international,male
1504941,T20,2025/26,2025-09-29,Al Amerat Cricket Ground Oman Cricket (Ministry Turf 1),Al Amarat,,"Kuwait,Oman",Kuwait,Oman,Oman,field,Oman,"{""wickets"": 5}",Mohammad Nadeem,6,international,male
1505125,T20,2025/26,2025-10-27,"Bir Sreshtho Flight Lieutenant Matiur Rahman Stadium, Chattogram",Chattogram,,"West Indies,Bangladesh",West Indies,Bangladesh,West Indies,bat,West Indies,"{""runs"": 16}",R Powell,6,international,male
1505126,T20,2025/26,2025-10-29,"Bir Sreshtho Flight Lieutenant Matiur Rahman Stadium, Chattogram",Chattogram,,"West Indies,Bangladesh",West Indies,Bangladesh,West Indies,bat,West Indies,"{""runs"": 14}",R Shepherd,6,international,male
1505127,T20,2025/26,2025-10-31,"Bir Sreshtho Flight Lieutenant Matiur Rahman Stadium, Chattogram",Chattogram,,"Bangladesh,West Indies",Bangladesh,West Indies,Bangladesh,bat,West Indies,"{""wickets"": 5}",RL Chase,6,international,male
1506436,T20,2025/26,2025-10-18,"Moara Vlasiei Cricket Ground, Ilfov County",Ilfov County,,"Romania,Austria",Romania,Austria,Austria,field,Austria,"{""wickets"": 4}",SFS Cheema,6,international,male
1506437,T20,2025/26,2025-10-18,"Moara Vlasiei Cricket Ground, Ilfov County",Ilfov County,,"Austria,Romania",Austria,Romania,Austria,bat,Romania,"{""wickets"": 3}",Md Ariyan,6,international,male
1506438,T20,2025/26,2025-10-19,"Moara Vlasiei Cricket Ground, Ilfov County",Ilfov County,,"Romania,Austria",Romania,Austria,Austria,field,Austria,"{""wickets"": 7}",Baseer Khan,6,international,male
1506439,T20,2025/26,2025-10-19,"Moara Vlasiei Cricket Ground, Ilfov County",Ilfov County,,"Austria,Romania",Austria,Romania,Romania,field,Austria,"{""runs"": 42}",Bilal Zalmai,6,international,male
1506440,T20,2025/26,2025-10-31,Happy Valley Ground,Episkopi,,"Cyprus,Serbia",Cyprus,Serbia,Cyprus,bat,Cyprus,"{""runs"": 88}",Taranjit Singh,6,international,male
1506441,T20,2025/26,2025-10-31,Happy Valley Ground 2,Episkopi,,"Cyprus,Serbia",Cyprus,Serbia,Cyprus,bat,Cyprus,"{""runs"": 41}",,6,international,male
1506442,T20,2025/26,2025-11-01,Happy Valley Ground 2,Episkopi,,"Serbia,Bulgaria",Serbia,Bulgaria,Bulgaria,field,Bulgaria,"{""wickets"": 8}",Zeerak Chughtai,6,international,male
1506443,T20,2025/26,2025-11-01,Happy Valley Ground 2,Episkopi,,"Bulgaria,Serbia",Bulgaria,Serbia,Serbia,field,Bulgaria,"{""runs"": 69}",M Gogev,6,international,male
1506444,T20,2025/26,2025-11-02,Happy Valley Ground 2,Episkopi,,"Bulgaria,Cyprus",Bulgaria,Cyprus,Cyprus,field,Cyprus,"{""wickets"": 3}",Waqar Ali,6,international,male
1506445,T20,2025/26,2025-11-02,Happy Valley Ground 2,Episkopi,,"Cyprus,Bulgaria",Cyprus,Bulgaria,Bulgaria,field,Cyprus,"{""runs"": 64}",R Mazumder,6,international,male
1506446,T20,2025/26,2025-11-03,Happy Valley Ground 2,Episkopi,,"Bulgaria,Cyprus",Bulgaria,Cyprus,Bulgaria,bat,Cyprus,"{""wickets"": 4}",Waqar Ali,6,international,male
1506447,T20,2025/26,2025-11-03,Happy Valley Ground 2,Episkopi,,"Bulgaria,Cyprus",Bulgaria,Cyprus,Bulgaria,bat,Cyprus,"{""wickets"": 6}",,6,international,male
1507418,T20,2025/26,2025-10-30,"Sao Fernando Polo and Cricket Club, Campo Sede",Seropedica,,"Panama,Mexico",Panama,Mexico,Mexico,field,,null,,6,international,male
1508269,T20,2025/26,2025-11-06,Udayana Cricket Ground,Bali,,"Myanmar,Indonesia",Myanmar,Indonesia,Myanmar,bat,Indonesia,"{""wickets"": 9}",GA Priandana,6,international,male
1508270,T20,2025/26,2025-11-06,Udayana Cricket Ground,Bali,,"Timor-Leste,Indonesia",Timor-Leste,Indonesia,Timor-Leste,bat,Indonesia,"{""wickets"": 10}",DGAPD Wiswi,6,international,male
1508271,T20,2025/26,2025-11-07,Udayana Cricket Ground,Bali,,"Timor-Leste,Myanmar",Timor-Leste,Myanmar,Timor-Leste,bat,Myanmar,"{""wickets"": 10}",H Lin Oo,6,international,male
1508272,T20,2025/26,2025-11-08,Udayana Cricket Ground,Bali,,"Timor-Leste,Indonesia",Timor-Leste,Indonesia,Indonesia,field,Indonesia,"{""wickets"": 10}",,6,international,male
1508273,T20,2025/26,2025-11-08,Udayana Cricket Ground,Bali,,"Indonesia,Myanmar",Indonesia,Myanmar,Indonesia,bat,Indonesia,"{""runs"": 26}",Nyeing Cham Soe,6,international,male
1508274,T20,2025/26,2025-11-09,Udayana Cricket Ground,Bali,,"Timor-Leste,Myanmar",Timor-Leste,Myanmar,Timor-Leste,bat,Myanmar,"{""wickets"": 8}",,6,international,male
1508275,T20,2025/26,2025-11-11,Udayana Cricket Ground,Bali,,"Myanmar,Indonesia",Myanmar,Indonesia,Indonesia,field,Indonesia,"{""wickets"": 5}",GD Arta,6,international,male
1508276,T20,2025/26,2025-11-11,Udayana Cricket Ground,Bali,,"Timor-Leste,Indonesia",Timor-Leste,Indonesia,Timor-Leste,bat,Indonesia,"{""wickets"": 10}",J Dzulfikar,6,international,male
211028,T20,2005,2005-06-13,The Rose Bowl,Southampton,,"England,Australia",England,Australia,England,bat,England,"{""runs"": 100}",KP Pietersen,6,international,male
211048,T20,2004/05,2005-02-17,Eden Park,Auckland,,"New Zealand,Australia",New Zealand,Australia,Australia,bat,Australia,"{""runs"": 44}",RT Ponting,6,international,male
222678,T20,2005/06,2005-10-21,New Wanderers Stadium,Johannesburg,,"South Africa,New Zealand",South Africa,New Zealand,New Zealand,field,New Zealand,"{""wickets"": 5}",JS Patel,6,international,male
225263,T20,2006,2006-08-28,County Ground,Bristol,,"England,Pakistan",England,Pakistan,England,bat,Pakistan,"{""wickets"": 5}",Shahid Afridi,6,international,male
225271,T20,2006,2006-06-15,The Rose Bowl,Southampton,,"England,Sri Lanka",England,Sri Lanka,Sri Lanka,bat,Sri Lanka,"{""runs"": 2}",ST Jayasuriya,6,international,male
226374,T20,2005/06,2006-01-09,"Brisbane Cricket Ground, Woolloongabba",Brisbane,,"Australia,South Africa",Australia,South Africa,Australia,bat,Australia,"{""runs"": 95}",DR Martyn,6,international,male
237242,T20,2005/06,2006-02-16,Eden Park,Auckland,,"New Zealand,West Indies",New Zealand,West Indies,New Zealand,field,,null,DR Smith,6,international,male
238195,T20,2005/06,2006-02-24,New Wanderers Stadium,Johannesburg,,"South Africa,Australia",South Africa,Australia,South Africa,bat,South Africa,"{""runs"": 2}",GC Smith,6,international,male
249227,T20,2006/07,2007-01-09,Sydney Cricket Ground,,,"Australia,England",Australia,England,Australia,bat,Australia,"{""runs"": 77}",CL White,6,international,male
251487,T20,2006/07,2006-12-22,Westpac Stadium,Wellington,,"New Zealand,Sri Lanka",New Zealand,Sri Lanka,New Zealand,bat,Sri Lanka,"{""runs"": 18}",ST Jayasuriya,6,international,male
251488,T20,2006/07,2006-12-26,Eden Park,Auckland,,"New Zealand,Sri Lanka",New Zealand,Sri Lanka,New Zealand,field,New Zealand,"{""wickets"": 5}",JEC Franklin,6,international,male
255954,T20,2006/07,2006-12-01,New Wanderers Stadium,Johannesburg,,"South Africa,India",South Africa,India,South Africa,bat,India,"{""wickets"": 6}",KD Karthik,6,international,male
258463,T20,2007,2007-06-28,Kennington Oval,London,,"England,West Indies",England,West Indies,West Indies,bat,West Indies,"{""runs"": 15}",PD Collingwood,6,international,male
258464,T20,2007,2007-06-29,Kennington Oval,London,,"England,West Indies",England,West Indies,West Indies,bat,England,"{""wickets"": 5}",OA Shah,6,international,male
287853,T20,2007/08,2007-09-11,New Wanderers Stadium,Johannesburg,,"South Africa,West Indies",South Africa,West Indies,South Africa,field,South Africa,"{""wickets"": 8}",CH Gayle,6,international,male
287854,T20,2007/08,2007-09-12,Kingsmead,Durban,,"Kenya,New Zealand",Kenya,New Zealand,New Zealand,field,New Zealand,"{""wickets"": 9}",MR Gillespie,6,international,male
287855,T20,2007/08,2007-09-12,Kingsmead,Durban,,"Pakistan,Scotland",Pakistan,Scotland,Scotland,field,Pakistan,"{""runs"": 51}",Shahid Afridi,6,international,male
287856,T20,2007/08,2007-09-12,Newlands,Cape Town,,"Australia,Zimbabwe",Australia,Zimbabwe,Australia,bat,Zimbabwe,"{""wickets"": 5}",BRM Taylor,6,international,male
287857,T20,2007/08,2007-09-13,New Wanderers Stadium,Johannesburg,,"Bangladesh,West Indies",Bangladesh,West Indies,Bangladesh,field,Bangladesh,"{""wickets"": 6}",Mohammad Ashraful,6,international,male
287858,T20,2007/08,2007-09-13,Newlands,Cape Town,,"England,Zimbabwe",England,Zimbabwe,England,bat,England,"{""runs"": 50}",KP Pietersen,6,international,male
287860,T20,2007/08,2007-09-14,New Wanderers Stadium,Johannesburg,,"Kenya,Sri Lanka",Kenya,Sri Lanka,Kenya,field,Sri Lanka,"{""runs"": 172}",ST Jayasuriya,6,international,male
287861,T20,2007/08,2007-09-14,Newlands,Cape Town,,"Australia,England",Australia,England,England,bat,Australia,"{""wickets"": 8}",NW Bracken,6,international,male
287862,T20,2007/08,2007-09-14,Kingsmead,Durban,,"India,Pakistan",India,Pakistan,Pakistan,field,,null,Mohammad Asif,6,international,male
287863,T20,2007/08,2007-09-15,New Wanderers Stadium,Johannesburg,,"New Zealand,Sri Lanka",New Zealand,Sri Lanka,New Zealand,bat,Sri Lanka,"{""wickets"": 7}",ST Jayasuriya,6,international,male
287864,T20,2007/08,2007-09-15,Newlands,Cape Town,,"South Africa,Bangladesh",South Africa,Bangladesh,South Africa,field,South Africa,"{""wickets"": 7}",M Morkel,6,international,male
287865,T20,2007/08,2007-09-16,New Wanderers Stadium,Johannesburg,,"India,New Zealand",India,New Zealand,India,field,New Zealand,"{""runs"": 10}",DL Vettori,6,international,male
287866,T20,2007/08,2007-09-16,Newlands,Cape Town,,"Australia,Bangladesh",Australia,Bangladesh,Australia,field,Australia,"{""wickets"": 9}",B Lee,6,international,male
287867,T20,2007/08,2007-09-16,Newlands,Cape Town,,"South Africa,England",South Africa,England,England,field,South Africa,"{""runs"": 19}",JA Morkel,6,international,male
287868,T20,2007/08,2007-09-17,New Wanderers Stadium,Johannesburg,,"Pakistan,Sri Lanka",Pakistan,Sri Lanka,Sri Lanka,field,Pakistan,"{""runs"": 33}",Younis Khan,6,international,male
287869,T20,2007/08,2007-09-18,Kingsmead,Durban,,"England,New Zealand",England,New Zealand,England,field,New Zealand,"{""runs"": 5}",CD McMillan,6,international,male
287870,T20,2007/08,2007-09-18,New Wanderers Stadium,Johannesburg,,"Australia,Pakistan",Australia,Pakistan,Pakistan,field,Pakistan,"{""wickets"": 6}",Misbah-ul-Haq,6,international,male
287871,T20,2007/08,2007-09-18,New Wanderers Stadium,Johannesburg,,"Bangladesh,Sri Lanka",Bangladesh,Sri Lanka,Bangladesh,field,Sri Lanka,"{""runs"": 64}",CRD Fernando,6,international,male
287872,T20,2007/08,2007-09-19,Kingsmead,Durban,,"South Africa,New Zealand",South Africa,New Zealand,South Africa,field,South Africa,"{""wickets"": 6}",JM Kemp,6,international,male
287873,T20,2007/08,2007-09-19,Kingsmead,Durban,,"England,India",England,India,India,bat,India,"{""runs"": 18}",Yuvraj Singh,6,international,male
287874,T20,2007/08,2007-09-20,Newlands,Cape Town,,"Australia,Sri Lanka",Australia,Sri Lanka,Australia,field,Australia,"{""wickets"": 10}",SR Clark,6,international,male
287875,T20,2007/08,2007-09-20,Newlands,Cape Town,,"Bangladesh,Pakistan",Bangladesh,Pakistan,Pakistan,field,Pakistan,"{""wickets"": 4}",Junaid Siddique,6,international,male
287876,T20,2007/08,2007-09-20,Kingsmead,Durban,,"South Africa,India",South Africa,India,India,bat,India,"{""runs"": 37}",RG Sharma,6,international,male
287877,T20,2007/08,2007-09-22,Newlands,Cape Town,,"New Zealand,Pakistan",New Zealand,Pakistan,New Zealand,bat,Pakistan,"{""wickets"": 6}",Umar Gul,6,international,male
287878,T20,2007/08,2007-09-22,Kingsmead,Durban,,"Australia,India",Australia,India,India,bat,India,"{""runs"": 15}",Yuvraj Singh,6,international,male
287879,T20,2007/08,2007-09-24,New Wanderers Stadium,Johannesburg,,"India,Pakistan",India,Pakistan,India,bat,India,"{""runs"": 5}",IK Pathan,6,international,male
291343,T20,2007/08,2007-12-11,Western Australia Cricket Association Ground,Perth,,"Australia,New Zealand",Australia,New Zealand,Australia,bat,Australia,"{""runs"": 54}",A Symonds,6,international,male
291356,T20,2007/08,2008-02-01,Melbourne Cricket Ground,,,"Australia,India",Australia,India,India,bat,Australia,"{""wickets"": 9}",MJ Clarke,6,international,male
296903,T20,2008,2008-06-13,Old Trafford,Manchester,,"England,New Zealand",England,New Zealand,England,field,England,"{""wickets"": 9}",IR Bell,6,international,male
297800,T20,2007/08,2007-10-20,Brabourne Stadium,Mumbai,,"India,Australia",India,Australia,Australia,bat,India,"{""wickets"": 7}",G Gambhir,6,international,male
298795,T20,2007/08,2007-11-23,New Wanderers Stadium,Johannesburg,,"South Africa,New Zealand",South Africa,New Zealand,South Africa,field,South Africa,"{""wickets"": 3}",AB de Villiers,6,international,male
298804,T20,2007/08,2008-01-18,New Wanderers Stadium,Johannesburg,,"South Africa,West Indies",South Africa,West Indies,South Africa,field,South Africa,"{""wickets"": 4}",SM Pollock,6,international,male
300435,T20,2007/08,2008-02-05,Eden Park,Auckland,,"New Zealand,England",New Zealand,England,New Zealand,field,England,"{""runs"": 32}",AD Mascarenhas,6,international,male
300436,T20,2007/08,2008-02-07,Jade Stadium,Christchurch,,"New Zealand,England",New Zealand,England,England,bat,England,"{""runs"": 50}",PD Collingwood,6,international,male
306987,T20,2007/08,2007-09-01,Gymkhana Club Ground,Nairobi,,"Kenya,Bangladesh",Kenya,Bangladesh,Bangladesh,field,Bangladesh,"{""wickets"": 5}",Nazimuddin,6,international,male
306989,T20,2007/08,2007-09-02,Gymkhana Club Ground,Nairobi,,"Bangladesh,Pakistan",Bangladesh,Pakistan,Bangladesh,field,Pakistan,"{""runs"": 30}",Imran Nazir,6,international,male
306991,T20,2007/08,2007-09-04,Gymkhana Club Ground,Nairobi,,"Kenya,Pakistan",Kenya,Pakistan,Kenya,bat,Pakistan,"{""wickets"": 8}",Younis Khan,6,international,male
319112,T20,2007/08,2007-12-16,St George's Park,Port Elizabeth,,"South Africa,West Indies",South Africa,West Indies,West Indies,field,West Indies,"{""wickets"": 5}",JE Taylor,6,international,male
319142,T20,2008,2008-06-20,"Kensington Oval, Bridgetown",Barbados,,"West Indies,Australia",West Indies,Australia,West Indies,field,West Indies,"{""wickets"": 7}",XM Marshall,6,international,male
343764,T20,2007/08,2008-04-20,National Stadium,Karachi,,"Pakistan,Bangladesh",Pakistan,Bangladesh,Pakistan,bat,Pakistan,"{""runs"": 102}",Misbah-ul-Haq,6,international,male
350050,T20,2009,2009-08-30,Old Trafford,Manchester,,"England,Australia",England,Australia,England,field,,null,,6,international,male
350347,T20,2008/09,2008-11-05,New Wanderers Stadium,Johannesburg,,"South Africa,Bangladesh",South Africa,Bangladesh,Bangladesh,field,South Africa,"{""runs"": 12}",Abdur Razzak,6,international,male
350475,T20,2008/09,2009-03-27,New Wanderers Stadium,Johannesburg,,"South Africa,Australia",South Africa,Australia,South Africa,field,South Africa,"{""wickets"": 4}",DJ Hussey,6,international,male
350476,T20,2008/09,2009-03-29,SuperSport Park,Centurion,,"South Africa,Australia",South Africa,Australia,Australia,field,South Africa,"{""runs"": 17}",RE van der Merwe,6,international,male
351694,T20,2008/09,2009-01-11,Melbourne Cricket Ground,,,"Australia,South Africa",Australia,South Africa,Australia,bat,Australia,"{""runs"": 52}",DA Warner,6,international,male
351695,T20,2008/09,2009-01-13,"Brisbane Cricket Ground, Woolloongabba",Brisbane,,"Australia,South Africa",Australia,South Africa,South Africa,bat,Australia,"{""wickets"": 6}",MEK Hussey,6,international,male
351696,T20,2008/09,2009-02-15,Sydney Cricket Ground,,,"Australia,New Zealand",Australia,New Zealand,Australia,bat,Australia,"{""runs"": 1}",NW Bracken,6,international,male
352674,T20,2008/09,2009-03-15,"Queen's Park Oval, Port of Spain",Trinidad,,"West Indies,England",West Indies,England,West Indies,field,West Indies,"{""wickets"": 6}",RR Sarwan,6,international,male
354456,T20,2008,2008-08-03,"Civil Service Cricket Club, Stormont",Belfast,,"Bermuda,Scotland",Bermuda,Scotland,Scotland,field,Scotland,"{""wickets"": 8}",JD Nel,6,international,male
355991,T20,2009,2009-06-05,Lord's,London,,"England,Netherlands",England,Netherlands,Netherlands,field,Netherlands,"{""wickets"": 4}",TN de Grooth,6,international,male
355992,T20,2009,2009-06-06,Kennington Oval,London,,"New Zealand,Scotland",New Zealand,Scotland,New Zealand,field,New Zealand,"{""wickets"": 7}",IG Butler,6,international,male
355993,T20,2009,2009-06-06,Kennington Oval,London,,"Australia,West Indies",Australia,West Indies,Australia,bat,West Indies,"{""wickets"": 7}",CH Gayle,6,international,male
355994,T20,2009,2009-06-06,Trent Bridge,Nottingham,,"Bangladesh,India",Bangladesh,India,India,bat,India,"{""runs"": 25}",PP Ojha,6,international,male
355995,T20,2009,2009-06-07,Kennington Oval,London,,"Scotland,South Africa",Scotland,South Africa,Scotland,field,South Africa,"{""runs"": 130}",AB de Villiers,6,international,male
355996,T20,2009,2009-06-07,Kennington Oval,London,,"England,Pakistan",England,Pakistan,Pakistan,field,England,"{""runs"": 48}",LJ Wright,6,international,male
355997,T20,2009,2009-06-08,Trent Bridge,Nottingham,,"Bangladesh,Ireland",Bangladesh,Ireland,Ireland,field,Ireland,"{""wickets"": 6}",NJ O'Brien,6,international,male
355998,T20,2009,2009-06-08,Trent Bridge,Nottingham,,"Australia,Sri Lanka",Australia,Sri Lanka,Sri Lanka,field,Sri Lanka,"{""wickets"": 6}",KC Sangakkara,6,international,male
355999,T20,2009,2009-06-09,Lord's,London,,"Netherlands,Pakistan",Netherlands,Pakistan,Pakistan,bat,Pakistan,"{""runs"": 82}",Kamran Akmal,6,international,male
356000,T20,2009,2009-06-09,Lord's,London,,"New Zealand,South Africa",New Zealand,South Africa,New Zealand,field,South Africa,"{""runs"": 1}",RE van der Merwe,6,international,male
356001,T20,2009,2009-06-10,Trent Bridge,Nottingham,,"India,Ireland",India,Ireland,India,field,India,"{""wickets"": 8}",Z Khan,6,international,male
356002,T20,2009,2009-06-10,Trent Bridge,Nottingham,,"Sri Lanka,West Indies",Sri Lanka,West Indies,West Indies,field,Sri Lanka,"{""runs"": 15}",ST Jayasuriya,6,international,male
356003,T20,2009,2009-06-11,Trent Bridge,Nottingham,,"Ireland,New Zealand",Ireland,New Zealand,Ireland,field,New Zealand,"{""runs"": 83}",AJ Redmond,6,international,male
356004,T20,2009,2009-06-11,Trent Bridge,Nottingham,,"England,South Africa",England,South Africa,England,bat,South Africa,"{""wickets"": 7}",JH Kallis,6,international,male
356005,T20,2009,2009-06-12,Lord's,London,,"Pakistan,Sri Lanka",Pakistan,Sri Lanka,Sri Lanka,bat,Sri Lanka,"{""runs"": 19}",TM Dilshan,6,international,male
356006,T20,2009,2009-06-12,Lord's,London,,"India,West Indies",India,West Indies,India,bat,West Indies,"{""wickets"": 7}",DJ Bravo,6,international,male
356007,T20,2009,2009-06-13,Kennington Oval,London,,"South Africa,West Indies",South Africa,West Indies,West Indies,field,South Africa,"{""runs"": 20}",WD Parnell,6,international,male
356008,T20,2009,2009-06-13,Kennington Oval,London,,"New Zealand,Pakistan",New Zealand,Pakistan,New Zealand,bat,Pakistan,"{""wickets"": 6}",Umar Gul,6,international,male
356009,T20,2009,2009-06-14,Lord's,London,,"Ireland,Sri Lanka",Ireland,Sri Lanka,Sri Lanka,bat,Sri Lanka,"{""runs"": 9}",DPMD Jayawardene,6,international,male
356010,T20,2009,2009-06-14,Lord's,London,,"England,India",England,India,India,field,England,"{""runs"": 3}",RJ Sidebottom,6,international,male
356011,T20,2009,2009-06-15,Kennington Oval,London,,"England,West Indies",England,West Indies,England,bat,West Indies,"{""wickets"": 5}",RR Sarwan,6,international,male
356012,T20,2009,2009-06-15,Kennington Oval,London,,"Ireland,Pakistan",Ireland,Pakistan,Pakistan,bat,Pakistan,"{""runs"": 39}",Kamran Akmal,6,international,male
356013,T20,2009,2009-06-16,Trent Bridge,Nottingham,,"New Zealand,Sri Lanka",New Zealand,Sri Lanka,Sri Lanka,bat,Sri Lanka,"{""runs"": 48}",BAW Mendis,6,international,male
356014,T20,2009,2009-06-16,Trent Bridge,Nottingham,,"India,South Africa",India,South Africa,South Africa,bat,South Africa,"{""runs"": 12}",AB de Villiers,6,international,male
356015,T20,2009,2009-06-18,Trent Bridge,Nottingham,,"Pakistan,South Africa",Pakistan,South Africa,Pakistan,bat,Pakistan,"{""runs"": 7}",Shahid Afridi,6,international,male
356016,T20,2009,2009-06-19,Kennington Oval,London,,"Sri Lanka,West Indies",Sri Lanka,West Indies,West Indies,field,Sri Lanka,"{""runs"": 57}",TM Dilshan,6,international,male
356017,T20,2009,2009-06-21,Lord's,London,,"Pakistan,Sri Lanka",Pakistan,Sri Lanka,Sri Lanka,bat,Pakistan,"{""wickets"": 8}",Shahid Afridi,6,international,male
361530,T20,2008,2008-08-04,"Civil Service Cricket Club, Stormont",Belfast,,"Ireland,Kenya",Ireland,Kenya,Ireland,field,Ireland,"{""wickets"": 4}",AC Botha,6,international,male
361531,T20,2008,2008-08-04,"Civil Service Cricket Club, Stormont",Belfast,,"Netherlands,Scotland",Netherlands,Scotland,Netherlands,field,Netherlands,"{""wickets"": 5}",RN ten Doeschate,6,international,male
361656,T20,2008/09,2008-10-11,Maple Leaf North-West Ground,King City,,"Pakistan,Sri Lanka",Pakistan,Sri Lanka,Pakistan,field,Pakistan,"{""wickets"": 3}",Shoaib Malik,6,international,male
361660,T20,2008/09,2008-10-13,Maple Leaf North-West Ground,King City,,"Pakistan,Sri Lanka",Pakistan,Sri Lanka,Sri Lanka,field,Sri Lanka,"{""wickets"": 5}",ST Jayasuriya,6,international,male
366622,T20,2008/09,2009-02-27,Westpac Stadium,Wellington,,"New Zealand,India",New Zealand,India,New Zealand,field,New Zealand,"{""wickets"": 5}",BB McCullum,6,international,male
366707,T20,2008/09,2008-12-26,"Eden Park, Auckland",Auckland,,"New Zealand,West Indies",New Zealand,West Indies,New Zealand,bat,,null,CH Gayle,6,international,male
366708,T20,2008/09,2008-12-28,Seddon Park,Hamilton,,"New Zealand,West Indies",New Zealand,West Indies,New Zealand,bat,New Zealand,"{""runs"": 36}",JD Ryder,6,international,male
386494,T20,2008/09,2009-02-25,AMI Stadium,Christchurch,,"New Zealand,India",New Zealand,India,New Zealand,field,New Zealand,"{""wickets"": 7}",BB McCullum,6,international,male
386535,T20,2008/09,2009-02-10,R Premadasa Stadium,Colombo,,"Sri Lanka,India",Sri Lanka,India,Sri Lanka,bat,India,"{""wickets"": 3}",YK Pathan,6,international,male
387563,T20,2009/10,2009-11-13,New Wanderers Stadium,Johannesburg,,"South Africa,England",South Africa,England,South Africa,field,England,"{""runs"": 1}",EJG Morgan,6,international,male
387564,T20,2009/10,2009-11-15,SuperSport Park,Centurion,,"South Africa,England",South Africa,England,South Africa,bat,South Africa,"{""runs"": 84}",LE Bosman,6,international,male
392615,T20,2009,2009-05-07,Dubai International Cricket Stadium,,,"Australia,Pakistan",Australia,Pakistan,Pakistan,field,Pakistan,"{""wickets"": 7}","Shahid Afridi,Umar Gul",6,international,male
401076,T20,2009,2009-08-02,"Warner Park, Basseterre",St Kitts,,"West Indies,Bangladesh",West Indies,Bangladesh,Bangladesh,bat,West Indies,"{""wickets"": 5}",DJG Sammy,6,international,male
403375,T20,2009,2009-08-12,R Premadasa Stadium,Colombo,,"Sri Lanka,Pakistan",Sri Lanka,Pakistan,Pakistan,bat,Pakistan,"{""runs"": 52}",Shahid Afridi,6,international,male
403385,T20,2009,2009-09-02,R Premadasa Stadium,Colombo,,"Sri Lanka,New Zealand",Sri Lanka,New Zealand,New Zealand,bat,New Zealand,"{""runs"": 3}",DL Vettori,6,international,male
403386,T20,2009,2009-09-04,R Premadasa Stadium,Colombo,,"Sri Lanka,New Zealand",Sri Lanka,New Zealand,New Zealand,bat,New Zealand,"{""runs"": 22}",JD Ryder,6,international,male
406197,T20,2009/10,2010-02-21,Bellerive Oval,Hobart,,"Australia,West Indies",Australia,West Indies,Australia,bat,Australia,"{""runs"": 38}",SW Tait,6,international,male
406198,T20,2009/10,2010-02-23,Sydney Cricket Ground,,,"Australia,West Indies",Australia,West Indies,West Indies,bat,Australia,"{""wickets"": 8}",DA Warner,6,international,male
406207,T20,2009/10,2010-02-05,Melbourne Cricket Ground,,,"Australia,Pakistan",Australia,Pakistan,Australia,bat,Australia,"{""runs"": 2}",SW Tait,6,international,male
412677,T20,2010,2010-04-30,Providence Stadium,Guyana,,"West Indies,Ireland",West Indies,Ireland,West Indies,bat,West Indies,"{""runs"": 70}",DJG Sammy,6,international,male
412678,T20,2010,2010-04-30,Providence Stadium,Guyana,,"New Zealand,Sri Lanka",New Zealand,Sri Lanka,Sri Lanka,bat,New Zealand,"{""wickets"": 2}",NL McCullum,6,international,male
412680,T20,2010,2010-05-01,"Beausejour Stadium, Gros Islet",St Lucia,,"Bangladesh,Pakistan",Bangladesh,Pakistan,Pakistan,bat,Pakistan,"{""runs"": 21}",Salman Butt,6,international,male
412681,T20,2010,2010-05-04,Providence Stadium,Guyana,,"England,Ireland",England,Ireland,Ireland,field,,null,,6,international,male
412682,T20,2010,2010-05-02,"Beausejour Stadium, Gros Islet",St Lucia,,"India,South Africa",India,South Africa,South Africa,field,India,"{""runs"": 14}",SK Raina,6,international,male
412683,T20,2010,2010-05-02,"Beausejour Stadium, Gros Islet",St Lucia,,"Australia,Pakistan",Australia,Pakistan,Australia,bat,Australia,"{""runs"": 34}",SR Watson,6,international,male
412684,T20,2010,2010-05-04,Providence Stadium,Guyana,,"New Zealand,Zimbabwe",New Zealand,Zimbabwe,New Zealand,field,New Zealand,"{""runs"": 7}",NL McCullum,6,international,male
412685,T20,2010,2010-05-03,Providence Stadium,Guyana,,"West Indies,England",West Indies,England,West Indies,field,West Indies,"{""wickets"": 8}",DJG Sammy,6,international,male
412686,T20,2010,2010-05-03,Providence Stadium,Guyana,,"Sri Lanka,Zimbabwe",Sri Lanka,Zimbabwe,Sri Lanka,bat,Sri Lanka,"{""runs"": 14}",DPMD Jayawardene,6,international,male
412688,T20,2010,2010-05-05,"Kensington Oval, Bridgetown",Barbados,,"Australia,Bangladesh",Australia,Bangladesh,Australia,bat,Australia,"{""runs"": 27}",MEK Hussey,6,international,male
412689,T20,2010,2010-05-06,"Kensington Oval, Bridgetown",Barbados,,"England,Pakistan",England,Pakistan,England,field,England,"{""wickets"": 6}",KP Pietersen,6,international,male
412690,T20,2010,2010-05-06,"Kensington Oval, Bridgetown",Barbados,,"New Zealand,South Africa",New Zealand,South Africa,South Africa,bat,South Africa,"{""runs"": 13}",JA Morkel,6,international,male
412691,T20,2010,2010-05-07,"Kensington Oval, Bridgetown",Barbados,,"Australia,India",Australia,India,India,field,Australia,"{""runs"": 49}",DA Warner,6,international,male
412692,T20,2010,2010-05-07,"Kensington Oval, Bridgetown",Barbados,,"West Indies,Sri Lanka",West Indies,Sri Lanka,Sri Lanka,bat,Sri Lanka,"{""runs"": 57}",DPMD Jayawardene,6,international,male
412693,T20,2010,2010-05-08,"Kensington Oval, Bridgetown",Barbados,,"New Zealand,Pakistan",New Zealand,Pakistan,Pakistan,field,New Zealand,"{""runs"": 1}",IG Butler,6,international,male
412694,T20,2010,2010-05-08,"Kensington Oval, Bridgetown",Barbados,,"England,South Africa",England,South Africa,England,bat,England,"{""runs"": 39}",KP Pietersen,6,international,male
412695,T20,2010,2010-05-09,"Kensington Oval, Bridgetown",Barbados,,"West Indies,India",West Indies,India,India,field,West Indies,"{""runs"": 14}",CH Gayle,6,international,male
412696,T20,2010,2010-05-09,"Kensington Oval, Bridgetown",Barbados,,"Australia,Sri Lanka",Australia,Sri Lanka,Australia,bat,Australia,"{""runs"": 81}",CL White,6,international,male
412697,T20,2010,2010-05-10,"Beausejour Stadium, Gros Islet",St Lucia,,"Pakistan,South Africa",Pakistan,South Africa,Pakistan,bat,Pakistan,"{""runs"": 11}",Umar Akmal,6,international,male
412698,T20,2010,2010-05-10,"Beausejour Stadium, Gros Islet",St Lucia,,"England,New Zealand",England,New Zealand,New Zealand,bat,England,"{""wickets"": 3}",TT Bresnan,6,international,male
412699,T20,2010,2010-05-11,"Beausejour Stadium, Gros Islet",St Lucia,,"India,Sri Lanka",India,Sri Lanka,India,bat,Sri Lanka,"{""wickets"": 5}",AD Mathews,6,international,male
412700,T20,2010,2010-05-11,"Beausejour Stadium, Gros Islet",St Lucia,,"West Indies,Australia",West Indies,Australia,West Indies,bat,Australia,"{""wickets"": 6}",SPD Smith,6,international,male
412701,T20,2010,2010-05-13,"Beausejour Stadium, Gros Islet",St Lucia,,"England,Sri Lanka",England,Sri Lanka,Sri Lanka,bat,England,"{""wickets"": 7}",SCJ Broad,6,international,male
412702,T20,2010,2010-05-14,"Beausejour Stadium, Gros Islet",St Lucia,,"Australia,Pakistan",Australia,Pakistan,Australia,field,Australia,"{""wickets"": 3}",MEK Hussey,6,international,male
412703,T20,2010,2010-05-16,"Kensington Oval, Bridgetown",Barbados,,"Australia,England",Australia,England,England,field,England,"{""wickets"": 7}",C Kieswetter,6,international,male
423782,T20,2009/10,2010-02-03,Seddon Park,Hamilton,,"New Zealand,Bangladesh",New Zealand,Bangladesh,Bangladesh,bat,New Zealand,"{""wickets"": 10}",DL Vettori,6,international,male
423787,T20,2009/10,2010-02-26,Westpac Stadium,Wellington,,"New Zealand,Australia",New Zealand,Australia,New Zealand,bat,Australia,"{""wickets"": 6}",MG Johnson,6,international,male
423788,T20,2009/10,2010-02-28,AMI Stadium,Christchurch,,"New Zealand,Australia",New Zealand,Australia,New Zealand,bat,,null,BB McCullum,6,international,male
426392,T20,2010,2010-07-05,Edgbaston,Birmingham,,"Australia,Pakistan",Australia,Pakistan,Pakistan,bat,Pakistan,"{""runs"": 23}",Umar Akmal,6,international,male
426393,T20,2010,2010-07-06,Edgbaston,Birmingham,,"Australia,Pakistan",Australia,Pakistan,Pakistan,bat,Pakistan,"{""runs"": 11}",Mohammad Amir,6,international,male
426417,T20,2010,2010-09-05,Sophia Gardens,Cardiff,,"England,Pakistan",England,Pakistan,England,field,England,"{""wickets"": 5}",MH Yardy,6,international,male
426418,T20,2010,2010-09-07,Sophia Gardens,Cardiff,,"England,Pakistan",England,Pakistan,Pakistan,bat,England,"{""wickets"": 6}",TT Bresnan,6,international,male
426723,T20,2009/10,2009-11-12,Dubai International Cricket Stadium,,,"New Zealand,Pakistan",New Zealand,Pakistan,New Zealand,field,Pakistan,"{""runs"": 49}",Imran Nazir,6,international,male
426724,T20,2009/10,2009-11-13,Dubai International Cricket Stadium,,,"New Zealand,Pakistan",New Zealand,Pakistan,Pakistan,bat,Pakistan,"{""runs"": 7}",Umar Akmal,6,international,male
430884,T20,2009/10,2009-12-09,"Vidarbha Cricket Association Stadium, Jamtha",Nagpur,,"India,Sri Lanka",India,Sri Lanka,India,field,Sri Lanka,"{""runs"": 29}",KC Sangakkara,6,international,male
430885,T20,2009/10,2009-12-12,"Punjab Cricket Association Stadium, Mohali",Chandigarh,,"India,Sri Lanka",India,Sri Lanka,Sri Lanka,bat,India,"{""wickets"": 6}",Yuvraj Singh,6,international,male
439139,T20,2009/10,2010-02-28,"Queen's Park Oval, Port of Spain",Trinidad,,"West Indies,Zimbabwe",West Indies,Zimbabwe,Zimbabwe,bat,Zimbabwe,"{""runs"": 26}",AG Cremer,6,international,male
439146,T20,2010,2010-05-19,"Sir Vivian Richards Stadium, North Sound",Antigua,,"West Indies,South Africa",West Indies,South Africa,West Indies,field,South Africa,"{""runs"": 13}",R McLaren,6,international,male
439497,T20,2009/10,2010-02-09,Dubai International Cricket Stadium,,,"Canada,Netherlands",Canada,Netherlands,Canada,bat,Netherlands,"{""wickets"": 6}",B Zuiderent,6,international,male
439499,T20,2009/10,2010-02-10,Dubai International Cricket Stadium,,,"Canada,Kenya",Canada,Kenya,Kenya,field,Kenya,"{""wickets"": 9}",AA Obanda,6,international,male
439505,T20,2009/10,2010-02-11,Dubai International Cricket Stadium,,,"Ireland,Scotland",Ireland,Scotland,Ireland,bat,Ireland,"{""runs"": 37}",DT Johnston,6,international,male
439510,T20,2009/10,2010-02-13,Dubai International Cricket Stadium,,,"Ireland,Netherlands",Ireland,Netherlands,Ireland,bat,Ireland,"{""runs"": 65}",AR Cusack,6,international,male
440945,T20,2009/10,2010-02-19,Dubai International Cricket Stadium,,,"England,Pakistan",England,Pakistan,Pakistan,bat,England,"{""wickets"": 7}",EJG Morgan,6,international,male
440946,T20,2009/10,2010-02-20,Dubai International Cricket Stadium,,,"England,Pakistan",England,Pakistan,Pakistan,field,Pakistan,"{""wickets"": 4}",Abdul Razzaq,6,international,male
446956,T20,2010/11,2010-10-31,Western Australia Cricket Association Ground,Perth,,"Australia,Sri Lanka",Australia,Sri Lanka,Australia,bat,Sri Lanka,"{""wickets"": 7}",S Randiv,6,international,male
446960,T20,2010/11,2011-01-12,Adelaide Oval,,,"Australia,England",Australia,England,Australia,bat,England,"{""wickets"": 1}",SR Watson,6,international,male
446961,T20,2010/11,2011-01-14,Melbourne Cricket Ground,,,"Australia,England",Australia,England,Australia,bat,Australia,"{""runs"": 4}",AJ Finch,6,international,male
447539,T20,2010,2010-05-20,"Sir Vivian Richards Stadium, North Sound",Antigua,,"West Indies,South Africa",West Indies,South Africa,West Indies,field,South Africa,"{""runs"": 1}",J Botha,6,international,male
452153,T20,2010,2010-06-12,Harare Sports Club,,,"Zimbabwe,India",Zimbabwe,India,India,field,India,"{""wickets"": 6}",YK Pathan,6,international,male
452154,T20,2010,2010-06-13,Harare Sports Club,,,"Zimbabwe,India",Zimbabwe,India,India,field,India,"{""wickets"": 7}",SK Raina,6,international,male
456991,T20,2010,2010-05-22,Central Broward Regional Park Stadium Turf Ground,Lauderhill,,"New Zealand,Sri Lanka",New Zealand,Sri Lanka,New Zealand,bat,New Zealand,"{""runs"": 28}",SB Styris,6,international,male
456992,T20,2010,2010-05-23,Central Broward Regional Park Stadium Turf Ground,Lauderhill,,"New Zealand,Sri Lanka",New Zealand,Sri Lanka,New Zealand,bat,Sri Lanka,"{""wickets"": 7}",KMDN Kulasekara,6,international,male
461565,T20,2010/11,2010-10-27,Sheikh Zayed Stadium,Abu Dhabi,,"Pakistan,South Africa",Pakistan,South Africa,Pakistan,bat,South Africa,"{""wickets"": 6}",J Theron,6,international,male
463141,T20,2010/11,2010-10-08,OUTsurance Oval,Bloemfontein,,"South Africa,Zimbabwe",South Africa,Zimbabwe,Zimbabwe,bat,South Africa,"{""wickets"": 7}",GC Smith,6,international,male
463142,T20,2010/11,2010-10-10,De Beers Diamond Oval,Kimberley,,"South Africa,Zimbabwe",South Africa,Zimbabwe,South Africa,bat,South Africa,"{""runs"": 8}",JP Duminy,6,international,male
463149,T20,2010/11,2011-01-09,Moses Mabhida Stadium,Durban,,"South Africa,India",South Africa,India,India,bat,India,"{""runs"": 21}",RG Sharma,6,international,male
473918,T20,2010/11,2010-12-26,Eden Park,Auckland,,"New Zealand,Pakistan",New Zealand,Pakistan,New Zealand,field,New Zealand,"{""wickets"": 5}",TG Southee,6,international,male
473919,T20,2010/11,2010-12-28,Seddon Park,Hamilton,,"New Zealand,Pakistan",New Zealand,Pakistan,Pakistan,field,New Zealand,"{""runs"": 39}",NL McCullum,6,international,male
473920,T20,2010/11,2010-12-30,AMI Stadium,Christchurch,,"New Zealand,Pakistan",New Zealand,Pakistan,Pakistan,bat,Pakistan,"{""runs"": 103}",Abdul Razzaq,6,international,male
474466,T20,2011,2011-06-25,County Ground,Bristol,,"England,Sri Lanka",England,Sri Lanka,Sri Lanka,field,Sri Lanka,"{""wickets"": 9}",DPMD Jayawardene,6,international,male
474476,T20,2011,2011-08-31,Old Trafford,Manchester,,"England,India",England,India,India,bat,England,"{""wickets"": 6}",JW Dernbach,6,international,male
478279,T20,2010/11,2010-10-26,Sheikh Zayed Stadium,Abu Dhabi,,"Pakistan,South Africa",Pakistan,South Africa,Pakistan,bat,South Africa,"{""wickets"": 6}",JP Duminy,6,international,male
489212,T20,2011,2011-04-21,"Beausejour Stadium, Gros Islet",St Lucia,,"West Indies,Pakistan",West Indies,Pakistan,West Indies,bat,West Indies,"{""runs"": 7}",D Bishoo,6,international,male
489220,T20,2011,2011-06-04,"Queen's Park Oval, Port of Spain",Trinidad,,"West Indies,India",West Indies,India,West Indies,field,India,"{""runs"": 16}",S Badrinath,6,international,male
514023,T20,2011/12,2011-10-13,Newlands,Cape Town,,"South Africa,Australia",South Africa,Australia,South Africa,bat,Australia,"{""wickets"": 5}",SR Watson,6,international,male
514024,T20,2011/12,2011-10-16,New Wanderers Stadium,Johannesburg,,"South Africa,Australia",South Africa,Australia,Australia,bat,South Africa,"{""wickets"": 3}",J Theron,6,international,male
516204,T20,2011,2011-08-06,Pallekele International Cricket Stadium,,,"Sri Lanka,Australia",Sri Lanka,Australia,Australia,field,Sri Lanka,"{""runs"": 35}",TM Dilshan,6,international,male
516205,T20,2011,2011-08-08,Pallekele International Cricket Stadium,,,"Sri Lanka,Australia",Sri Lanka,Australia,Sri Lanka,bat,Sri Lanka,"{""runs"": 8}",BAW Mendis,6,international,male
518954,T20,2011/12,2012-02-01,Stadium Australia,Sydney,,"Australia,India",Australia,India,India,field,Australia,"{""runs"": 31}",MS Wade,6,international,male
518955,T20,2011/12,2012-02-03,Melbourne Cricket Ground,,,"Australia,India",Australia,India,Australia,bat,India,"{""wickets"": 8}",RA Jadeja,6,international,male
520595,T20,2011/12,2012-02-11,Eden Park,Auckland,,"New Zealand,Zimbabwe",New Zealand,Zimbabwe,Zimbabwe,bat,New Zealand,"{""wickets"": 7}",MJ Guptill,6,international,male
520596,T20,2011/12,2012-02-14,Seddon Park,Hamilton,,"New Zealand,Zimbabwe",New Zealand,Zimbabwe,Zimbabwe,bat,New Zealand,"{""wickets"": 5}",JEC Franklin,6,international,male
520597,T20,2011/12,2012-02-17,Westpac Stadium,Wellington,,"New Zealand,South Africa",New Zealand,South Africa,New Zealand,field,New Zealand,"{""wickets"": 6}",MJ Guptill,6,international,male
520598,T20,2011/12,2012-02-19,Seddon Park,Hamilton,,"New Zealand,South Africa",New Zealand,South Africa,South Africa,field,South Africa,"{""wickets"": 8}",RE Levi,6,international,male
520599,T20,2011/12,2012-02-22,Eden Park,Auckland,,"New Zealand,South Africa",New Zealand,South Africa,New Zealand,field,South Africa,"{""runs"": 3}",J Botha,6,international,male
521217,T20,2011/12,2011-10-29,Eden Gardens,Kolkata,,"India,England",India,England,India,bat,England,"{""wickets"": 6}",KP Pietersen,6,international,male
523735,T20,2011,2011-09-16,Harare Sports Club,,,"Zimbabwe,Pakistan",Zimbabwe,Pakistan,Zimbabwe,field,Pakistan,"{""runs"": 85}",Mohammad Hafeez,6,international,male
523736,T20,2011,2011-09-18,Harare Sports Club,,,"Zimbabwe,Pakistan",Zimbabwe,Pakistan,Pakistan,bat,Pakistan,"{""runs"": 5}",Mohammad Hafeez,6,international,male
525816,T20,2011,2011-09-23,Kennington Oval,London,,"England,West Indies",England,West Indies,England,field,England,"{""wickets"": 10}",RS Bopara,6,international,male
525817,T20,2011,2011-09-25,Kennington Oval,London,,"England,West Indies",England,West Indies,England,field,West Indies,"{""runs"": 25}",GE Mathurin,6,international,male
527012,T20,2011/12,2011-10-15,Harare Sports Club,,,"Zimbabwe,New Zealand",Zimbabwe,New Zealand,New Zealand,field,New Zealand,"{""wickets"": 10}",BB McCullum,6,international,male
527013,T20,2011/12,2011-10-17,Harare Sports Club,,,"Zimbabwe,New Zealand",Zimbabwe,New Zealand,Zimbabwe,field,New Zealand,"{""runs"": 34}",MJ Guptill,6,international,male
530432,T20,2011/12,2011-11-25,Sheikh Zayed Stadium,Abu Dhabi,,"Pakistan,Sri Lanka",Pakistan,Sri Lanka,Sri Lanka,bat,Pakistan,"{""wickets"": 5}",Aizaz Cheema,6,international,male
531635,T20,2011/12,2012-02-23,Dubai International Cricket Stadium,,,"England,Pakistan",England,Pakistan,England,field,Pakistan,"{""runs"": 8}",Umar Gul,6,international,male
531636,T20,2011/12,2012-02-25,Dubai International Cricket Stadium,,,"England,Pakistan",England,Pakistan,England,bat,England,"{""runs"": 38}",JM Bairstow,6,international,male
531637,T20,2011/12,2012-02-27,Sheikh Zayed Stadium,Abu Dhabi,,"England,Pakistan",England,Pakistan,England,bat,England,"{""runs"": 5}",KP Pietersen,6,international,male
531982,T20,2011/12,2011-10-11,Shere Bangla National Stadium,Mirpur,,"Bangladesh,West Indies",Bangladesh,West Indies,Bangladesh,field,Bangladesh,"{""wickets"": 3}",Mushfiqur Rahim,6,international,male
533272,T20,2012/13,2012-09-18,"Mahinda Rajapaksa International Cricket Stadium, Sooriyawewa",Hambantota,,"Sri Lanka,Zimbabwe",Sri Lanka,Zimbabwe,Zimbabwe,field,Sri Lanka,"{""runs"": 82}",BAW Mendis,6,international,male
533273,T20,2012/13,2012-09-19,R Premadasa Stadium,Colombo,,"Australia,Ireland",Australia,Ireland,Ireland,bat,Australia,"{""wickets"": 7}",SR Watson,6,international,male
533275,T20,2012/13,2012-09-20,"Mahinda Rajapaksa International Cricket Stadium, Sooriyawewa",Hambantota,,"South Africa,Zimbabwe",South Africa,Zimbabwe,South Africa,field,South Africa,"{""wickets"": 10}",JH Kallis,6,international,male
533276,T20,2012/13,2012-09-21,Pallekele International Cricket Stadium,,,"Bangladesh,New Zealand",Bangladesh,New Zealand,Bangladesh,field,New Zealand,"{""runs"": 59}",BB McCullum,6,international,male
533278,T20,2012/13,2012-09-22,"Mahinda Rajapaksa International Cricket Stadium, Sooriyawewa",Hambantota,,"Sri Lanka,South Africa",Sri Lanka,South Africa,Sri Lanka,field,South Africa,"{""runs"": 32}",AB de Villiers,6,international,male
533279,T20,2012/13,2012-09-22,R Premadasa Stadium,Colombo,,"Australia,West Indies",Australia,West Indies,West Indies,bat,Australia,"{""runs"": 17}",SR Watson,6,international,male
533280,T20,2012/13,2012-09-23,Pallekele International Cricket Stadium,,,"New Zealand,Pakistan",New Zealand,Pakistan,Pakistan,bat,Pakistan,"{""runs"": 13}",Nasir Jamshed,6,international,male
533281,T20,2012/13,2012-09-23,R Premadasa Stadium,Colombo,,"England,India",England,India,England,field,India,"{""runs"": 90}",Harbhajan Singh,6,international,male
533282,T20,2012/13,2012-09-24,R Premadasa Stadium,Colombo,,"Ireland,West Indies",Ireland,West Indies,West Indies,field,,null,,6,international,male
533283,T20,2012/13,2012-09-25,Pallekele International Cricket Stadium,,,"Bangladesh,Pakistan",Bangladesh,Pakistan,Bangladesh,bat,Pakistan,"{""wickets"": 8}",Imran Nazir,6,international,male
533284,T20,2012/13,2012-09-27,Pallekele International Cricket Stadium,,,"Sri Lanka,New Zealand",Sri Lanka,New Zealand,New Zealand,bat,,null,TM Dilshan,6,international,male
533285,T20,2012/13,2012-09-27,Pallekele International Cricket Stadium,,,"England,West Indies",England,West Indies,West Indies,bat,West Indies,"{""runs"": 15}",J Charles,6,international,male
533286,T20,2012/13,2012-09-28,R Premadasa Stadium,Colombo,,"Pakistan,South Africa",Pakistan,South Africa,South Africa,bat,Pakistan,"{""wickets"": 2}",Umar Gul,6,international,male
533287,T20,2012/13,2012-09-28,R Premadasa Stadium,Colombo,,"Australia,India",Australia,India,India,bat,Australia,"{""wickets"": 9}",SR Watson,6,international,male
533288,T20,2012/13,2012-09-29,Pallekele International Cricket Stadium,,,"England,New Zealand",England,New Zealand,New Zealand,bat,England,"{""wickets"": 6}",LJ Wright,6,international,male
533289,T20,2012/13,2012-09-29,Pallekele International Cricket Stadium,,,"Sri Lanka,West Indies",Sri Lanka,West Indies,West Indies,bat,Sri Lanka,"{""wickets"": 9}",DPMD Jayawardene,6,international,male
533290,T20,2012/13,2012-09-30,R Premadasa Stadium,Colombo,,"Australia,South Africa",Australia,South Africa,Australia,field,Australia,"{""wickets"": 8}",SR Watson,6,international,male
533291,T20,2012/13,2012-09-30,R Premadasa Stadium,Colombo,,"India,Pakistan",India,Pakistan,Pakistan,bat,India,"{""wickets"": 8}",V Kohli,6,international,male
533292,T20,2012/13,2012-10-01,Pallekele International Cricket Stadium,,,"New Zealand,West Indies",New Zealand,West Indies,New Zealand,field,,null,SP Narine,6,international,male
533293,T20,2012/13,2012-10-01,Pallekele International Cricket Stadium,,,"Sri Lanka,England",Sri Lanka,England,England,field,Sri Lanka,"{""runs"": 19}",SL Malinga,6,international,male
533294,T20,2012/13,2012-10-02,R Premadasa Stadium,Colombo,,"Australia,Pakistan",Australia,Pakistan,Australia,field,Pakistan,"{""runs"": 32}",Raza Hasan,6,international,male
533295,T20,2012/13,2012-10-02,R Premadasa Stadium,Colombo,,"India,South Africa",India,South Africa,South Africa,field,India,"{""runs"": 1}",Yuvraj Singh,6,international,male
533296,T20,2012/13,2012-10-04,R Premadasa Stadium,Colombo,,"Sri Lanka,Pakistan",Sri Lanka,Pakistan,Sri Lanka,bat,Sri Lanka,"{""runs"": 16}",DPMD Jayawardene,6,international,male
533297,T20,2012/13,2012-10-05,R Premadasa Stadium,Colombo,,"Australia,West Indies",Australia,West Indies,West Indies,bat,West Indies,"{""runs"": 74}",CH Gayle,6,international,male
533298,T20,2012/13,2012-10-07,R Premadasa Stadium,Colombo,,"Sri Lanka,West Indies",Sri Lanka,West Indies,West Indies,bat,West Indies,"{""runs"": 36}",MN Samuels,6,international,male
534208,T20,2012,2012-06-24,Trent Bridge,Nottingham,,"England,West Indies",England,West Indies,West Indies,bat,England,"{""wickets"": 7}",AD Hales,6,international,male
534233,T20,2012,2012-09-08,Riverside Ground,Chester-le-Street,,"England,South Africa",England,South Africa,South Africa,field,South Africa,"{""wickets"": 7}",DW Steyn,6,international,male
534234,T20,2012,2012-09-10,Old Trafford,Manchester,,"England,South Africa",England,South Africa,England,field,,null,,6,international,male
534235,T20,2012,2012-09-12,Edgbaston,Birmingham,,"England,South Africa",England,South Africa,South Africa,field,England,"{""runs"": 28}",JC Buttler,6,international,male
538068,T20,2011/12,2011-11-29,Shere Bangla National Stadium,Mirpur,,"Bangladesh,Pakistan",Bangladesh,Pakistan,Pakistan,bat,Pakistan,"{""runs"": 50}",Mohammad Hafeez,6,international,male
540173,T20,2011/12,2012-03-27,"Beausejour Stadium, Gros Islet",St Lucia,,"West Indies,Australia",West Indies,Australia,West Indies,bat,Australia,"{""wickets"": 8}",SR Watson,6,international,male
540174,T20,2011/12,2012-03-30,"Kensington Oval, Bridgetown",Barbados,,"West Indies,Australia",West Indies,Australia,West Indies,bat,West Indies,"{""runs"": 14}",DR Smith,6,international,male
543883,T20,2011/12,2012-02-22,Mombasa Sports Club Ground,,,"Kenya,Ireland",Kenya,Ireland,Ireland,field,Ireland,"{""wickets"": 6}",GH Dockrell,6,international,male
543884,T20,2011/12,2012-02-23,Mombasa Sports Club Ground,,,"Kenya,Ireland",Kenya,Ireland,Kenya,bat,Ireland,"{""wickets"": 8}",PR Stirling,6,international,male
543885,T20,2011/12,2012-02-24,Mombasa Sports Club Ground,,,"Kenya,Ireland",Kenya,Ireland,Ireland,bat,Ireland,"{""runs"": 2}",SO Ngoche,6,international,male
546410,T20,2011/12,2012-03-13,Dubai International Cricket Stadium,,,"Canada,Netherlands",Canada,Netherlands,Netherlands,bat,Netherlands,"{""runs"": 42}",Mudassar Bukhari,6,international,male
546414,T20,2011/12,2012-03-14,Dubai International Cricket Stadium,,,"Ireland,Kenya",Ireland,Kenya,Kenya,bat,Ireland,"{""wickets"": 10}",WB Rankin,6,international,male
546442,T20,2011/12,2012-03-18,Dubai International Cricket Stadium,,,"Ireland,Scotland",Ireland,Scotland,Ireland,bat,Ireland,"{""runs"": 17}",EC Joyce,6,international,male
546462,T20,2011/12,2012-03-22,Dubai International Cricket Stadium,,,"Canada,Ireland",Canada,Ireland,Canada,bat,Ireland,"{""wickets"": 10}",PR Stirling,6,international,male
546470,T20,2011/12,2012-03-23,Dubai International Cricket Stadium,,,"Ireland,Netherlands",Ireland,Netherlands,Ireland,field,Ireland,"{""wickets"": 7}",KJ O'Brien,6,international,male
546473,T20,2011/12,2012-03-23,Dubai International Cricket Stadium,,,"Canada,Scotland",Canada,Scotland,Canada,bat,Scotland,"{""wickets"": 4}",RD Berrington,6,international,male
556252,T20,2011/12,2012-03-30,New Wanderers Stadium,Johannesburg,,"South Africa,India",South Africa,India,India,field,South Africa,"{""runs"": 11}",CA Ingram,6,international,male
560921,T20,2012,2012-06-30,Central Broward Regional Park Stadium Turf Ground,Lauderhill,,"New Zealand,West Indies",New Zealand,West Indies,New Zealand,field,West Indies,"{""runs"": 56}",CH Gayle,6,international,male
560922,T20,2012,2012-07-01,Central Broward Regional Park Stadium Turf Ground,Lauderhill,,"New Zealand,West Indies",New Zealand,West Indies,West Indies,bat,West Indies,"{""runs"": 61}",SP Narine,6,international,male
562437,T20,2012,2012-06-01,"Mahinda Rajapaksa International Cricket Stadium, Sooriyawewa",Hambantota,,"Sri Lanka,Pakistan",Sri Lanka,Pakistan,Sri Lanka,bat,Sri Lanka,"{""runs"": 37}",NLTC Perera,6,international,male
562438,T20,2012,2012-06-03,"Mahinda Rajapaksa International Cricket Stadium, Sooriyawewa",Hambantota,,"Sri Lanka,Pakistan",Sri Lanka,Pakistan,Pakistan,bat,Pakistan,"{""runs"": 23}",Shahid Afridi,6,international,male
564786,T20,2012,2012-08-07,Pallekele International Cricket Stadium,,,"Sri Lanka,India",Sri Lanka,India,Sri Lanka,field,India,"{""runs"": 39}",IK Pathan,6,international,male
565810,T20,2012/13,2012-12-20,Subrata Roy Sahara Stadium,Pune,,"India,England",India,England,India,field,India,"{""wickets"": 5}",Yuvraj Singh,6,international,male
565811,T20,2012/13,2012-12-22,Wankhede Stadium,Mumbai,,"India,England",India,England,England,field,England,"{""wickets"": 6}",EJG Morgan,6,international,male
565820,T20,2012,2012-09-11,"MA Chidambaram Stadium, Chepauk",Chennai,,"India,New Zealand",India,New Zealand,India,field,New Zealand,"{""runs"": 1}",BB McCullum,6,international,male
566926,T20,2013,2013-06-25,Kennington Oval,London,,"England,New Zealand",England,New Zealand,England,field,New Zealand,"{""runs"": 5}",HD Rutherford,6,international,male
566927,T20,2013,2013-06-27,Kennington Oval,London,,"England,New Zealand",England,New Zealand,New Zealand,field,,null,,6,international,male
566937,T20,2013,2013-08-29,The Rose Bowl,Southampton,,"England,Australia",England,Australia,England,field,Australia,"{""runs"": 39}",AJ Finch,6,international,male
566938,T20,2013,2013-08-31,Riverside Ground,Chester-le-Street,,"England,Australia",England,Australia,Australia,field,England,"{""runs"": 27}",AD Hales,6,international,male
567071,T20,2012,2012-07-18,"Civil Service Cricket Club, Stormont",Belfast,,"Ireland,Bangladesh",Ireland,Bangladesh,Ireland,field,Bangladesh,"{""runs"": 71}",Elias Sunny,6,international,male
567205,T20,2012,2012-07-25,Sportpark Westvliet,The Hague,,"Netherlands,Bangladesh",Netherlands,Bangladesh,Netherlands,bat,Bangladesh,"{""wickets"": 8}",,6,international,male
567353,T20,2012/13,2012-12-21,Kingsmead,Durban,,"South Africa,New Zealand",South Africa,New Zealand,New Zealand,bat,South Africa,"{""wickets"": 8}",RK Kleinveldt,6,international,male
567354,T20,2012/13,2012-12-23,Buffalo Park,East London,,"South Africa,New Zealand",South Africa,New Zealand,New Zealand,field,New Zealand,"{""wickets"": 8}",MJ Guptill,6,international,male
567355,T20,2012/13,2012-12-26,St George's Park,Port Elizabeth,,"South Africa,New Zealand",South Africa,New Zealand,South Africa,bat,South Africa,"{""runs"": 33}",H Davids,6,international,male
567367,T20,2012/13,2013-03-03,SuperSport Park,Centurion,,"South Africa,Pakistan",South Africa,Pakistan,Pakistan,bat,Pakistan,"{""runs"": 95}",Mohammad Hafeez,6,international,male
569237,T20,2012/13,2013-02-09,Eden Park,Auckland,,"New Zealand,England",New Zealand,England,New Zealand,field,England,"{""runs"": 40}",SCJ Broad,6,international,male
569238,T20,2012/13,2013-02-12,Seddon Park,Hamilton,,"New Zealand,England",New Zealand,England,England,field,New Zealand,"{""runs"": 55}",BB McCullum,6,international,male
569239,T20,2012/13,2013-02-15,Westpac Stadium,Wellington,,"New Zealand,England",New Zealand,England,England,field,England,"{""wickets"": 10}",AD Hales,6,international,male
571148,T20,2012,2012-09-05,Dubai International Cricket Stadium,,,"Australia,Pakistan",Australia,Pakistan,Pakistan,field,Pakistan,"{""wickets"": 7}",Mohammad Hafeez,6,international,male
571149,T20,2012,2012-09-07,Dubai International Cricket Stadium,,,"Australia,Pakistan",Australia,Pakistan,Pakistan,bat,,null,Saeed Ajmal,6,international,male
571150,T20,2012,2012-09-10,Dubai International Cricket Stadium,,,"Australia,Pakistan",Australia,Pakistan,Pakistan,field,Australia,"{""runs"": 94}",DA Warner,6,international,male
573019,T20,2012/13,2013-01-26,Stadium Australia,Sydney,,"Australia,Sri Lanka",Australia,Sri Lanka,Australia,bat,Sri Lanka,"{""wickets"": 5}",DA Warner,6,international,male
573020,T20,2012/13,2013-01-28,Melbourne Cricket Ground,,,"Australia,Sri Lanka",Australia,Sri Lanka,Australia,field,Sri Lanka,"{""runs"": 2}",NLTC Perera,6,international,male
573027,T20,2012/13,2013-02-13,"Brisbane Cricket Ground, Woolloongabba",Brisbane,,"Australia,West Indies",Australia,West Indies,West Indies,bat,West Indies,"{""runs"": 27}",KA Pollard,6,international,male
573672,T20,2012,2012-07-26,Sportpark Westvliet,The Hague,,"Netherlands,Bangladesh",Netherlands,Bangladesh,Bangladesh,bat,Netherlands,"{""wickets"": 1}",,6,international,male
582186,T20,2012/13,2012-10-30,Pallekele International Cricket Stadium,,,"Sri Lanka,New Zealand",Sri Lanka,New Zealand,Sri Lanka,field,,null,,6,international,male
587476,T20,2012/13,2012-12-10,Shere Bangla National Stadium,Mirpur,,"Bangladesh,West Indies",Bangladesh,West Indies,West Indies,bat,West Indies,"{""runs"": 18}",MN Samuels,6,international,male
589306,T20,2012/13,2012-12-25,M Chinnaswamy Stadium,Bangalore,,"India,Pakistan",India,Pakistan,Pakistan,field,Pakistan,"{""wickets"": 5}",Mohammad Hafeez,6,international,male
589307,T20,2012/13,2012-12-28,"Sardar Patel Stadium, Motera",Ahmedabad,,"India,Pakistan",India,Pakistan,Pakistan,field,India,"{""runs"": 11}",Yuvraj Singh,6,international,male
592268,T20,2012/13,2013-03-15,ICC Global Cricket Academy,Dubai,,"Canada,Kenya",Canada,Kenya,Kenya,bat,Canada,"{""wickets"": 5}",Junaid Siddiqui,6,international,male
592269,T20,2012/13,2013-03-16,ICC Global Cricket Academy,Dubai,,"Canada,Kenya",Canada,Kenya,Kenya,bat,Kenya,"{""runs"": 21}",CO Obuya,6,international,male
592276,T20,2013,2013-04-20,Wanderers Cricket Ground,Windhoek,,"Kenya,Netherlands",Kenya,Netherlands,Kenya,field,Kenya,"{""wickets"": 7}",,6,international,male
593986,T20,2012/13,2013-03-02,"Sir Vivian Richards Stadium, North Sound",Antigua,,"West Indies,Zimbabwe",West Indies,Zimbabwe,Zimbabwe,bat,West Indies,"{""wickets"": 8}",LMP Simmons,6,international,male
593987,T20,2012/13,2013-03-03,"Sir Vivian Richards Stadium, North Sound",Antigua,,"West Indies,Zimbabwe",West Indies,Zimbabwe,West Indies,bat,West Indies,"{""runs"": 41}",S Badree,6,international,male
602477,T20,2012/13,2013-03-31,Pallekele International Cricket Stadium,,,"Sri Lanka,Bangladesh",Sri Lanka,Bangladesh,Bangladesh,field,Sri Lanka,"{""runs"": 17}",MDKJ Perera,6,international,male
623571,T20,2013,2013-05-11,Queens Sports Club,Bulawayo,,"Zimbabwe,Bangladesh",Zimbabwe,Bangladesh,Zimbabwe,bat,Zimbabwe,"{""runs"": 6}",H Masakadza,6,international,male
623572,T20,2013,2013-05-12,Queens Sports Club,Bulawayo,,"Zimbabwe,Bangladesh",Zimbabwe,Bangladesh,Bangladesh,bat,Bangladesh,"{""runs"": 34}",Shakib Al Hasan,6,international,male
630951,T20,2013,2013-04-19,Wanderers Cricket Ground,Windhoek,,"Kenya,Netherlands",Kenya,Netherlands,Netherlands,bat,Kenya,"{""wickets"": 5}",,6,international,male
635658,T20,2013,2013-08-02,R Premadasa Stadium,Colombo,,"Sri Lanka,South Africa",Sri Lanka,South Africa,South Africa,bat,South Africa,"{""runs"": 12}",JP Duminy,6,international,male
635659,T20,2013,2013-08-04,"Mahinda Rajapaksa International Cricket Stadium, Sooriyawewa",Hambantota,,"Sri Lanka,South Africa",Sri Lanka,South Africa,South Africa,bat,South Africa,"{""runs"": 22}",DA Miller,6,international,male
635660,T20,2013,2013-08-06,"Mahinda Rajapaksa International Cricket Stadium, Sooriyawewa",Hambantota,,"Sri Lanka,South Africa",Sri Lanka,South Africa,South Africa,bat,Sri Lanka,"{""wickets"": 6}",TM Dilshan,6,international,male
636164,T20,2013/14,2014-01-29,Bellerive Oval,Hobart,,"Australia,England",Australia,England,Australia,bat,Australia,"{""runs"": 13}",CL White,6,international,male
636165,T20,2013/14,2014-01-31,Melbourne Cricket Ground,,,"Australia,England",Australia,England,England,bat,Australia,"{""wickets"": 8}",JR Hazlewood,6,international,male
636166,T20,2013/14,2014-02-02,Stadium Australia,Sydney,,"Australia,England",Australia,England,Australia,bat,Australia,"{""runs"": 84}",GJ Bailey,6,international,male
636536,T20,2013/14,2014-03-09,"Kensington Oval, Bridgetown",Barbados,,"West Indies,England",West Indies,England,West Indies,bat,West Indies,"{""runs"": 27}",MN Samuels,6,international,male
636537,T20,2013/14,2014-03-11,"Kensington Oval, Bridgetown",Barbados,,"West Indies,England",West Indies,England,England,bat,West Indies,"{""wickets"": 5}",K Santokie,6,international,male
636538,T20,2013/14,2014-03-13,"Kensington Oval, Bridgetown",Barbados,,"West Indies,England",West Indies,England,England,bat,England,"{""runs"": 5}",CJ Jordan,6,international,male
645645,T20,2013,2013-07-27,"Arnos Vale Ground, Kingstown",St Vincent,,"West Indies,Pakistan",West Indies,Pakistan,West Indies,bat,Pakistan,"{""wickets"": 2}",Shahid Afridi,6,international,male
645647,T20,2013,2013-07-28,"Arnos Vale Ground, Kingstown",St Vincent,,"West Indies,Pakistan",West Indies,Pakistan,Pakistan,bat,Pakistan,"{""runs"": 11}",Umar Akmal,6,international,male
647247,T20,2013/14,2013-10-10,Saurashtra Cricket Association Stadium,Rajkot,,"India,Australia",India,Australia,India,field,India,"{""wickets"": 6}",Yuvraj Singh,6,international,male
648681,T20,2013/14,2014-03-12,Kingsmead,Durban,,"South Africa,Australia",South Africa,Australia,Australia,field,Australia,"{""wickets"": 5}",BJ Hodge,6,international,male
648683,T20,2013/14,2014-03-14,SuperSport Park,Centurion,,"South Africa,Australia",South Africa,Australia,Australia,field,Australia,"{""wickets"": 6}",MA Starc,6,international,male
649101,T20,2013/14,2013-11-13,Dubai International Cricket Stadium,,,"Pakistan,South Africa",Pakistan,South Africa,Pakistan,bat,South Africa,"{""wickets"": 9}",DW Steyn,6,international,male
649103,T20,2013/14,2013-11-15,Dubai International Cricket Stadium,,,"Pakistan,South Africa",Pakistan,South Africa,South Africa,bat,South Africa,"{""runs"": 6}",F du Plessis,6,international,male
657633,T20,2013/14,2013-12-11,Dubai International Cricket Stadium,,,"Pakistan,Sri Lanka",Pakistan,Sri Lanka,Pakistan,field,Pakistan,"{""wickets"": 3}",Shahid Afridi,6,international,male
657635,T20,2013/14,2013-12-13,Dubai International Cricket Stadium,,,"Pakistan,Sri Lanka",Pakistan,Sri Lanka,Pakistan,field,Sri Lanka,"{""runs"": 24}",MDKJ Perera,6,international,male
659545,T20,2013,2013-08-23,Harare Sports Club,,,"Zimbabwe,Pakistan",Zimbabwe,Pakistan,Zimbabwe,field,Pakistan,"{""runs"": 25}",Ahmed Shehzad,6,international,male
659547,T20,2013,2013-08-24,Harare Sports Club,,,"Zimbabwe,Pakistan",Zimbabwe,Pakistan,Zimbabwe,field,Pakistan,"{""runs"": 19}",Ahmed Shehzad,6,international,male
660113,T20,2013/14,2013-11-16,Sheikh Zayed Stadium,Abu Dhabi,,"Canada,Ireland",Canada,Ireland,Canada,field,Ireland,"{""runs"": 2}",A Bagai,6,international,male
660149,T20,2013/14,2013-11-19,ICC Academy,Dubai,,"Kenya,Scotland",Kenya,Scotland,Kenya,bat,Kenya,"{""runs"": 92}",RG Aga,6,international,male
660173,T20,2013/14,2013-11-22,ICC Academy,Dubai,,"Netherlands,Scotland",Netherlands,Scotland,Netherlands,field,Scotland,"{""runs"": 15}",RML Taylor,6,international,male
660185,T20,2013/14,2013-11-23,ICC Academy,Dubai,,"Kenya,Netherlands",Kenya,Netherlands,Netherlands,bat,Netherlands,"{""runs"": 29}",Mudassar Bukhari,6,international,male
660209,T20,2013/14,2013-11-26,Sharjah Cricket Stadium,,,"Canada,Kenya",Canada,Kenya,Kenya,bat,Kenya,"{""runs"": 21}",SO Tikolo,6,international,male
660223,T20,2013/14,2013-11-28,Sheikh Zayed Stadium,Abu Dhabi,,"Netherlands,Scotland",Netherlands,Scotland,Scotland,bat,Netherlands,"{""wickets"": 8}",W Barresi,6,international,male
661695,T20,2013/14,2014-01-11,Eden Park,Auckland,,"New Zealand,West Indies",New Zealand,West Indies,New Zealand,bat,New Zealand,"{""runs"": 81}",L Ronchi,6,international,male
661697,T20,2013/14,2014-01-15,Westpac Stadium,Wellington,,"New Zealand,West Indies",New Zealand,West Indies,West Indies,bat,New Zealand,"{""wickets"": 4}",L Ronchi,6,international,male
667731,T20,2014,2014-09-07,Edgbaston,Birmingham,,"England,India",England,India,England,bat,England,"{""runs"": 3}",EJG Morgan,6,international,male
667887,T20,2014,2014-05-20,Kennington Oval,London,,"England,Sri Lanka",England,Sri Lanka,England,field,Sri Lanka,"{""runs"": 9}",NLTC Perera,6,international,male
668959,T20,2013/14,2013-11-06,Shere Bangla National Stadium,Mirpur,,"Bangladesh,New Zealand",Bangladesh,New Zealand,New Zealand,bat,New Zealand,"{""runs"": 15}",C Munro,6,international,male
668969,T20,2013/14,2013-11-21,Pallekele International Cricket Stadium,,,"Sri Lanka,New Zealand",Sri Lanka,New Zealand,Sri Lanka,field,Sri Lanka,"{""wickets"": 8}",MDKJ Perera,6,international,male
682899,T20,2013/14,2014-03-16,Zahur Ahmed Chowdhury Stadium,Chittagong,,"Hong Kong,Nepal",Hong Kong,Nepal,Hong Kong,field,Nepal,"{""runs"": 80}",SP Gauchan,6,international,male
682901,T20,2013/14,2014-03-17,Sylhet Stadium,,,"Ireland,Zimbabwe",Ireland,Zimbabwe,Ireland,field,Ireland,"{""wickets"": 3}",PR Stirling,6,international,male
682903,T20,2013/14,2014-03-17,Sylhet Stadium,,,"Netherlands,United Arab Emirates",Netherlands,United Arab Emirates,United Arab Emirates,bat,Netherlands,"{""wickets"": 6}",TLW Cooper,6,international,male
682907,T20,2013/14,2014-03-18,Zahur Ahmed Chowdhury Stadium,Chittagong,,"Bangladesh,Nepal",Bangladesh,Nepal,Bangladesh,field,Bangladesh,"{""wickets"": 8}",Al-Amin Hossain,6,international,male
682909,T20,2013/14,2014-03-19,Sylhet Stadium,,,"Netherlands,Zimbabwe",Netherlands,Zimbabwe,Netherlands,bat,Zimbabwe,"{""wickets"": 5}",BRM Taylor,6,international,male
682911,T20,2013/14,2014-03-19,Sylhet Stadium,,,"Ireland,United Arab Emirates",Ireland,United Arab Emirates,Ireland,field,Ireland,"{""runs"": 21}",EC Joyce,6,international,male
682915,T20,2013/14,2014-03-20,Zahur Ahmed Chowdhury Stadium,Chittagong,,"Bangladesh,Hong Kong",Bangladesh,Hong Kong,Hong Kong,field,Hong Kong,"{""wickets"": 2}",Nadeem Ahmed,6,international,male
682917,T20,2013/14,2014-03-21,Sylhet Stadium,,,"United Arab Emirates,Zimbabwe",United Arab Emirates,Zimbabwe,Zimbabwe,field,Zimbabwe,"{""wickets"": 5}",E Chigumbura,6,international,male
682919,T20,2013/14,2014-03-21,Sylhet Stadium,,,"Ireland,Netherlands",Ireland,Netherlands,Netherlands,field,Netherlands,"{""wickets"": 6}",SJ Myburgh,6,international,male
682921,T20,2013/14,2014-03-21,Shere Bangla National Stadium,Mirpur,,"India,Pakistan",India,Pakistan,India,field,India,"{""wickets"": 7}",A Mishra,6,international,male
682923,T20,2013/14,2014-03-22,Zahur Ahmed Chowdhury Stadium,Chittagong,,"South Africa,Sri Lanka",South Africa,Sri Lanka,Sri Lanka,bat,Sri Lanka,"{""runs"": 5}",MDKJ Perera,6,international,male
682925,T20,2013/14,2014-03-22,Zahur Ahmed Chowdhury Stadium,Chattogram,,"England,New Zealand",England,New Zealand,New Zealand,field,New Zealand,"{""runs"": 9}",CJ Anderson,6,international,male
682927,T20,2013/14,2014-03-23,Shere Bangla National Stadium,Mirpur,,"Australia,Pakistan",Australia,Pakistan,Australia,field,Pakistan,"{""runs"": 16}",Umar Akmal,6,international,male
682929,T20,2013/14,2014-03-23,Shere Bangla National Stadium,Mirpur,,"India,West Indies",India,West Indies,India,field,India,"{""wickets"": 7}",A Mishra,6,international,male
682931,T20,2013/14,2014-03-24,Zahur Ahmed Chowdhury Stadium,Chittagong,,"New Zealand,South Africa",New Zealand,South Africa,New Zealand,field,South Africa,"{""runs"": 2}",JP Duminy,6,international,male
682933,T20,2013/14,2014-03-24,Zahur Ahmed Chowdhury Stadium,Chittagong,,"Netherlands,Sri Lanka",Netherlands,Sri Lanka,Sri Lanka,field,Sri Lanka,"{""wickets"": 9}",AD Mathews,6,international,male
682935,T20,2013/14,2014-03-25,Shere Bangla National Stadium,Mirpur,,"Bangladesh,West Indies",Bangladesh,West Indies,Bangladesh,field,West Indies,"{""runs"": 73}",DR Smith,6,international,male
682937,T20,2013/14,2014-03-27,Zahur Ahmed Chowdhury Stadium,Chittagong,,"Netherlands,South Africa",Netherlands,South Africa,Netherlands,field,South Africa,"{""runs"": 6}",Imran Tahir,6,international,male
682939,T20,2013/14,2014-03-27,Zahur Ahmed Chowdhury Stadium,Chittagong,,"England,Sri Lanka",England,Sri Lanka,England,field,England,"{""wickets"": 6}",AD Hales,6,international,male
682941,T20,2013/14,2014-03-28,Shere Bangla National Stadium,Mirpur,,"Australia,West Indies",Australia,West Indies,Australia,bat,West Indies,"{""wickets"": 6}",DJG Sammy,6,international,male
682943,T20,2013/14,2014-03-28,Shere Bangla National Stadium,Mirpur,,"Bangladesh,India",Bangladesh,India,India,field,India,"{""wickets"": 8}",R Ashwin,6,international,male
682945,T20,2013/14,2014-03-29,Zahur Ahmed Chowdhury Stadium,Chittagong,,"Netherlands,New Zealand",Netherlands,New Zealand,New Zealand,field,New Zealand,"{""wickets"": 6}",BB McCullum,6,international,male
682947,T20,2013/14,2014-03-29,Zahur Ahmed Chowdhury Stadium,Chittagong,,"England,South Africa",England,South Africa,England,field,South Africa,"{""runs"": 3}",AB de Villiers,6,international,male
682949,T20,2013/14,2014-03-30,Shere Bangla National Stadium,Mirpur,,"Bangladesh,Pakistan",Bangladesh,Pakistan,Pakistan,bat,Pakistan,"{""runs"": 50}",Ahmed Shehzad,6,international,male
682951,T20,2013/14,2014-03-30,Shere Bangla National Stadium,Mirpur,,"Australia,India",Australia,India,Australia,field,India,"{""runs"": 73}",R Ashwin,6,international,male
682953,T20,2013/14,2014-03-31,Zahur Ahmed Chowdhury Stadium,Chittagong,,"England,Netherlands",England,Netherlands,England,field,Netherlands,"{""runs"": 45}",Mudassar Bukhari,6,international,male
682955,T20,2013/14,2014-03-31,Zahur Ahmed Chowdhury Stadium,Chittagong,,"New Zealand,Sri Lanka",New Zealand,Sri Lanka,New Zealand,field,Sri Lanka,"{""runs"": 59}",HMRKB Herath,6,international,male
682957,T20,2013/14,2014-04-01,Shere Bangla National Stadium,Mirpur,,"Bangladesh,Australia",Bangladesh,Australia,Bangladesh,bat,Australia,"{""wickets"": 7}",AJ Finch,6,international,male
682959,T20,2013/14,2014-04-01,Shere Bangla National Stadium,Mirpur,,"Pakistan,West Indies",Pakistan,West Indies,West Indies,bat,West Indies,"{""runs"": 84}",DJ Bravo,6,international,male
682961,T20,2013/14,2014-04-03,Shere Bangla National Stadium,Mirpur,,"Sri Lanka,West Indies",Sri Lanka,West Indies,Sri Lanka,bat,Sri Lanka,"{""runs"": 27}",AD Mathews,6,international,male
682963,T20,2013/14,2014-04-04,Shere Bangla National Stadium,Mirpur,,"India,South Africa",India,South Africa,South Africa,bat,India,"{""wickets"": 6}",V Kohli,6,international,male
682965,T20,2013/14,2014-04-06,Shere Bangla National Stadium,Mirpur,,"India,Sri Lanka",India,Sri Lanka,Sri Lanka,field,Sri Lanka,"{""wickets"": 6}",KC Sangakkara,6,international,male
685727,T20,2013/14,2013-11-20,New Wanderers Stadium,Johannesburg,,"South Africa,Pakistan",South Africa,Pakistan,Pakistan,field,South Africa,"{""runs"": 4}",Q de Kock,6,international,male
685729,T20,2013/14,2013-11-22,Newlands,Cape Town,,"South Africa,Pakistan",South Africa,Pakistan,Pakistan,bat,Pakistan,"{""runs"": 6}",Mohammad Hafeez,6,international,male
690351,T20,2013/14,2014-02-12,Zahur Ahmed Chowdhury Stadium,Chittagong,,"Bangladesh,Sri Lanka",Bangladesh,Sri Lanka,Bangladesh,field,Sri Lanka,"{""runs"": 2}",MDKJ Perera,6,international,male
690353,T20,2013/14,2014-02-14,Zahur Ahmed Chowdhury Stadium,Chittagong,,"Bangladesh,Sri Lanka",Bangladesh,Sri Lanka,Bangladesh,bat,Sri Lanka,"{""wickets"": 3}",NLTC Perera,6,international,male
702141,T20,2013/14,2014-02-19,"Sabina Park, Kingston",Jamaica,,"West Indies,Ireland",West Indies,Ireland,West Indies,bat,Ireland,"{""wickets"": 6}",EC Joyce,6,international,male
702143,T20,2013/14,2014-02-21,"Sabina Park, Kingston",Jamaica,,"West Indies,Ireland",West Indies,Ireland,Ireland,field,West Indies,"{""runs"": 11}",DJG Sammy,6,international,male
722335,T20,2014/15,2015-01-09,Newlands,Cape Town,,"South Africa,West Indies",South Africa,West Indies,South Africa,bat,West Indies,"{""wickets"": 4}",CH Gayle,6,international,male
722337,T20,2014/15,2015-01-11,New Wanderers Stadium,Johannesburg,,"South Africa,West Indies",South Africa,West Indies,West Indies,field,West Indies,"{""wickets"": 4}",CH Gayle,6,international,male
727917,T20,2014/15,2014-10-05,Dubai International Cricket Stadium,,,"Australia,Pakistan",Australia,Pakistan,Pakistan,bat,Australia,"{""wickets"": 6}",GJ Maxwell,6,international,male
730283,T20,2014,2014-07-05,"Windsor Park, Roseau",Dominica,,"West Indies,New Zealand",West Indies,New Zealand,New Zealand,field,New Zealand,"{""runs"": 12}",ADS Fletcher,6,international,male
730285,T20,2014,2014-07-06,"Windsor Park, Roseau",Dominica,,"West Indies,New Zealand",West Indies,New Zealand,New Zealand,field,West Indies,"{""runs"": 39}",ADS Fletcher,6,international,male
730293,T20,2014,2014-08-27,"Warner Park, Basseterre",St Kitts,,"West Indies,Bangladesh",West Indies,Bangladesh,Bangladesh,bat,,null,,6,international,male
736063,T20,2014/15,2015-01-14,Kingsmead,Durban,,"South Africa,West Indies",South Africa,West Indies,West Indies,field,South Africa,"{""runs"": 69}",MN van Wyk,6,international,male
742617,T20,2014/15,2014-12-04,Dubai International Cricket Stadium,,,"New Zealand,Pakistan",New Zealand,Pakistan,Pakistan,field,Pakistan,"{""wickets"": 7}",Sarfraz Ahmed,6,international,male
743953,T20,2015,2015-06-23,Old Trafford,Manchester,,"England,New Zealand",England,New Zealand,England,bat,England,"{""runs"": 56}",JE Root,6,international,male
743975,T20,2015,2015-08-31,Sophia Gardens,Cardiff,,"England,Australia",England,Australia,Australia,field,England,"{""runs"": 5}",MM Ali,6,international,male
754039,T20,2014/15,2014-12-05,Dubai International Cricket Stadium,,,"New Zealand,Pakistan",New Zealand,Pakistan,Pakistan,field,New Zealand,"{""runs"": 17}",AP Devcich,6,international,male
754717,T20,2014/15,2014-11-05,Adelaide Oval,,,"Australia,South Africa",Australia,South Africa,Australia,bat,South Africa,"{""wickets"": 7}",RR Rossouw,6,international,male
754719,T20,2014/15,2014-11-07,Melbourne Cricket Ground,,,"Australia,South Africa",Australia,South Africa,South Africa,bat,Australia,"{""wickets"": 7}",CJ Boyce,6,international,male
754721,T20,2014/15,2014-11-09,Stadium Australia,Sydney,,"Australia,South Africa",Australia,South Africa,Australia,field,Australia,"{""wickets"": 2}",CL White,6,international,male
800479,T20,2015/16,2016-02-19,Newlands,Cape Town,,"South Africa,England",South Africa,England,South Africa,field,South Africa,"{""wickets"": 3}",Imran Tahir,6,international,male
800481,T20,2015/16,2016-02-21,New Wanderers Stadium,Johannesburg,,"South Africa,England",South Africa,England,South Africa,field,South Africa,"{""wickets"": 9}",AB de Villiers,6,international,male
802327,T20,2014/15,2014-11-24,P Sara Oval,Colombo,,"Hong Kong,Nepal",Hong Kong,Nepal,Hong Kong,field,Hong Kong,"{""wickets"": 2}",Aizaz Khan,6,international,male
817203,T20,2015,2015-07-05,Shere Bangla National Stadium,Mirpur,,"Bangladesh,South Africa",Bangladesh,South Africa,South Africa,bat,South Africa,"{""runs"": 52}",F du Plessis,6,international,male
817205,T20,2015,2015-07-07,Shere Bangla National Stadium,Mirpur,,"Bangladesh,South Africa",Bangladesh,South Africa,South Africa,bat,South Africa,"{""runs"": 31}",E Leie,6,international,male
848839,T20,2015,2015-08-14,Kingsmead,Durban,,"South Africa,New Zealand",South Africa,New Zealand,South Africa,field,South Africa,"{""wickets"": 6}",AM Phangiso,6,international,male
848841,T20,2015,2015-08-16,SuperSport Park,Centurion,,"South Africa,New Zealand",South Africa,New Zealand,New Zealand,bat,New Zealand,"{""runs"": 32}",MJ Guptill,6,international,male
858491,T20,2015,2015-04-24,Shere Bangla National Stadium,Mirpur,,"Bangladesh,Pakistan",Bangladesh,Pakistan,Pakistan,bat,Bangladesh,"{""wickets"": 7}",Sabbir Rahman,6,international,male
860279,T20,2015,2015-07-30,R Premadasa Stadium,Colombo,,"Sri Lanka,Pakistan",Sri Lanka,Pakistan,Pakistan,bat,Pakistan,"{""runs"": 29}",Sohail Tanvir,6,international,male
860281,T20,2015,2015-08-01,R Premadasa Stadium,Colombo,,"Sri Lanka,Pakistan",Sri Lanka,Pakistan,Sri Lanka,bat,Pakistan,"{""wickets"": 1}",Anwar Ali,6,international,male
868723,T20,2015,2015-05-22,Gaddafi Stadium,Lahore,,"Pakistan,Zimbabwe",Pakistan,Zimbabwe,Zimbabwe,bat,Pakistan,"{""wickets"": 5}",Mukhtar Ahmed,6,international,male
868725,T20,2015,2015-05-24,Gaddafi Stadium,Lahore,,"Pakistan,Zimbabwe",Pakistan,Zimbabwe,Zimbabwe,bat,Pakistan,"{""wickets"": 2}",Mukhtar Ahmed,6,international,male
875457,T20,2015,2015-07-09,"Grange Cricket Club Ground, Raeburn Place",Edinburgh,,"Scotland,United Arab Emirates",Scotland,United Arab Emirates,Scotland,field,Scotland,"{""wickets"": 9}",HG Munsey,6,international,male
875471,T20,2015,2015-07-11,"Grange Cricket Club Ground, Raeburn Place",Edinburgh,,"Scotland,Netherlands",Scotland,Netherlands,Netherlands,bat,Netherlands,"{""runs"": 32}",AC Evans,6,international,male
875481,T20,2015,2015-07-12,"Grange Cricket Club Ground, Raeburn Place",Edinburgh,,"Netherlands,United Arab Emirates",Netherlands,United Arab Emirates,Netherlands,field,Netherlands,"{""wickets"": 7}",RE van der Merwe,6,international,male
875491,T20,2015,2015-07-13,"Civil Service Cricket Club, Stormont",Belfast,,"Nepal,Ireland",Nepal,Ireland,Ireland,field,Ireland,"{""wickets"": 8}",KJ O'Brien,6,international,male
875501,T20,2015,2015-07-15,"Civil Service Cricket Club, Stormont",Belfast,,"Ireland,Papua New Guinea",Ireland,Papua New Guinea,Ireland,bat,Papua New Guinea,"{""wickets"": 2}",N Vanua,6,international,male
875507,T20,2015,2015-07-15,"Civil Service Cricket Club, Stormont",Belfast,,"Hong Kong,Nepal",Hong Kong,Nepal,Hong Kong,field,Hong Kong,"{""wickets"": 5}",Haseeb Amjad,6,international,male
875513,T20,2015,2015-07-17,"The Village, Malahide",Dublin,,"Nepal,Papua New Guinea",Nepal,Papua New Guinea,Papua New Guinea,field,Papua New Guinea,"{""wickets"": 8}",A Vala,6,international,male
875521,T20,2015,2015-07-17,"The Village, Malahide",Dublin,,"Ireland,Hong Kong",Ireland,Hong Kong,Ireland,field,Hong Kong,"{""runs"": 5}",Irfan Ahmed,6,international,male
875549,T20,2015,2015-07-25,"The Village, Malahide",Dublin,,"Hong Kong,Scotland",Hong Kong,Scotland,Scotland,field,Scotland,"{""wickets"": 5}",RML Taylor,6,international,male
875553,T20,2015,2015-07-25,"The Village, Malahide",Dublin,,"Ireland,Netherlands",Ireland,Netherlands,Netherlands,field,Netherlands,"{""wickets"": 5}",Mudassar Bukhari,6,international,male
883343,T20,2015,2015-07-01,VRA Ground,Amstelveen,,"Netherlands,Nepal",Netherlands,Nepal,Nepal,field,Netherlands,"{""runs"": 103}",,6,international,male
883345,T20,2015,2015-07-02,Hazelaarweg,Rotterdam,,"Netherlands,Nepal",Netherlands,Nepal,Netherlands,bat,Netherlands,"{""runs"": 18}",,6,international,male
884347,T20,2015/16,2016-03-04,Kingsmead,Durban,,"South Africa,Australia",South Africa,Australia,Australia,bat,South Africa,"{""wickets"": 3}",DA Miller,6,international,male
884349,T20,2015/16,2016-03-06,New Wanderers Stadium,Johannesburg,,"South Africa,Australia",South Africa,Australia,Australia,field,Australia,"{""wickets"": 5}",DA Warner,6,international,male
884351,T20,2015/16,2016-03-09,Newlands,Cape Town,,"South Africa,Australia",South Africa,Australia,South Africa,bat,Australia,"{""wickets"": 6}",HM Amla,6,international,male
885969,T20,2015,2015-07-17,Harare Sports Club,,,"Zimbabwe,India",Zimbabwe,India,India,bat,India,"{""runs"": 54}",AR Patel,6,international,male
885971,T20,2015,2015-07-19,Harare Sports Club,,,"Zimbabwe,India",Zimbabwe,India,Zimbabwe,bat,Zimbabwe,"{""runs"": 10}",CJ Chibhabha,6,international,male
889463,T20,2015,2015-06-20,"Bready Cricket Club, Magheramason",Londonderry,,"Ireland,Scotland",Ireland,Scotland,Scotland,field,Scotland,"{""wickets"": 6}",,6,international,male
894293,T20,2015,2015-08-09,Harare Sports Club,,,"Zimbabwe,New Zealand",Zimbabwe,New Zealand,Zimbabwe,field,New Zealand,"{""runs"": 80}",GH Worker,6,international,male
895817,T20,2015/16,2016-01-26,Adelaide Oval,,,"Australia,India",Australia,India,Australia,field,India,"{""runs"": 37}",V Kohli,6,international,male
895819,T20,2015/16,2016-01-29,Melbourne Cricket Ground,,,"Australia,India",Australia,India,Australia,field,India,"{""runs"": 27}",V Kohli,6,international,male
895821,T20,2015/16,2016-01-31,Sydney Cricket Ground,,,"Australia,India",Australia,India,Australia,bat,India,"{""wickets"": 7}",SR Watson,6,international,male
902649,T20,2015/16,2015-11-26,Dubai International Cricket Stadium,,,"England,Pakistan",England,Pakistan,England,bat,England,"{""runs"": 14}",SW Billings,6,international,male
902651,T20,2015/16,2015-11-27,Dubai International Cricket Stadium,,,"England,Pakistan",England,Pakistan,England,bat,England,"{""runs"": 3}",LE Plunkett,6,international,male
902653,T20,2015/16,2015-11-30,Sharjah Cricket Stadium,,,"England,Pakistan",England,Pakistan,England,bat,,null,Shoaib Malik,6,international,male
903587,T20,2015/16,2015-10-02,Himachal Pradesh Cricket Association Stadium,Dharmasala,,"India,South Africa",India,South Africa,South Africa,field,South Africa,"{""wickets"": 7}",JP Duminy,6,international,male
903589,T20,2015/16,2015-10-05,Barabati Stadium,Cuttack,,"India,South Africa",India,South Africa,South Africa,field,South Africa,"{""wickets"": 6}",JA Morkel,6,international,male
913633,T20,2016,2016-07-05,The Rose Bowl,Southampton,,"England,Sri Lanka",England,Sri Lanka,Sri Lanka,bat,England,"{""wickets"": 8}",JC Buttler,6,international,male
913663,T20,2016,2016-09-07,Old Trafford,Manchester,,"England,Pakistan",England,Pakistan,England,bat,Pakistan,"{""wickets"": 9}",Wahab Riaz,6,international,male
914217,T20,2015/16,2016-01-07,Bay Oval,Mount Maunganui,,"New Zealand,Sri Lanka",New Zealand,Sri Lanka,Sri Lanka,field,New Zealand,"{""runs"": 3}",TA Boult,6,international,male
914219,T20,2015/16,2016-01-10,Eden Park,Auckland,,"New Zealand,Sri Lanka",New Zealand,Sri Lanka,New Zealand,field,New Zealand,"{""wickets"": 9}",C Munro,6,international,male
914221,T20,2015/16,2016-01-15,Eden Park,Auckland,,"New Zealand,Pakistan",New Zealand,Pakistan,New Zealand,field,Pakistan,"{""runs"": 16}",Shahid Afridi,6,international,male
914223,T20,2015/16,2016-01-17,Seddon Park,Hamilton,,"New Zealand,Pakistan",New Zealand,Pakistan,Pakistan,bat,New Zealand,"{""wickets"": 10}",MJ Guptill,6,international,male
914225,T20,2015/16,2016-01-22,Westpac Stadium,Wellington,,"New Zealand,Pakistan",New Zealand,Pakistan,Pakistan,field,New Zealand,"{""runs"": 95}",CJ Anderson,6,international,male
915783,T20,2015/16,2015-11-09,Pallekele International Cricket Stadium,,,"Sri Lanka,West Indies",Sri Lanka,West Indies,West Indies,field,Sri Lanka,"{""runs"": 30}",SMSM Senanayake,6,international,male
915785,T20,2015/16,2015-11-11,R Premadasa Stadium,Colombo,,"Sri Lanka,West Indies",Sri Lanka,West Indies,West Indies,bat,West Indies,"{""runs"": 23}",DJ Bravo,6,international,male
919603,T20,2015/16,2015-09-27,Harare Sports Club,,,"Zimbabwe,Pakistan",Zimbabwe,Pakistan,Pakistan,bat,Pakistan,"{""runs"": 13}",Imad Wasim,6,international,male
919605,T20,2015/16,2015-09-29,Harare Sports Club,,,"Zimbabwe,Pakistan",Zimbabwe,Pakistan,Pakistan,bat,Pakistan,"{""runs"": 15}",Umar Akmal,6,international,male
930573,T20,2015/16,2015-11-22,Sheikh Zayed Stadium,Abu Dhabi,,"United Arab Emirates,Oman",United Arab Emirates,Oman,United Arab Emirates,field,United Arab Emirates,"{""wickets"": 7}",,6,international,male
930575,T20,2015/16,2015-11-21,Sheikh Zayed Stadium,Abu Dhabi,,"Hong Kong,Oman",Hong Kong,Oman,Oman,field,Oman,"{""wickets"": 6}",,6,international,male
930577,T20,2015/16,2015-11-25,Sheikh Zayed Stadium,Abu Dhabi,,"Hong Kong,Oman",Hong Kong,Oman,Hong Kong,field,Oman,"{""runs"": 4}",,6,international,male
930579,T20,2015/16,2015-11-26,Sheikh Zayed Stadium,Abu Dhabi,,"Hong Kong,Oman",Hong Kong,Oman,Hong Kong,field,Hong Kong,"{""wickets"": 8}",,6,international,male
931396,T20,2015/16,2015-11-13,Shere Bangla National Stadium,Mirpur,,"Bangladesh,Zimbabwe",Bangladesh,Zimbabwe,Bangladesh,field,Bangladesh,"{""wickets"": 4}",MN Waller,6,international,male
931398,T20,2015/16,2015-11-15,Shere Bangla National Stadium,Mirpur,,"Bangladesh,Zimbabwe",Bangladesh,Zimbabwe,Bangladesh,bat,Zimbabwe,"{""wickets"": 3}",N Madziva,6,international,male
936153,T20,2016/17,2017-01-20,SuperSport Park,Centurion,,"South Africa,Sri Lanka",South Africa,Sri Lanka,Sri Lanka,field,South Africa,"{""runs"": 19}",L Ngidi,6,international,male
936155,T20,2016/17,2017-01-22,New Wanderers Stadium,Johannesburg,,"South Africa,Sri Lanka",South Africa,Sri Lanka,South Africa,bat,Sri Lanka,"{""wickets"": 3}",AD Mathews,6,international,male
936157,T20,2016/17,2017-01-25,Newlands,Cape Town,,"South Africa,Sri Lanka",South Africa,Sri Lanka,South Africa,bat,Sri Lanka,"{""wickets"": 5}",N Dickwella,6,international,male
951305,T20,2015/16,2016-03-08,"Vidarbha Cricket Association Stadium, Jamtha",Nagpur,,"Hong Kong,Zimbabwe",Hong Kong,Zimbabwe,Hong Kong,field,Zimbabwe,"{""runs"": 14}",V Sibanda,6,international,male
951309,T20,2015/16,2016-03-09,Himachal Pradesh Cricket Association Stadium,Dharamsala,,"Bangladesh,Netherlands",Bangladesh,Netherlands,Netherlands,field,Bangladesh,"{""runs"": 8}",Tamim Iqbal,6,international,male
951311,T20,2015/16,2016-03-09,Himachal Pradesh Cricket Association Stadium,Dharamsala,,"Ireland,Oman",Ireland,Oman,Ireland,bat,Oman,"{""wickets"": 2}",Amir Ali,6,international,male
951313,T20,2015/16,2016-03-10,"Vidarbha Cricket Association Stadium, Jamtha",Nagpur,,"Scotland,Zimbabwe",Scotland,Zimbabwe,Zimbabwe,bat,Zimbabwe,"{""runs"": 11}",WP Masakadza,6,international,male
951319,T20,2015/16,2016-03-11,Himachal Pradesh Cricket Association Stadium,Dharamsala,,"Bangladesh,Ireland",Bangladesh,Ireland,Ireland,field,,null,,6,international,male
951323,T20,2015/16,2016-03-12,"Vidarbha Cricket Association Stadium, Jamtha",Nagpur,,"Hong Kong,Scotland",Hong Kong,Scotland,Hong Kong,bat,Scotland,"{""wickets"": 8}",MW Machan,6,international,male
951325,T20,2015/16,2016-03-13,Himachal Pradesh Cricket Association Stadium,Dharamsala,,"Ireland,Netherlands",Ireland,Netherlands,Ireland,field,Netherlands,"{""runs"": 12}",PA van Meekeren,6,international,male
951327,T20,2015/16,2016-03-13,Himachal Pradesh Cricket Association Stadium,Dharamsala,,"Bangladesh,Oman",Bangladesh,Oman,Oman,field,Bangladesh,"{""runs"": 54}",Tamim Iqbal,6,international,male
951329,T20,2015/16,2016-03-15,"Vidarbha Cricket Association Stadium, Jamtha",Nagpur,,"India,New Zealand",India,New Zealand,New Zealand,bat,New Zealand,"{""runs"": 47}",MJ Santner,6,international,male
951331,T20,2015/16,2016-03-16,Wankhede Stadium,Mumbai,,"England,West Indies",England,West Indies,West Indies,field,West Indies,"{""wickets"": 6}",CH Gayle,6,international,male
951333,T20,2015/16,2016-03-16,Eden Gardens,Kolkata,,"Bangladesh,Pakistan",Bangladesh,Pakistan,Pakistan,bat,Pakistan,"{""runs"": 55}",Shahid Afridi,6,international,male
951337,T20,2015/16,2016-03-18,Himachal Pradesh Cricket Association Stadium,Dharamsala,,"Australia,New Zealand",Australia,New Zealand,New Zealand,bat,New Zealand,"{""runs"": 8}",MJ McClenaghan,6,international,male
951339,T20,2015/16,2016-03-18,Wankhede Stadium,Mumbai,,"England,South Africa",England,South Africa,England,field,England,"{""wickets"": 2}",JE Root,6,international,male
951341,T20,2015/16,2016-03-19,Eden Gardens,Kolkata,,"India,Pakistan",India,Pakistan,India,field,India,"{""wickets"": 6}",V Kohli,6,international,male
951345,T20,2015/16,2016-03-20,M Chinnaswamy Stadium,Bangalore,,"Sri Lanka,West Indies",Sri Lanka,West Indies,West Indies,field,West Indies,"{""wickets"": 7}",ADS Fletcher,6,international,male
951347,T20,2015/16,2016-03-21,M Chinnaswamy Stadium,Bangalore,,"Australia,Bangladesh",Australia,Bangladesh,Australia,field,Australia,"{""wickets"": 3}",A Zampa,6,international,male
951349,T20,2015/16,2016-03-22,"Punjab Cricket Association IS Bindra Stadium, Mohali",Chandigarh,,"New Zealand,Pakistan",New Zealand,Pakistan,New Zealand,bat,New Zealand,"{""runs"": 22}",MJ Guptill,6,international,male
951353,T20,2015/16,2016-03-23,M Chinnaswamy Stadium,Bangalore,,"India,Bangladesh",India,Bangladesh,Bangladesh,field,India,"{""runs"": 1}",R Ashwin,6,international,male
951355,T20,2015/16,2016-03-25,"Punjab Cricket Association IS Bindra Stadium, Mohali",Chandigarh,,"Australia,Pakistan",Australia,Pakistan,Australia,bat,Australia,"{""runs"": 21}",JP Faulkner,6,international,male
951357,T20,2015/16,2016-03-25,"Vidarbha Cricket Association Stadium, Jamtha",Nagpur,,"South Africa,West Indies",South Africa,West Indies,West Indies,field,West Indies,"{""wickets"": 3}",MN Samuels,6,international,male
951359,T20,2015/16,2016-03-26,Eden Gardens,Kolkata,,"Bangladesh,New Zealand",Bangladesh,New Zealand,New Zealand,bat,New Zealand,"{""runs"": 75}",KS Williamson,6,international,male
951361,T20,2015/16,2016-03-26,Feroz Shah Kotla,Delhi,,"England,Sri Lanka",England,Sri Lanka,Sri Lanka,field,England,"{""runs"": 10}",JC Buttler,6,international,male
951363,T20,2015/16,2016-03-27,"Punjab Cricket Association IS Bindra Stadium, Mohali",Chandigarh,,"India,Australia",India,Australia,Australia,bat,India,"{""wickets"": 6}",V Kohli,6,international,male
951367,T20,2015/16,2016-03-28,Feroz Shah Kotla,Delhi,,"South Africa,Sri Lanka",South Africa,Sri Lanka,South Africa,field,South Africa,"{""wickets"": 8}",AM Phangiso,6,international,male
951369,T20,2015/16,2016-03-30,Feroz Shah Kotla,Delhi,,"England,New Zealand",England,New Zealand,England,field,England,"{""wickets"": 7}",JJ Roy,6,international,male
951371,T20,2015/16,2016-03-31,Wankhede Stadium,Mumbai,,"India,West Indies",India,West Indies,West Indies,field,West Indies,"{""wickets"": 7}",LMP Simmons,6,international,male
951373,T20,2015/16,2016-04-03,Eden Gardens,Kolkata,,"England,West Indies",England,West Indies,West Indies,field,West Indies,"{""wickets"": 4}",MN Samuels,6,international,male
953103,T20,2015/16,2016-01-30,"Mission Road Ground, Mong Kok",Hong Kong,,"Hong Kong,Scotland",Hong Kong,Scotland,Hong Kong,field,Hong Kong,"{""wickets"": 9}",Babar Hayat,6,international,male
953105,T20,2015/16,2016-01-31,"Mission Road Ground, Mong Kok",Hong Kong,,"Hong Kong,Scotland",Hong Kong,Scotland,Hong Kong,field,Scotland,"{""runs"": 37}",KJ Coetzer,6,international,male
954735,T20,2015/16,2016-02-07,Tony Ireland Stadium,Townsville,,"Ireland,Papua New Guinea",Ireland,Papua New Guinea,Papua New Guinea,field,Ireland,"{""runs"": 7}",,6,international,male
954737,T20,2015/16,2016-02-09,Tony Ireland Stadium,Townsville,,"Ireland,Papua New Guinea",Ireland,Papua New Guinea,Papua New Guinea,bat,Papua New Guinea,"{""runs"": 11}",,6,international,male
954741,T20,2015/16,2016-02-14,Sheikh Zayed Stadium,Abu Dhabi,,"United Arab Emirates,Ireland",United Arab Emirates,Ireland,United Arab Emirates,field,Ireland,"{""runs"": 34}",,6,international,male
954743,T20,2015/16,2016-02-16,Sheikh Zayed Stadium,Abu Dhabi,,"United Arab Emirates,Ireland",United Arab Emirates,Ireland,United Arab Emirates,bat,United Arab Emirates,"{""runs"": 5}",,6,international,male
958415,T20,2015/16,2016-01-15,Sheikh Abu Naser Stadium,Khulna,,"Bangladesh,Zimbabwe",Bangladesh,Zimbabwe,Zimbabwe,bat,Bangladesh,"{""wickets"": 4}",H Masakadza,6,international,male
958417,T20,2015/16,2016-01-17,Sheikh Abu Naser Stadium,Khulna,,"Bangladesh,Zimbabwe",Bangladesh,Zimbabwe,Bangladesh,bat,Bangladesh,"{""runs"": 42}",Sabbir Rahman,6,international,male
958419,T20,2015/16,2016-01-20,Sheikh Abu Naser Stadium,Khulna,,"Bangladesh,Zimbabwe",Bangladesh,Zimbabwe,Zimbabwe,bat,Zimbabwe,"{""runs"": 31}",MN Waller,6,international,male
958421,T20,2015/16,2016-01-22,Sheikh Abu Naser Stadium,Khulna,,"Bangladesh,Zimbabwe",Bangladesh,Zimbabwe,Zimbabwe,bat,Zimbabwe,"{""runs"": 18}",H Masakadza,6,international,male
963697,T20,2015/16,2016-02-09,Maharashtra Cricket Association Stadium,Pune,,"India,Sri Lanka",India,Sri Lanka,Sri Lanka,field,Sri Lanka,"{""wickets"": 5}",CAK Rajitha,6,international,male
963699,T20,2015/16,2016-02-12,JSCA International Stadium Complex,Ranchi,,"India,Sri Lanka",India,Sri Lanka,Sri Lanka,field,India,"{""runs"": 69}",S Dhawan,6,international,male
963701,T20,2015/16,2016-02-14,Dr. Y.S. Rajasekhara Reddy ACA-VDCA Cricket Stadium,Visakhapatnam,,"India,Sri Lanka",India,Sri Lanka,India,field,India,"{""wickets"": 9}",R Ashwin,6,international,male
966373,T20,2015/16,2016-02-04,ICC Academy,Dubai,,"United Arab Emirates,Scotland",United Arab Emirates,Scotland,United Arab Emirates,bat,United Arab Emirates,"{""runs"": 9}",Amjad Javed,6,international,male
966735,T20,2015/16,2016-02-19,Khan Shaheb Osman Ali Stadium,Fatullah,,"Hong Kong,Oman",Hong Kong,Oman,Oman,bat,Oman,"{""runs"": 5}",,6,international,male
966739,T20,2015/16,2016-02-21,Khan Shaheb Osman Ali Stadium,Fatullah,,"Hong Kong,United Arab Emirates",Hong Kong,United Arab Emirates,Hong Kong,bat,United Arab Emirates,"{""wickets"": 6}",,6,international,male
966743,T20,2015/16,2016-02-22,Shere Bangla National Stadium,Mirpur,,"Oman,United Arab Emirates",Oman,United Arab Emirates,Oman,field,United Arab Emirates,"{""runs"": 71}",Muhammad Usman,6,international,male
966745,T20,2015/16,2016-02-24,Shere Bangla National Stadium,Dhaka,,"India,Bangladesh",India,Bangladesh,Bangladesh,field,India,"{""runs"": 45}",RG Sharma,6,international,male
966747,T20,2015/16,2016-02-25,Shere Bangla National Stadium,Mirpur,,"Sri Lanka,United Arab Emirates",Sri Lanka,United Arab Emirates,United Arab Emirates,field,Sri Lanka,"{""runs"": 14}",SL Malinga,6,international,male
966749,T20,2015/16,2016-02-26,Shere Bangla National Stadium,Mirpur,,"Bangladesh,United Arab Emirates",Bangladesh,United Arab Emirates,United Arab Emirates,field,Bangladesh,"{""runs"": 51}",Mahmudullah,6,international,male
966751,T20,2015/16,2016-02-27,Shere Bangla National Stadium,Mirpur,,"India,Pakistan",India,Pakistan,India,field,India,"{""wickets"": 5}",V Kohli,6,international,male
966753,T20,2015/16,2016-02-28,Shere Bangla National Stadium,Mirpur,,"Bangladesh,Sri Lanka",Bangladesh,Sri Lanka,Bangladesh,bat,Bangladesh,"{""runs"": 23}",Sabbir Rahman,6,international,male
966755,T20,2015/16,2016-02-29,Shere Bangla National Stadium,Mirpur,,"Pakistan,United Arab Emirates",Pakistan,United Arab Emirates,United Arab Emirates,bat,Pakistan,"{""wickets"": 7}",Shoaib Malik,6,international,male
966757,T20,2015/16,2016-03-01,Shere Bangla National Stadium,Mirpur,,"India,Sri Lanka",India,Sri Lanka,India,field,India,"{""wickets"": 5}",V Kohli,6,international,male
966759,T20,2015/16,2016-03-02,Shere Bangla National Stadium,Mirpur,,"Bangladesh,Pakistan",Bangladesh,Pakistan,Pakistan,bat,Bangladesh,"{""wickets"": 5}",Soumya Sarkar,6,international,male
966761,T20,2015/16,2016-03-03,Shere Bangla National Stadium,Mirpur,,"India,United Arab Emirates",India,United Arab Emirates,United Arab Emirates,bat,India,"{""wickets"": 9}",RG Sharma,6,international,male
966763,T20,2015/16,2016-03-04,Shere Bangla National Stadium,Mirpur,,"Pakistan,Sri Lanka",Pakistan,Sri Lanka,Pakistan,field,Pakistan,"{""wickets"": 6}",Umar Akmal,6,international,male
966765,T20,2015/16,2016-03-06,Shere Bangla National Stadium,Mirpur,,"Bangladesh,India",Bangladesh,India,India,field,India,"{""wickets"": 8}",S Dhawan,6,international,male
967081,T20,2015/16,2016-02-03,ICC Academy,Dubai,,"United Arab Emirates,Netherlands",United Arab Emirates,Netherlands,United Arab Emirates,field,Netherlands,"{""runs"": 84}",Mudassar Bukhari,6,international,male
995467,T20,2016,2016-09-06,Pallekele International Cricket Stadium,,,"Sri Lanka,Australia",Sri Lanka,Australia,Sri Lanka,field,Australia,"{""runs"": 85}",GJ Maxwell,6,international,male
995469,T20,2016,2016-09-09,R Premadasa Stadium,Colombo,,"Sri Lanka,Australia",Sri Lanka,Australia,Sri Lanka,bat,Australia,"{""wickets"": 4}",GJ Maxwell,6,international,male
