match_id,date,venue,city,country,team1,team2,winner,batting_team1,batting_team2,team_runs1,team_runs2,team_wkts1,team_wkts2,top_scorer,top_scorer_runs,top_bowler,top_bowler_wkts,margin_runs,margin_wkts
1001349,2017-02-17,Melbourne Cricket Ground,,,Australia,Sri Lanka,Sri Lanka,,,,,,,,,,,,
1001351,2017-02-19,"Simonds Stadium, South Geelong",Victoria,,Australia,Sri Lanka,Sri Lanka,,,,,,,,,,,,
1001353,2017-02-22,Adelaide Oval,,,Australia,Sri Lanka,Australia,,,,,,,,,,,,
1004729,2016-09-05,"Bready Cricket Club, Magheramason",Londonderry,,Ireland,Hong Kong,Hong Kong,,,,,,,,,,,,
1007655,2016-06-18,Harare Sports Club,,,Zimbabwe,India,Zimbabwe,India,Zimbabwe,18,20,20,19,Sikandar Raza,20.0,Sikandar Raza,19.0,2.0,
1007657,2016-06-20,Harare Sports Club,,,Zimbabwe,India,India,India,Zimbabwe,58,1,46,2,KL Rahul,47.0,Sikandar Raza,6.0,57.0,
1007659,2016-06-22,Harare Sports Club,,,Zimbabwe,India,India,India,,22,,20,,KL Rahul,22.0,,,,
1019979,2017-01-03,McLean Park,Napier,,New Zealand,Bangladesh,New Zealand,Bangladesh,New Zealand,7,38,7,31,Nurul Hasan,7.0,Mustafizur Rahman,25.0,31.0,
1019981,2017-01-06,Bay Oval,Mount Maunganui,,New Zealand,Bangladesh,New Zealand,Bangladesh,New Zealand,49,31,39,27,Soumya Sarkar,39.0,Mustafizur Rahman,26.0,,
1019983,2017-01-08,Bay Oval,Mount Maunganui,,New Zealand,Bangladesh,New Zealand,Bangladesh,New Zealand,51,59,35,33,Soumya Sarkar,42.0,Taskin Ahmed,26.0,8.0,
1020029,2017-02-17,Eden Park,Auckland,,New Zealand,South Africa,South Africa,,,,,,,,,,,,
1031431,2017-06-21,The Rose Bowl,Southampton,,England,South Africa,England,,,,,,,,,,,,
1031433,2017-06-23,County Ground,Taunton,,England,South Africa,South Africa,,,,,,,,,,,,
1031435,2017-06-25,Sophia Gardens,Cardiff,,England,South Africa,England,,,,,,,,,,,,
1031665,2017-09-16,Riverside Ground,Chester-le-Street,,West Indies,England,West Indies,,,,,,,,,,,,
1034825,2017-01-26,Green Park,Kanpur,,India,England,England,India,,9,,10,,KL Rahul,8.0,,,,
1034827,2017-01-29,"Vidarbha Cricket Association Stadium, Jamtha",Nagpur,,India,England,India,India,,73,,48,,KL Rahul,71.0,,,,
1034829,2017-02-01,M Chinnaswamy Stadium,Bangalore,,India,England,India,India,,24,,18,,KL Rahul,22.0,,,,
1041615,2016-08-27,Central Broward Regional Park Stadium Turf Ground,Lauderhill,,India,West Indies,West Indies,India,,113,,53,,KL Rahul,110.0,,,,
1041617,2016-08-28,Central Broward Regional Park Stadium Turf Ground,Lauderhill,,India,West Indies,,,,,,,,,,,,,
1050217,2016-09-23,Dubai International Cricket Stadium,,,Pakistan,West Indies,Pakistan,Pakistan,West Indies,56,32,37,20,Babar Azam,55.0,Hasan Ali,20.0,24.0,
1050219,2016-09-24,Dubai International Cricket Stadium,,,Pakistan,West Indies,Pakistan,Pakistan,West Indies,20,49,19,26,Babar Azam,19.0,Hasan Ali,26.0,,
1050221,2016-09-27,Sheikh Zayed Stadium,Abu Dhabi,,Pakistan,West Indies,Pakistan,Pakistan,,28,,25,,Babar Azam,27.0,,,,
1072316,2018-02-03,Sydney Cricket Ground,,,New Zealand,Australia,Australia,,,,,,,,,,,,
1072317,2018-02-07,Bellerive Oval,Hobart,,England,Australia,Australia,,,,,,,,,,,,
1072318,2018-02-10,Melbourne Cricket Ground,,,England,Australia,Australia,,,,,,,,,,,,
1072319,2018-02-13,Westpac Stadium,Wellington,,New Zealand,England,New Zealand,,,,,,,,,,,,
1072320,2018-02-16,Eden Park,Auckland,,New Zealand,Australia,Australia,,,,,,,,,,,,
1072321,2018-02-18,Seddon Park,Hamilton,,England,New Zealand,England,,,,,,,,,,,,
1072322,2018-02-21,Eden Park,Auckland,,New Zealand,Australia,Australia,,,,,,,,,,,,
1074957,2017-01-14,Sheikh Zayed Stadium,Abu Dhabi,,Hong Kong,Scotland,Scotland,,,,,,,,,,,,
1074959,2017-01-15,Sheikh Zayed Stadium,Abu Dhabi,,Netherlands,Oman,Netherlands,Netherlands,Oman,111,68,96,55,Zeeshan Maqsood,34.0,Kaleemullah,26.0,43.0,
1074961,2017-01-16,Sheikh Zayed Stadium,Abu Dhabi,,Hong Kong,Oman,Oman,Hong Kong,Oman,75,71,92,48,Aqib Ilyas,56.0,Bilal Khan,26.0,,
1074964,2017-01-17,Sheikh Zayed Stadium,Abu Dhabi,,Netherlands,Scotland,Scotland,,,,,,,,,,,,
1074965,2017-01-18,Dubai International Cricket Stadium,,,United Arab Emirates,Ireland,Ireland,Ireland,United Arab Emirates,7,24,4,28,GH Dockrell,7.0,GH Dockrell,26.0,,
1074966,2017-01-18,Dubai International Cricket Stadium,,,Hong Kong,Netherlands,Hong Kong,,,,,,,,,,,,
1074968,2017-01-19,Dubai International Cricket Stadium,,,Oman,Scotland,Scotland,Oman,Scotland,45,82,53,69,Aqib Ilyas,19.0,Zeeshan Maqsood,24.0,37.0,
1074970,2017-01-20,Dubai International Cricket Stadium,,,Ireland,Scotland,Ireland,Ireland,Scotland,3,28,3,21,GH Dockrell,3.0,GH Dockrell,19.0,,
1075507,2017-10-26,Mangaung Oval,Bloemfontein,,South Africa,Bangladesh,South Africa,Bangladesh,South Africa,98,42,64,24,Soumya Sarkar,47.0,Mohammad Saifuddin,12.0,,
1075508,2017-10-29,Senwes Park,Potchefstroom,,South Africa,Bangladesh,South Africa,Bangladesh,South Africa,87,95,67,43,Soumya Sarkar,44.0,Mohammad Saifuddin,24.0,8.0,
1077947,2017-03-26,"Kensington Oval, Bridgetown",Barbados,,West Indies,Pakistan,Pakistan,Pakistan,West Indies,32,33,32,48,Babar Azam,29.0,Hasan Ali,24.0,,
1077948,2017-03-30,"Queen's Park Oval, Port of Spain",Trinidad,,West Indies,Pakistan,Pakistan,Pakistan,West Indies,45,49,47,49,Babar Azam,27.0,Hasan Ali,25.0,,
1083449,2017-04-04,R Premadasa Stadium,Colombo,,Sri Lanka,Bangladesh,Sri Lanka,Bangladesh,Sri Lanka,35,83,22,56,Soumya Sarkar,29.0,Taskin Ahmed,19.0,48.0,
1083450,2017-04-06,R Premadasa Stadium,Colombo,,Sri Lanka,Bangladesh,Bangladesh,Bangladesh,Sri Lanka,43,45,24,37,Soumya Sarkar,34.0,Mustafizur Rahman,19.0,,
1085495,2017-04-01,"Queen's Park Oval, Port of Spain",Trinidad,,West Indies,Pakistan,West Indies,Pakistan,West Indies,70,59,63,36,Babar Azam,43.0,Shadab Khan,23.0,,
1085496,2017-04-02,"Queen's Park Oval, Port of Spain",Trinidad,,West Indies,Pakistan,Pakistan,Pakistan,West Indies,38,29,36,50,Babar Azam,38.0,Hasan Ali,25.0,9.0,
1089202,2017-04-12,Sheikh Zayed Stadium,Abu Dhabi,,United Arab Emirates,Papua New Guinea,United Arab Emirates,,,,,,,,,,,,
1089203,2017-04-14,Sheikh Zayed Stadium,Abu Dhabi,,United Arab Emirates,Papua New Guinea,United Arab Emirates,,,,,,,,,,,,
1089243,2017-04-14,Sheikh Zayed Stadium,Abu Dhabi,,United Arab Emirates,Papua New Guinea,United Arab Emirates,,,,,,,,,,,,
1098211,2017-07-09,"Sabina Park, Kingston",Jamaica,,West Indies,India,West Indies,West Indies,,39,,27,,,,Kuldeep Yadav,27.0,,
1109610,2017-09-06,"R.Premadasa Stadium, Khettarama",Colombo,,Sri Lanka,India,India,India,Sri Lanka,24,20,18,24,KL Rahul,24.0,Kuldeep Yadav,24.0,4.0,
1115798,2017-12-29,Saxton Oval,Nelson,,New Zealand,West Indies,New Zealand,,,,,,,,,,,,
1115799,2018-01-01,Bay Oval,Mount Maunganui,,New Zealand,West Indies,,,,,,,,,,,,,
1115800,2018-01-03,Bay Oval,Mount Maunganui,,New Zealand,West Indies,New Zealand,,,,,,,,,,,,
1115807,2018-01-22,Westpac Stadium,Wellington,,Pakistan,New Zealand,New Zealand,New Zealand,Pakistan,55,77,48,75,Babar Azam,41.0,Shadab Khan,24.0,,
1115808,2018-01-25,Eden Park,Auckland,,Pakistan,New Zealand,Pakistan,New Zealand,Pakistan,94,112,72,67,Babar Azam,50.0,Shadab Khan,26.0,18.0,
1115809,2018-01-28,Bay Oval,Mount Maunganui,,Pakistan,New Zealand,Pakistan,New Zealand,Pakistan,74,74,49,57,Fakhar Zaman,46.0,Faheem Ashraf,25.0,,
1117821,2017-09-12,Gaddafi Stadium,Lahore,,Pakistan,ICC World XI,Pakistan,ICC World XI,Pakistan,88,100,55,58,Babar Azam,86.0,Shadab Khan,25.0,12.0,
1117822,2017-09-13,Gaddafi Stadium,Lahore,,Pakistan,ICC World XI,ICC World XI,ICC World XI,Pakistan,32,68,25,53,Babar Azam,45.0,Shadab Khan,24.0,,
1117824,2017-09-15,Gaddafi Stadium,Lahore,,Pakistan,ICC World XI,Pakistan,ICC World XI,Pakistan,62,77,43,59,Babar Azam,48.0,Hasan Ali,24.0,15.0,
1119501,2017-10-07,JSCA International Stadium Complex,Ranchi,,Australia,India,India,Australia,,16,,24,,,,Kuldeep Yadav,24.0,,
1119502,2017-10-10,Barsapara Cricket Stadium,Guwahati,,India,Australia,Australia,Australia,India,46,19,24,21,Kuldeep Yadav,16.0,Kuldeep Yadav,24.0,27.0,
1119542,2018-06-27,Edgbaston,Birmingham,,England,Australia,England,,,,,,,,,,,,
1119543,2018-07-03,Old Trafford,Manchester,,England,India,India,England,India,24,102,24,55,KL Rahul,101.0,Kuldeep Yadav,24.0,78.0,
1119544,2018-07-06,Sophia Gardens,Cardiff,,India,England,England,England,India,37,6,25,8,KL Rahul,6.0,Kuldeep Yadav,24.0,31.0,
1119545,2018-07-08,County Ground,Bristol,,England,India,India,India,,19,,10,,KL Rahul,19.0,,,,
1120093,2017-11-01,Arun Jaitley Stadium,Delhi,,India,New Zealand,India,,,,,,,,,,,,
1120094,2017-11-04,Saurashtra Cricket Association Stadium,Rajkot,,New Zealand,India,New Zealand,India,New Zealand,30,53,25,25,,,AF Milne,25.0,23.0,
1120095,2017-11-07,Greenfield International Stadium,Thiruvananthapuram,,India,New Zealand,India,New Zealand,,10,,6,,,,Kuldeep Yadav,6.0,,
1120291,2017-10-26,Sheikh Zayed Stadium,Abu Dhabi,,Sri Lanka,Pakistan,Pakistan,Pakistan,Sri Lanka,8,45,19,52,Fakhar Zaman,6.0,Hasan Ali,22.0,,
1120292,2017-10-27,Sheikh Zayed Stadium,Abu Dhabi,,Sri Lanka,Pakistan,Pakistan,Pakistan,Sri Lanka,36,61,27,66,Shadab Khan,16.0,Hasan Ali,24.0,,
1120293,2017-10-29,Gaddafi Stadium,Lahore,,Pakistan,Sri Lanka,Pakistan,Pakistan,Sri Lanka,82,89,62,62,Babar Azam,34.0,Hasan Ali,25.0,,
1122285,2018-02-18,The Wanderers Stadium,Johannesburg,,India,South Africa,India,,,,,,,,,,,,
1122286,2018-02-21,SuperSport Park,Centurion,,India,South Africa,South Africa,,,,,,,,,,,,
1122287,2018-02-24,Newlands,Cape Town,,India,South Africa,India,,,,,,,,,,,,
1122729,2017-12-20,Barabati Stadium,Cuttack,,India,Sri Lanka,India,India,Sri Lanka,63,18,49,26,KL Rahul,61.0,Kuldeep Yadav,24.0,45.0,
1122730,2017-12-22,Holkar Cricket Stadium,Indore,,India,Sri Lanka,India,India,Sri Lanka,91,53,51,25,KL Rahul,89.0,Kuldeep Yadav,25.0,38.0,
1122731,2017-12-24,Wankhede Stadium,Mumbai,,Sri Lanka,India,India,India,Sri Lanka,4,94,9,76,KL Rahul,4.0,Mohammed Siraj,26.0,,
1127300,2018-06-12,"Grange Cricket Club, Raeburn Place",Edinburgh,,Pakistan,Scotland,Pakistan,Pakistan,Scotland,85,89,51,76,Fakhar Zaman,21.0,Hasan Ali,26.0,,
1127301,2018-06-13,"Grange Cricket Club, Raeburn Place",Edinburgh,,Pakistan,Scotland,Pakistan,Pakistan,Scotland,72,43,64,56,Fakhar Zaman,33.0,Shadab Khan,24.0,29.0,
1130746,2018-02-15,"Shere Bangla National Stadium, Mirpur",Dhaka,,Bangladesh,Sri Lanka,Sri Lanka,Bangladesh,Sri Lanka,56,92,36,47,Soumya Sarkar,51.0,Mustafizur Rahman,19.0,36.0,
1130747,2018-02-18,Sylhet International Cricket Stadium,,,Sri Lanka,Bangladesh,Sri Lanka,Bangladesh,Sri Lanka,42,136,48,77,Mohammad Saifuddin,20.0,Mohammad Saifuddin,26.0,94.0,
1133817,2018-03-06,"R.Premadasa Stadium, Khettarama",Colombo,,India,Sri Lanka,Sri Lanka,Sri Lanka,,29,,25,,,,Washington Sundar,25.0,,
1133818,2018-03-08,"R.Premadasa Stadium, Khettarama",Colombo,,Bangladesh,India,India,Bangladesh,India,68,67,69,49,Liton Das,34.0,Washington Sundar,26.0,,
1133819,2018-03-10,"R.Premadasa Stadium, Khettarama",Colombo,,Sri Lanka,Bangladesh,Bangladesh,Bangladesh,Sri Lanka,70,103,43,56,Liton Das,43.0,Mustafizur Rahman,28.0,,
1133820,2018-03-12,"R.Premadasa Stadium, Khettarama",Colombo,,Sri Lanka,India,India,India,Sri Lanka,23,21,19,25,KL Rahul,18.0,Washington Sundar,24.0,2.0,
1133821,2018-03-14,"R.Premadasa Stadium, Khettarama",Colombo,,India,Bangladesh,India,Bangladesh,India,72,38,53,25,Liton Das,7.0,Mohammed Siraj,27.0,,
1133822,2018-03-16,"R.Premadasa Stadium, Khettarama",Colombo,,Sri Lanka,Bangladesh,Bangladesh,Bangladesh,Sri Lanka,11,64,17,40,Soumya Sarkar,10.0,Mustafizur Rahman,26.0,,
1133823,2018-03-18,"R.Premadasa Stadium, Khettarama",Colombo,,Bangladesh,India,India,Bangladesh,India,32,80,36,57,KL Rahul,24.0,Mustafizur Rahman,24.0,48.0,
1140069,2018-04-01,National Stadium,Karachi,,Pakistan,West Indies,Pakistan,Pakistan,West Indies,122,25,86,39,Hussain Talat,41.0,Shadab Khan,18.0,97.0,
1140070,2018-04-02,National Stadium,Karachi,,Pakistan,West Indies,Pakistan,Pakistan,West Indies,174,82,107,71,Babar Azam,97.0,Hasan Ali,24.0,92.0,
1140071,2018-04-03,National Stadium,Karachi,,West Indies,Pakistan,Pakistan,Pakistan,West Indies,123,92,85,74,Babar Azam,51.0,Faheem Ashraf,25.0,31.0,
1140384,2018-10-27,"R.Premadasa Stadium, Khettarama",Colombo,,England,Sri Lanka,England,,,,,,,,,,,,
1140992,2018-06-27,"The Village, Malahide",Dublin,,India,Ireland,India,India,Ireland,40,24,24,29,GH Dockrell,9.0,GH Dockrell,24.0,16.0,
1140993,2018-06-29,"The Village, Malahide",Dublin,,India,Ireland,India,India,Ireland,90,19,57,21,KL Rahul,70.0,GH Dockrell,24.0,71.0,
1141232,2018-05-31,Lord's,London,,West Indies,ICC World XI,West Indies,,,,,,,,,,,,
1141835,2018-07-29,Lord's,London,,Netherlands,Nepal,,Netherlands,,61,,35,,,,Sompal Kami,25.0,,
1142501,2018-06-12,Hazelaarweg,Rotterdam,,Netherlands,Ireland,Netherlands,Ireland,Netherlands,10,19,10,25,GH Dockrell,9.0,GH Dockrell,24.0,9.0,
1142502,2018-06-13,Hazelaarweg,Rotterdam,,Ireland,Netherlands,Netherlands,Netherlands,,30,,24,,,,GH Dockrell,24.0,,
1142503,2018-06-16,Sportpark Het Schootsveld,Deventer,,Ireland,Scotland,Ireland,Scotland,,15,,19,,,,GH Dockrell,18.0,,
1142504,2018-06-17,Sportpark Het Schootsveld,Deventer,,Scotland,Ireland,,Ireland,Scotland,43,36,25,25,,,GH Dockrell,25.0,,
1142505,2018-06-19,VRA Ground,Amstelveen,,Netherlands,Scotland,Scotland,,,,,,,,,,,,
1142506,2018-06-20,VRA Ground,Amstelveen,,Scotland,Netherlands,Scotland,Netherlands,,26,,24,,,,Hamza Tahir,24.0,,
1142589,2018-08-14,"R.Premadasa Stadium, Khettarama",Colombo,,South Africa,Sri Lanka,Sri Lanka,,,,,,,,,,,,
1142913,2018-07-01,Harare Sports Club,,,Pakistan,Zimbabwe,Pakistan,Pakistan,Zimbabwe,72,82,53,65,Fakhar Zaman,61.0,Shadab Khan,24.0,,
1142914,2018-07-02,Harare Sports Club,,,Pakistan,Australia,Australia,Australia,Pakistan,60,69,36,66,Shadab Khan,29.0,Shadab Khan,23.0,,
1142915,2018-07-03,Harare Sports Club,,,Australia,Zimbabwe,Australia,,,,,,,,,,,,
1142916,2018-07-04,Harare Sports Club,,,Zimbabwe,Pakistan,Pakistan,Pakistan,Zimbabwe,94,100,76,75,Fakhar Zaman,47.0,Faheem Ashraf,24.0,,
1142917,2018-07-05,Harare Sports Club,,,Pakistan,Australia,Pakistan,Australia,Pakistan,97,114,73,76,Fakhar Zaman,73.0,Shaheen Shah Afridi,25.0,17.0,
1142918,2018-07-06,Harare Sports Club,,,Zimbabwe,Australia,Australia,,,,,,,,,,,,
1142919,2018-07-08,Harare Sports Club,,,Australia,Pakistan,Pakistan,Australia,Pakistan,149,98,101,54,Fakhar Zaman,91.0,Faheem Ashraf,26.0,,
1144149,2018-10-09,Buffalo Park,East London,,South Africa,Zimbabwe,South Africa,,,,,,,,,,,,
1144150,2018-10-12,Senwes Park,Potchefstroom,,Zimbabwe,South Africa,South Africa,,,,,,,,,,,,
1144161,2019-02-01,Newlands,Cape Town,,South Africa,Pakistan,South Africa,Pakistan,South Africa,119,122,87,71,Hussain Talat,40.0,Hasan Ali,25.0,3.0,
1144162,2019-02-03,The Wanderers Stadium,Johannesburg,,South Africa,Pakistan,South Africa,Pakistan,South Africa,166,116,116,79,Babar Azam,90.0,Shaheen Shah Afridi,29.0,,
1144163,2019-02-06,SuperSport Park,Centurion,,South Africa,Pakistan,Pakistan,Pakistan,South Africa,101,95,72,74,Mohammad Rizwan,26.0,Faheem Ashraf,25.0,6.0,
1144172,2019-03-19,Newlands,Cape Town,,South Africa,Sri Lanka,,,,,,,,,,,,,
1144173,2019-03-22,SuperSport Park,Centurion,,South Africa,Sri Lanka,South Africa,,,,,,,,,,,,
1144174,2019-03-24,The Wanderers Stadium,Johannesburg,,South Africa,Sri Lanka,South Africa,,,,,,,,,,,,
1144989,2018-11-17,Carrara Oval,,,South Africa,Australia,South Africa,,,,,,,,,,,,
1144990,2018-11-21,"Brisbane Cricket Ground, Woolloongabba",Brisbane,,Australia,India,Australia,Australia,India,24,18,27,13,KL Rahul,13.0,Kuldeep Yadav,26.0,6.0,
1144991,2018-11-23,Melbourne Cricket Ground,,,Australia,India,,Australia,,23,,25,,,,Kuldeep Yadav,25.0,,
1144992,2018-11-25,Sydney Cricket Ground,,,Australia,India,India,Australia,India,20,16,26,21,KL Rahul,14.0,Kuldeep Yadav,26.0,,
1146723,2018-07-31,"Warner Park, Basseterre",St Kitts,,Bangladesh,West Indies,West Indies,Bangladesh,West Indies,27,18,27,12,Liton Das,24.0,Mustafizur Rahman,12.0,,
1146724,2018-08-04,Central Broward Regional Park Stadium Turf Ground,Lauderhill,,Bangladesh,West Indies,Bangladesh,Bangladesh,West Indies,16,50,23,31,Soumya Sarkar,14.0,Mustafizur Rahman,29.0,,
1146725,2018-08-05,Central Broward Regional Park Stadium Turf Ground,Lauderhill,,Bangladesh,West Indies,Bangladesh,Bangladesh,West Indies,66,49,36,39,Liton Das,61.0,Mustafizur Rahman,20.0,17.0,
1152840,2019-05-05,Sophia Gardens,Cardiff,,England,Pakistan,England,England,Pakistan,151,92,96,59,Babar Azam,65.0,Shaheen Shah Afridi,26.0,59.0,
1153317,2018-12-17,Sylhet International Cricket Stadium,Sylhet,,Bangladesh,West Indies,West Indies,Bangladesh,West Indies,16,28,13,14,Liton Das,6.0,Mohammad Saifuddin,7.0,12.0,
1153318,2018-12-20,"Shere Bangla National Stadium, Mirpur",Dhaka,,Bangladesh,West Indies,Bangladesh,Bangladesh,West Indies,95,97,58,54,Liton Das,60.0,Mustafizur Rahman,26.0,,
1153319,2018-12-22,"Shere Bangla National Stadium, Mirpur",Dhaka,,Bangladesh,West Indies,West Indies,Bangladesh,West Indies,74,69,54,52,Liton Das,43.0,Mohammad Saifuddin,26.0,,
1153696,2019-02-06,Westpac Stadium,Wellington,,New Zealand,India,New Zealand,New Zealand,,0,,1,,,,,,,
1153697,2019-02-08,Eden Park,Auckland,,New Zealand,India,India,,,,,,,,,,,,
1153698,2019-02-10,Seddon Park,Hamilton,,New Zealand,India,New Zealand,New Zealand,,26,,25,,,,Kuldeep Yadav,24.0,,
1153843,2019-01-11,Eden Park,Auckland,,New Zealand,Sri Lanka,New Zealand,,,,,,,,,,,,
1157372,2018-10-24,Sheikh Zayed Stadium,Abu Dhabi,,Pakistan,Australia,Pakistan,Australia,Pakistan,69,113,77,85,Babar Azam,68.0,Shadab Khan,23.0,44.0,
1157373,2018-10-26,Dubai International Cricket Stadium,,,Pakistan,Australia,Pakistan,Australia,Pakistan,117,80,96,69,Babar Azam,45.0,Shaheen Shah Afridi,28.0,,
1157374,2018-10-28,Dubai International Cricket Stadium,,,Pakistan,Australia,Pakistan,Australia,Pakistan,45,93,57,83,Babar Azam,50.0,Shadab Khan,25.0,48.0,
1157375,2018-10-31,Sheikh Zayed Stadium,Abu Dhabi,,Pakistan,New Zealand,Pakistan,New Zealand,Pakistan,106,39,79,41,Faheem Ashraf,10.0,AF Milne,25.0,,
1157376,2018-11-02,Dubai International Cricket Stadium,,,New Zealand,Pakistan,Pakistan,New Zealand,Pakistan,114,76,87,64,Babar Azam,40.0,Shadab Khan,25.0,,
1157377,2018-11-04,Dubai International Cricket Stadium,,,Pakistan,New Zealand,Pakistan,New Zealand,Pakistan,36,90,36,74,Babar Azam,79.0,Shadab Khan,24.0,54.0,
1157759,2018-11-04,Eden Gardens,Kolkata,,West Indies,India,India,India,West Indies,22,14,23,24,KL Rahul,16.0,Kuldeep Yadav,24.0,8.0,
1157760,2018-11-06,Bharat Ratna Shri Atal Bihari Vajpayee Ekana Cricket Stadium,Lucknow,,India,West Indies,India,India,West Indies,28,32,16,24,KL Rahul,26.0,Kuldeep Yadav,24.0,,
1157761,2018-11-11,"MA Chidambaram Stadium, Chepauk",Chennai,,West Indies,India,India,India,West Indies,18,33,11,28,KL Rahul,17.0,Washington Sundar,27.0,,
1158071,2019-03-05,"Darren Sammy National Cricket Stadium, St Lucia",Gros Islet,,West Indies,England,England,,,,,,,,,,,,
1158072,2019-03-08,"Warner Park, St Kitts",Basseterre,,West Indies,England,England,,,,,,,,,,,,
1158073,2019-03-10,"Warner Park, St Kitts",Basseterre,,West Indies,England,England,,,,,,,,,,,,
1162727,2018-10-22,Tolerance Oval,Abu Dhabi,,United Arab Emirates,Australia,Australia,,,,,,,,,,,,
1168247,2019-02-24,Dr. Y.S. Rajasekhara Reddy ACA-VDCA Cricket Stadium,Visakhapatnam,,India,Australia,Australia,Australia,India,0,52,1,38,KL Rahul,50.0,,,,
1168248,2019-02-27,M.Chinnaswamy Stadium,Bengaluru,,India,Australia,Australia,Australia,India,0,47,1,26,KL Rahul,47.0,,,,
1168521,2019-07-12,"Bready Cricket Club, Magheramason",Bready,,Ireland,Zimbabwe,Ireland,Ireland,Zimbabwe,14,4,6,6,Sikandar Raza,3.0,Sikandar Raza,6.0,10.0,
1168522,2019-07-14,Bready,Derry,,Ireland,Zimbabwe,Zimbabwe,Ireland,Zimbabwe,1,16,2,13,GH Dockrell,1.0,GH Dockrell,13.0,15.0,
1170457,2019-01-31,ICC Academy,Dubai,,United Arab Emirates,Nepal,United Arab Emirates,Nepal,United Arab Emirates,32,59,27,43,Sompal Kami,27.0,Karan KC,25.0,27.0,
1170458,2019-02-01,ICC Academy,Dubai,,United Arab Emirates,Nepal,Nepal,Nepal,United Arab Emirates,22,38,23,45,Karan KC,20.0,Sompal Kami,25.0,,
1170459,2019-02-03,ICC Academy,Dubai,,United Arab Emirates,Nepal,Nepal,Nepal,United Arab Emirates,10,35,6,25,Karan KC,10.0,Sompal Kami,13.0,,
1172505,2019-02-13,Al Amerat Cricket Ground Oman Cricket (Ministry Turf 1),Al Amarat,,Netherlands,Scotland,Netherlands,,,,,,,,,,,,
1172506,2019-02-13,Al Amerat Cricket Ground Oman Cricket (Ministry Turf 1),Al Amarat,,Oman,Ireland,Ireland,Ireland,Oman,74,78,72,73,Fayyaz Butt,25.0,Bilal Khan,24.0,,
1172507,2019-02-15,Al Amerat Cricket Ground Oman Cricket (Ministry Turf 1),Al Amarat,,Oman,Netherlands,Netherlands,Netherlands,Oman,76,30,55,12,Naseem Khushi,28.0,Bilal Khan,23.0,46.0,
1172508,2019-02-15,Al Amerat Cricket Ground Oman Cricket (Ministry Turf 1),Al Amarat,,Ireland,Scotland,Scotland,Ireland,Scotland,15,35,7,19,GH Dockrell,15.0,GH Dockrell,19.0,20.0,
1172509,2019-02-17,Al Amerat Cricket Ground Oman Cricket (Ministry Turf 1),Al Amarat,,Ireland,Netherlands,Ireland,Ireland,Netherlands,12,26,7,22,GH Dockrell,12.0,GH Dockrell,22.0,,
1172510,2019-02-17,Al Amerat Cricket Ground Oman Cricket (Ministry Turf 1),Al Amarat,,Oman,Scotland,Scotland,Oman,Scotland,35,78,52,67,Mohammad Nadeem,29.0,Bilal Khan,26.0,43.0,
1176792,2019-03-22,Amini Park,Port Moresby,,Papua New Guinea,Philippines,Papua New Guinea,,,,,,,,,,,,
1176793,2019-03-22,Amini Park,Port Moresby,,Papua New Guinea,Vanuatu,Papua New Guinea,,,,,,,,,,,,
1176794,2019-03-23,Amini Park,Port Moresby,,Philippines,Vanuatu,Vanuatu,,,,,,,,,,,,
1176795,2019-03-23,Amini Park,Port Moresby,,Papua New Guinea,Philippines,,,,,,,,,,,,,
1176796,2019-03-24,Amini Park,Port Moresby,,Philippines,Vanuatu,Philippines,,,,,,,,,,,,
1176797,2019-03-24,Amini Park,Port Moresby,,Papua New Guinea,Vanuatu,Papua New Guinea,,,,,,,,,,,,
1177484,2019-03-15,ICC Academy,Dubai,,United Arab Emirates,United States of America,,United States of America,,1,,1,,Aaron Jones,1.0,,,,
1177485,2019-03-16,ICC Academy,Dubai,,United Arab Emirates,United States of America,United Arab Emirates,United States of America,,1,,1,,Aaron Jones,1.0,,,,
1178996,2019-05-25,Sportpark Maarschalkerweerd,Utrecht,,Germany,Italy,Italy,,,,,,,,,,,,
1183524,2019-10-27,Adelaide Oval,Adelaide,,Australia,Sri Lanka,Australia,,,,,,,,,,,,
1183525,2019-10-30,"Brisbane Cricket Ground, Woolloongabba",Brisbane,,Australia,Sri Lanka,Australia,,,,,,,,,,,,
1183526,2019-11-01,Melbourne Cricket Ground,Melbourne,,Australia,Sri Lanka,Australia,,,,,,,,,,,,
1183527,2019-11-03,Sydney Cricket Ground,Sydney,,Australia,Pakistan,,Pakistan,,91,,72,,Babar Azam,59.0,,,,
1183528,2019-11-05,Manuka Oval,Canberra,,Australia,Pakistan,Australia,Australia,Pakistan,25,67,25,61,Babar Azam,50.0,Shadab Khan,24.0,,
1183529,2019-11-08,Perth Stadium,Perth,,Australia,Pakistan,Australia,Australia,Pakistan,33,22,27,39,Khushdil Shah,8.0,Mohammad Hasnain,27.0,11.0,
1184258,2019-05-20,Kyambogo Cricket Oval,Kampala,,Ghana,Namibia,Namibia,Ghana,,22,,24,,,,JJ Smit,24.0,,
1184260,2019-05-20,Lugogo Cricket Oval,Kampala,,Uganda,Botswana,Uganda,Uganda,,24,,21,,Riazat Ali Shah,24.0,,,,
1184261,2019-05-21,Kyambogo Cricket Oval,Kampala,,Ghana,Kenya,Kenya,,,,,,,,,,,,
1184262,2019-05-21,Kyambogo Cricket Oval,Kampala,,Uganda,Namibia,Namibia,Namibia,Uganda,23,19,24,16,Riazat Ali Shah,19.0,Riazat Ali Shah,18.0,4.0,
1184263,2019-05-21,Lugogo Cricket Oval,Kampala,,Botswana,Nigeria,Nigeria,,,,,,,,,,,,
1184266,2019-05-23,Kyambogo Cricket Oval,Kampala,,Uganda,Ghana,Uganda,Ghana,Uganda,15,53,10,36,Riazat Ali Shah,53.0,Riazat Ali Shah,10.0,38.0,
1184900,2019-05-22,Kyambogo Cricket Oval,Kampala,,Ghana,Nigeria,Nigeria,,,,,,,,,,,,
1184901,2019-05-22,Kyambogo Cricket Oval,Kampala,,Botswana,Namibia,Namibia,,,,,,,,,,,,
1184902,2019-05-22,Lugogo Cricket Oval,Kampala,,Uganda,Kenya,Kenya,Kenya,Uganda,23,45,18,36,Riazat Ali Shah,44.0,Riazat Ali Shah,18.0,,
1185181,2019-06-15,King George V Sports Ground,Castel,,Guernsey,Germany,Germany,,,,,,,,,,,,
1185182,2019-06-17,King George V Sports Ground,Castel,,Denmark,Norway,Denmark,,,,,,,,,,,,
1185184,2019-06-16,King George V Sports Ground,Castel,,Denmark,Jersey,Jersey,,,,,,,,,,,,
1185185,2019-06-16,College Field,St Peter Port,,Guernsey,Italy,Italy,,,,,,,,,,,,
1185186,2019-06-16,King George V Sports Ground,Castel,,Jersey,Norway,Jersey,,,,,,,,,,,,
1185187,2019-06-18,King George V Sports Ground,Castel,,Guernsey,Denmark,,,,,,,,,,,,,
1185188,2019-06-20,College Field,St Peter Port,,Germany,Norway,Germany,,,,,,,,,,,,
1185190,2019-06-20,College Field,St Peter Port,,Germany,Jersey,Germany,,,,,,,,,,,,
1185191,2019-06-19,King George V Sports Ground,Castel,,Guernsey,Norway,Guernsey,,,,,,,,,,,,
1185192,2019-06-19,College Field,St Peter Port,,Italy,Jersey,Jersey,,,,,,,,,,,,
1185193,2019-06-19,King George V Sports Ground,Castel,,Denmark,Germany,Germany,,,,,,,,,,,,
1185313,2020-02-12,Buffalo Park,East London,,South Africa,England,South Africa,,,,,,,,,,,,
1185314,2020-02-14,Kingsmead,Durban,,South Africa,England,England,,,,,,,,,,,,
1185315,2020-02-16,SuperSport Park,Centurion,,South Africa,England,England,,,,,,,,,,,,
1185316,2020-02-21,The Wanderers Stadium,Johannesburg,,South Africa,Australia,Australia,,,,,,,,,,,,
1185317,2020-02-23,St George's Park,Port Elizabeth,,South Africa,Australia,South Africa,,,,,,,,,,,,
1185318,2020-02-26,Newlands,Cape Town,,South Africa,Australia,Australia,,,,,,,,,,,,
1186488,2019-06-24,Kinrara Academy Oval,Kuala Lumpur,,Malaysia,Thailand,Malaysia,,,,,,,,,,,,
1186490,2019-06-26,Kinrara Academy Oval,Kuala Lumpur,,Maldives,Thailand,Maldives,,,,,,,,,,,,
1186491,2019-06-27,Kinrara Academy Oval,Kuala Lumpur,,Malaysia,Thailand,Malaysia,,,,,,,,,,,,
1186492,2019-06-28,Kinrara Academy Oval,Kuala Lumpur,,Malaysia,Maldives,,,,,,,,,,,,,
1186493,2019-06-29,Kinrara Academy Oval,Kuala Lumpur,,Maldives,Thailand,Thailand,,,,,,,,,,,,
1187005,2019-09-18,"Punjab Cricket Association IS Bindra Stadium, Mohali",Chandigarh,,India,South Africa,India,South Africa,,19,,19,,,,Washington Sundar,18.0,,
1187006,2019-09-22,M.Chinnaswamy Stadium,Bengaluru,,India,South Africa,South Africa,India,South Africa,5,28,2,24,Washington Sundar,4.0,Washington Sundar,24.0,23.0,
1187013,2019-11-03,Arun Jaitley Stadium,Delhi,,India,Bangladesh,Bangladesh,Bangladesh,India,78,70,71,64,Soumya Sarkar,39.0,Washington Sundar,24.0,8.0,
1187014,2019-11-07,Saurashtra Cricket Association Stadium,Rajkot,,India,Bangladesh,India,Bangladesh,India,106,54,84,39,Mohammad Naim,36.0,Mustafizur Rahman,24.0,,
1187015,2019-11-10,"Vidarbha Cricket Association Stadium, Jamtha",Nagpur,,India,Bangladesh,India,Bangladesh,India,102,124,73,78,Mohammad Naim,81.0,Mustafizur Rahman,26.0,22.0,
1187018,2019-12-06,"Rajiv Gandhi International Stadium, Uppal",Hyderabad,,India,West Indies,India,India,West Indies,70,34,43,19,KL Rahul,62.0,Washington Sundar,19.0,36.0,
1187019,2019-12-08,Greenfield International Stadium,Thiruvananthapuram,,India,West Indies,West Indies,India,West Indies,16,26,13,25,KL Rahul,11.0,Washington Sundar,25.0,10.0,
1187020,2019-12-11,Wankhede Stadium,Mumbai,,India,West Indies,India,India,West Indies,94,50,58,33,KL Rahul,91.0,Kuldeep Yadav,25.0,44.0,
1187665,2019-11-01,Hagley Oval,Christchurch,,New Zealand,England,England,,,,,,,,,,,,
1187666,2019-11-03,Westpac Stadium,Wellington,,New Zealand,England,New Zealand,,,,,,,,,,,,
1187667,2019-11-05,Saxton Oval,Nelson,,New Zealand,England,New Zealand,,,,,,,,,,,,
1187668,2019-11-08,McLean Park,Napier,,New Zealand,England,England,,,,,,,,,,,,
1187669,2019-11-10,Eden Park,Auckland,,New Zealand,England,,,,,,,,,,,,,
1187677,2020-01-24,Eden Park,Auckland,,New Zealand,India,India,India,,61,,31,,KL Rahul,56.0,,,,
1187678,2020-01-26,Eden Park,Auckland,,New Zealand,India,India,India,,63,,52,,KL Rahul,57.0,,,,
1187679,2020-01-29,Seddon Park,Hamilton,,New Zealand,India,,India,New Zealand,32,0,21,2,KL Rahul,32.0,,,,
1187680,2020-01-31,Westpac Stadium,Wellington,,New Zealand,India,,India,New Zealand,52,24,34,14,KL Rahul,49.0,Washington Sundar,12.0,,
1187681,2020-02-02,Bay Oval,Mount Maunganui,,New Zealand,India,India,India,New Zealand,50,20,34,20,KL Rahul,45.0,Washington Sundar,18.0,30.0,
1188379,2019-06-23,Hazelaarweg,Rotterdam,,Netherlands,Zimbabwe,Netherlands,Netherlands,Zimbabwe,29,14,26,10,Sikandar Raza,14.0,Sikandar Raza,26.0,15.0,
1188380,2019-06-25,Hazelaarweg,Rotterdam,,Netherlands,Zimbabwe,,Netherlands,Zimbabwe,25,7,24,11,Sikandar Raza,7.0,Sikandar Raza,24.0,,
1188621,2019-08-03,Central Broward Regional Park Stadium Turf Ground,Lauderhill,,India,West Indies,India,India,West Indies,8,18,5,13,Washington Sundar,8.0,Washington Sundar,13.0,,
1188622,2019-08-04,Central Broward Regional Park Stadium Turf Ground,Lauderhill,,India,West Indies,India,West Indies,,13,,19,,,,Washington Sundar,19.0,,
1188623,2019-08-06,"Providence Stadium, Guyana",Providence,,West Indies,India,India,India,West Indies,21,23,19,22,KL Rahul,20.0,Washington Sundar,21.0,,
1189743,2019-06-20,King George V Sports Ground,Castel,,Guernsey,Denmark,Guernsey,,,,,,,,,,,,
1189744,2019-06-20,King George V Sports Ground,Castel,,Denmark,Italy,Denmark,,,,,,,,,,,,
1190767,2019-07-22,Indian Association Ground,Singapore,,Singapore,Qatar,Singapore,,,,,,,,,,,,
1190768,2019-07-22,Indian Association Ground,Singapore,,Kuwait,Malaysia,Malaysia,,,,,,,,,,,,
1190769,2019-07-23,Indian Association Ground,Singapore,,Nepal,Qatar,Qatar,Nepal,Qatar,16,32,17,32,Sompal Kami,11.0,Karan KC,24.0,16.0,
1190771,2019-07-24,Indian Association Ground,Singapore,,Malaysia,Nepal,Nepal,Malaysia,,36,,25,,,,Karan KC,13.0,,
1190772,2019-07-26,Indian Association Ground,Singapore,,Kuwait,Qatar,Kuwait,,,,,,,,,,,,
1190773,2019-07-26,Indian Association Ground,Singapore,,Singapore,Malaysia,Singapore,,,,,,,,,,,,
1190774,2019-07-27,Indian Association Ground,Singapore,,Kuwait,Nepal,Nepal,Kuwait,,64,,50,,,,Karan KC,26.0,,
1190775,2019-07-27,Indian Association Ground,Singapore,,Malaysia,Qatar,Qatar,,,,,,,,,,,,
1190776,2019-07-28,Indian Association Ground,Singapore,,Singapore,Nepal,Singapore,Nepal,Singapore,11,43,10,37,Sompal Kami,11.0,Karan KC,19.0,32.0,
1191006,2019-08-05,VRA Ground,Amstelveen,,Netherlands,United Arab Emirates,United Arab Emirates,,,,,,,,,,,,
1191008,2019-08-08,Sportpark Westvliet,The Hague,,Netherlands,United Arab Emirates,United Arab Emirates,,,,,,,,,,,,
1192223,2019-07-13,Kinrara Academy Oval,Kuala Lumpur,,Malaysia,Nepal,Nepal,Malaysia,,43,,45,,,,Karan KC,24.0,,
1192224,2019-07-14,Kinrara Academy Oval,Kuala Lumpur,,Malaysia,Nepal,Nepal,Malaysia,Nepal,56,17,46,11,Karan KC,16.0,Sompal Kami,26.0,,
1192875,2019-09-01,Pallekele International Cricket Stadium,Kandy,,Sri Lanka,New Zealand,New Zealand,,,,,,,,,,,,
1192876,2019-09-03,Pallekele International Cricket Stadium,Kandy,,Sri Lanka,New Zealand,New Zealand,,,,,,,,,,,,
1192877,2019-09-06,Pallekele International Cricket Stadium,Kandy,,Sri Lanka,New Zealand,Sri Lanka,,,,,,,,,,,,
1197140,2019-09-13,"Shere Bangla National Stadium, Mirpur",Dhaka,,Bangladesh,Zimbabwe,Bangladesh,Bangladesh,Zimbabwe,84,58,49,50,Afif Hossain,52.0,Mustafizur Rahman,26.0,26.0,
1197143,2019-09-18,Zahur Ahmed Chowdhury Stadium,Chattogram,,Bangladesh,Zimbabwe,Bangladesh,Bangladesh,Zimbabwe,51,53,32,51,Liton Das,38.0,Mustafizur Rahman,25.0,,
1197396,2019-08-18,"White Hill Field, Sandys Parish",Hamilton,,Bermuda,United States of America,Bermuda,United States of America,,41,,30,,Aaron Jones,39.0,,,,
1197397,2019-08-18,"White Hill Field, Sandys Parish",Hamilton,,Canada,Cayman Islands,Canada,Canada,Cayman Islands,102,30,50,24,Ravinderpal Singh,101.0,Saad Bin Zafar,24.0,72.0,
1197398,2019-08-19,National Stadium,Hamilton,,Bermuda,Canada,,Bermuda,Canada,21,26,21,10,Rizwan Cheema,25.0,Saad Bin Zafar,19.0,,
1197399,2019-08-19,National Stadium,Hamilton,,Cayman Islands,United States of America,United States of America,Cayman Islands,United States of America,6,18,12,19,Aaron Jones,16.0,Aaron Jones,12.0,12.0,
1197400,2019-08-21,"White Hill Field, Sandys Parish",Hamilton,,Bermuda,Cayman Islands,Bermuda,,,,,,,,,,,,
1197401,2019-08-21,"White Hill Field, Sandys Parish",Hamilton,,Canada,United States of America,Canada,Canada,United States of America,30,34,30,38,Saad Bin Zafar,20.0,Saad Bin Zafar,24.0,,
1197402,2019-08-22,"White Hill Field, Sandys Parish",Hamilton,,Canada,Cayman Islands,Canada,Canada,Cayman Islands,0,8,5,25,Rizwan Cheema,0.0,Saad Bin Zafar,24.0,,
1197403,2019-08-22,Bermuda National Stadium,Hamilton,,United States of America,Bermuda,Bermuda,United States of America,,4,,5,,Aaron Jones,4.0,,,,
1197404,2019-08-24,"White Hill Field, Sandys Parish",Hamilton,,Cayman Islands,United States of America,United States of America,Cayman Islands,,7,,24,,,,Aaron Jones,24.0,,
1197406,2019-08-25,"White Hill Field, Sandys Parish",Hamilton,,Canada,United States of America,Canada,Canada,United States of America,101,44,53,38,Ravinderpal Singh,67.0,Saad Bin Zafar,25.0,57.0,
1197407,2019-08-25,"White Hill Field, Sandys Parish",Hamilton,,Bermuda,Cayman Islands,Bermuda,,,,,,,,,,,,
1197507,2019-08-19,United Cricket Club Ground,Windhoek,,Namibia,Botswana,Namibia,,,,,,,,,,,,
1197508,2019-08-20,United Cricket Club Ground,Windhoek,,Namibia,Botswana,Namibia,Namibia,,103,,45,,JP Kotze,101.0,,,,
1197509,2019-08-22,United Cricket Club Ground,Windhoek,,Namibia,Botswana,Namibia,Namibia,,12,,14,,JP Kotze,12.0,,,,
1197510,2019-08-23,United Cricket Club Ground,Windhoek,,Namibia,Botswana,Namibia,Namibia,,8,,7,,JP Kotze,8.0,,,,
1197521,2019-10-05,Al Amerat Cricket Ground Oman Cricket (Ministry Turf 1),Al Amarat,,Ireland,Netherlands,Ireland,Netherlands,,15,,6,,,,GH Dockrell,6.0,,
1197522,2019-10-06,Al Amerat Cricket Ground Oman Cricket (Ministry Turf 1),Al Amarat,,Oman,Ireland,Oman,Ireland,Oman,83,68,69,46,Aqib Ilyas,21.0,Mohammad Nadeem,24.0,,
1197523,2019-10-06,Al Amerat Cricket Ground Oman Cricket (Ministry Turf 1),Al Amarat,,Hong Kong,Nepal,Nepal,Hong Kong,Nepal,59,14,43,15,Sompal Kami,13.0,Karan KC,25.0,,
1197524,2019-10-07,Al Amerat Cricket Ground Oman Cricket (Ministry Turf 1),Al Amarat,,Nepal,Netherlands,Nepal,Nepal,Netherlands,34,45,16,40,Karan KC,31.0,Karan KC,22.0,,
1197525,2019-10-07,Al Amerat Cricket Ground Oman Cricket (Ministry Turf 1),Al Amarat,,Hong Kong,Ireland,Ireland,,,,,,,,,,,,
1197526,2019-10-09,Al Amerat Cricket Ground Oman Cricket (Ministry Turf 1),Al Amarat,,Ireland,Nepal,Ireland,Ireland,Nepal,66,39,45,37,Karan KC,16.0,GH Dockrell,26.0,27.0,
1197527,2019-10-09,Al Amerat Cricket Ground Oman Cricket (Ministry Turf 1),Al Amarat,,Oman,Netherlands,Oman,Netherlands,Oman,61,50,64,44,Aqib Ilyas,44.0,Fayyaz Butt,19.0,,
1197528,2019-10-10,Al Amerat Cricket Ground Oman Cricket (Ministry Turf 1),Al Amarat,,Hong Kong,Netherlands,Netherlands,,,,,,,,,,,,
1197529,2019-10-10,Al Amerat Cricket Ground Oman Cricket (Ministry Turf 1),Al Amarat,,Oman,Nepal,Oman,Nepal,Oman,54,34,51,38,Karan KC,8.0,Karan KC,24.0,,
1198235,2020-09-04,The Rose Bowl,Southampton,,England,Australia,England,,,,,,,,,,,,
1198236,2020-09-06,The Rose Bowl,Southampton,,Australia,England,England,,,,,,,,,,,,
1198237,2020-09-08,The Rose Bowl,Southampton,,England,Australia,Australia,,,,,,,,,,,,
1198244,2020-08-28,Old Trafford,Manchester,,England,Pakistan,,England,,75,,56,,,,Shadab Khan,24.0,,
1198245,2020-08-30,Old Trafford,Manchester,,Pakistan,England,England,England,Pakistan,113,93,70,66,Babar Azam,56.0,Shadab Khan,25.0,20.0,
1198246,2020-09-01,Old Trafford,Manchester,,Pakistan,England,Pakistan,England,Pakistan,120,37,75,32,Babar Azam,21.0,Haris Rauf,25.0,,
1198489,2019-10-05,Gaddafi Stadium,Lahore,,Pakistan,Sri Lanka,Sri Lanka,Pakistan,Sri Lanka,28,107,25,68,Babar Azam,13.0,Mohammad Hasnain,26.0,79.0,
1198490,2019-10-07,Gaddafi Stadium,Lahore,,Pakistan,Sri Lanka,Sri Lanka,Pakistan,Sri Lanka,10,83,17,50,Fakhar Zaman,6.0,Mohammad Hasnain,25.0,73.0,
1198491,2019-10-09,Gaddafi Stadium,Lahore,,Pakistan,Sri Lanka,Sri Lanka,Pakistan,Sri Lanka,28,32,33,25,Babar Azam,27.0,Shadab Khan,24.0,4.0,
1199499,2019-10-18,ICC Academy,Dubai,,Scotland,Singapore,Singapore,Singapore,,27,,25,,,,Hamza Tahir,25.0,,
1199500,2019-10-18,Sheikh Zayed Stadium,Abu Dhabi,,Hong Kong,Ireland,Ireland,Hong Kong,,23,,18,,,,GH Dockrell,18.0,,
1199501,2019-10-18,ICC Academy,Dubai,,Kenya,Netherlands,Netherlands,,,,,,,,,,,,
1199502,2019-10-18,Sheikh Zayed Stadium,Abu Dhabi,,United Arab Emirates,Oman,Oman,Oman,United Arab Emirates,66,84,68,90,Aqib Ilyas,45.0,Aqib Ilyas,24.0,,
1199503,2019-10-19,ICC Academy,Dubai,,Bermuda,Papua New Guinea,Papua New Guinea,,,,,,,,,,,,
1199504,2019-10-19,Sheikh Zayed Stadium,Abu Dhabi,,Jersey,Nigeria,Jersey,,,,,,,,,,,,
1199505,2019-10-19,ICC Academy,Dubai,,Namibia,Netherlands,Netherlands,Namibia,Netherlands,12,32,11,27,JP Kotze,7.0,JJ Smit,26.0,20.0,
1199506,2019-10-19,ICC Academy Ground No 2,Dubai,,Kenya,Scotland,Scotland,Kenya,,28,,19,,,,Hamza Tahir,19.0,,
1199507,2019-10-19,Sheikh Zayed Stadium,Abu Dhabi,,United Arab Emirates,Ireland,United Arab Emirates,Ireland,United Arab Emirates,1,17,2,6,GH Dockrell,1.0,GH Dockrell,6.0,16.0,
1199508,2019-10-20,ICC Academy Ground No 2,Dubai,,Namibia,Papua New Guinea,Papua New Guinea,Namibia,Papua New Guinea,37,34,32,29,JJ Smit,12.0,JJ Smit,26.0,,
1199509,2019-10-20,Tolerance Oval,Abu Dhabi,,Canada,Jersey,Canada,Canada,Jersey,12,34,12,25,Ravinderpal Singh,9.0,Saad Bin Zafar,24.0,,
1199510,2019-10-20,ICC Academy Ground No 2,Dubai,,Bermuda,Singapore,Singapore,,,,,,,,,,,,
1199511,2019-10-20,Sheikh Zayed Stadium,Abu Dhabi,,Hong Kong,Oman,Oman,Hong Kong,Oman,64,65,74,61,Aqib Ilyas,37.0,Bilal Khan,24.0,1.0,
1199512,2019-10-21,ICC Academy,Dubai,,Papua New Guinea,Scotland,Scotland,Papua New Guinea,,24,,24,,,,Hamza Tahir,24.0,,
1199513,2019-10-21,Sheikh Zayed Stadium,Abu Dhabi,,United Arab Emirates,Hong Kong,United Arab Emirates,,,,,,,,,,,,
1199514,2019-10-21,Tolerance Oval,Abu Dhabi,,Ireland,Oman,Ireland,Ireland,Oman,134,57,86,53,Fayyaz Butt,9.0,Fayyaz Butt,26.0,77.0,
1199515,2019-10-21,ICC Academy,Dubai,,Bermuda,Kenya,Kenya,,,,,,,,,,,,
1199516,2019-10-21,Sheikh Zayed Stadium,Abu Dhabi,,Canada,Nigeria,Canada,Canada,Nigeria,14,25,12,27,Saad Bin Zafar,11.0,Saad Bin Zafar,26.0,,
1199517,2019-10-22,ICC Academy,Dubai,,Namibia,Scotland,Namibia,Namibia,Scotland,68,31,49,28,JJ Smit,43.0,JJ Smit,27.0,37.0,
1199518,2019-10-22,ICC Academy,Dubai,,Netherlands,Singapore,Netherlands,,,,,,,,,,,,
1199519,2019-10-22,Tolerance Oval,Abu Dhabi,,United Arab Emirates,Jersey,Jersey,,,,,,,,,,,,
1199520,2019-10-23,ICC Academy Ground No 2,Dubai,,Bermuda,Namibia,Namibia,Bermuda,Namibia,19,13,26,9,JJ Smit,12.0,JJ Smit,24.0,,
1199521,2019-10-23,Tolerance Oval,Abu Dhabi,,Nigeria,Oman,Oman,Nigeria,Oman,44,2,75,5,Aqib Ilyas,2.0,Bilal Khan,24.0,,
1199522,2019-10-23,ICC Academy Ground No 2,Dubai,,Kenya,Singapore,Kenya,,,,,,,,,,,,
1199523,2019-10-23,Sheikh Zayed Stadium,Abu Dhabi,,Canada,Ireland,Canada,Canada,Ireland,44,49,36,36,Ravinderpal Singh,16.0,Saad Bin Zafar,25.0,,
1199524,2019-10-23,Sheikh Zayed Stadium,Abu Dhabi,,Hong Kong,Jersey,Hong Kong,,,,,,,,,,,,
1199525,2019-10-24,ICC Academy,Dubai,,Netherlands,Papua New Guinea,Papua New Guinea,,,,,,,,,,,,
1199526,2019-10-24,Tolerance Oval,Abu Dhabi,,United Arab Emirates,Nigeria,United Arab Emirates,,,,,,,,,,,,
1199527,2019-10-24,Tolerance Oval,Abu Dhabi,,Canada,Hong Kong,Hong Kong,Canada,Hong Kong,35,33,37,25,Rizwan Cheema,20.0,Saad Bin Zafar,24.0,,
1199528,2019-10-24,Dubai International Cricket Stadium,Dubai,,Bermuda,Scotland,Scotland,Bermuda,,26,,24,,,,Hamza Tahir,24.0,,
1199529,2019-10-25,Dubai International Cricket Stadium,Dubai,,Papua New Guinea,Singapore,Papua New Guinea,,,,,,,,,,,,
1199530,2019-10-25,Tolerance Oval,Abu Dhabi,,Ireland,Jersey,Ireland,Jersey,,16,,15,,,,GH Dockrell,15.0,,
1199531,2019-10-25,Dubai International Cricket Stadium,Dubai,,Kenya,Namibia,Namibia,Kenya,Namibia,19,34,26,34,JP Kotze,24.0,JJ Smit,25.0,15.0,
1199532,2019-10-25,Sheikh Zayed Stadium,Abu Dhabi,,Canada,Oman,Oman,Canada,Oman,110,72,85,49,Aqib Ilyas,60.0,Zeeshan Maqsood,24.0,,
1199533,2019-10-26,Sheikh Zayed Stadium,Abu Dhabi,,Ireland,Nigeria,Ireland,Nigeria,,16,,25,,,,GH Dockrell,24.0,,
1199534,2019-10-26,Dubai International Cricket Stadium,Dubai,,Bermuda,Netherlands,Netherlands,,,,,,,,,,,,
1199535,2019-10-26,Dubai International Cricket Stadium,Dubai,,Namibia,Singapore,Namibia,Namibia,Singapore,62,22,38,23,JP Kotze,36.0,JJ Smit,20.0,40.0,
1199536,2019-10-27,Dubai International Cricket Stadium,Dubai,,Kenya,Papua New Guinea,Papua New Guinea,,,,,,,,,,,,
1199537,2019-10-27,Tolerance Oval,Abu Dhabi,,Hong Kong,Nigeria,Hong Kong,,,,,,,,,,,,
1199538,2019-10-27,Sheikh Zayed Stadium,Abu Dhabi,,Jersey,Oman,Jersey,Jersey,Oman,101,74,86,59,Zeeshan Maqsood,56.0,Mohammad Nadeem,24.0,27.0,
1199539,2019-10-27,Dubai International Cricket Stadium,Dubai,,Netherlands,Scotland,Netherlands,,,,,,,,,,,,
1199540,2019-10-27,Sheikh Zayed Stadium,Abu Dhabi,,United Arab Emirates,Canada,United Arab Emirates,Canada,United Arab Emirates,18,21,11,25,Ravinderpal Singh,15.0,Saad Bin Zafar,24.0,3.0,
1199541,2019-10-29,Dubai International Cricket Stadium,Dubai,,United Arab Emirates,Netherlands,Netherlands,,,,,,,,,,,,
1199542,2019-10-29,Dubai International Cricket Stadium,Dubai,,Namibia,Oman,Namibia,Namibia,Oman,126,31,91,50,JJ Smit,59.0,Bilal Khan,24.0,95.0,
1199543,2019-10-30,Dubai International Cricket Stadium,Dubai,,United Arab Emirates,Scotland,Scotland,,,,,,,,,,,,
1199544,2019-10-30,Dubai International Cricket Stadium,Dubai,,Hong Kong,Oman,Oman,Hong Kong,Oman,80,35,87,24,Naseem Khushi,26.0,Bilal Khan,26.0,,
1199545,2019-10-31,ICC Academy,Dubai,,Oman,Scotland,Scotland,Oman,Scotland,43,109,37,81,Aqib Ilyas,23.0,Bilal Khan,24.0,66.0,
1199546,2019-11-01,Dubai International Cricket Stadium,Dubai,,Ireland,Netherlands,Netherlands,Ireland,Netherlands,25,19,12,13,GH Dockrell,25.0,GH Dockrell,13.0,,
1199547,2019-11-01,Dubai International Cricket Stadium,Dubai,,Namibia,Papua New Guinea,Papua New Guinea,Namibia,Papua New Guinea,47,30,40,25,JP Kotze,30.0,JJ Smit,25.0,,
1199548,2019-11-02,Dubai International Cricket Stadium,Dubai,,Ireland,Namibia,Ireland,Ireland,Namibia,19,15,20,20,JJ Smit,10.0,JJ Smit,19.0,4.0,
1199549,2019-11-02,Dubai International Cricket Stadium,Dubai,,Netherlands,Papua New Guinea,Netherlands,,,,,,,,,,,,
1200425,2019-09-16,"The Village, Malahide",Dublin,,Netherlands,Scotland,Scotland,,,,,,,,,,,,
1200426,2019-09-17,"The Village, Malahide",Dublin,,Ireland,Scotland,Ireland,Ireland,Scotland,43,0,26,1,,,Hamza Tahir,25.0,43.0,
1200427,2019-09-18,"The Village, Malahide",Dublin,,Ireland,Netherlands,Netherlands,Netherlands,,23,,19,,,,GH Dockrell,19.0,,
1200428,2019-09-19,"The Village, Malahide",Dublin,,Netherlands,Scotland,Scotland,Netherlands,,46,,38,,Vikramjit Singh,15.0,Hamza Tahir,24.0,,
1201668,2019-10-25,La Manga Club Bottom Ground,Murcia,,Spain,Portugal,Spain,,,,,,,,,,,,
1201669,2019-10-26,La Manga Club Bottom Ground,Murcia,,Gibraltar,Portugal,Portugal,,,,,,,,,,,,
1201670,2019-10-26,La Manga Club Bottom Ground,Murcia,,Spain,Gibraltar,Spain,,,,,,,,,,,,
1201671,2019-10-26,La Manga Club Bottom Ground,Murcia,,Spain,Portugal,Spain,,,,,,,,,,,,
1201673,2019-10-27,La Manga Club Bottom Ground,Murcia,,Spain,Gibraltar,Spain,,,,,,,,,,,,
1201680,2019-09-27,Indian Association Ground,Singapore,,Nepal,Zimbabwe,Zimbabwe,Nepal,Zimbabwe,29,66,20,49,Sompal Kami,25.0,Kushal Malla,18.0,37.0,
1201681,2019-09-28,Indian Association Ground,Singapore,,Singapore,Nepal,Nepal,Singapore,,89,,58,,,,Karan KC,26.0,,
1201682,2019-09-29,Indian Association Ground,Singapore,,Singapore,Zimbabwe,Singapore,,,,,,,,,,,,
1201683,2019-10-01,Indian Association Ground,Singapore,,Nepal,Zimbabwe,Zimbabwe,Nepal,Zimbabwe,34,55,31,50,Karan KC,18.0,Karan KC,25.0,21.0,
1201685,2019-10-03,Indian Association Ground,Singapore,,Singapore,Zimbabwe,Zimbabwe,,,,,,,,,,,,
1202007,2019-09-29,Kinrara Academy Oval,Kuala Lumpur,,Malaysia,Vanuatu,Vanuatu,,,,,,,,,,,,
1202008,2019-10-01,Kinrara Academy Oval,Kuala Lumpur,,Malaysia,Vanuatu,Vanuatu,,,,,,,,,,,,
1202009,2019-10-02,Kinrara Academy Oval,Kuala Lumpur,,Malaysia,Vanuatu,Malaysia,,,,,,,,,,,,
1202010,2019-10-03,Kinrara Academy Oval,Kuala Lumpur,,Malaysia,Vanuatu,Vanuatu,,,,,,,,,,,,
1202011,2019-10-04,Kinrara Academy Oval,Kuala Lumpur,,Malaysia,Vanuatu,Malaysia,,,,,,,,,,,,
1202243,2020-01-07,Holkar Cricket Stadium,Indore,,India,Sri Lanka,India,India,Sri Lanka,46,68,32,49,KL Rahul,45.0,Kuldeep Yadav,24.0,,
1202244,2020-01-10,Maharashtra Cricket Association Stadium,Pune,,India,Sri Lanka,India,India,Sri Lanka,54,38,37,25,KL Rahul,54.0,Washington Sundar,24.0,16.0,
1203676,2020-01-15,"National Cricket Stadium, Grenada",St George's,,West Indies,Ireland,Ireland,Ireland,West Indies,7,51,6,30,GH Dockrell,5.0,GH Dockrell,27.0,,
1203677,2020-01-18,"Warner Park, St Kitts",Basseterre,,West Indies,Ireland,,Ireland,,2,,3,,GH Dockrell,2.0,,,,
1203678,2020-01-19,"Warner Park, St Kitts",Basseterre,,West Indies,Ireland,West Indies,,,,,,,,,,,,
1207081,2020-03-08,Desert Springs Cricket Ground,Almeria,,Spain,Germany,Spain,,,,,,,,,,,,
1207082,2020-03-08,Desert Springs Cricket Ground,Almeria,,Spain,Germany,Germany,,,,,,,,,,,,
1208606,2019-12-05,Tribhuvan University International Cricket Ground,Kirtipur,,Nepal,Bhutan,Nepal,Bhutan,,16,,25,,,,Karan KC,24.0,,
1208609,2019-12-06,Tribhuvan University International Cricket Ground,Kirtipur,,Nepal,Maldives,Nepal,Maldives,Nepal,14,42,26,18,Karan KC,40.0,Karan KC,26.0,28.0,
1208612,2019-12-07,Tribhuvan University International Cricket Ground,Kirtipur,,Bhutan,Maldives,Maldives,,,,,,,,,,,,
1208613,2019-12-09,Tribhuvan University International Cricket Ground,Kirtipur,,Nepal,Maldives,Nepal,Maldives,,18,,18,,,,Karan KC,18.0,,
1213058,2020-01-24,Gaddafi Stadium,Lahore,,Pakistan,Bangladesh,Pakistan,Bangladesh,Pakistan,132,72,113,53,Mohammad Naim,43.0,Shadab Khan,26.0,,
1213059,2020-01-25,Gaddafi Stadium,Lahore,,Pakistan,Bangladesh,Pakistan,Bangladesh,Pakistan,112,93,105,67,Babar Azam,66.0,Mohammad Hasnain,26.0,,
1213874,2020-03-04,Pallekele International Cricket Stadium,Kandy,,Sri Lanka,West Indies,West Indies,,,,,,,,,,,,
1213875,2020-03-06,Pallekele International Cricket Stadium,Kandy,,Sri Lanka,West Indies,West Indies,,,,,,,,,,,,
1214670,2020-03-09,"Shere Bangla National Stadium, Mirpur",Dhaka,,Bangladesh,Zimbabwe,Bangladesh,Bangladesh,Zimbabwe,132,100,82,91,Soumya Sarkar,62.0,Mustafizur Rahman,28.0,32.0,
1214671,2020-03-11,"Shere Bangla National Stadium, Mirpur",Dhaka,,Bangladesh,Zimbabwe,Bangladesh,Bangladesh,Zimbabwe,120,96,99,97,Liton Das,60.0,Hasan Mahmud,24.0,24.0,
1215136,2020-02-20,Kinrara Academy Oval,Kuala Lumpur,,Malaysia,Hong Kong,Malaysia,,,,,,,,,,,,
1215137,2020-02-21,Kinrara Academy Oval,Kuala Lumpur,,Malaysia,Hong Kong,Malaysia,,,,,,,,,,,,
1215138,2020-02-23,Kinrara Academy Oval,Kuala Lumpur,,Malaysia,Hong Kong,Malaysia,,,,,,,,,,,,
1215139,2020-02-24,Kinrara Academy Oval,Kuala Lumpur,,Malaysia,Hong Kong,Malaysia,,,,,,,,,,,,
1215140,2020-02-26,Kinrara Academy Oval,Kuala Lumpur,,Malaysia,Hong Kong,Malaysia,,,,,,,,,,,,
1215159,2020-02-25,Al Amerat Cricket Ground Oman Cricket (Ministry Turf 1),Al Amarat,,Oman,Maldives,Oman,Maldives,,59,,57,,,,Bilal Khan,25.0,,
1215160,2020-02-25,Al Amerat Cricket Ground Oman Cricket (Ministry Turf 2),Al Amarat,,Saudi Arabia,United Arab Emirates,United Arab Emirates,,,,,,,,,,,,
1215161,2020-02-25,Al Amerat Cricket Ground Oman Cricket (Ministry Turf 1),Al Amarat,,Bahrain,Qatar,Bahrain,,,,,,,,,,,,
1215162,2020-02-25,Al Amerat Cricket Ground Oman Cricket (Ministry Turf 2),Al Amarat,,Iran,Kuwait,Kuwait,,,,,,,,,,,,
1215163,2020-02-26,Al Amerat Cricket Ground Oman Cricket (Ministry Turf 1),Al Amarat,,Kuwait,Bahrain,Kuwait,,,,,,,,,,,,
1215164,2020-02-26,Al Amerat Cricket Ground Oman Cricket (Ministry Turf 2),Al Amarat,,Qatar,United Arab Emirates,United Arab Emirates,,,,,,,,,,,,
1215165,2020-02-27,Al Amerat Cricket Ground Oman Cricket (Ministry Turf 1),Al Amarat,,Kuwait,United Arab Emirates,United Arab Emirates,,,,,,,,,,,,
1217738,2020-02-29,Terdthai Cricket Ground,Bangkok,,Thailand,Singapore,Singapore,,,,,,,,,,,,
1217740,2020-03-01,Terdthai Cricket Ground,Bangkok,,Hong Kong,Nepal,Hong Kong,Hong Kong,Nepal,51,26,37,20,Kushal Malla,19.0,Karan KC,18.0,25.0,
1217741,2020-03-01,Terdthai Cricket Ground,Bangkok,,Thailand,Malaysia,Malaysia,,,,,,,,,,,,
1217742,2020-03-03,Terdthai Cricket Ground,Bangkok,,Malaysia,Singapore,Singapore,,,,,,,,,,,,
1217743,2020-03-03,Terdthai Cricket Ground,Bangkok,,Thailand,Hong Kong,Hong Kong,,,,,,,,,,,,
1217744,2020-03-04,Terdthai Cricket Ground,Bangkok,,Thailand,Nepal,Nepal,Nepal,Thailand,36,20,18,37,Kushal Malla,36.0,Karan KC,25.0,16.0,
1217745,2020-03-04,Terdthai Cricket Ground,Bangkok,,Hong Kong,Singapore,Singapore,,,,,,,,,,,,
1217747,2020-03-06,Terdthai Cricket Ground,Bangkok,,Hong Kong,Malaysia,Hong Kong,,,,,,,,,,,,
1223952,2020-12-04,Manuka Oval,Canberra,,India,Australia,India,Australia,India,18,61,24,46,KL Rahul,51.0,Washington Sundar,24.0,43.0,
1223953,2020-12-06,Sydney Cricket Ground,Sydney,,Australia,India,India,Australia,India,36,31,27,22,KL Rahul,30.0,Washington Sundar,25.0,,
1223954,2020-12-08,Sydney Cricket Ground,Sydney,,Australia,India,Australia,Australia,India,35,7,25,8,Washington Sundar,7.0,Washington Sundar,25.0,28.0,
1229820,2020-08-29,Pierre Werner Cricket Ground,Walferdange,,Belgium,Luxembourg,Belgium,,,,,,,,,,,,
1229822,2020-08-30,Pierre Werner Cricket Ground,Walferdange,,Belgium,Czech Republic,Belgium,,,,,,,,,,,,
1229823,2020-08-30,Pierre Werner Cricket Ground,Walferdange,,Belgium,Luxembourg,Belgium,,,,,,,,,,,,
1229824,2020-08-21,College Field,St Peter Port,,Isle of Man,Guernsey,Guernsey,,,,,,,,,,,,
1233464,2020-11-07,Rawalpindi Cricket Stadium,,,Zimbabwe,Pakistan,Pakistan,Pakistan,Zimbabwe,118,94,81,78,Babar Azam,82.0,Mohammad Hasnain,25.0,24.0,
1233465,2020-11-08,Rawalpindi Cricket Stadium,,,Zimbabwe,Pakistan,Pakistan,Pakistan,Zimbabwe,72,87,54,82,Babar Azam,51.0,Faheem Ashraf,26.0,,
1233466,2020-11-10,Rawalpindi Cricket Stadium,,,Zimbabwe,Pakistan,Pakistan,Pakistan,Zimbabwe,59,61,41,55,Khushdil Shah,36.0,Haris Rauf,26.0,,
1233954,2020-11-27,Eden Park,Auckland,,West Indies,New Zealand,New Zealand,,,,,,,,,,,,
1233955,2020-11-29,Bay Oval,Mount Maunganui,,New Zealand,West Indies,New Zealand,,,,,,,,,,,,
1233956,2020-11-30,Bay Oval,Mount Maunganui,,West Indies,New Zealand,,,,,,,,,,,,,
1233959,2020-12-18,Eden Park,Auckland,,Pakistan,New Zealand,New Zealand,New Zealand,Pakistan,97,122,81,96,Shadab Khan,42.0,Shaheen Shah Afridi,26.0,,
1233960,2020-12-20,Seddon Park,Hamilton,,Pakistan,New Zealand,New Zealand,New Zealand,Pakistan,120,45,94,52,Mohammad Rizwan,22.0,Haris Rauf,25.0,75.0,
1233961,2020-12-22,McLean Park,Napier,,New Zealand,Pakistan,Pakistan,New Zealand,Pakistan,173,109,121,74,Mohammad Rizwan,89.0,Haris Rauf,25.0,,
1233971,2021-02-22,Hagley Oval,Christchurch,,New Zealand,Australia,New Zealand,,,,,,,,,,,,
1233972,2021-02-25,University Oval,Dunedin,,New Zealand,Australia,New Zealand,,,,,,,,,,,,
1233973,2021-03-03,Westpac Stadium,Wellington,,Australia,New Zealand,Australia,,,,,,,,,,,,
1233974,2021-03-05,Westpac Stadium,Wellington,,Australia,New Zealand,Australia,,,,,,,,,,,,
1233975,2021-03-07,Sky Stadium,Wellington,,Australia,New Zealand,New Zealand,,,,,,,,,,,,
1233979,2021-03-28,Seddon Park,Hamilton,,New Zealand,Bangladesh,New Zealand,Bangladesh,New Zealand,129,210,111,124,Afif Hossain,45.0,Mohammad Saifuddin,26.0,81.0,
1233980,2021-03-30,McLean Park,Napier,,New Zealand,Bangladesh,New Zealand,Bangladesh,New Zealand,125,173,91,111,Soumya Sarkar,51.0,Mahedi Hasan,27.0,48.0,
1233981,2021-04-01,Eden Park,Auckland,,New Zealand,Bangladesh,New Zealand,Bangladesh,New Zealand,52,108,38,49,Mohammad Naim,19.0,Shoriful Islam,13.0,56.0,
1235829,2020-10-16,Moara Vlasiei Cricket Ground,,,Bulgaria,Romania,Bulgaria,,,,,,,,,,,,
1235830,2020-10-17,Moara Vlasiei Cricket Ground,,,Romania,Bulgaria,Romania,,,,,,,,,,,,
1235832,2020-10-18,Moara Vlasiei Cricket Ground,,,Bulgaria,Romania,Romania,,,,,,,,,,,,
1237122,2020-11-27,Newlands,Cape Town,,South Africa,England,England,,,,,,,,,,,,
1237123,2020-11-29,Boland Park,Paarl,,South Africa,England,England,,,,,,,,,,,,
1237124,2020-12-01,Newlands,Cape Town,,South Africa,England,England,,,,,,,,,,,,
1239540,2021-07-16,"Trent Bridge, Nottingham",Nottingham,,Pakistan,England,Pakistan,England,Pakistan,155,178,98,100,Babar Azam,85.0,Shadab Khan,26.0,23.0,
1239541,2021-07-18,"Headingley, Leeds",Leeds,,England,Pakistan,England,England,Pakistan,163,108,101,84,Mohammad Rizwan,37.0,Shadab Khan,27.0,55.0,
1239542,2021-07-20,"Old Trafford, Manchester",Manchester,,Pakistan,England,England,England,Pakistan,66,133,48,107,Mohammad Rizwan,76.0,Hasan Ali,23.0,,
1243019,2021-02-11,Gaddafi Stadium,Lahore,,Pakistan,South Africa,Pakistan,Pakistan,South Africa,139,124,94,73,Mohammad Rizwan,104.0,Haris Rauf,25.0,15.0,
1243020,2021-02-13,Gaddafi Stadium,Lahore,,Pakistan,South Africa,South Africa,Pakistan,South Africa,108,61,84,44,Mohammad Rizwan,51.0,Shaheen Shah Afridi,19.0,,
1243021,2021-02-14,Gaddafi Stadium,Lahore,,South Africa,Pakistan,Pakistan,Pakistan,South Africa,126,99,85,68,Babar Azam,44.0,Hasan Ali,24.0,27.0,
1243388,2021-03-12,Narendra Modi Stadium,Ahmedabad,,India,England,England,England,India,18,6,15,9,Washington Sundar,3.0,Washington Sundar,15.0,12.0,
1243389,2021-03-14,Narendra Modi Stadium,Ahmedabad,,England,India,India,England,India,29,58,24,39,Ishan Kishan,56.0,Washington Sundar,24.0,29.0,
1243390,2021-03-16,Narendra Modi Stadium,Ahmedabad,,India,England,England,England,India,27,4,24,13,Ishan Kishan,4.0,Washington Sundar,24.0,23.0,
1243391,2021-03-18,Narendra Modi Stadium,Ahmedabad,,India,England,India,England,India,52,20,27,20,KL Rahul,14.0,Washington Sundar,24.0,,
1243392,2021-03-20,Narendra Modi Stadium,Ahmedabad,,India,England,India,England,,13,,7,,,,Washington Sundar,6.0,,
1249206,2021-06-23,"Sophia Gardens, Cardiff",Cardiff,,Sri Lanka,England,England,,,,,,,,,,,,
1249207,2021-06-24,"Sophia Gardens, Cardiff",Cardiff,,Sri Lanka,England,England,,,,,,,,,,,,
1249208,2021-06-26,"The Rose Bowl, Southampton",Southampton,,England,Sri Lanka,England,,,,,,,,,,,,
1251575,2021-04-10,"The Wanderers Stadium, Johannesburg",Johannesburg,,South Africa,Pakistan,Pakistan,Pakistan,South Africa,161,129,105,79,Mohammad Rizwan,74.0,Hasan Ali,24.0,32.0,
1251576,2021-04-12,"The Wanderers Stadium, Johannesburg",Johannesburg,,Pakistan,South Africa,South Africa,Pakistan,South Africa,78,86,73,51,Babar Azam,50.0,Shaheen Shah Afridi,18.0,8.0,
1251577,2021-04-14,"SuperSport Park, Centurion",Centurion,,South Africa,Pakistan,Pakistan,Pakistan,South Africa,205,165,109,98,Babar Azam,122.0,Shaheen Shah Afridi,25.0,40.0,
1251578,2021-04-16,"SuperSport Park, Centurion",Centurion,,South Africa,Pakistan,Pakistan,Pakistan,South Africa,104,104,81,95,Fakhar Zaman,60.0,Hasan Ali,26.0,,
1251953,2021-07-19,"The Village, Malahide, Dublin",Dublin,,South Africa,Ireland,South Africa,Ireland,South Africa,2,19,6,12,GH Dockrell,2.0,GH Dockrell,12.0,17.0,
1251954,2021-07-22,"Civil Service Cricket Club, Stormont, Belfast",Belfast,,South Africa,Ireland,South Africa,Ireland,,23,,23,,GH Dockrell,20.0,,,,
1251955,2021-07-24,"Civil Service Cricket Club, Stormont, Belfast",Belfast,,South Africa,Ireland,South Africa,,,,,,,,,,,,
1252066,2021-03-03,"Coolidge Cricket Ground, Antigua",Coolidge,,Sri Lanka,West Indies,West Indies,,,,,,,,,,,,
1252067,2021-03-05,"Coolidge Cricket Ground, Antigua",Coolidge,,Sri Lanka,West Indies,Sri Lanka,,,,,,,,,,,,
1252068,2021-03-07,"Coolidge Cricket Ground, Antigua",Coolidge,,Sri Lanka,West Indies,West Indies,,,,,,,,,,,,
1256720,2022-01-22,"Kensington Oval, Bridgetown, Barbados",Bridgetown,,England,West Indies,West Indies,,,,,,,,,,,,
1256721,2022-01-23,"Kensington Oval, Bridgetown, Barbados",Bridgetown,,England,West Indies,England,,,,,,,,,,,,
1256722,2022-01-26,"Kensington Oval, Bridgetown, Barbados",Bridgetown,,West Indies,England,West Indies,,,,,,,,,,,,
1256723,2022-01-29,"Kensington Oval, Bridgetown, Barbados",Bridgetown,,England,West Indies,England,,,,,,,,,,,,
1256724,2022-01-30,"Kensington Oval, Bridgetown, Barbados",Bridgetown,,West Indies,England,West Indies,,,,,,,,,,,,
1257183,2021-04-21,Harare Sports Club,Harare,,Pakistan,Zimbabwe,Pakistan,Pakistan,Zimbabwe,106,73,86,64,Mohammad Rizwan,82.0,Haris Rauf,25.0,33.0,
1257184,2021-04-23,Harare Sports Club,Harare,,Zimbabwe,Pakistan,Zimbabwe,Pakistan,Zimbabwe,66,41,81,58,Babar Azam,41.0,Mohammad Hasnain,24.0,,
1257185,2021-04-25,Harare Sports Club,Harare,,Pakistan,Zimbabwe,Pakistan,Pakistan,Zimbabwe,147,111,107,96,Mohammad Rizwan,91.0,Faheem Ashraf,24.0,36.0,
1257404,2021-04-03,Wanderers,Windhoek,,Uganda,Namibia,Namibia,Namibia,Uganda,38,25,23,15,Riazat Ali Shah,23.0,Riazat Ali Shah,19.0,13.0,
1257405,2021-04-05,"Wanderers Cricket Ground, Windhoek",Windhoek,,Namibia,Uganda,Namibia,Namibia,Uganda,68,0,58,1,JJ Smit,40.0,Riazat Ali Shah,24.0,68.0,
1257406,2021-04-05,"Wanderers Cricket Ground, Windhoek",Windhoek,,Namibia,Uganda,Namibia,Namibia,Uganda,96,34,61,21,JP Kotze,37.0,Riazat Ali Shah,18.0,62.0,
1257945,2021-04-17,"Tribhuvan University International Cricket Ground, Kirtipur",Kirtipur,,Netherlands,Nepal,Nepal,Nepal,Netherlands,56,35,40,49,Aasif Sheikh,54.0,Karan KC,25.0,21.0,
1257946,2021-04-18,"Tribhuvan University International Cricket Ground, Kirtipur",Kirtipur,,Netherlands,Malaysia,Netherlands,,,,,,,,,,,,
1257947,2021-04-19,"Tribhuvan University International Cricket Ground, Kirtipur",Kirtipur,,Malaysia,Nepal,Nepal,Malaysia,Nepal,46,44,53,31,Aasif Sheikh,42.0,Sompal Kami,20.0,,
1257948,2021-04-20,"Tribhuvan University International Cricket Ground, Kirtipur",Kirtipur,,Nepal,Netherlands,Netherlands,Nepal,Netherlands,43,75,28,49,Sompal Kami,21.0,Karan KC,22.0,32.0,
1257949,2021-04-21,"Tribhuvan University International Cricket Ground, Kirtipur",Kirtipur,,Netherlands,Malaysia,,Netherlands,,1,,5,,Vikramjit Singh,1.0,,,,
1257950,2021-04-22,"Tribhuvan University International Cricket Ground, Kirtipur",Kirtipur,,Nepal,Malaysia,Nepal,Malaysia,Nepal,48,115,51,61,Karan KC,45.0,Karan KC,24.0,67.0,
1257951,2021-04-24,"Tribhuvan University International Cricket Ground, Kirtipur",Kirtipur,,Nepal,Netherlands,Nepal,Nepal,Netherlands,70,27,34,41,Kushal Malla,50.0,Karan KC,20.0,43.0,
1262758,2021-07-25,"R Premadasa Stadium, Colombo",Colombo,,India,Sri Lanka,India,India,Sri Lanka,23,0,15,1,Ishan Kishan,20.0,,,23.0,
1262759,2021-07-28,"R Premadasa Stadium, Colombo",Colombo,,India,Sri Lanka,Sri Lanka,Sri Lanka,,30,,25,,,,Kuldeep Yadav,25.0,,
1262760,2021-07-29,"R Premadasa Stadium, Colombo",Colombo,,India,Sri Lanka,Sri Lanka,India,Sri Lanka,24,16,29,13,Kuldeep Yadav,23.0,Kuldeep Yadav,13.0,,
1263151,2021-06-26,"National Cricket Stadium, St George's, Grenada",St George's,,South Africa,West Indies,West Indies,,,,,,,,,,,,
1263152,2021-06-27,"National Cricket Stadium, St George's, Grenada",St George's,,South Africa,West Indies,South Africa,,,,,,,,,,,,
1263153,2021-06-29,"National Cricket Stadium, St George's, Grenada",St George's,,South Africa,West Indies,South Africa,,,,,,,,,,,,
1263154,2021-07-01,"National Cricket Stadium, St George's, Grenada",St George's,,West Indies,South Africa,West Indies,,,,,,,,,,,,
1263155,2021-07-03,"National Cricket Stadium, St George's, Grenada",St George's,,South Africa,West Indies,South Africa,,,,,,,,,,,,
1263156,2021-07-09,"Daren Sammy National Cricket Stadium, Gros Islet, St Lucia",Gros Islet,,West Indies,Australia,West Indies,,,,,,,,,,,,
1263157,2021-07-10,"Daren Sammy National Cricket Stadium, Gros Islet, St Lucia",Gros Islet,,West Indies,Australia,West Indies,,,,,,,,,,,,
1263158,2021-07-12,"Daren Sammy National Cricket Stadium, Gros Islet, St Lucia",Gros Islet,,Australia,West Indies,West Indies,,,,,,,,,,,,
1263159,2021-07-14,"Daren Sammy National Cricket Stadium, Gros Islet, St Lucia",Gros Islet,,Australia,West Indies,Australia,,,,,,,,,,,,
1263160,2021-07-16,"Daren Sammy National Cricket Stadium, Gros Islet, St Lucia",Gros Islet,,West Indies,Australia,West Indies,,,,,,,,,,,,
1263164,2021-07-28,"Kensington Oval, Bridgetown, Barbados",Bridgetown,,West Indies,Pakistan,,West Indies,,47,,34,,,,Shaheen Shah Afridi,13.0,,
1263165,2021-07-31,"Providence Stadium, Guyana",Providence,,Pakistan,West Indies,Pakistan,Pakistan,West Indies,122,101,94,74,Babar Azam,51.0,Shadab Khan,25.0,21.0,
1263166,2021-08-01,"Providence Stadium, Guyana",Providence,,West Indies,Pakistan,,,,,,,,,,,,,
1263167,2021-08-03,"Providence Stadium, Guyana",Providence,,West Indies,Pakistan,,West Indies,,4,,6,,,,Hasan Ali,6.0,,
1263471,2022-02-11,Sydney Cricket Ground,Sydney,,Australia,Sri Lanka,Australia,,,,,,,,,,,,
1263472,2022-02-13,Sydney Cricket Ground,Sydney,,Australia,Sri Lanka,,,,,,,,,,,,,
1263473,2022-02-15,"Manuka Oval, Canberra",Canberra,,Sri Lanka,Australia,Australia,,,,,,,,,,,,
1263474,2022-02-18,Melbourne Cricket Ground,Melbourne,,Sri Lanka,Australia,Australia,,,,,,,,,,,,
1263475,2022-02-20,Melbourne Cricket Ground,Melbourne,,Australia,Sri Lanka,Sri Lanka,,,,,,,,,,,,
1263708,2021-05-21,"Scott Page Field, Vinor",Prague,,Luxembourg,Czech Republic,Czech Republic,,,,,,,,,,,,
1263710,2021-05-22,"Scott Page Field, Vinor",Prague,,Austria,Czech Republic,Austria,,,,,,,,,,,,
1263711,2021-05-22,"Scott Page Field, Vinor",Prague,,Czech Republic,Luxembourg,Luxembourg,,,,,,,,,,,,
1263712,2021-05-23,"Scott Page Field, Vinor",Prague,,Austria,Luxembourg,Luxembourg,,,,,,,,,,,,
1263713,2021-05-23,"Scott Page Field, Vinor",Prague,,Czech Republic,Austria,Austria,,,,,,,,,,,,
1267304,2021-06-24,"National Sports Academy, Sofia",Sofia,,Greece,Romania,Romania,,,,,,,,,,,,
1267306,2021-06-25,"National Sports Academy, Sofia",Sofia,,Serbia,Greece,Greece,,,,,,,,,,,,
1267307,2021-06-25,"National Sports Academy, Sofia",Sofia,,Bulgaria,Romania,Romania,,,,,,,,,,,,
1267308,2021-06-25,"National Sports Academy, Sofia",Sofia,,Romania,Serbia,Romania,,,,,,,,,,,,
1267310,2021-06-26,"National Sports Academy, Sofia",Sofia,,Serbia,Romania,Romania,,,,,,,,,,,,
1267311,2021-06-26,"National Sports Academy, Sofia",Sofia,,Bulgaria,Greece,,,,,,,,,,,,,
1267680,2021-07-22,Harare Sports Club,Harare,,Zimbabwe,Bangladesh,Bangladesh,Bangladesh,Zimbabwe,137,109,108,84,Mohammad Naim,63.0,Mohammad Saifuddin,24.0,28.0,
1267681,2021-07-23,Harare Sports Club,Harare,,Zimbabwe,Bangladesh,Zimbabwe,Bangladesh,Zimbabwe,126,135,107,106,Shamim Hossain,29.0,Mohammad Saifuddin,26.0,9.0,
1267682,2021-07-25,Harare Sports Club,Harare,,Zimbabwe,Bangladesh,Bangladesh,Bangladesh,Zimbabwe,128,169,80,98,Soumya Sarkar,68.0,Mohammad Saifuddin,24.0,,
1268188,2021-07-08,Marsa Sports Club,Marsa,,Belgium,Malta,Malta,,,,,,,,,,,,
1268189,2021-07-08,Marsa Sports Club,Marsa,,Malta,Belgium,Belgium,,,,,,,,,,,,
1268190,2021-07-09,Marsa Sports Club,Marsa,,Malta,Belgium,Belgium,,,,,,,,,,,,
1268191,2021-07-10,Marsa Sports Club,Marsa,,Belgium,Malta,Malta,,,,,,,,,,,,
1268192,2021-07-10,Marsa Sports Club,Marsa,,Belgium,Malta,Belgium,,,,,,,,,,,,
1270834,2021-08-03,"Shere Bangla National Stadium, Mirpur",Dhaka,,Bangladesh,Australia,Bangladesh,Australia,Bangladesh,77,74,94,71,Mohammad Naim,30.0,Mahedi Hasan,25.0,,
1270835,2021-08-04,"Shere Bangla National Stadium, Mirpur",Dhaka,,Australia,Bangladesh,Bangladesh,Australia,Bangladesh,99,97,97,97,Afif Hossain,37.0,Mustafizur Rahman,25.0,,
1270836,2021-08-06,"Shere Bangla National Stadium, Mirpur",Dhaka,,Bangladesh,Australia,Bangladesh,Australia,Bangladesh,95,44,97,53,Afif Hossain,19.0,Mustafizur Rahman,24.0,,
1270837,2021-08-07,"Shere Bangla National Stadium, Mirpur",Dhaka,,Bangladesh,Australia,Australia,Australia,Bangladesh,52,88,85,93,Mohammad Naim,28.0,Nasum Ahmed,25.0,,
1270838,2021-08-09,"Shere Bangla National Stadium, Mirpur",Dhaka,,Bangladesh,Australia,Bangladesh,Australia,Bangladesh,44,85,54,85,Mohammad Naim,23.0,Mahedi Hasan,18.0,41.0,
1271445,2021-08-05,Bayer Uerdingen Cricket Ground,Krefeld,,Norway,Germany,Germany,,,,,,,,,,,,
1271446,2021-08-05,Bayer Uerdingen Cricket Ground,Krefeld,,Norway,France,France,France,Norway,0,24,2,25,Usman Khan,0.0,Usman Khan,25.0,,
1271447,2021-08-06,Bayer Uerdingen Cricket Ground,Krefeld,,France,Germany,Germany,France,Germany,27,7,26,8,Usman Khan,25.0,Usman Khan,8.0,,
1271448,2021-08-07,Bayer Uerdingen Cricket Ground,Krefeld,,Germany,France,Germany,France,Germany,4,30,5,27,Usman Khan,4.0,Usman Khan,27.0,26.0,
1271449,2021-08-07,Bayer Uerdingen Cricket Ground,Krefeld,,Norway,France,Norway,France,Norway,12,28,8,25,Usman Khan,12.0,Usman Khan,25.0,16.0,
1271450,2021-08-08,Bayer Uerdingen Cricket Ground,Krefeld,,Norway,Germany,Norway,,,,,,,,,,,,
1271451,2021-08-08,Bayer Uerdingen Cricket Ground,Krefeld,,Norway,Germany,Germany,,,,,,,,,,,,
1271630,2021-09-10,"R Premadasa Stadium, Colombo",Colombo,,South Africa,Sri Lanka,South Africa,,,,,,,,,,,,
1271631,2021-09-12,"R Premadasa Stadium, Colombo",Colombo,,Sri Lanka,South Africa,South Africa,,,,,,,,,,,,
1271632,2021-09-14,"R Premadasa Stadium, Colombo",Colombo,,Sri Lanka,South Africa,South Africa,,,,,,,,,,,,
1272093,2021-09-01,"Shere Bangla National Stadium, Mirpur",Dhaka,,New Zealand,Bangladesh,Bangladesh,Bangladesh,New Zealand,2,40,9,65,Liton Das,1.0,Mahedi Hasan,24.0,,
1272094,2021-09-03,"Shere Bangla National Stadium, Mirpur",Dhaka,,Bangladesh,New Zealand,Bangladesh,Bangladesh,New Zealand,89,101,81,94,Mohammad Naim,39.0,Mustafizur Rahman,26.0,,
1272095,2021-09-05,"Shere Bangla National Stadium, Mirpur",Dhaka,,New Zealand,Bangladesh,New Zealand,Bangladesh,New Zealand,50,94,72,86,Liton Das,15.0,Mohammad Saifuddin,25.0,44.0,
1272096,2021-09-08,"Shere Bangla National Stadium, Mirpur",Dhaka,,New Zealand,Bangladesh,Bangladesh,Bangladesh,New Zealand,43,60,57,88,Mohammad Naim,29.0,Mahedi Hasan,24.0,,
1272097,2021-09-10,"Shere Bangla National Stadium, Mirpur",Dhaka,,New Zealand,Bangladesh,New Zealand,Bangladesh,New Zealand,106,143,93,102,Afif Hossain,49.0,Shoriful Islam,24.0,37.0,
1272373,2021-08-27,"Castle Avenue, Dublin",Dublin,,Zimbabwe,Ireland,Zimbabwe,Ireland,,8,,6,,GH Dockrell,8.0,,,,
1272374,2021-08-29,"Castle Avenue, Dublin",Dublin,,Zimbabwe,Ireland,Ireland,Ireland,,39,,28,,GH Dockrell,33.0,,,,
1272375,2021-09-01,"Bready Cricket Club, Magheramason, Bready",Bready,,Ireland,Zimbabwe,Ireland,,,,,,,,,,,,
1272376,2021-09-02,"Bready Cricket Club, Magheramason, Bready",Bready,,Ireland,Zimbabwe,Ireland,Ireland,,14,,7,,GH Dockrell,14.0,,,,
1272377,2021-09-04,"Bready Cricket Club, Magheramason, Bready",Bready,,Zimbabwe,Ireland,Zimbabwe,,,,,,,,,,,,
1273133,2021-08-14,"Svanholm Park, Brondby",Brondby,,Denmark,Sweden,Sweden,,,,,,,,,,,,
1273134,2021-08-15,"Svanholm Park, Brondby",Brondby,,Sweden,Denmark,Denmark,,,,,,,,,,,,
1273136,2021-08-20,Gucherre Cricket Ground,Albergaria,,Gibraltar,Malta,Malta,,,,,,,,,,,,
1273138,2021-08-21,Gucherre Cricket Ground,Albergaria,,Malta,Gibraltar,Malta,,,,,,,,,,,,
1273139,2021-08-22,Gucherre Cricket Ground,Albergaria,,Portugal,Gibraltar,Portugal,,,,,,,,,,,,
1273141,2021-08-18,Gahanga International Cricket Stadium. Rwanda,Kigali City,,Ghana,Rwanda,Rwanda,,,,,,,,,,,,
1273143,2021-08-20,Gahanga International Cricket Stadium. Rwanda,Kigali City,,Rwanda,Ghana,Rwanda,,,,,,,,,,,,
1273144,2021-08-20,Gahanga International Cricket Stadium. Rwanda,Kigali City,,Ghana,Rwanda,Ghana,,,,,,,,,,,,
1273145,2021-08-21,Gahanga International Cricket Stadium. Rwanda,Kigali City,,Rwanda,Ghana,Ghana,,,,,,,,,,,,
1273146,2021-08-21,Kerava National Cricket Ground,Kerava,,Sweden,Finland,Finland,,,,,,,,,,,,
1273147,2021-08-21,Kerava National Cricket Ground,Kerava,,Sweden,Finland,Finland,,,,,,,,,,,,
1273148,2021-08-22,Kerava National Cricket Ground,Kerava,,Finland,Sweden,Sweden,,,,,,,,,,,,
1273149,2021-08-22,Kerava National Cricket Ground,Kerava,,Finland,Sweden,Sweden,,,,,,,,,,,,
1273271,2021-09-15,"Grange Cricket Club Ground, Raeburn Place, Edinburgh",Edinburgh,,Scotland,Zimbabwe,Scotland,,,,,,,,,,,,
1273272,2021-09-17,"Grange Cricket Club Ground, Raeburn Place, Edinburgh",Edinburgh,,Zimbabwe,Scotland,Zimbabwe,,,,,,,,,,,,
1273273,2021-09-19,"Grange Cricket Club Ground, Raeburn Place, Edinburgh",Edinburgh,,Scotland,Zimbabwe,Zimbabwe,,,,,,,,,,,,
1273712,2021-10-17,Al Amerat Cricket Ground Oman Cricket (Ministry Turf 1),Al Amarat,,Papua New Guinea,Oman,Oman,Oman,Papua New Guinea,53,110,45,109,Aqib Ilyas,50.0,Zeeshan Maqsood,25.0,,
1273713,2021-10-17,Al Amerat Cricket Ground Oman Cricket (Ministry Turf 1),Al Amarat,,Scotland,Bangladesh,Scotland,Bangladesh,Scotland,48,122,34,103,Afif Hossain,18.0,Mohammad Saifuddin,26.0,74.0,
1273714,2021-10-18,"Zayed Cricket Stadium, Abu Dhabi",Abu Dhabi,,Netherlands,Ireland,Ireland,,,,,,,,,,,,
1273715,2021-10-18,"Zayed Cricket Stadium, Abu Dhabi",Abu Dhabi,,Namibia,Sri Lanka,Sri Lanka,Namibia,Sri Lanka,12,11,15,7,JJ Smit,12.0,JJ Smit,6.0,,
1273716,2021-10-19,Al Amerat Cricket Ground Oman Cricket (Ministry Turf 1),Al Amarat,,Scotland,Papua New Guinea,Scotland,,,,,,,,,,,,
1273717,2021-10-19,Al Amerat Cricket Ground Oman Cricket (Ministry Turf 1),Al Amarat,,Bangladesh,Oman,Bangladesh,Bangladesh,Oman,153,102,124,111,Mohammad Naim,64.0,Mustafizur Rahman,32.0,51.0,
1273718,2021-10-20,"Zayed Cricket Stadium, Abu Dhabi",Abu Dhabi,,Netherlands,Namibia,Namibia,Namibia,Netherlands,17,29,11,26,JJ Smit,14.0,JJ Smit,26.0,,
1273719,2021-10-20,"Zayed Cricket Stadium, Abu Dhabi",Abu Dhabi,,Sri Lanka,Ireland,Sri Lanka,,,,,,,,,,,,
1273720,2021-10-21,Al Amerat Cricket Ground Oman Cricket (Ministry Turf 1),Al Amarat,,Bangladesh,Papua New Guinea,Bangladesh,Bangladesh,Papua New Guinea,76,88,53,101,Liton Das,29.0,Mohammad Saifuddin,27.0,,
1273721,2021-10-21,Al Amerat Cricket Ground Oman Cricket (Ministry Turf 1),Al Amarat,,Oman,Scotland,Scotland,Oman,Scotland,109,96,97,83,Aqib Ilyas,37.0,Bilal Khan,20.0,,
1273722,2021-10-22,Sharjah Cricket Stadium,Sharjah,,Ireland,Namibia,Namibia,Ireland,,27,,24,,,,JJ Smit,24.0,,
1273723,2021-10-22,Sharjah Cricket Stadium,Sharjah,,Netherlands,Sri Lanka,Sri Lanka,,,,,,,,,,,,
1273724,2021-10-23,"Zayed Cricket Stadium, Abu Dhabi",Abu Dhabi,,South Africa,Australia,Australia,,,,,,,,,,,,
1273725,2021-10-23,Dubai International Cricket Stadium,Dubai,,West Indies,England,England,,,,,,,,,,,,
1273726,2021-10-24,Sharjah Cricket Stadium,Sharjah,,Bangladesh,Sri Lanka,Sri Lanka,Bangladesh,Sri Lanka,87,134,74,89,Mohammad Naim,62.0,Mahedi Hasan,26.0,47.0,
1273727,2021-10-24,Dubai International Cricket Stadium,Dubai,,India,Pakistan,Pakistan,India,Pakistan,130,152,105,111,Mohammad Rizwan,79.0,Haris Rauf,26.0,22.0,
1273729,2021-10-26,Dubai International Cricket Stadium,Dubai,,West Indies,South Africa,South Africa,,,,,,,,,,,,
1273730,2021-10-26,Sharjah Cricket Stadium,Sharjah,,New Zealand,Pakistan,Pakistan,New Zealand,Pakistan,94,57,88,65,Mohammad Rizwan,33.0,Haris Rauf,24.0,,
1273731,2021-10-27,"Zayed Cricket Stadium, Abu Dhabi",Abu Dhabi,,Bangladesh,England,England,Bangladesh,England,70,102,62,70,Nasum Ahmed,19.0,Shoriful Islam,20.0,32.0,
1273732,2021-10-27,"Zayed Cricket Stadium, Abu Dhabi",Abu Dhabi,,Scotland,Namibia,Namibia,Namibia,Scotland,33,20,24,24,JJ Smit,32.0,JJ Smit,24.0,13.0,
1273733,2021-10-28,Dubai International Cricket Stadium,Dubai,,Sri Lanka,Australia,Australia,,,,,,,,,,,,
1273734,2021-10-29,Sharjah Cricket Stadium,Sharjah,,West Indies,Bangladesh,West Indies,Bangladesh,West Indies,88,112,79,101,Liton Das,44.0,Mahedi Hasan,26.0,24.0,
1273736,2021-10-30,Sharjah Cricket Stadium,Sharjah,,Sri Lanka,South Africa,South Africa,,,,,,,,,,,,
1273737,2021-10-30,Dubai International Cricket Stadium,Dubai,,Australia,England,England,,,,,,,,,,,,
1273739,2021-10-31,Dubai International Cricket Stadium,Dubai,,India,New Zealand,New Zealand,India,New Zealand,48,0,47,1,KL Rahul,18.0,AF Milne,25.0,,
1273740,2021-11-01,Sharjah Cricket Stadium,Sharjah,,England,Sri Lanka,England,,,,,,,,,,,,
1273741,2021-11-02,"Zayed Cricket Stadium, Abu Dhabi",Abu Dhabi,,Bangladesh,South Africa,South Africa,Bangladesh,South Africa,78,86,102,84,Mahedi Hasan,27.0,Shoriful Islam,25.0,8.0,
1273742,2021-11-02,"Zayed Cricket Stadium, Abu Dhabi",Abu Dhabi,,Pakistan,Namibia,Pakistan,Namibia,Pakistan,120,168,99,110,Mohammad Rizwan,79.0,Haris Rauf,25.0,48.0,
1273743,2021-11-03,Dubai International Cricket Stadium,Dubai,,New Zealand,Scotland,New Zealand,Scotland,,36,,24,,,,AF Milne,24.0,,
1273745,2021-11-04,Dubai International Cricket Stadium,Dubai,,Bangladesh,Australia,Australia,Australia,Bangladesh,78,54,41,72,Shamim Hossain,19.0,Taskin Ahmed,21.0,24.0,
1273746,2021-11-04,"Zayed Cricket Stadium, Abu Dhabi",Abu Dhabi,,Sri Lanka,West Indies,Sri Lanka,,,,,,,,,,,,
1273747,2021-11-05,Sharjah Cricket Stadium,Sharjah,,New Zealand,Namibia,New Zealand,Namibia,New Zealand,32,27,33,16,JJ Smit,9.0,AF Milne,24.0,,
1273748,2021-11-05,Dubai International Cricket Stadium,Dubai,,Scotland,India,India,India,Scotland,51,0,20,1,KL Rahul,50.0,,,51.0,
1273749,2021-11-06,"Zayed Cricket Stadium, Abu Dhabi",Abu Dhabi,,West Indies,Australia,Australia,,,,,,,,,,,,
1273750,2021-11-06,Sharjah Cricket Stadium,Sharjah,,South Africa,England,South Africa,,,,,,,,,,,,
1273752,2021-11-07,Sharjah Cricket Stadium,Sharjah,,Pakistan,Scotland,Pakistan,Pakistan,Scotland,109,100,92,104,Babar Azam,66.0,Shaheen Shah Afridi,29.0,9.0,
1273753,2021-11-08,Dubai International Cricket Stadium,Dubai,,Namibia,India,India,India,Namibia,61,9,42,9,KL Rahul,54.0,JJ Smit,12.0,52.0,
1273754,2021-11-10,"Zayed Cricket Stadium, Abu Dhabi",Abu Dhabi,,England,New Zealand,New Zealand,England,,32,,25,,,,AF Milne,25.0,,
1273755,2021-11-11,Dubai International Cricket Stadium,Dubai,,Pakistan,Australia,Australia,Australia,Pakistan,139,174,93,123,Mohammad Rizwan,67.0,Shaheen Shah Afridi,26.0,,
1273756,2021-11-14,Dubai International Cricket Stadium,Dubai,,New Zealand,Australia,Australia,Australia,,32,,25,,,,AF Milne,25.0,,
1275039,2021-09-11,Entebbe Cricket Oval,Entebbe,,Nigeria,Kenya,Kenya,,,,,,,,,,,,
1275040,2021-09-11,Entebbe Cricket Oval,Entebbe,,Uganda,Nigeria,Uganda,Nigeria,Uganda,0,40,1,23,Riazat Ali Shah,40.0,,,40.0,
1275042,2021-09-13,Entebbe Cricket Oval,Entebbe,,Kenya,Nigeria,Kenya,,,,,,,,,,,,
1275043,2021-09-13,Entebbe Cricket Oval,Entebbe,,Nigeria,Uganda,Uganda,Nigeria,Uganda,15,15,13,5,Riazat Ali Shah,15.0,Riazat Ali Shah,13.0,,
1275044,2021-09-10,Entebbe Cricket Oval,Entebbe,,Kenya,Uganda,Kenya,Kenya,Uganda,22,33,20,30,Riazat Ali Shah,31.0,Riazat Ali Shah,19.0,,
1275045,2021-09-16,Entebbe Cricket Oval,Entebbe,,Nigeria,Kenya,Nigeria,,,,,,,,,,,,
1275047,2021-09-15,Entebbe Cricket Oval,Entebbe,,Uganda,Nigeria,Uganda,Nigeria,Uganda,20,63,14,35,Riazat Ali Shah,59.0,Riazat Ali Shah,14.0,43.0,
1275051,2021-09-17,Entebbe Cricket Oval,Entebbe,,Uganda,Kenya,Uganda,Kenya,Uganda,0,4,1,7,Riazat Ali Shah,4.0,,,4.0,
1275052,2021-09-10,"Desert Springs Cricket Ground, Almeria",Almeria,,Spain,Germany,Germany,,,,,,,,,,,,
1275053,2021-09-11,"Desert Springs Cricket Ground, Almeria",Almeria,,Germany,Spain,Spain,,,,,,,,,,,,
1275054,2021-09-11,"Desert Springs Cricket Ground, Almeria",Almeria,,Germany,Spain,Spain,,,,,,,,,,,,
1275268,2021-09-03,"Moara Vlasiei Cricket Ground, Ilfov County",Ilfov County,,Romania,Czech Republic,Romania,,,,,,,,,,,,
1275269,2021-09-02,"Moara Vlasiei Cricket Ground, Ilfov County",Ilfov County,,Luxembourg,Bulgaria,Luxembourg,,,,,,,,,,,,
1275270,2021-09-02,"Moara Vlasiei Cricket Ground, Ilfov County",Ilfov County,,Hungary,Czech Republic,Hungary,,,,,,,,,,,,
1275271,2021-09-03,"Moara Vlasiei Cricket Ground, Ilfov County",Ilfov County,,Bulgaria,Malta,Malta,,,,,,,,,,,,
1275272,2021-09-03,"Moara Vlasiei Cricket Ground, Ilfov County",Ilfov County,,Romania,Hungary,Romania,,,,,,,,,,,,
1275274,2021-09-04,"Moara Vlasiei Cricket Ground, Ilfov County",Ilfov County,,Luxembourg,Hungary,Luxembourg,,,,,,,,,,,,
1275275,2021-09-04,"Moara Vlasiei Cricket Ground, Ilfov County",Ilfov County,,Romania,Malta,Romania,,,,,,,,,,,,
1275276,2021-09-05,"Moara Vlasiei Cricket Ground, Ilfov County",Ilfov County,,Malta,Hungary,Hungary,,,,,,,,,,,,
1275277,2021-09-05,"Moara Vlasiei Cricket Ground, Ilfov County",Ilfov County,,Romania,Luxembourg,Romania,,,,,,,,,,,,
1276904,2022-07-07,"The Rose Bowl, Southampton",Southampton,,India,England,India,England,India,20,10,23,11,Ishan Kishan,8.0,Arshdeep Singh,23.0,,
1276905,2022-07-09,"Edgbaston, Birmingham",Birmingham,,India,England,India,,,,,,,,,,,,
1276906,2022-07-10,"Trent Bridge, Nottingham",Nottingham,,England,India,England,England,India,76,3,52,3,Ravi Bishnoi,2.0,Avesh Khan,26.0,73.0,
1276913,2022-07-27,"County Ground, Bristol",Bristol,,England,South Africa,England,,,,,,,,,,,,
1276914,2022-07-28,"Sophia Gardens, Cardiff",Cardiff,,South Africa,England,South Africa,,,,,,,,,,,,
1276915,2022-07-31,"The Rose Bowl, Southampton",Southampton,,South Africa,England,South Africa,,,,,,,,,,,,
1277974,2021-11-19,"Shere Bangla National Stadium, Mirpur",Dhaka,,Bangladesh,Pakistan,Pakistan,Bangladesh,Pakistan,123,132,121,121,Afif Hossain,36.0,Haris Rauf,26.0,9.0,
1277975,2021-11-20,"Shere Bangla National Stadium, Mirpur",Dhaka,,Bangladesh,Pakistan,Pakistan,Bangladesh,Pakistan,93,106,111,107,Fakhar Zaman,57.0,Shadab Khan,26.0,13.0,
1277976,2021-11-22,"Shere Bangla National Stadium, Mirpur",Dhaka,,Bangladesh,Pakistan,Pakistan,Bangladesh,Pakistan,114,89,110,98,Mohammad Naim,47.0,Haris Rauf,25.0,,
1278671,2021-11-17,"Sawai Mansingh Stadium, Jaipur",Jaipur,,New Zealand,India,India,India,New Zealand,17,41,14,25,KL Rahul,15.0,Mohammed Siraj,25.0,,
1278672,2021-11-19,"JSCA International Stadium Complex, Ranchi",Ranchi,,New Zealand,India,India,India,New Zealand,88,6,61,5,KL Rahul,65.0,AF Milne,19.0,82.0,
1278673,2021-11-21,"Eden Gardens, Kolkata",Kolkata,,India,New Zealand,India,India,New Zealand,57,8,35,7,Ishan Kishan,29.0,AF Milne,25.0,49.0,
1278679,2022-02-16,"Eden Gardens, Kolkata",Kolkata,,West Indies,India,India,India,West Indies,36,22,42,30,Ishan Kishan,35.0,Ravi Bishnoi,30.0,14.0,
1278680,2022-02-18,"Eden Gardens, Kolkata",Kolkata,,India,West Indies,India,India,West Indies,8,30,10,27,Ishan Kishan,2.0,Ravi Bishnoi,26.0,,
1278681,2022-02-20,"Eden Gardens, Kolkata",Kolkata,,India,West Indies,India,India,West Indies,35,72,31,55,Ishan Kishan,34.0,Ravi Bishnoi,26.0,,
1278684,2022-02-24,"Bharat Ratna Shri Atal Bihari Vajpayee Ekana Cricket Stadium, Lucknow",Lucknow,,India,Sri Lanka,India,India,Sri Lanka,93,0,59,2,Ishan Kishan,89.0,,,93.0,
1278685,2022-02-26,"Himachal Pradesh Cricket Association Stadium, Dharamsala",Dharamsala,,Sri Lanka,India,India,India,,18,,17,,Ishan Kishan,16.0,,,,
1278686,2022-02-27,"Himachal Pradesh Cricket Association Stadium, Dharamsala",Dharamsala,,Sri Lanka,India,India,Sri Lanka,,112,,100,,,,Avesh Khan,26.0,,
1278687,2022-06-09,"Arun Jaitley Stadium, Delhi",Delhi,,India,South Africa,South Africa,India,South Africa,83,36,50,28,Ishan Kishan,76.0,Avesh Khan,27.0,,
1278688,2022-06-12,"Barabati Stadium, Cuttack",Cuttack,,India,South Africa,South Africa,India,South Africa,34,18,21,20,Ishan Kishan,34.0,Avesh Khan,18.0,,
1278689,2022-06-14,"Dr. Y.S. Rajasekhara Reddy ACA-VDCA Cricket Stadium, Visakhapatnam",Visakhapatnam,,India,South Africa,India,India,South Africa,55,35,36,26,Ishan Kishan,54.0,Avesh Khan,24.0,20.0,
1278690,2022-06-17,"Saurashtra Cricket Association Stadium, Rajkot",Rajkot,,India,South Africa,India,India,South Africa,28,23,26,25,Ishan Kishan,27.0,Avesh Khan,24.0,5.0,
1278691,2022-06-19,"M Chinnaswamy Stadium, Bangalore",Bengaluru,,India,South Africa,,India,,17,,8,,Ishan Kishan,15.0,,,,
1279379,2021-10-05,Happy Valley Ground,Episkopi,,Estonia,Cyprus,Cyprus,,,,,,,,,,,,
1279380,2021-10-05,Happy Valley Ground,Episkopi,,Estonia,Cyprus,Cyprus,,,,,,,,,,,,
1279381,2021-10-06,Happy Valley Ground,Episkopi,,Cyprus,Isle of Man,Isle of Man,,,,,,,,,,,,
1279382,2021-10-06,Happy Valley Ground,Episkopi,,Estonia,Isle of Man,Isle of Man,,,,,,,,,,,,
1279383,2021-10-07,Happy Valley Ground,Episkopi,,Cyprus,Isle of Man,Isle of Man,,,,,,,,,,,,
1279385,2021-10-08,Happy Valley Ground,Episkopi,,Cyprus,Estonia,Cyprus,,,,,,,,,,,,
1279386,2021-10-08,Happy Valley Ground,Episkopi,,Estonia,Isle of Man,Isle of Man,,,,,,,,,,,,
1280058,2021-10-09,"ICC Academy, Dubai",Dubai,,Scotland,Namibia,Namibia,Namibia,Scotland,20,19,17,24,JJ Smit,20.0,JJ Smit,24.0,1.0,
1280059,2021-10-10,"ICC Academy, Dubai",Dubai,,Namibia,Papua New Guinea,Namibia,Namibia,Papua New Guinea,50,27,36,25,JJ Smit,48.0,JJ Smit,25.0,23.0,
1280060,2021-10-07,"ICC Academy, Dubai",Dubai,,United Arab Emirates,Ireland,Ireland,United Arab Emirates,,0,,1,,,,,,,
1280061,2021-10-08,"ICC Academy, Dubai",Dubai,,United Arab Emirates,Ireland,United Arab Emirates,Ireland,,20,,18,,GH Dockrell,17.0,,,,
1280062,2021-10-10,"ICC Academy, Dubai",Dubai,,Ireland,United Arab Emirates,United Arab Emirates,Ireland,,1,,2,,GH Dockrell,1.0,,,,
1280063,2021-10-08,"ICC Academy, Dubai",Dubai,,Papua New Guinea,Scotland,Scotland,Papua New Guinea,,36,,24,,,,Hamza Tahir,24.0,,
1282272,2021-10-21,Marsa Sports Club,Marsa,,Malta,Gibraltar,Malta,,,,,,,,,,,,
1282273,2021-10-22,Marsa Sports Club,Marsa,,Gibraltar,Switzerland,Switzerland,,,,,,,,,,,,
1282275,2021-10-22,Marsa Sports Club,Marsa,,Bulgaria,Switzerland,Switzerland,,,,,,,,,,,,
1282276,2021-10-23,Marsa Sports Club,Marsa,,Switzerland,Malta,Switzerland,,,,,,,,,,,,
1282278,2021-10-24,Marsa Sports Club,Marsa,,Gibraltar,Bulgaria,Bulgaria,,,,,,,,,,,,
1282279,2021-10-24,Marsa Sports Club,Marsa,,Malta,Switzerland,Malta,,,,,,,,,,,,
1282738,2021-10-15,"Desert Springs Cricket Ground, Almeria",Almeria,,Jersey,Germany,Jersey,,,,,,,,,,,,
1282739,2021-10-15,"Desert Springs Cricket Ground, Almeria",Almeria,,Denmark,Italy,Italy,,,,,,,,,,,,
1282740,2021-10-16,"Desert Springs Cricket Ground, Almeria",Almeria,,Denmark,Germany,Germany,,,,,,,,,,,,
1282741,2021-10-16,"Desert Springs Cricket Ground, Almeria",Almeria,,Jersey,Italy,Jersey,,,,,,,,,,,,
1282742,2021-10-17,"Desert Springs Cricket Ground, Almeria",Almeria,,Jersey,Denmark,Jersey,,,,,,,,,,,,
1282743,2021-10-17,"Desert Springs Cricket Ground, Almeria",Almeria,,Italy,Germany,Germany,,,,,,,,,,,,
1282744,2021-10-19,"Desert Springs Cricket Ground, Almeria",Almeria,,Italy,Denmark,Italy,,,,,,,,,,,,
1282745,2021-10-19,"Desert Springs Cricket Ground, Almeria",Almeria,,Germany,Jersey,Jersey,,,,,,,,,,,,
1282746,2021-10-20,"Desert Springs Cricket Ground, Almeria",Almeria,,Italy,Jersey,Jersey,,,,,,,,,,,,
1282747,2021-10-20,"Desert Springs Cricket Ground, Almeria",Almeria,,Germany,Denmark,Germany,,,,,,,,,,,,
1282748,2021-10-21,"Desert Springs Cricket Ground, Almeria",Almeria,,Italy,Germany,Italy,,,,,,,,,,,,
1282749,2021-10-21,"Desert Springs Cricket Ground, Almeria",Almeria,,Denmark,Jersey,Jersey,,,,,,,,,,,,
1283021,2021-10-16,Gahanga International Cricket Stadium. Rwanda,Kigali City,,Rwanda,Ghana,Ghana,,,,,,,,,,,,
1283023,2021-10-16,Gahanga International Cricket Stadium. Rwanda,Kigali City,,Seychelles,Ghana,Ghana,,,,,,,,,,,,
1283024,2021-10-16,Integrated Polytechnic Regional Centre,Kigali City,,Malawi,Uganda,Uganda,Malawi,,13,,20,,,,Riazat Ali Shah,20.0,,
1283025,2021-10-17,Gahanga International Cricket Stadium. Rwanda,Kigali City,,Lesotho,Seychelles,Seychelles,,,,,,,,,,,,
1283026,2021-10-17,Integrated Polytechnic Regional Centre,Kigali City,,Swaziland,Malawi,Malawi,,,,,,,,,,,,
1283028,2021-10-17,Integrated Polytechnic Regional Centre,Kigali City,,Uganda,Rwanda,Uganda,Uganda,,11,,8,,Riazat Ali Shah,11.0,,,,
1283029,2021-10-19,Gahanga International Cricket Stadium. Rwanda,Kigali City,,Malawi,Ghana,Ghana,,,,,,,,,,,,
1283030,2021-10-19,Integrated Polytechnic Regional Centre,Kigali City,,Lesotho,Uganda,Uganda,Lesotho,,0,,1,,,,,,,
1283032,2021-10-19,Integrated Polytechnic Regional Centre,Kigali City,,Swaziland,Uganda,Uganda,Swaziland,Uganda,11,1,6,2,Riazat Ali Shah,1.0,Riazat Ali Shah,6.0,,
1283033,2021-10-20,Gahanga International Cricket Stadium. Rwanda,Kigali City,,Malawi,Seychelles,Malawi,,,,,,,,,,,,
1283034,2021-10-20,Integrated Polytechnic Regional Centre,Kigali City,,Swaziland,Ghana,Ghana,,,,,,,,,,,,
1283035,2021-10-20,Gahanga International Cricket Stadium. Rwanda,Kigali City,,Swaziland,Seychelles,Seychelles,,,,,,,,,,,,
1283036,2021-10-20,Integrated Polytechnic Regional Centre,Kigali City,,Rwanda,Lesotho,Rwanda,,,,,,,,,,,,
1283037,2021-10-21,Gahanga International Cricket Stadium. Rwanda,Kigali City,,Uganda,Ghana,Uganda,Ghana,Uganda,9,15,24,13,Riazat Ali Shah,14.0,Riazat Ali Shah,24.0,6.0,
1283038,2021-10-22,Gahanga International Cricket Stadium. Rwanda,Kigali City,,Swaziland,Rwanda,Rwanda,,,,,,,,,,,,
1283040,2021-10-22,Gahanga International Cricket Stadium. Rwanda,Kigali City,,Malawi,Rwanda,Malawi,,,,,,,,,,,,
1283041,2021-10-22,Integrated Polytechnic Regional Centre,Kigali City,,Uganda,Seychelles,Uganda,,,,,,,,,,,,
1283042,2021-11-02,Gahanga International Cricket Stadium. Rwanda,Kigali City,,Botswana,Sierra Leone,Botswana,,,,,,,,,,,,
1283043,2021-11-02,Gahanga International Cricket Stadium. Rwanda,Kigali City,,Tanzania,Mozambique,Tanzania,,,,,,,,,,,,
1283044,2021-11-03,Gahanga International Cricket Stadium. Rwanda,Kigali City,,Mozambique,Cameroon,Mozambique,,,,,,,,,,,,
1283045,2021-11-03,Gahanga International Cricket Stadium. Rwanda,Kigali City,,Sierra Leone,Tanzania,Tanzania,,,,,,,,,,,,
1283046,2021-11-05,Gahanga International Cricket Stadium. Rwanda,Kigali City,,Cameroon,Botswana,Botswana,,,,,,,,,,,,
1283047,2021-11-05,Gahanga International Cricket Stadium. Rwanda,Kigali City,,Mozambique,Sierra Leone,Sierra Leone,,,,,,,,,,,,
1283048,2021-11-06,Gahanga International Cricket Stadium. Rwanda,Kigali City,,Botswana,Mozambique,Botswana,,,,,,,,,,,,
1283049,2021-11-06,Gahanga International Cricket Stadium. Rwanda,Kigali City,,Tanzania,Cameroon,Tanzania,,,,,,,,,,,,
1283050,2021-11-07,Gahanga International Cricket Stadium. Rwanda,Kigali City,,Cameroon,Sierra Leone,Sierra Leone,,,,,,,,,,,,
1283051,2021-11-07,Gahanga International Cricket Stadium. Rwanda,Kigali City,,Tanzania,Botswana,Tanzania,,,,,,,,,,,,
1283089,2021-10-19,University of Lagos Cricket Oval,Lagos,,Nigeria,Sierra Leone,Sierra Leone,,,,,,,,,,,,
1283091,2021-10-21,University of Lagos Cricket Oval,Lagos,,Nigeria,Sierra Leone,Nigeria,,,,,,,,,,,,
1283092,2021-10-23,University of Lagos Cricket Oval,Lagos,,Sierra Leone,Nigeria,Nigeria,,,,,,,,,,,,
1283093,2021-10-24,University of Lagos Cricket Oval,Lagos,,Nigeria,Sierra Leone,Nigeria,,,,,,,,,,,,
1283094,2021-10-26,University of Lagos Cricket Oval,Lagos,,Nigeria,Sierra Leone,Nigeria,,,,,,,,,,,,
1284489,2021-10-23,"West End Park International Cricket Stadium, Doha",Doha,,Maldives,Saudi Arabia,Saudi Arabia,,,,,,,,,,,,
1284490,2021-10-24,"West End Park International Cricket Stadium, Doha",Doha,,Bahrain,Kuwait,Kuwait,,,,,,,,,,,,
1284491,2021-10-24,"West End Park International Cricket Stadium, Doha",Doha,,Qatar,Maldives,Qatar,,,,,,,,,,,,
1284493,2021-10-27,"West End Park International Cricket Stadium, Doha",Doha,,Maldives,Bahrain,Bahrain,,,,,,,,,,,,
1284495,2021-10-28,"West End Park International Cricket Stadium, Doha",Doha,,Maldives,Kuwait,Kuwait,,,,,,,,,,,,
1284496,2021-10-28,"West End Park International Cricket Stadium, Doha",Doha,,Bahrain,Saudi Arabia,Bahrain,,,,,,,,,,,,
1284497,2021-10-29,"West End Park International Cricket Stadium, Doha",Doha,,Kuwait,Qatar,Qatar,,,,,,,,,,,,
1286667,2021-11-07,"Coolidge Cricket Ground, Antigua",Coolidge,,Belize,United States of America,United States of America,Belize,,5,,7,,,,Aaron Jones,6.0,,
1286670,2021-11-08,"Coolidge Cricket Ground, Antigua",Coolidge,,Canada,Belize,Canada,Belize,Canada,18,48,18,20,Ravinderpal Singh,42.0,Saad Bin Zafar,18.0,30.0,
1286671,2021-11-08,"Sir Vivian Richards Stadium, North Sound, Antigua",North Sound,,Bahamas,Argentina,Bahamas,,,,,,,,,,,,
1286672,2021-11-08,"Coolidge Cricket Ground, Antigua",Coolidge,,Belize,Panama,Belize,,,,,,,,,,,,
1286673,2021-11-08,"Sir Vivian Richards Stadium, North Sound, Antigua",North Sound,,United States of America,Bermuda,United States of America,Bermuda,United States of America,15,51,27,35,Aaron Jones,50.0,Ali Khan,26.0,36.0,
1286674,2021-11-10,"Coolidge Cricket Ground, Antigua",Coolidge,,Canada,United States of America,,Canada,United States of America,84,33,61,34,Ravinderpal Singh,44.0,Ali Khan,32.0,,
1286675,2021-11-10,"Sir Vivian Richards Stadium, North Sound, Antigua",North Sound,,Argentina,Belize,Argentina,,,,,,,,,,,,
1286677,2021-11-10,"Coolidge Cricket Ground, Antigua",Coolidge,,Bermuda,Bahamas,Bermuda,,,,,,,,,,,,
1286681,2021-11-11,"Sir Vivian Richards Stadium, North Sound, Antigua",North Sound,,Argentina,United States of America,United States of America,Argentina,United States of America,13,18,12,21,Aaron Jones,17.0,Aaron Jones,12.0,5.0,
1286682,2021-11-13,"Coolidge Cricket Ground, Antigua",Coolidge,,Bahamas,United States of America,United States of America,Bahamas,United States of America,0,45,1,41,Aaron Jones,43.0,,,45.0,
1286683,2021-11-13,"Sir Vivian Richards Stadium, North Sound, Antigua",North Sound,,Belize,Bermuda,Bermuda,,,,,,,,,,,,
1286684,2021-11-13,"Coolidge Cricket Ground, Antigua",Coolidge,,Panama,Bahamas,Panama,,,,,,,,,,,,
1286685,2021-11-13,"Sir Vivian Richards Stadium, North Sound, Antigua",North Sound,,Argentina,Canada,Canada,Argentina,Canada,17,6,19,9,Ravinderpal Singh,6.0,Saad Bin Zafar,18.0,,
1286686,2021-11-14,"Coolidge Cricket Ground, Antigua",Coolidge,,Canada,Panama,Canada,Panama,,0,,27,,,,Saad Bin Zafar,24.0,,
1287773,2021-12-13,"National Stadium, Karachi",Karachi,,Pakistan,West Indies,Pakistan,Pakistan,West Indies,121,97,76,92,Mohammad Rizwan,78.0,Shaheen Shah Afridi,26.0,24.0,
1287774,2021-12-14,"National Stadium, Karachi",Karachi,,Pakistan,West Indies,Pakistan,Pakistan,West Indies,89,124,58,102,Mohammad Rizwan,38.0,Shaheen Shah Afridi,27.0,,
1287775,2021-12-16,"National Stadium, Karachi",Karachi,,West Indies,Pakistan,Pakistan,Pakistan,West Indies,185,124,113,72,Mohammad Rizwan,87.0,Shadab Khan,28.0,61.0,
1288316,2022-04-05,"Gaddafi Stadium, Lahore",Lahore,,Pakistan,Australia,Australia,Australia,Pakistan,100,125,70,93,Babar Azam,66.0,Shaheen Shah Afridi,25.0,,
1289042,2021-11-17,Gahanga International Cricket Stadium. Rwanda,Kigali City,,Nigeria,Tanzania,Tanzania,,,,,,,,,,,,
1289043,2021-11-17,Integrated Polytechnic Regional Centre,Kigali City,,Kenya,Uganda,Kenya,Kenya,Uganda,27,0,20,2,Riazat Ali Shah,0.0,Riazat Ali Shah,19.0,27.0,
1289044,2021-11-17,Gahanga International Cricket Stadium. Rwanda,Kigali City,,Uganda,Nigeria,Uganda,Uganda,,42,,27,,Riazat Ali Shah,39.0,,,,
1289045,2021-11-17,Integrated Polytechnic Regional Centre,Kigali City,,Tanzania,Kenya,Tanzania,,,,,,,,,,,,
1289046,2021-11-18,Gahanga International Cricket Stadium. Rwanda,Kigali City,,Tanzania,Uganda,Uganda,Tanzania,,27,,24,,,,Riazat Ali Shah,24.0,,
1289047,2021-11-18,Integrated Polytechnic Regional Centre,Kigali City,,Nigeria,Kenya,Kenya,,,,,,,,,,,,
1289048,2021-11-18,Gahanga International Cricket Stadium. Rwanda,Kigali City,,Tanzania,Kenya,Kenya,,,,,,,,,,,,
1289049,2021-11-18,Integrated Polytechnic Regional Centre,Kigali City,,Nigeria,Uganda,Uganda,Nigeria,Uganda,12,28,22,26,Riazat Ali Shah,23.0,Riazat Ali Shah,20.0,16.0,
1289050,2021-11-20,Gahanga International Cricket Stadium. Rwanda,Kigali City,,Tanzania,Uganda,Uganda,Uganda,,1,,7,,Riazat Ali Shah,1.0,,,,
1289051,2021-11-20,Integrated Polytechnic Regional Centre,Kigali City,,Kenya,Nigeria,Kenya,,,,,,,,,,,,
1289052,2021-11-20,Gahanga International Cricket Stadium. Rwanda,Kigali City,,Kenya,Uganda,Uganda,Kenya,Uganda,36,43,19,31,Riazat Ali Shah,43.0,Riazat Ali Shah,18.0,7.0,
1289053,2021-11-20,Integrated Polytechnic Regional Centre,Kigali City,,Tanzania,Nigeria,Tanzania,,,,,,,,,,,,
1291187,2021-12-22,"Central Broward Regional Park Stadium Turf Ground, Lauderhill",Lauderhill,,United States of America,Ireland,United States of America,Ireland,,33,,25,,,,Ali Khan,25.0,,
1291188,2021-12-23,"Central Broward Regional Park Stadium Turf Ground, Lauderhill",Lauderhill,,Ireland,United States of America,Ireland,Ireland,,34,,19,,,,Ali Khan,18.0,,
1298135,2022-10-16,"GMHBA Stadium, South Geelong, Victoria",Geelong,,Namibia,Sri Lanka,Namibia,Namibia,Sri Lanka,38,16,18,20,JJ Smit,31.0,JJ Smit,19.0,22.0,
1298136,2022-10-16,"GMHBA Stadium, South Geelong, Victoria",Geelong,,United Arab Emirates,Netherlands,Netherlands,Netherlands,,13,,8,,Vikramjit Singh,10.0,,,,
1298137,2022-10-17,"Bellerive Oval, Hobart",Hobart,,Scotland,West Indies,Scotland,,,,,,,,,,,,
1298138,2022-10-17,"Bellerive Oval, Hobart",Hobart,,Zimbabwe,Ireland,Zimbabwe,Ireland,Zimbabwe,51,84,40,50,Sikandar Raza,82.0,Sikandar Raza,19.0,33.0,
1298139,2022-10-18,"GMHBA Stadium, South Geelong, Victoria",Geelong,,Namibia,Netherlands,Netherlands,Namibia,Netherlands,6,60,4,55,Vikramjit Singh,39.0,JJ Smit,24.0,54.0,
1298140,2022-10-18,"GMHBA Stadium, South Geelong, Victoria",Geelong,,Sri Lanka,United Arab Emirates,Sri Lanka,,,,,,,,,,,,
1298141,2022-10-19,"Bellerive Oval, Hobart",Hobart,,Scotland,Ireland,Ireland,Ireland,Scotland,47,9,29,7,GH Dockrell,39.0,GH Dockrell,6.0,38.0,
1298142,2022-10-19,"Bellerive Oval, Hobart",Hobart,,West Indies,Zimbabwe,West Indies,West Indies,Zimbabwe,19,14,24,8,Sikandar Raza,14.0,Sikandar Raza,24.0,5.0,
1298143,2022-10-20,"GMHBA Stadium, South Geelong, Victoria",Geelong,,Sri Lanka,Netherlands,Sri Lanka,Netherlands,,7,,14,,Vikramjit Singh,7.0,,,,
1298144,2022-10-20,"GMHBA Stadium, South Geelong, Victoria",Geelong,,United Arab Emirates,Namibia,United Arab Emirates,Namibia,United Arab Emirates,3,39,3,24,JJ Smit,3.0,JJ Smit,24.0,36.0,
1298145,2022-10-21,"Bellerive Oval, Hobart",Hobart,,West Indies,Ireland,Ireland,,,,,,,,,,,,
1298146,2022-10-21,"Bellerive Oval, Hobart",Hobart,,Scotland,Zimbabwe,Zimbabwe,Scotland,Zimbabwe,20,40,27,23,Sikandar Raza,40.0,Sikandar Raza,26.0,20.0,
1298147,2022-10-22,Sydney Cricket Ground,Sydney,,New Zealand,Australia,New Zealand,,,,,,,,,,,,
1298149,2022-10-23,"Bellerive Oval, Hobart",Hobart,,Ireland,Sri Lanka,Sri Lanka,Ireland,,14,,16,,GH Dockrell,14.0,,,,
1298150,2022-10-23,Melbourne Cricket Ground,Melbourne,,Pakistan,India,India,India,Pakistan,160,58,125,52,Shaheen Shah Afridi,16.0,Mohammad Nawaz,27.0,102.0,
1298151,2022-10-24,"Bellerive Oval, Hobart",Hobart,,Bangladesh,Netherlands,Bangladesh,Bangladesh,Netherlands,86,94,83,99,Afif Hossain,38.0,Mustafizur Rahman,26.0,,
1298152,2022-10-24,"Bellerive Oval, Hobart",Hobart,,Zimbabwe,South Africa,,South Africa,Zimbabwe,11,0,7,2,Sikandar Raza,0.0,Sikandar Raza,7.0,,
1298153,2022-10-25,Perth Stadium,Perth,,Sri Lanka,Australia,Australia,,,,,,,,,,,,
1298154,2022-10-26,Melbourne Cricket Ground,Melbourne,,Ireland,England,Ireland,England,Ireland,5,0,6,1,GH Dockrell,0.0,GH Dockrell,6.0,,
1298156,2022-10-27,Sydney Cricket Ground,Sydney,,South Africa,Bangladesh,South Africa,Bangladesh,South Africa,78,118,73,79,Liton Das,34.0,Hasan Mahmud,26.0,40.0,
1298157,2022-10-27,Sydney Cricket Ground,Sydney,,India,Netherlands,India,India,Netherlands,15,53,19,42,Shariz Ahmad,16.0,Arshdeep Singh,26.0,,
1298158,2022-10-27,Perth Stadium,Perth,,Zimbabwe,Pakistan,Zimbabwe,Pakistan,Zimbabwe,77,104,78,101,Mohammad Nawaz,22.0,Naseem Shah,26.0,27.0,
1298161,2022-10-29,Sydney Cricket Ground,Sydney,,New Zealand,Sri Lanka,New Zealand,,,,,,,,,,,,
1298162,2022-10-30,"Brisbane Cricket Ground, Woolloongabba, Brisbane",Brisbane,,Bangladesh,Zimbabwe,Bangladesh,Bangladesh,Zimbabwe,65,72,51,77,Afif Hossain,29.0,Hasan Mahmud,27.0,,
1298163,2022-10-30,Perth Stadium,Perth,,Netherlands,Pakistan,Pakistan,Netherlands,Pakistan,74,77,103,62,Mohammad Rizwan,49.0,Shaheen Shah Afridi,25.0,3.0,
1298164,2022-10-30,Perth Stadium,Perth,,India,South Africa,South Africa,India,South Africa,11,25,15,25,KL Rahul,9.0,Arshdeep Singh,25.0,14.0,
1298165,2022-10-31,"Brisbane Cricket Ground, Woolloongabba, Brisbane",Brisbane,,Australia,Ireland,Australia,Australia,Ireland,24,0,25,4,GH Dockrell,0.0,GH Dockrell,24.0,24.0,
1298167,2022-11-01,"Brisbane Cricket Ground, Woolloongabba, Brisbane",Brisbane,,England,New Zealand,England,,,,,,,,,,,,
1298168,2022-11-02,Adelaide Oval,Adelaide,,Zimbabwe,Netherlands,Netherlands,Netherlands,Zimbabwe,6,43,6,26,Sikandar Raza,40.0,Sikandar Raza,6.0,,
1298169,2022-11-02,Adelaide Oval,Adelaide,,India,Bangladesh,India,Bangladesh,India,104,161,59,107,Liton Das,60.0,Shoriful Islam,28.0,57.0,
1298170,2022-11-03,Sydney Cricket Ground,Sydney,,Pakistan,South Africa,Pakistan,Pakistan,South Africa,129,95,80,74,Shadab Khan,52.0,Haris Rauf,19.0,34.0,
1298171,2022-11-04,Adelaide Oval,Adelaide,,New Zealand,Ireland,New Zealand,Ireland,New Zealand,23,18,15,15,GH Dockrell,23.0,GH Dockrell,14.0,,
1298173,2022-11-05,Sydney Cricket Ground,Sydney,,Sri Lanka,England,England,,,,,,,,,,,,
1298174,2022-11-06,Adelaide Oval,Adelaide,,Netherlands,South Africa,Netherlands,,,,,,,,,,,,
1298175,2022-11-06,Adelaide Oval,Adelaide,,Bangladesh,Pakistan,Pakistan,Bangladesh,Pakistan,104,114,98,106,Mohammad Rizwan,32.0,Nasum Ahmed,26.0,10.0,
1298176,2022-11-06,Melbourne Cricket Ground,Melbourne,,India,Zimbabwe,India,India,Zimbabwe,59,45,46,40,KL Rahul,51.0,Sikandar Raza,18.0,14.0,
1298177,2022-11-09,Sydney Cricket Ground,Sydney,,New Zealand,Pakistan,Pakistan,New Zealand,Pakistan,137,146,108,113,Mohammad Rizwan,57.0,Haris Rauf,24.0,9.0,
1298178,2022-11-10,Adelaide Oval,Adelaide,,India,England,England,England,India,15,5,13,5,KL Rahul,5.0,Arshdeep Singh,13.0,10.0,
1298179,2022-11-13,Melbourne Cricket Ground,Melbourne,,Pakistan,England,England,England,Pakistan,87,92,87,83,Babar Azam,32.0,Haris Rauf,25.0,,
1299566,2022-02-18,Al Amerat Cricket Ground Oman Cricket (Ministry Turf 1),Al Amarat,,Nepal,Oman,Nepal,Nepal,Oman,68,38,75,53,Naseem Khushi,24.0,Kaleemullah,24.0,30.0,
1299567,2022-02-18,Al Amerat Cricket Ground Oman Cricket (Ministry Turf 2),Al Amarat,,Canada,Philippines,Canada,Philippines,,34,,49,,,,Kaleem Sana,25.0,,
1299568,2022-02-18,Al Amerat Cricket Ground Oman Cricket (Ministry Turf 1),Al Amarat,,United Arab Emirates,Ireland,United Arab Emirates,Ireland,,11,,9,,GH Dockrell,11.0,,,,
1299569,2022-02-18,Al Amerat Cricket Ground Oman Cricket (Ministry Turf 2),Al Amarat,,Germany,Bahrain,Bahrain,,,,,,,,,,,,
1299570,2022-02-19,Al Amerat Cricket Ground Oman Cricket (Ministry Turf 1),Al Amarat,,Canada,Oman,Oman,Canada,Oman,143,106,111,75,Zeeshan Maqsood,76.0,Kaleem Sana,26.0,,
1299571,2022-02-19,Al Amerat Cricket Ground Oman Cricket (Ministry Turf 2),Al Amarat,,Nepal,Philippines,Nepal,Nepal,Philippines,14,18,13,26,Kushal Malla,12.0,Kushal Malla,24.0,,
1299572,2022-02-19,Al Amerat Cricket Ground Oman Cricket (Ministry Turf 1),Al Amarat,,United Arab Emirates,Germany,United Arab Emirates,,,,,,,,,,,,
1299573,2022-02-19,Al Amerat Cricket Ground Oman Cricket (Ministry Turf 2),Al Amarat,,Ireland,Bahrain,Ireland,Bahrain,Ireland,0,24,1,11,GH Dockrell,24.0,,,24.0,
1299574,2022-02-21,Al Amerat Cricket Ground Oman Cricket (Ministry Turf 1),Al Amarat,,Germany,Ireland,Ireland,Germany,,0,,1,,Shoaib Khan,0.0,,,,
1299575,2022-02-21,Al Amerat Cricket Ground Oman Cricket (Ministry Turf 2),Al Amarat,,Bahrain,United Arab Emirates,Bahrain,,,,,,,,,,,,
1299576,2022-02-21,Al Amerat Cricket Ground Oman Cricket (Ministry Turf 1),Al Amarat,,Canada,Nepal,Nepal,Canada,Nepal,10,51,27,47,Aasif Sheikh,17.0,Kaleem Sana,19.0,41.0,
1299577,2022-02-21,Al Amerat Cricket Ground Oman Cricket (Ministry Turf 2),Al Amarat,,Philippines,Oman,Oman,Philippines,,22,,60,,,,Kaleemullah,24.0,,
1299578,2022-02-22,Al Amerat Cricket Ground Oman Cricket (Ministry Turf 1),Al Amarat,,Germany,Canada,Canada,Canada,Germany,3,47,7,50,Shoaib Khan,6.0,Saad Bin Zafar,25.0,,
1299579,2022-02-22,Al Amerat Cricket Ground Oman Cricket (Ministry Turf 2),Al Amarat,,Bahrain,Philippines,Bahrain,,,,,,,,,,,,
1299580,2022-02-22,Al Amerat Cricket Ground Oman Cricket (Ministry Turf 1),Al Amarat,,United Arab Emirates,Nepal,United Arab Emirates,Nepal,,2,,4,,Aasif Sheikh,0.0,,,,
1299581,2022-02-22,Al Amerat Cricket Ground Oman Cricket (Ministry Turf 2),Al Amarat,,Ireland,Oman,Ireland,Ireland,Oman,125,81,87,74,Shoaib Khan,30.0,Bilal Khan,24.0,44.0,
1299582,2022-02-24,Al Amerat Cricket Ground Oman Cricket (Ministry Turf 1),Al Amarat,,Bahrain,Canada,Canada,Bahrain,,44,,52,,,,Kaleem Sana,28.0,,
1299583,2022-02-24,Al Amerat Cricket Ground Oman Cricket (Ministry Turf 2),Al Amarat,,Philippines,Germany,Germany,,,,,,,,,,,,
1299584,2022-02-24,Al Amerat Cricket Ground Oman Cricket (Ministry Turf 2),Al Amarat,,Oman,Nepal,Nepal,Nepal,Oman,65,59,61,76,Zeeshan Maqsood,21.0,Bilal Khan,18.0,6.0,
1299585,2022-02-24,Al Amerat Cricket Ground Oman Cricket (Ministry Turf 1),Al Amarat,,Ireland,United Arab Emirates,United Arab Emirates,,,,,,,,,,,,
1299592,2022-02-13,Al Amerat Cricket Ground Oman Cricket (Ministry Turf 1),Al Amarat,,United Arab Emirates,Ireland,United Arab Emirates,Ireland,,1,,2,,GH Dockrell,1.0,,,,
1299593,2022-02-11,Al Amerat Cricket Ground Oman Cricket (Ministry Turf 1),Al Amarat,,Oman,Nepal,Nepal,Nepal,Oman,94,92,83,92,Zeeshan Maqsood,43.0,Bilal Khan,25.0,2.0,
1299594,2022-02-12,Al Amerat Cricket Ground Oman Cricket (Ministry Turf 1),Al Amarat,,Oman,Ireland,Ireland,Ireland,Oman,93,102,74,75,Shoaib Khan,57.0,Bilal Khan,24.0,,
1299595,2022-02-14,Al Amerat Cricket Ground Oman Cricket (Ministry Turf 1),Al Amarat,,United Arab Emirates,Oman,Oman,Oman,United Arab Emirates,37,72,23,63,Shoaib Khan,34.0,Bilal Khan,25.0,,
1299596,2022-02-14,Al Amerat Cricket Ground Oman Cricket (Ministry Turf 1),Al Amarat,,Ireland,Nepal,Ireland,Ireland,Nepal,39,33,35,40,GH Dockrell,28.0,Kushal Malla,12.0,6.0,
1299638,2022-02-12,Al Amerat Cricket Ground Oman Cricket (Ministry Turf 1),Al Amarat,,United Arab Emirates,Nepal,United Arab Emirates,Nepal,United Arab Emirates,37,0,31,1,Aasif Sheikh,34.0,,,,
1303307,2022-06-26,"The Village, Malahide, Dublin",Dublin,,Ireland,India,India,India,Ireland,27,25,12,19,Ishan Kishan,26.0,Avesh Khan,13.0,2.0,
1303308,2022-06-28,"The Village, Malahide, Dublin",Dublin,,India,Ireland,India,India,Ireland,3,64,6,40,GH Dockrell,34.0,Ravi Bishnoi,27.0,,
1303312,2022-07-18,"Civil Service Cricket Club, Stormont, Belfast",Belfast,,New Zealand,Ireland,New Zealand,Ireland,New Zealand,15,33,7,26,GH Dockrell,15.0,GH Dockrell,25.0,18.0,
1303313,2022-07-20,"Civil Service Cricket Club, Stormont, Belfast",Belfast,,New Zealand,Ireland,New Zealand,Ireland,New Zealand,0,21,1,18,GH Dockrell,0.0,GH Dockrell,18.0,21.0,
1303314,2022-07-22,"Civil Service Cricket Club, Stormont, Belfast",Belfast,,Ireland,New Zealand,New Zealand,Ireland,New Zealand,11,14,13,13,GH Dockrell,10.0,GH Dockrell,13.0,3.0,
1303315,2022-08-03,"County Ground, Bristol",Bristol,,South Africa,Ireland,South Africa,Ireland,South Africa,44,11,28,6,GH Dockrell,43.0,GH Dockrell,6.0,,
1303316,2022-08-05,"County Ground, Bristol",Bristol,,South Africa,Ireland,South Africa,Ireland,,3,,4,,GH Dockrell,3.0,,,,
1305498,2022-03-28,"Tribhuvan University International Cricket Ground, Kirtipur",Kirtipur,,Nepal,Papua New Guinea,Nepal,Nepal,Papua New Guinea,77,91,54,53,Aasif Sheikh,43.0,Karan KC,27.0,,
1305499,2022-03-29,"Tribhuvan University International Cricket Ground, Kirtipur",Kirtipur,,Malaysia,Papua New Guinea,Malaysia,,,,,,,,,,,,
1305500,2022-03-30,"Tribhuvan University International Cricket Ground, Kirtipur",Kirtipur,,Malaysia,Nepal,Nepal,Malaysia,Nepal,39,63,44,45,Aasif Sheikh,57.0,Karan KC,19.0,24.0,
1305501,2022-03-31,"Tribhuvan University International Cricket Ground, Kirtipur",Kirtipur,,Nepal,Papua New Guinea,Nepal,Nepal,Papua New Guinea,41,60,33,48,Aasif Sheikh,38.0,Sompal Kami,25.0,,
1305502,2022-04-01,"Tribhuvan University International Cricket Ground, Kirtipur",Kirtipur,,Malaysia,Papua New Guinea,Papua New Guinea,,,,,,,,,,,,
1305503,2022-04-02,"Tribhuvan University International Cricket Ground, Kirtipur",Kirtipur,,Nepal,Malaysia,Nepal,Malaysia,Nepal,34,19,19,10,Aasif Sheikh,18.0,Karan KC,18.0,,
1305504,2022-04-04,"Tribhuvan University International Cricket Ground, Kirtipur",Kirtipur,,Nepal,Papua New Guinea,Nepal,Nepal,Papua New Guinea,66,41,44,34,Karan KC,33.0,Karan KC,18.0,25.0,
1307293,2022-06-07,"R Premadasa Stadium, Colombo",Colombo,,Sri Lanka,Australia,Australia,,,,,,,,,,,,
1307294,2022-06-08,"R Premadasa Stadium, Colombo",Colombo,,Sri Lanka,Australia,Australia,,,,,,,,,,,,
1307295,2022-06-11,Pallekele International Cricket Stadium,Kandy,,Australia,Sri Lanka,Sri Lanka,,,,,,,,,,,,
1307477,2022-07-27,"Grange Cricket Club Ground, Raeburn Place, Edinburgh",Edinburgh,,New Zealand,Scotland,New Zealand,New Zealand,,28,,18,,,,Hamza Tahir,18.0,,
1307478,2022-07-29,"Grange Cricket Club Ground, Raeburn Place, Edinburgh",Edinburgh,,New Zealand,Scotland,New Zealand,New Zealand,Scotland,55,3,24,6,Hamza Tahir,3.0,Hamza Tahir,24.0,52.0,
1309701,2022-04-08,"United Cricket Club Ground, Windhoek",Windhoek,,Uganda,Namibia,Namibia,Namibia,Uganda,51,27,36,39,JP Kotze,39.0,JJ Smit,28.0,24.0,
1309702,2022-04-09,"United Cricket Club Ground, Windhoek",Windhoek,,Namibia,Uganda,Uganda,Namibia,Uganda,76,101,57,66,Riazat Ali Shah,57.0,JJ Smit,24.0,25.0,
1309703,2022-04-10,"United Cricket Club Ground, Windhoek",Windhoek,,Namibia,Uganda,Namibia,Namibia,Uganda,120,22,65,38,JJ Smit,71.0,JJ Smit,27.0,98.0,
1310161,2022-04-29,"Desert Springs Cricket Ground, Almeria",Almeria,,Norway,Guernsey,Norway,,,,,,,,,,,,
1310162,2022-04-30,"Desert Springs Cricket Ground, Almeria",Almeria,,Spain,Norway,Spain,,,,,,,,,,,,
1310163,2022-04-30,"Desert Springs Cricket Ground, Almeria",Almeria,,Norway,Guernsey,Guernsey,,,,,,,,,,,,
1310164,2022-04-30,"Desert Springs Cricket Ground, Almeria",Almeria,,Guernsey,Spain,Spain,,,,,,,,,,,,
1310165,2022-05-01,"Desert Springs Cricket Ground, Almeria",Almeria,,Spain,Guernsey,Guernsey,,,,,,,,,,,,
1310166,2022-05-01,"Desert Springs Cricket Ground, Almeria",Almeria,,Spain,Norway,Spain,,,,,,,,,,,,
1310167,2022-05-07,"Svanholm Park, Brondby",Brondby,,Denmark,Finland,Finland,,,,,,,,,,,,
1310168,2022-05-07,"Svanholm Park, Brondby",Brondby,,Denmark,Finland,Denmark,,,,,,,,,,,,
1310169,2022-05-08,"Svanholm Park, Brondby",Brondby,,Denmark,Finland,Denmark,,,,,,,,,,,,
1310170,2022-05-10,Marsa Sports Club,Marsa,,Gibraltar,Malta,Malta,,,,,,,,,,,,
1310171,2022-05-10,Marsa Sports Club,Marsa,,Malta,Hungary,Malta,,,,,,,,,,,,
1310172,2022-05-10,Marsa Sports Club,Marsa,,Gibraltar,Hungary,Hungary,,,,,,,,,,,,
1310173,2022-05-11,Marsa Sports Club,Marsa,,Romania,Malta,Malta,,,,,,,,,,,,
1310174,2022-05-11,Marsa Sports Club,Marsa,,Czech Republic,Gibraltar,Czech Republic,,,,,,,,,,,,
1310175,2022-05-11,Marsa Sports Club,Marsa,,Hungary,Bulgaria,Hungary,,,,,,,,,,,,
1310176,2022-05-12,Marsa Sports Club,Marsa,,Malta,Czech Republic,Malta,,,,,,,,,,,,
1310177,2022-05-12,Marsa Sports Club,Marsa,,Czech Republic,Bulgaria,Czech Republic,,,,,,,,,,,,
1310178,2022-05-12,Marsa Sports Club,Marsa,,Romania,Hungary,Hungary,,,,,,,,,,,,
1310179,2022-05-13,Marsa Sports Club,Marsa,,Gibraltar,Bulgaria,Gibraltar,,,,,,,,,,,,
1310180,2022-05-13,Marsa Sports Club,Marsa,,Romania,Czech Republic,Romania,,,,,,,,,,,,
1310181,2022-05-13,Marsa Sports Club,Marsa,,Bulgaria,Romania,Romania,,,,,,,,,,,,
1310182,2022-05-14,Marsa Sports Club,Marsa,,Hungary,Czech Republic,Czech Republic,,,,,,,,,,,,
1310183,2022-05-14,Marsa Sports Club,Marsa,,Gibraltar,Romania,Romania,,,,,,,,,,,,
1310184,2022-05-14,Marsa Sports Club,Marsa,,Bulgaria,Malta,Malta,,,,,,,,,,,,
1310185,2022-05-15,Marsa Sports Club,Marsa,,Gibraltar,Bulgaria,Bulgaria,,,,,,,,,,,,
1310186,2022-05-15,Marsa Sports Club,Marsa,,Czech Republic,Hungary,Czech Republic,,,,,,,,,,,,
1310187,2022-05-15,Marsa Sports Club,Marsa,,Romania,Malta,Romania,,,,,,,,,,,,
1310188,2022-05-20,"College Field, St Peter Port",St Peter Port,,Jersey,Guernsey,Jersey,,,,,,,,,,,,
1310901,2022-08-04,"Sportpark Westvliet, The Hague",The Hague,,New Zealand,Netherlands,New Zealand,Netherlands,New Zealand,5,15,3,18,Shariz Ahmad,5.0,Shariz Ahmad,18.0,10.0,
1310902,2022-08-05,"Sportpark Westvliet, The Hague",The Hague,,Netherlands,New Zealand,New Zealand,Netherlands,New Zealand,3,28,8,12,Vikramjit Singh,3.0,Shariz Ahmad,12.0,25.0,
1310938,2022-05-17,"Queens Sports Club, Bulawayo",Bulawayo,,Zimbabwe,Namibia,Zimbabwe,Namibia,Zimbabwe,27,38,18,31,Sikandar Raza,37.0,Sikandar Raza,18.0,11.0,
1310939,2022-05-19,"Queens Sports Club, Bulawayo",Bulawayo,,Zimbabwe,Namibia,Namibia,Namibia,Zimbabwe,10,11,6,16,Sikandar Raza,11.0,Sikandar Raza,6.0,,
1310940,2022-05-21,"Queens Sports Club, Bulawayo",Bulawayo,,Namibia,Zimbabwe,Zimbabwe,Namibia,,16,,24,,,,Sikandar Raza,24.0,,
1310941,2022-05-22,"Queens Sports Club, Bulawayo",Bulawayo,,Zimbabwe,Namibia,Namibia,Namibia,Zimbabwe,20,15,24,15,Sikandar Raza,15.0,Sikandar Raza,24.0,5.0,
1310942,2022-05-24,"Queens Sports Club, Bulawayo",Bulawayo,,Namibia,Zimbabwe,Namibia,Namibia,Zimbabwe,18,15,24,18,Sikandar Raza,12.0,Sikandar Raza,24.0,3.0,
1317136,2022-06-24,"National Sports Academy, Sofia",Sofia,,Serbia,Bulgaria,Bulgaria,,,,,,,,,,,,
1317137,2022-06-25,"National Sports Academy, Sofia",Sofia,,Serbia,Bulgaria,Bulgaria,,,,,,,,,,,,
1317138,2022-06-25,"National Sports Academy, Sofia",Sofia,,Serbia,Bulgaria,Bulgaria,,,,,,,,,,,,
1317139,2022-06-26,"National Sports Academy, Sofia",Sofia,,Serbia,Bulgaria,Bulgaria,,,,,,,,,,,,
1317149,2022-07-02,"Windsor Park, Roseau, Dominica",Roseau,,Bangladesh,West Indies,,Bangladesh,,49,,40,,Nurul Hasan,25.0,,,,
1317150,2022-07-03,"Windsor Park, Roseau, Dominica",Roseau,,West Indies,Bangladesh,West Indies,Bangladesh,West Indies,51,155,46,98,Afif Hossain,34.0,Mustafizur Rahman,28.0,104.0,
1317151,2022-07-07,"Providence Stadium, Guyana",Providence,,Bangladesh,West Indies,West Indies,Bangladesh,West Indies,111,116,88,78,Afif Hossain,50.0,Mahedi Hasan,26.0,5.0,
1317482,2022-10-05,Carrara Oval,Carrara,,West Indies,Australia,Australia,,,,,,,,,,,,
1317483,2022-10-07,"Brisbane Cricket Ground, Woolloongabba, Brisbane",Brisbane,,Australia,West Indies,Australia,,,,,,,,,,,,
1317486,2022-10-09,Perth Stadium,Perth,,England,Australia,England,,,,,,,,,,,,
1317487,2022-10-12,"Manuka Oval, Canberra",Canberra,,England,Australia,England,,,,,,,,,,,,
1317488,2022-10-14,"Manuka Oval, Canberra",Canberra,,England,Australia,,,,,,,,,,,,,
1317903,2022-07-29,"Brian Lara Stadium, Tarouba, Trinidad",Tarouba,,India,West Indies,India,West Indies,,51,,53,,,,Ravi Bishnoi,27.0,,
1317904,2022-08-01,"Warner Park, Basseterre, St Kitts",Basseterre,,India,West Indies,West Indies,India,West Indies,10,57,6,40,Avesh Khan,8.0,Arshdeep Singh,25.0,47.0,
1317905,2022-08-02,"Warner Park, Basseterre, St Kitts",Basseterre,,West Indies,India,India,West Indies,,80,,44,,,,Arshdeep Singh,24.0,,
1317906,2022-08-06,"Central Broward Regional Park Stadium Turf Ground, Lauderhill",Lauderhill,,India,West Indies,India,West Indies,,58,,68,,,,Avesh Khan,25.0,,
1317907,2022-08-07,"Central Broward Regional Park Stadium Turf Ground, Lauderhill",Lauderhill,,India,West Indies,India,India,West Indies,16,66,18,67,Ishan Kishan,11.0,Kuldeep Yadav,24.0,,
1317908,2022-08-10,"Sabina Park, Kingston, Jamaica",Kingston,,New Zealand,West Indies,New Zealand,,,,,,,,,,,,
1317909,2022-08-12,"Sabina Park, Kingston, Jamaica",Kingston,,New Zealand,West Indies,New Zealand,,,,,,,,,,,,
1317910,2022-08-14,"Sabina Park, Kingston, Jamaica",Kingston,,New Zealand,West Indies,West Indies,,,,,,,,,,,,
1318357,2022-06-09,Bayer Uerdingen Cricket Ground,Krefeld,,Germany,Austria,Germany,Germany,,12,,18,,Shoaib Khan,7.0,,,,
1318358,2022-06-09,Bayer Uerdingen Cricket Ground,Krefeld,,Sweden,Germany,Germany,,,,,,,,,,,,
1318359,2022-06-10,Bayer Uerdingen Cricket Ground,Krefeld,,Austria,Germany,Austria,,,,,,,,,,,,
1318360,2022-06-10,Bayer Uerdingen Cricket Ground,Krefeld,,Austria,Sweden,Austria,,,,,,,,,,,,
1318361,2022-06-11,Bayer Uerdingen Cricket Ground,Krefeld,,Austria,Sweden,Austria,,,,,,,,,,,,
1318362,2022-06-11,Bayer Uerdingen Cricket Ground,Krefeld,,Germany,Sweden,Germany,Germany,,8,,5,,Shoaib Khan,7.0,,,,
1320969,2022-06-28,"Meersen, Gent",Ghent,,Gibraltar,Belgium,Belgium,,,,,,,,,,,,
1320973,2022-06-29,"Meersen, Gent",Ghent,,Portugal,Malta,Portugal,,,,,,,,,,,,
1320974,2022-06-29,"Royal Brussels Cricket Club Ground, Waterloo",Waterloo,,Denmark,Gibraltar,Denmark,,,,,,,,,,,,
1320975,2022-06-29,"Meersen, Gent",Ghent,,Israel,Spain,Spain,,,,,,,,,,,,
1320976,2022-06-29,"Royal Brussels Cricket Club Ground, Waterloo",Waterloo,,Hungary,Belgium,Belgium,,,,,,,,,,,,
1320977,2022-07-01,"Meersen, Gent",Ghent,,Portugal,Spain,Spain,,,,,,,,,,,,
1320978,2022-07-01,"Royal Brussels Cricket Club Ground, Waterloo",Waterloo,,Hungary,Gibraltar,Gibraltar,,,,,,,,,,,,
1320979,2022-07-01,"Meersen, Gent",Ghent,,Malta,Israel,Malta,,,,,,,,,,,,
1320980,2022-07-01,"Royal Brussels Cricket Club Ground, Waterloo",Waterloo,,Belgium,Denmark,Belgium,,,,,,,,,,,,
1320982,2022-07-02,"Royal Brussels Cricket Club Ground, Waterloo",Waterloo,,Belgium,Portugal,Portugal,,,,,,,,,,,,
1320984,2022-07-02,"Royal Brussels Cricket Club Ground, Waterloo",Waterloo,,Denmark,Spain,Denmark,,,,,,,,,,,,
1320985,2022-07-03,"Royal Brussels Cricket Club Ground, Waterloo",Waterloo,,Israel,Hungary,Israel,,,,,,,,,,,,
1320986,2022-07-04,"Royal Brussels Cricket Club Ground, Waterloo",Waterloo,,Spain,Belgium,Belgium,,,,,,,,,,,,
1320987,2022-07-03,"Royal Brussels Cricket Club Ground, Waterloo",Waterloo,,Gibraltar,Malta,Malta,,,,,,,,,,,,
1320988,2022-07-04,"Royal Brussels Cricket Club Ground, Waterloo",Waterloo,,Portugal,Denmark,Denmark,,,,,,,,,,,,
1321258,2022-07-12,Kerava National Cricket Ground,Kerava,,Cyprus,Isle of Man,Isle of Man,,,,,,,,,,,,
1321259,2022-07-12,Tikkurila Cricket Ground,Vantaa,,Finland,Sweden,Finland,,,,,,,,,,,,
1321260,2022-07-12,Kerava National Cricket Ground,Kerava,,Romania,Turkey,Romania,,,,,,,,,,,,
1321261,2022-07-13,Tikkurila Cricket Ground,Vantaa,,Cyprus,Romania,Cyprus,,,,,,,,,,,,
1321262,2022-07-13,Kerava National Cricket Ground,Kerava,,Croatia,Sweden,Sweden,,,,,,,,,,,,
1321263,2022-07-13,Tikkurila Cricket Ground,Vantaa,,Isle of Man,Serbia,Isle of Man,,,,,,,,,,,,
1321264,2022-07-13,Kerava National Cricket Ground,Kerava,,Finland,Italy,Italy,,,,,,,,,,,,
1321265,2022-07-15,Tikkurila Cricket Ground,Vantaa,,Italy,Sweden,Italy,,,,,,,,,,,,
1321266,2022-07-15,Kerava National Cricket Ground,Kerava,,Turkey,Serbia,Serbia,,,,,,,,,,,,
1321267,2022-07-15,Tikkurila Cricket Ground,Vantaa,,Croatia,Greece,Croatia,,,,,,,,,,,,
1321268,2022-07-15,Kerava National Cricket Ground,Kerava,,Romania,Isle of Man,Isle of Man,,,,,,,,,,,,
1321269,2022-07-16,Tikkurila Cricket Ground,Vantaa,,Romania,Serbia,Romania,,,,,,,,,,,,
1321270,2022-07-16,Kerava National Cricket Ground,Kerava,,Finland,Greece,Finland,,,,,,,,,,,,
1321271,2022-07-16,Tikkurila Cricket Ground,Vantaa,,Cyprus,Turkey,Cyprus,,,,,,,,,,,,
1321272,2022-07-16,Kerava National Cricket Ground,Kerava,,Italy,Croatia,Italy,,,,,,,,,,,,
1321273,2022-07-18,Tikkurila Cricket Ground,Vantaa,,Sweden,Greece,Sweden,,,,,,,,,,,,
1321274,2022-07-18,Kerava National Cricket Ground,Kerava,,Cyprus,Serbia,Serbia,,,,,,,,,,,,
1321275,2022-07-18,Tikkurila Cricket Ground,Vantaa,,Croatia,Finland,Finland,,,,,,,,,,,,
1321276,2022-07-18,Kerava National Cricket Ground,Kerava,,Isle of Man,Turkey,Isle of Man,,,,,,,,,,,,
1321277,2022-07-19,Tikkurila Cricket Ground,Vantaa,,Serbia,Croatia,Croatia,,,,,,,,,,,,
1321278,2022-07-19,Kerava National Cricket Ground,Kerava,,Finland,Cyprus,Finland,,,,,,,,,,,,
1321279,2022-07-19,Tikkurila Cricket Ground,Vantaa,,Romania,Sweden,Sweden,,,,,,,,,,,,
1321280,2022-07-19,Kerava National Cricket Ground,Kerava,,Isle of Man,Italy,Italy,,,,,,,,,,,,
1321281,2022-07-24,Tikkurila Cricket Ground,Vantaa,,Austria,Luxembourg,Austria,,,,,,,,,,,,
1321282,2022-07-24,Kerava National Cricket Ground,Kerava,,Estonia,Norway,Norway,,,,,,,,,,,,
1321283,2022-07-24,Tikkurila Cricket Ground,Vantaa,,Guernsey,Bulgaria,Guernsey,,,,,,,,,,,,
1321284,2022-07-24,Kerava National Cricket Ground,Kerava,,France,Czech Republic,France,,,,,,,,,,,,
1321286,2022-07-25,Kerava National Cricket Ground,Kerava,,Austria,Slovenia,Austria,,,,,,,,,,,,
1321287,2022-07-25,Tikkurila Cricket Ground,Vantaa,,France,Switzerland,Switzerland,,,,,,,,,,,,
1321288,2022-07-25,Kerava National Cricket Ground,Kerava,,Guernsey,Luxembourg,Guernsey,,,,,,,,,,,,
1321289,2022-07-27,Tikkurila Cricket Ground,Vantaa,,Guernsey,Austria,Austria,,,,,,,,,,,,
1321290,2022-07-27,Kerava National Cricket Ground,Kerava,,Switzerland,Estonia,Switzerland,,,,,,,,,,,,
1321291,2022-07-27,Tikkurila Cricket Ground,Vantaa,,Slovenia,Bulgaria,Bulgaria,,,,,,,,,,,,
1321292,2022-07-27,Kerava National Cricket Ground,Kerava,,France,Norway,France,,,,,,,,,,,,
1321293,2022-07-28,Tikkurila Cricket Ground,Vantaa,,Norway,Switzerland,Norway,,,,,,,,,,,,
1321294,2022-07-28,Kerava National Cricket Ground,Kerava,,Luxembourg,Bulgaria,Luxembourg,,,,,,,,,,,,
1321295,2022-07-28,Tikkurila Cricket Ground,Vantaa,,Czech Republic,Estonia,Czech Republic,,,,,,,,,,,,
1321296,2022-07-28,Kerava National Cricket Ground,Kerava,,Slovenia,Guernsey,Guernsey,,,,,,,,,,,,
1321298,2022-07-30,Kerava National Cricket Ground,Kerava,,Switzerland,Czech Republic,Czech Republic,,,,,,,,,,,,
1321299,2022-07-30,Tikkurila Cricket Ground,Vantaa,,Luxembourg,Slovenia,Luxembourg,,,,,,,,,,,,
1321301,2022-07-31,Tikkurila Cricket Ground,Vantaa,,Bulgaria,Czech Republic,Czech Republic,,,,,,,,,,,,
1321302,2022-07-31,Kerava National Cricket Ground,Kerava,,Guernsey,France,Guernsey,,,,,,,,,,,,
1321303,2022-07-31,Tikkurila Cricket Ground,Vantaa,,Luxembourg,Switzerland,Luxembourg,,,,,,,,,,,,
1321304,2022-07-31,Kerava National Cricket Ground,Kerava,,Norway,Austria,Austria,,,,,,,,,,,,
1321305,2022-07-08,"Scott Page Field, Vinor",Prague,,Luxembourg,Austria,Austria,,,,,,,,,,,,
1321306,2022-07-08,"Scott Page Field, Vinor",Prague,,Luxembourg,Czech Republic,Czech Republic,,,,,,,,,,,,
1321307,2022-07-09,"Scott Page Field, Vinor",Prague,,Czech Republic,Austria,Austria,,,,,,,,,,,,
1321308,2022-07-09,"Scott Page Field, Vinor",Prague,,Austria,Luxembourg,Austria,,,,,,,,,,,,
1321309,2022-07-10,"Scott Page Field, Vinor",Prague,,Czech Republic,Luxembourg,Czech Republic,,,,,,,,,,,,
1321310,2022-07-10,"Scott Page Field, Vinor",Prague,,Austria,Czech Republic,Czech Republic,,,,,,,,,,,,
1321311,2022-06-28,"Indian Association Ground, Singapore",Singapore,,Malaysia,Singapore,Singapore,,,,,,,,,,,,
1321312,2022-06-29,"Indian Association Ground, Singapore",Singapore,,Malaysia,Singapore,Malaysia,,,,,,,,,,,,
1321313,2022-06-30,"Indian Association Ground, Singapore",Singapore,,Singapore,Malaysia,Malaysia,,,,,,,,,,,,
1321465,2022-07-11,"Queens Sports Club, Bulawayo",Bulawayo,,Zimbabwe,Singapore,Zimbabwe,Singapore,Zimbabwe,9,91,6,41,Sikandar Raza,87.0,Sikandar Raza,6.0,82.0,
1321466,2022-07-11,Bulawayo Athletic Club,Bulawayo,,Jersey,United States of America,United States of America,Jersey,United States of America,40,38,33,30,Aaron Jones,38.0,Ali Khan,21.0,,
1321467,2022-07-11,"Queens Sports Club, Bulawayo",Bulawayo,,Netherlands,Papua New Guinea,Netherlands,Papua New Guinea,,16,,18,,,,Shariz Ahmad,18.0,,
1321468,2022-07-11,Bulawayo Athletic Club,Bulawayo,,Hong Kong,Uganda,Uganda,Hong Kong,Uganda,20,31,21,42,Riazat Ali Shah,28.0,Riazat Ali Shah,20.0,11.0,
1321469,2022-07-12,"Queens Sports Club, Bulawayo",Bulawayo,,Zimbabwe,Jersey,Zimbabwe,Zimbabwe,,21,,23,,Sikandar Raza,18.0,,,,
1321470,2022-07-12,Bulawayo Athletic Club,Bulawayo,,United States of America,Singapore,United States of America,Singapore,United States of America,8,10,8,10,Aaron Jones,10.0,Aaron Jones,8.0,2.0,
1321471,2022-07-12,"Queens Sports Club, Bulawayo",Bulawayo,,Hong Kong,Netherlands,Netherlands,Hong Kong,,17,,12,,,,Shariz Ahmad,12.0,,
1321472,2022-07-12,Bulawayo Athletic Club,Bulawayo,,Uganda,Papua New Guinea,Papua New Guinea,Papua New Guinea,Uganda,22,50,12,46,Riazat Ali Shah,48.0,Riazat Ali Shah,12.0,,
1321473,2022-07-14,"Queens Sports Club, Bulawayo",Bulawayo,,Netherlands,Uganda,Netherlands,Netherlands,Uganda,43,29,27,41,Riazat Ali Shah,19.0,Riazat Ali Shah,26.0,14.0,
1321474,2022-07-14,Bulawayo Athletic Club,Bulawayo,,Papua New Guinea,Hong Kong,Hong Kong,,,,,,,,,,,,
1321475,2022-07-14,"Queens Sports Club, Bulawayo",Bulawayo,,Zimbabwe,United States of America,Zimbabwe,United States of America,Zimbabwe,37,99,32,48,Sikandar Raza,82.0,Sikandar Raza,25.0,62.0,
1321477,2022-07-15,"Queens Sports Club, Bulawayo",Bulawayo,,Uganda,Jersey,Uganda,Uganda,,1,,4,,Riazat Ali Shah,1.0,,,,
1321478,2022-07-15,Bulawayo Athletic Club,Bulawayo,,Singapore,Hong Kong,Hong Kong,,,,,,,,,,,,
1321479,2022-07-15,"Queens Sports Club, Bulawayo",Bulawayo,,Zimbabwe,Papua New Guinea,Zimbabwe,Papua New Guinea,Zimbabwe,22,22,12,14,Sikandar Raza,22.0,Sikandar Raza,12.0,,
1321480,2022-07-15,Bulawayo Athletic Club,Bulawayo,,United States of America,Netherlands,Netherlands,Netherlands,United States of America,12,21,7,26,Aaron Jones,15.0,Shariz Ahmad,12.0,,
1321481,2022-07-17,"Queens Sports Club, Bulawayo",Bulawayo,,Uganda,Hong Kong,Uganda,Uganda,,14,,16,,Riazat Ali Shah,14.0,,,,
1321482,2022-07-17,Bulawayo Athletic Club,Bulawayo,,Singapore,Jersey,Jersey,,,,,,,,,,,,
1321483,2022-07-17,Bulawayo Athletic Club,Bulawayo,,Papua New Guinea,United States of America,Papua New Guinea,United States of America,,8,,12,,Aaron Jones,8.0,,,,
1321484,2022-07-17,"Queens Sports Club, Bulawayo",Bulawayo,,Zimbabwe,Netherlands,Zimbabwe,Netherlands,Zimbabwe,10,34,26,23,Sikandar Raza,19.0,Sikandar Raza,24.0,24.0,
1321998,2022-07-02,"UKM-YSD Cricket Oval, Bangi",Bangi,,Malaysia,Bhutan,Malaysia,,,,,,,,,,,,
1322001,2022-07-04,"UKM-YSD Cricket Oval, Bangi",Bangi,,Thailand,Malaysia,Malaysia,,,,,,,,,,,,
1322002,2022-07-04,"UKM-YSD Cricket Oval, Bangi",Bangi,,Bhutan,Maldives,Bhutan,,,,,,,,,,,,
1322003,2022-07-06,"UKM-YSD Cricket Oval, Bangi",Bangi,,Thailand,Bhutan,Bhutan,,,,,,,,,,,,
1322004,2022-07-06,"UKM-YSD Cricket Oval, Bangi",Bangi,,Maldives,Malaysia,Malaysia,,,,,,,,,,,,
1322005,2022-07-07,"UKM-YSD Cricket Oval, Bangi",Bangi,,Bhutan,Maldives,Bhutan,,,,,,,,,,,,
1322006,2022-07-07,"UKM-YSD Cricket Oval, Bangi",Bangi,,Thailand,Malaysia,Malaysia,,,,,,,,,,,,
1322007,2022-07-08,"UKM-YSD Cricket Oval, Bangi",Bangi,,Maldives,Thailand,Maldives,,,,,,,,,,,,
1322009,2022-07-09,"UKM-YSD Cricket Oval, Bangi",Bangi,,Bhutan,Thailand,Bhutan,,,,,,,,,,,,
1322010,2022-07-11,"UKM-YSD Cricket Oval, Bangi",Bangi,,Bhutan,Malaysia,Malaysia,,,,,,,,,,,,
1322011,2022-07-02,"Indian Association Ground, Singapore",Singapore,,Singapore,Papua New Guinea,Singapore,,,,,,,,,,,,
1322012,2022-07-03,"Indian Association Ground, Singapore",Singapore,,Singapore,Papua New Guinea,Papua New Guinea,,,,,,,,,,,,
1322276,2022-11-20,"Bay Oval, Mount Maunganui",Mount Maunganui,,India,New Zealand,India,India,New Zealand,67,78,54,60,Ishan Kishan,36.0,AF Milne,27.0,,
1322277,2022-11-22,"McLean Park, Napier",Napier,,New Zealand,India,,India,New Zealand,29,59,18,51,Ishan Kishan,10.0,Arshdeep Singh,26.0,,
1322334,2022-10-07,"Hagley Oval, Christchurch",Christchurch,,Pakistan,Bangladesh,Pakistan,Bangladesh,Pakistan,111,148,89,112,Mohammad Rizwan,78.0,Mustafizur Rahman,26.0,37.0,
1322335,2022-10-08,"Hagley Oval, Christchurch",Christchurch,,New Zealand,Pakistan,Pakistan,New Zealand,Pakistan,95,139,72,110,Babar Azam,79.0,Haris Rauf,24.0,44.0,
1322336,2022-10-09,"Hagley Oval, Christchurch",Christchurch,,Bangladesh,New Zealand,New Zealand,Bangladesh,New Zealand,81,100,73,72,Nurul Hasan,25.0,Taskin Ahmed,25.0,19.0,
1322337,2022-10-11,"Hagley Oval, Christchurch",Christchurch,,Pakistan,New Zealand,New Zealand,New Zealand,Pakistan,76,49,68,51,Babar Azam,21.0,Mohammad Nawaz,24.0,27.0,
1322338,2022-10-12,"Hagley Oval, Christchurch",Christchurch,,New Zealand,Bangladesh,New Zealand,Bangladesh,New Zealand,80,101,66,62,Liton Das,23.0,Mohammad Saifuddin,25.0,21.0,
1322339,2022-10-13,"Hagley Oval, Christchurch",Christchurch,,Bangladesh,Pakistan,Pakistan,Bangladesh,Pakistan,153,177,113,124,Liton Das,69.0,Naseem Shah,26.0,24.0,
1322340,2022-10-14,"Hagley Oval, Christchurch",Christchurch,,New Zealand,Pakistan,Pakistan,New Zealand,Pakistan,126,89,97,65,Mohammad Nawaz,38.0,Haris Rauf,25.0,,
1322362,2023-04-02,"Eden Park, Auckland",Auckland,,Sri Lanka,New Zealand,,New Zealand,Sri Lanka,5,55,6,30,AF Milne,3.0,AF Milne,29.0,,
1322363,2023-04-05,"University Oval, Dunedin",Dunedin,,Sri Lanka,New Zealand,New Zealand,Sri Lanka,,27,,27,,,,AF Milne,26.0,,
1322364,2023-04-08,"John Davies Oval, Queenstown",Queenstown,,Sri Lanka,New Zealand,New Zealand,New Zealand,Sri Lanka,1,32,1,27,AF Milne,0.0,AF Milne,26.0,,
1323295,2022-07-30,Harare Sports Club,Harare,,Zimbabwe,Bangladesh,Zimbabwe,Bangladesh,Zimbabwe,122,183,71,109,Sikandar Raza,65.0,Taskin Ahmed,29.0,61.0,
1323296,2022-07-31,Harare Sports Club,Harare,,Zimbabwe,Bangladesh,Bangladesh,Bangladesh,Zimbabwe,99,123,75,113,Sikandar Raza,62.0,Shoriful Islam,27.0,,
1323297,2022-08-02,Harare Sports Club,Harare,,Zimbabwe,Bangladesh,Zimbabwe,Bangladesh,Zimbabwe,94,125,76,85,Afif Hossain,39.0,Mahedi Hasan,25.0,31.0,
1323550,2022-07-08,Lisicji Jarak Cricket Ground,Belgrade,,Bulgaria,Serbia,Serbia,,,,,,,,,,,,
1323551,2022-07-09,Lisicji Jarak Cricket Ground,Belgrade,,Bulgaria,Serbia,Serbia,,,,,,,,,,,,
1323552,2022-07-09,Lisicji Jarak Cricket Ground,Belgrade,,Bulgaria,Serbia,Bulgaria,,,,,,,,,,,,
1327228,2022-09-20,"National Stadium, Karachi",Karachi,,Pakistan,England,England,England,Pakistan,86,111,73,86,Mohammad Rizwan,68.0,Naseem Shah,25.0,,
1327229,2022-09-22,"National Stadium, Karachi",Karachi,,England,Pakistan,Pakistan,England,Pakistan,121,203,73,122,Babar Azam,110.0,Mohammad Hasnain,25.0,82.0,
1327230,2022-09-23,"National Stadium, Karachi",Karachi,,England,Pakistan,England,England,Pakistan,111,76,76,68,Khushdil Shah,29.0,Mohammad Hasnain,26.0,35.0,
1327231,2022-09-25,"National Stadium, Karachi",Karachi,,Pakistan,England,Pakistan,England,Pakistan,110,128,75,99,Mohammad Rizwan,88.0,Mohammad Hasnain,25.0,18.0,
1327232,2022-09-28,"Gaddafi Stadium, Lahore",Lahore,,Pakistan,England,Pakistan,England,Pakistan,77,92,61,71,Mohammad Rizwan,63.0,Haris Rauf,25.0,15.0,
1327233,2022-09-30,"Gaddafi Stadium, Lahore",Lahore,,Pakistan,England,England,England,Pakistan,77,110,48,75,Babar Azam,87.0,Mohammad Nawaz,24.0,,
1327234,2022-10-02,"Gaddafi Stadium, Lahore",Lahore,,England,Pakistan,England,England,Pakistan,110,49,78,49,Khushdil Shah,27.0,Mohammad Hasnain,26.0,61.0,
1327270,2022-08-28,Dubai International Cricket Stadium,Dubai,,Pakistan,India,India,India,Pakistan,119,102,98,92,Mohammad Rizwan,43.0,Haris Rauf,26.0,17.0,
1327272,2022-08-31,Dubai International Cricket Stadium,Dubai,,India,Hong Kong,India,Hong Kong,India,98,40,52,41,KL Rahul,36.0,Arshdeep Singh,26.0,,
1327273,2022-09-01,Dubai International Cricket Stadium,Dubai,,Bangladesh,Sri Lanka,Sri Lanka,Bangladesh,Sri Lanka,51,89,30,66,Afif Hossain,39.0,Mustafizur Rahman,24.0,38.0,
1327274,2022-09-02,Sharjah Cricket Stadium,Sharjah,,Pakistan,Hong Kong,Pakistan,Hong Kong,Pakistan,26,193,51,129,Mohammad Rizwan,78.0,Shadab Khan,17.0,167.0,
1327276,2022-09-04,Dubai International Cricket Stadium,Dubai,,India,Pakistan,Pakistan,India,Pakistan,181,170,126,121,Mohammad Rizwan,71.0,Mohammad Hasnain,27.0,,
1327277,2022-09-06,Dubai International Cricket Stadium,Dubai,,India,Sri Lanka,Sri Lanka,India,Sri Lanka,8,42,9,24,KL Rahul,6.0,Arshdeep Singh,23.0,34.0,
1327280,2022-09-09,Dubai International Cricket Stadium,Dubai,,Pakistan,Sri Lanka,Sri Lanka,Pakistan,Sri Lanka,105,90,98,79,Babar Azam,30.0,Mohammad Nawaz,24.0,,
1327281,2022-09-11,Dubai International Cricket Stadium,Dubai,,Sri Lanka,Pakistan,Sri Lanka,Pakistan,Sri Lanka,114,149,97,104,Mohammad Rizwan,55.0,Mohammad Hasnain,25.0,35.0,
1327503,2022-09-20,"Punjab Cricket Association IS Bindra Stadium, Mohali, Chandigarh",Chandigarh,,India,Australia,Australia,India,,56,,36,,KL Rahul,55.0,,,,
1327504,2022-09-23,"Vidarbha Cricket Association Stadium, Jamtha, Nagpur",Nagpur,,Australia,India,India,India,,10,,6,,KL Rahul,10.0,,,,
1327505,2022-09-25,"Rajiv Gandhi International Stadium, Uppal, Hyderabad",Hyderabad,,Australia,India,India,Australia,India,0,3,1,5,KL Rahul,1.0,,,3.0,
1327506,2022-09-28,"Greenfield International Stadium, Thiruvananthapuram",Thiruvananthapuram,,South Africa,India,India,India,South Africa,52,32,57,27,KL Rahul,51.0,Arshdeep Singh,26.0,20.0,
1327507,2022-10-02,"Barsapara Cricket Stadium, Guwahati",Guwahati,,India,South Africa,India,India,South Africa,60,62,30,29,KL Rahul,57.0,Arshdeep Singh,29.0,,
1327508,2022-10-04,"Holkar Cricket Stadium, Indore",Indore,,South Africa,India,South Africa,India,South Africa,5,45,7,26,Mohammed Siraj,5.0,Mohammed Siraj,26.0,40.0,
1328470,2022-08-13,Al Amerat Cricket Ground Oman Cricket (Ministry Turf 1),Al Amarat,,Kuwait,Bahrain,Kuwait,,,,,,,,,,,,
1328471,2022-08-14,Al Amerat Cricket Ground Oman Cricket (Ministry Turf 1),Al Amarat,,Bahrain,Kuwait,Kuwait,,,,,,,,,,,,
1328473,2022-08-17,Al Amerat Cricket Ground Oman Cricket (Ministry Turf 1),Al Amarat,,Kuwait,Bahrain,Kuwait,,,,,,,,,,,,
1328474,2022-08-25,"Gymkhana Club Ground, Nairobi",Nairobi,,Kenya,Nepal,Nepal,Kenya,Nepal,46,25,48,29,Aasif Sheikh,19.0,Karan KC,24.0,,
1328476,2022-08-28,"Gymkhana Club Ground, Nairobi",Nairobi,,Kenya,Nepal,Nepal,Kenya,,37,,36,,,,Karan KC,18.0,,
1328477,2022-08-29,"Gymkhana Club Ground, Nairobi",Nairobi,,Kenya,Nepal,Kenya,Kenya,Nepal,46,6,51,13,Karan KC,5.0,Karan KC,25.0,40.0,
1328478,2022-08-30,"Gymkhana Club Ground, Nairobi",Nairobi,,Nepal,Kenya,Nepal,Kenya,Nepal,34,2,31,2,Karan KC,2.0,Sompal Kami,18.0,,
1328849,2022-08-20,Al Amerat Cricket Ground Oman Cricket (Ministry Turf 1),Al Amarat,,Hong Kong,Singapore,Hong Kong,,,,,,,,,,,,
1328850,2022-08-21,Al Amerat Cricket Ground Oman Cricket (Ministry Turf 1),Al Amarat,,United Arab Emirates,Kuwait,Kuwait,,,,,,,,,,,,
1328851,2022-08-22,Al Amerat Cricket Ground Oman Cricket (Ministry Turf 1),Al Amarat,,United Arab Emirates,Singapore,United Arab Emirates,,,,,,,,,,,,
1328852,2022-08-23,Al Amerat Cricket Ground Oman Cricket (Ministry Turf 1),Al Amarat,,Kuwait,Hong Kong,Hong Kong,,,,,,,,,,,,
1328853,2022-08-24,Al Amerat Cricket Ground Oman Cricket (Ministry Turf 1),Al Amarat,,Singapore,Kuwait,Kuwait,,,,,,,,,,,,
1328854,2022-08-24,Al Amerat Cricket Ground Oman Cricket (Ministry Turf 1),Al Amarat,,United Arab Emirates,Hong Kong,Hong Kong,,,,,,,,,,,,
1332496,2022-09-15,"Willowmoore Park, Benoni",Benoni,,Botswana,Uganda,Uganda,Botswana,Uganda,14,37,19,30,Riazat Ali Shah,36.0,Riazat Ali Shah,19.0,23.0,
1332497,2022-09-17,"Willowmoore Park, Benoni",Benoni,,Kenya,Tanzania,Tanzania,,,,,,,,,,,,
1332498,2022-09-16,"Willowmoore Park, Benoni",Benoni,,Ghana,Mozambique,Ghana,,,,,,,,,,,,
1332501,2022-09-20,"Willowmoore Park, Benoni",Benoni,,Ghana,Uganda,Uganda,Ghana,Uganda,34,17,24,10,Riazat Ali Shah,17.0,Riazat Ali Shah,24.0,,
1332503,2022-09-18,"Willowmoore Park, Benoni",Benoni,,Uganda,Mozambique,Uganda,Mozambique,Uganda,15,23,18,17,Riazat Ali Shah,23.0,Riazat Ali Shah,18.0,8.0,
1332504,2022-09-19,"Willowmoore Park, Benoni",Benoni,,Botswana,Mozambique,Botswana,,,,,,,,,,,,
1332505,2022-09-20,"Willowmoore Park, Benoni",Benoni,,Tanzania,Malawi,Tanzania,,,,,,,,,,,,
1332506,2022-09-19,"Willowmoore Park, Benoni",Benoni,,Cameroon,Kenya,Kenya,,,,,,,,,,,,
1332507,2022-09-18,"Willowmoore Park, Benoni",Benoni,,Botswana,Ghana,Botswana,,,,,,,,,,,,
1332508,2022-09-21,"Willowmoore Park, Benoni",Benoni,,Kenya,Uganda,Uganda,Kenya,Uganda,16,49,26,44,Riazat Ali Shah,48.0,Riazat Ali Shah,24.0,33.0,
1332509,2022-09-21,"Willowmoore Park, Benoni",Benoni,,Botswana,Tanzania,Tanzania,,,,,,,,,,,,
1332510,2022-09-22,"Willowmoore Park, Benoni",Benoni,,Tanzania,Uganda,Uganda,Uganda,,99,,54,,Riazat Ali Shah,98.0,,,,
1333920,2022-09-10,"Independence Park, Port Vila",Port Vila,,Cook Islands,Fiji,Fiji,,,,,,,,,,,,
1333921,2022-09-10,"Independence Park, Port Vila",Port Vila,,Samoa,Vanuatu,Vanuatu,,,,,,,,,,,,
1333922,2022-09-11,"Independence Park, Port Vila",Port Vila,,Vanuatu,Cook Islands,Cook Islands,,,,,,,,,,,,
1333923,2022-09-11,"Independence Park, Port Vila",Port Vila,,Samoa,Fiji,Fiji,,,,,,,,,,,,
1333924,2022-09-13,"Independence Park, Port Vila",Port Vila,,Samoa,Cook Islands,Cook Islands,,,,,,,,,,,,
1333925,2022-09-13,"Independence Park, Port Vila",Port Vila,,Vanuatu,Fiji,Vanuatu,,,,,,,,,,,,
1333926,2022-09-14,"Independence Park, Port Vila",Port Vila,,Samoa,Vanuatu,Vanuatu,,,,,,,,,,,,
1333927,2022-09-14,"Independence Park, Port Vila",Port Vila,,Fiji,Cook Islands,Cook Islands,,,,,,,,,,,,
1333928,2022-09-15,"Independence Park, Port Vila",Port Vila,,Fiji,Samoa,Fiji,,,,,,,,,,,,
1333929,2022-09-15,"Independence Park, Port Vila",Port Vila,,Vanuatu,Cook Islands,Vanuatu,,,,,,,,,,,,
1333931,2022-10-10,Sano International Cricket Ground,Sano,,Japan,Indonesia,Japan,,,,,,,,,,,,
1333932,2022-10-11,Sano International Cricket Ground,Sano,,Japan,Indonesia,Indonesia,,,,,,,,,,,,
1336031,2022-09-25,Dubai International Cricket Stadium,Dubai,,Bangladesh,United Arab Emirates,Bangladesh,Bangladesh,United Arab Emirates,132,124,93,99,Afif Hossain,77.0,Mustafizur Rahman,26.0,8.0,
1336032,2022-09-27,Dubai International Cricket Stadium,Dubai,,Bangladesh,United Arab Emirates,Bangladesh,Bangladesh,United Arab Emirates,62,84,40,73,Liton Das,25.0,Taskin Ahmed,26.0,,
1336048,2023-08-30,"Riverside Ground, Chester-le-Street",Chester-le-Street,,New Zealand,England,England,England,New Zealand,30,10,21,9,AF Milne,10.0,AF Milne,21.0,20.0,
1336049,2023-09-01,"Old Trafford, Manchester",Manchester,,England,New Zealand,England,England,New Zealand,23,2,25,3,AF Milne,2.0,AF Milne,24.0,21.0,
1336050,2023-09-03,"Edgbaston, Birmingham",Birmingham,,New Zealand,England,New Zealand,,,,,,,,,,,,
1336051,2023-09-05,"Trent Bridge, Nottingham",Nottingham,,England,New Zealand,New Zealand,England,New Zealand,11,27,7,24,Rehan Ahmed,11.0,Rehan Ahmed,24.0,16.0,
1336951,2022-10-15,Sano International Cricket Ground,Sano,,Indonesia,South Korea,Indonesia,,,,,,,,,,,,
1336952,2022-10-15,Sano International Cricket Ground,Sano,,Japan,South Korea,Japan,,,,,,,,,,,,
1336953,2022-10-16,Sano International Cricket Ground,Sano,,Indonesia,Japan,Japan,,,,,,,,,,,,
1336955,2022-10-18,Sano International Cricket Ground,Sano,,Japan,Indonesia,Indonesia,,,,,,,,,,,,
1336956,2022-10-18,Sano International Cricket Ground,Sano,,South Korea,Indonesia,Indonesia,,,,,,,,,,,,
1339205,2022-11-04,"Desert Springs Cricket Ground, Almeria",Almeria,,Italy,Germany,Germany,,,,,,,,,,,,
1339206,2022-11-04,"Desert Springs Cricket Ground, Almeria",Almeria,,Italy,Germany,Germany,,,,,,,,,,,,
1339207,2022-11-05,"Desert Springs Cricket Ground, Almeria",Almeria,,Italy,Spain,Spain,,,,,,,,,,,,
1339208,2022-11-05,"Desert Springs Cricket Ground, Almeria",Almeria,,Germany,Spain,Germany,,,,,,,,,,,,
1339209,2022-11-06,"Desert Springs Cricket Ground, Almeria",Almeria,,Spain,Germany,Spain,,,,,,,,,,,,
1339210,2022-11-06,"Desert Springs Cricket Ground, Almeria",Almeria,,Italy,Spain,Italy,,,,,,,,,,,,
1339604,2023-03-25,"SuperSport Park, Centurion",Centurion,,South Africa,West Indies,West Indies,,,,,,,,,,,,
1339605,2023-03-26,"SuperSport Park, Centurion",Centurion,,West Indies,South Africa,South Africa,,,,,,,,,,,,
1339606,2023-03-28,"The Wanderers Stadium, Johannesburg",Johannesburg,,West Indies,South Africa,West Indies,,,,,,,,,,,,
1339614,2023-04-14,"Gaddafi Stadium, Lahore",Lahore,,Pakistan,New Zealand,Pakistan,New Zealand,Pakistan,77,170,70,113,Fakhar Zaman,47.0,AF Milne,27.0,93.0,
1339615,2023-04-15,"Gaddafi Stadium, Lahore",Lahore,,Pakistan,New Zealand,Pakistan,New Zealand,Pakistan,104,157,79,98,Babar Azam,101.0,Haris Rauf,25.0,53.0,
1339616,2023-04-17,"Gaddafi Stadium, Lahore",Lahore,,New Zealand,Pakistan,New Zealand,New Zealand,Pakistan,141,115,111,103,Faheem Ashraf,27.0,Haris Rauf,26.0,26.0,
1339617,2023-04-20,Rawalpindi Cricket Stadium,Rawalpindi,,New Zealand,Pakistan,,New Zealand,,112,,75,,,,Shaheen Shah Afridi,26.0,,
1339618,2023-04-24,Rawalpindi Cricket Stadium,Rawalpindi,,Pakistan,New Zealand,New Zealand,New Zealand,Pakistan,133,124,71,89,Mohammad Rizwan,98.0,Haris Rauf,26.0,9.0,
1343740,2022-11-17,Gahanga International Cricket Stadium. Rwanda,Kigali City,,Botswana,Rwanda,Rwanda,,,,,,,,,,,,
1343741,2022-11-17,Integrated Polytechnic Regional Centre,Kigali City,,Lesotho,Mali,Lesotho,,,,,,,,,,,,
1343742,2022-11-17,Gahanga International Cricket Stadium. Rwanda,Kigali City,,Kenya,St Helena,,,,,,,,,,,,,
1343743,2022-11-17,Integrated Polytechnic Regional Centre,Kigali City,,Botswana,Seychelles,,,,,,,,,,,,,
1343744,2022-11-18,Gahanga International Cricket Stadium. Rwanda,Kigali City,,Rwanda,St Helena,Rwanda,,,,,,,,,,,,
1343745,2022-11-18,Integrated Polytechnic Regional Centre,Kigali City,,Lesotho,Botswana,Botswana,,,,,,,,,,,,
1343746,2022-11-18,Gahanga International Cricket Stadium. Rwanda,Kigali City,,Kenya,Malawi,,,,,,,,,,,,,
1343747,2022-11-18,Integrated Polytechnic Regional Centre,Kigali City,,Seychelles,Mali,,,,,,,,,,,,,
1343749,2022-11-20,Integrated Polytechnic Regional Centre,Kigali City,,Mali,Kenya,Kenya,,,,,,,,,,,,
1343750,2022-11-20,Gahanga International Cricket Stadium. Rwanda,Kigali City,,Rwanda,Kenya,Kenya,,,,,,,,,,,,
1343753,2022-11-21,Integrated Polytechnic Regional Centre,Kigali City,,Kenya,Lesotho,Kenya,,,,,,,,,,,,
1343756,2022-11-22,Gahanga International Cricket Stadium. Rwanda,Kigali City,,Mali,Botswana,Botswana,,,,,,,,,,,,
1343757,2022-11-22,Integrated Polytechnic Regional Centre,Kigali City,,St Helena,Lesotho,St Helena,,,,,,,,,,,,
1343758,2022-11-22,Gahanga International Cricket Stadium. Rwanda,Kigali City,,Seychelles,Malawi,,,,,,,,,,,,,
1343760,2022-11-24,Gahanga International Cricket Stadium. Rwanda,Kigali City,,St Helena,Malawi,Malawi,,,,,,,,,,,,
1343761,2022-11-24,Integrated Polytechnic Regional Centre,Kigali City,,Rwanda,Seychelles,Rwanda,,,,,,,,,,,,
1343762,2022-11-24,Gahanga International Cricket Stadium. Rwanda,Kigali City,,Botswana,Kenya,Kenya,,,,,,,,,,,,
1343763,2022-11-24,Integrated Polytechnic Regional Centre,Kigali City,,Mali,Rwanda,Rwanda,,,,,,,,,,,,
1343764,2022-11-25,Gahanga International Cricket Stadium. Rwanda,Kigali City,,Seychelles,Kenya,Kenya,,,,,,,,,,,,
1343767,2022-11-25,Integrated Polytechnic Regional Centre,Kigali City,,Rwanda,Lesotho,,,,,,,,,,,,,
1343768,2022-12-01,Gahanga International Cricket Stadium. Rwanda,Kigali City,,Sierra Leone,Tanzania,Tanzania,,,,,,,,,,,,
1343770,2022-12-01,Gahanga International Cricket Stadium. Rwanda,Kigali City,,Mozambique,Nigeria,Nigeria,,,,,,,,,,,,
1343771,2022-12-01,Integrated Polytechnic Regional Centre,Kigali City,,Gambia,Eswatini,Eswatini,,,,,,,,,,,,
1343772,2022-12-02,Gahanga International Cricket Stadium. Rwanda,Kigali City,,Sierra Leone,Nigeria,Nigeria,,,,,,,,,,,,
1343773,2022-12-02,Integrated Polytechnic Regional Centre,Kigali City,,Ghana,Mozambique,Mozambique,,,,,,,,,,,,
1343774,2022-12-02,Gahanga International Cricket Stadium. Rwanda,Kigali City,,Cameroon,Sierra Leone,Sierra Leone,,,,,,,,,,,,
1343775,2022-12-02,Integrated Polytechnic Regional Centre,Kigali City,,Eswatini,Mozambique,Mozambique,,,,,,,,,,,,
1343776,2022-12-04,Gahanga International Cricket Stadium. Rwanda,Kigali City,,Cameroon,Mozambique,Mozambique,,,,,,,,,,,,
1343777,2022-12-04,Integrated Polytechnic Regional Centre,Kigali City,,Nigeria,Eswatini,Nigeria,,,,,,,,,,,,
1343778,2022-12-04,Gahanga International Cricket Stadium. Rwanda,Kigali City,,Ghana,Tanzania,Tanzania,,,,,,,,,,,,
1343780,2022-12-05,Gahanga International Cricket Stadium. Rwanda,Kigali City,,Mozambique,Tanzania,Tanzania,,,,,,,,,,,,
1343781,2022-12-05,Integrated Polytechnic Regional Centre,Kigali City,,Sierra Leone,Eswatini,Sierra Leone,,,,,,,,,,,,
1343782,2022-12-05,Gahanga International Cricket Stadium. Rwanda,Kigali City,,Cameroon,Nigeria,Nigeria,,,,,,,,,,,,
1343783,2022-12-05,Integrated Polytechnic Regional Centre,Kigali City,,Ghana,Sierra Leone,Sierra Leone,,,,,,,,,,,,
1343784,2022-12-06,Gahanga International Cricket Stadium. Rwanda,Kigali City,,Tanzania,Eswatini,Tanzania,,,,,,,,,,,,
1343785,2022-12-06,Integrated Polytechnic Regional Centre,Kigali City,,Gambia,Sierra Leone,Sierra Leone,,,,,,,,,,,,
1343786,2022-12-06,Gahanga International Cricket Stadium. Rwanda,Kigali City,,Gambia,Tanzania,Tanzania,,,,,,,,,,,,
1343788,2022-12-08,Gahanga International Cricket Stadium. Rwanda,Kigali City,,Ghana,Gambia,Ghana,,,,,,,,,,,,
1343790,2022-12-08,Gahanga International Cricket Stadium. Rwanda,Kigali City,,Nigeria,Tanzania,,,,,,,,,,,,,
1343791,2022-12-08,Integrated Polytechnic Regional Centre,Kigali City,,Mozambique,Gambia,Mozambique,,,,,,,,,,,,
1343793,2022-12-09,Integrated Polytechnic Regional Centre,Kigali City,,Gambia,Cameroon,Gambia,,,,,,,,,,,,
1343794,2022-12-09,Gahanga International Cricket Stadium. Rwanda,Kigali City,,Ghana,Nigeria,Nigeria,,,,,,,,,,,,
1343795,2022-12-09,Integrated Polytechnic Regional Centre,Kigali City,,Tanzania,Cameroon,Tanzania,,,,,,,,,,,,
1344782,2022-11-14,Al Amerat Cricket Ground Oman Cricket (Ministry Turf 1),Al Amarat,,Saudi Arabia,Oman,Oman,Oman,Saudi Arabia,2,51,5,80,Shoaib Khan,2.0,Bilal Khan,24.0,,
1344783,2022-11-14,Al Amerat Cricket Ground Oman Cricket (Ministry Turf 1),Al Amarat,,Bahrain,Canada,Canada,Bahrain,Canada,111,85,65,37,Saad Bin Zafar,29.0,Kaleem Sana,26.0,,
1344784,2022-11-15,Al Amerat Cricket Ground Oman Cricket (Ministry Turf 1),Al Amarat,,Canada,Saudi Arabia,Canada,Canada,Saudi Arabia,46,47,39,43,Pargat Singh,27.0,Saad Bin Zafar,24.0,,
1344785,2022-11-15,Al Amerat Cricket Ground Oman Cricket (Ministry Turf 1),Al Amarat,,Oman,Bahrain,Bahrain,Bahrain,Oman,87,43,75,51,Mohammad Nadeem,24.0,Kaleemullah,24.0,44.0,
1344786,2022-11-16,Al Amerat Cricket Ground Oman Cricket (Ministry Turf 1),Al Amarat,,Bahrain,Saudi Arabia,Bahrain,,,,,,,,,,,,
1344787,2022-11-16,Al Amerat Cricket Ground Oman Cricket (Ministry Turf 1),Al Amarat,,Canada,Oman,Canada,Canada,Oman,134,149,96,96,Mohammad Nadeem,77.0,Bilal Khan,24.0,,
1344788,2022-11-17,Al Amerat Cricket Ground Oman Cricket (Ministry Turf 1),Al Amarat,,Saudi Arabia,Oman,Oman,Oman,Saudi Arabia,36,76,27,80,Shoaib Khan,36.0,Bilal Khan,26.0,,
1344789,2022-11-17,Al Amerat Cricket Ground Oman Cricket (Ministry Turf 1),Al Amarat,,Canada,Bahrain,Bahrain,Bahrain,Canada,56,129,38,90,Pargat Singh,61.0,Kaleem Sana,24.0,,
1344790,2022-11-19,Al Amerat Cricket Ground Oman Cricket (Ministry Turf 1),Al Amarat,,Canada,Saudi Arabia,Canada,Canada,Saudi Arabia,55,41,32,51,Saad Bin Zafar,25.0,Saad Bin Zafar,25.0,14.0,
1344791,2022-11-19,Al Amerat Cricket Ground Oman Cricket (Ministry Turf 1),Al Amarat,,Oman,Bahrain,Oman,Bahrain,Oman,59,150,45,73,Zeeshan Maqsood,102.0,Bilal Khan,18.0,91.0,
1344792,2022-11-20,Al Amerat Cricket Ground Oman Cricket (Ministry Turf 1),Al Amarat,,Oman,Canada,Canada,Canada,Oman,103,136,88,93,Zeeshan Maqsood,54.0,Kaleem Sana,27.0,,
1344793,2022-11-20,Al Amerat Cricket Ground Oman Cricket (Ministry Turf 1),Al Amarat,,Bahrain,Saudi Arabia,Saudi Arabia,,,,,,,,,,,,
1344794,2022-11-21,Al Amerat Cricket Ground Oman Cricket (Ministry Turf 1),Al Amarat,,Saudi Arabia,Bahrain,Saudi Arabia,,,,,,,,,,,,
1344795,2022-11-21,Al Amerat Cricket Ground Oman Cricket (Ministry Turf 1),Al Amarat,,Oman,Canada,Canada,Canada,Oman,89,106,61,98,Naseem Khushi,47.0,Kaleem Sana,26.0,,
1348323,2023-01-12,Harare Sports Club,Harare,,Ireland,Zimbabwe,Zimbabwe,Ireland,Zimbabwe,9,17,8,13,GH Dockrell,9.0,GH Dockrell,12.0,8.0,
1348324,2023-01-14,Harare Sports Club,Harare,,Zimbabwe,Ireland,Ireland,Ireland,Zimbabwe,16,5,10,6,GH Dockrell,15.0,GH Dockrell,6.0,11.0,
1348325,2023-01-15,Harare Sports Club,Harare,,Ireland,Zimbabwe,Zimbabwe,Ireland,Zimbabwe,23,31,17,19,GH Dockrell,23.0,GH Dockrell,19.0,8.0,
1348640,2023-01-03,"Wankhede Stadium, Mumbai",Mumbai,,India,Sri Lanka,India,India,Sri Lanka,46,0,36,1,Ishan Kishan,37.0,,,46.0,
1348641,2023-01-05,"Maharashtra Cricket Association Stadium, Pune",Pune,,Sri Lanka,India,Sri Lanka,India,Sri Lanka,12,37,9,18,Shubman Gill,5.0,Arshdeep Singh,17.0,25.0,
1348642,2023-01-07,"Saurashtra Cricket Association Stadium, Rajkot",Rajkot,,India,Sri Lanka,India,India,Sri Lanka,49,20,39,22,Shubman Gill,46.0,Arshdeep Singh,20.0,29.0,
1348649,2023-01-27,"JSCA International Stadium Complex, Ranchi",Ranchi,,New Zealand,India,New Zealand,India,New Zealand,67,93,51,75,Washington Sundar,50.0,Arshdeep Singh,27.0,26.0,
1348650,2023-01-29,"Bharat Ratna Shri Atal Bihari Vajpayee Ekana Cricket Stadium, Lucknow",Lucknow,,New Zealand,India,India,India,New Zealand,44,42,55,56,Ishan Kishan,19.0,Kuldeep Yadav,24.0,2.0,
1348651,2023-02-01,"Narendra Modi Stadium, Ahmedabad",Ahmedabad,,India,New Zealand,India,India,New Zealand,130,29,68,25,Shubman Gill,126.0,Arshdeep Singh,18.0,101.0,
1349124,2022-12-13,"Gahanga International Cricket Stadium, Rwanda",Kigali City,,Tanzania,Rwanda,Tanzania,,,,,,,,,,,,
1349126,2022-12-14,"Gahanga International Cricket Stadium, Rwanda",Kigali City,,Uganda,Rwanda,Uganda,,,,,,,,,,,,
1349127,2022-12-14,"Gahanga International Cricket Stadium, Rwanda",Kigali City,,Tanzania,Uganda,,,,,,,,,,,,,
1349128,2022-12-15,"Gahanga International Cricket Stadium, Rwanda",Kigali City,,Uganda,Rwanda,Uganda,,,,,,,,,,,,
1349129,2022-12-15,"Gahanga International Cricket Stadium, Rwanda",Kigali City,,Uganda,Tanzania,Uganda,,,,,,,,,,,,
1349131,2022-12-16,"Gahanga International Cricket Stadium, Rwanda",Kigali City,,Rwanda,Tanzania,Rwanda,,,,,,,,,,,,
1349132,2022-12-18,"Gahanga International Cricket Stadium, Rwanda",Kigali City,,Uganda,Tanzania,Uganda,,,,,,,,,,,,
1349133,2022-12-18,"Gahanga International Cricket Stadium, Rwanda",Kigali City,,Rwanda,Tanzania,Tanzania,,,,,,,,,,,,
1349134,2022-12-19,"Gahanga International Cricket Stadium, Rwanda",Kigali City,,Uganda,Tanzania,Tanzania,,,,,,,,,,,,
1349136,2022-12-20,"Gahanga International Cricket Stadium, Rwanda",Kigali City,,Tanzania,Rwanda,Tanzania,,,,,,,,,,,,
1349137,2022-12-20,"Gahanga International Cricket Stadium, Rwanda",Kigali City,,Rwanda,Uganda,Uganda,,,,,,,,,,,,
1349138,2022-12-22,"Gahanga International Cricket Stadium, Rwanda",Kigali City,,Tanzania,Rwanda,Tanzania,,,,,,,,,,,,
1349139,2022-12-22,"Gahanga International Cricket Stadium, Rwanda",Kigali City,,Uganda,Tanzania,Uganda,,,,,,,,,,,,
1349140,2022-12-23,"Gahanga International Cricket Stadium, Rwanda",Kigali City,,Uganda,Rwanda,Uganda,,,,,,,,,,,,
1349379,2022-12-15,"UKM-YSD Cricket Oval, Bangi",Bangi,,Singapore,Qatar,Qatar,,,,,,,,,,,,
1349380,2022-12-16,"UKM-YSD Cricket Oval, Bangi",Bangi,,Qatar,Malaysia,Malaysia,,,,,,,,,,,,
1349382,2022-12-18,"UKM-YSD Cricket Oval, Bangi",Bangi,,Bahrain,Qatar,Bahrain,,,,,,,,,,,,
1349383,2022-12-18,"UKM-YSD Cricket Oval, Bangi",Bangi,,Malaysia,Singapore,Malaysia,,,,,,,,,,,,
1349384,2022-12-19,"UKM-YSD Cricket Oval, Bangi",Bangi,,Singapore,Qatar,Qatar,,,,,,,,,,,,
1349385,2022-12-19,"UKM-YSD Cricket Oval, Bangi",Bangi,,Bahrain,Malaysia,Malaysia,,,,,,,,,,,,
1349386,2022-12-21,"UKM-YSD Cricket Oval, Bangi",Bangi,,Singapore,Bahrain,Bahrain,,,,,,,,,,,,
1349387,2022-12-21,"UKM-YSD Cricket Oval, Bangi",Bangi,,Malaysia,Qatar,,,,,,,,,,,,,
1349388,2022-12-22,"UKM-YSD Cricket Oval, Bangi",Bangi,,Malaysia,Singapore,Malaysia,,,,,,,,,,,,
1349389,2022-12-22,"UKM-YSD Cricket Oval, Bangi",Bangi,,Bahrain,Qatar,,,,,,,,,,,,,
1349390,2022-12-23,"UKM-YSD Cricket Oval, Bangi",Bangi,,Singapore,Qatar,Qatar,,,,,,,,,,,,
1349391,2022-12-23,"UKM-YSD Cricket Oval, Bangi",Bangi,,Malaysia,Bahrain,Bahrain,,,,,,,,,,,,
1351400,2023-03-09,"Zahur Ahmed Chowdhury Stadium, Chattogram",Chattogram,,England,Bangladesh,Bangladesh,Bangladesh,England,52,130,41,99,Towhid Hridoy,24.0,Mustafizur Rahman,27.0,,
1351401,2023-03-12,"Shere Bangla National Stadium, Mirpur",Dhaka,,England,Bangladesh,Bangladesh,Bangladesh,England,47,90,44,84,Towhid Hridoy,17.0,Taskin Ahmed,27.0,,
1351402,2023-03-14,"Shere Bangla National Stadium, Mirpur",Dhaka,,Bangladesh,England,Bangladesh,Bangladesh,England,89,94,67,87,Liton Das,73.0,Taskin Ahmed,26.0,,
1354799,2023-02-24,La Manga Club Bottom Ground,Murcia,,Spain,Isle of Man,,,,,,,,,,,,,
1354800,2023-02-25,La Manga Club Bottom Ground,Murcia,,Isle of Man,Spain,Spain,,,,,,,,,,,,
1354801,2023-02-25,La Manga Club Bottom Ground,Murcia,,Isle of Man,Spain,Spain,,,,,,,,,,,,
1354802,2023-02-26,La Manga Club Bottom Ground,Murcia,,Isle of Man,Spain,Spain,,,,,,,,,,,,
1354803,2023-02-26,La Manga Club Bottom Ground,Murcia,,Isle of Man,Spain,Spain,,,,,,,,,,,,
1355720,2023-03-27,"Zahur Ahmed Chowdhury Stadium, Chattogram",Chattogram,,Bangladesh,Ireland,Bangladesh,Bangladesh,Ireland,93,76,53,45,Liton Das,47.0,Hasan Mahmud,13.0,17.0,
1355721,2023-03-29,"Zahur Ahmed Chowdhury Stadium, Chattogram",Chattogram,,Bangladesh,Ireland,Bangladesh,Bangladesh,Ireland,112,95,57,76,Liton Das,83.0,Taskin Ahmed,24.0,17.0,
1355722,2023-03-31,"Zahur Ahmed Chowdhury Stadium, Chattogram",Chattogram,,Bangladesh,Ireland,Ireland,Bangladesh,Ireland,100,111,95,75,Shamim Hossain,51.0,Taskin Ahmed,25.0,11.0,
1359786,2023-02-21,"St Albans Club, Buenos Aires",Buenos Aires,,Argentina,Bermuda,Bermuda,,,,,,,,,,,,
1359787,2023-02-22,"Belgrano Athletic Club Ground, Buenos Aires",Buenos Aires,,Bermuda,Argentina,Bermuda,,,,,,,,,,,,
1359788,2023-02-28,"St Albans Club, Buenos Aires",Buenos Aires,,Cayman Islands,Bahamas,Cayman Islands,,,,,,,,,,,,
1359789,2023-02-28,"Belgrano Athletic Club Ground, Buenos Aires",Buenos Aires,,Bermuda,Panama,Bermuda,,,,,,,,,,,,
1359792,2023-02-26,"Hurlingham Club Ground, Buenos Aires",Buenos Aires,,Panama,Bahamas,Bahamas,,,,,,,,,,,,
1359793,2023-02-26,"Belgrano Athletic Club Ground, Buenos Aires",Buenos Aires,,Bermuda,Argentina,Bermuda,,,,,,,,,,,,
1359794,2023-02-25,"Hurlingham Club Ground, Buenos Aires",Buenos Aires,,Panama,Argentina,Panama,,,,,,,,,,,,
1359795,2023-02-25,"St Albans Club, Buenos Aires",Buenos Aires,,Bermuda,Cayman Islands,Bermuda,,,,,,,,,,,,
1359798,2023-03-02,"St Albans Club, Buenos Aires",Buenos Aires,,Argentina,Bahamas,Argentina,,,,,,,,,,,,
1359799,2023-03-02,"Hurlingham Club Ground, Buenos Aires",Buenos Aires,,Cayman Islands,Panama,Cayman Islands,,,,,,,,,,,,
1359800,2023-03-04,"Hurlingham Club Ground, Buenos Aires",Buenos Aires,,Bahamas,Bermuda,Bermuda,,,,,,,,,,,,
1359802,2023-03-04,"Belgrano Athletic Club Ground, Buenos Aires",Buenos Aires,,Argentina,Cayman Islands,Cayman Islands,,,,,,,,,,,,
1361770,2023-03-08,"Mission Road Ground, Mong Kok, Hong Kong",Mong Kok,,Kuwait,Malaysia,Malaysia,,,,,,,,,,,,
1361771,2023-03-08,"Mission Road Ground, Mong Kok, Hong Kong",Mong Kok,,Hong Kong,Bahrain,Hong Kong,,,,,,,,,,,,
1361772,2023-03-09,"Mission Road Ground, Mong Kok, Hong Kong",Mong Kok,,Malaysia,Bahrain,Malaysia,,,,,,,,,,,,
1361773,2023-03-09,"Mission Road Ground, Mong Kok, Hong Kong",Mong Kok,,Hong Kong,Kuwait,Hong Kong,,,,,,,,,,,,
1361774,2023-03-11,"Mission Road Ground, Mong Kok, Hong Kong",Mong Kok,,Kuwait,Bahrain,Bahrain,,,,,,,,,,,,
1361775,2023-03-11,"Mission Road Ground, Mong Kok, Hong Kong",Mong Kok,,Malaysia,Hong Kong,Hong Kong,,,,,,,,,,,,
1361776,2023-03-12,"Mission Road Ground, Mong Kok, Hong Kong",Mong Kok,,Bahrain,Kuwait,Kuwait,,,,,,,,,,,,
1362242,2023-03-12,"Mission Road Ground, Mong Kok, Hong Kong",Mong Kok,,Hong Kong,Malaysia,Hong Kong,,,,,,,,,,,,
1367722,2023-04-10,Santarem Cricket Ground,Albergaria,,Portugal,Gibraltar,Portugal,,,,,,,,,,,,
1367723,2023-04-11,Santarem Cricket Ground,Albergaria,,Gibraltar,Portugal,Portugal,,,,,,,,,,,,
1367724,2023-04-11,Santarem Cricket Ground,Albergaria,,Gibraltar,Portugal,Portugal,,,,,,,,,,,,
1367725,2023-05-04,Europa Sports Complex,Gibraltar,,Gibraltar,Portugal,Portugal,,,,,,,,,,,,
1367726,2023-05-04,Europa Sports Complex,Gibraltar,,Portugal,Malta,Portugal,,,,,,,,,,,,
1367727,2023-05-05,Europa Sports Complex,Gibraltar,,Gibraltar,Malta,Gibraltar,,,,,,,,,,,,
1367728,2023-05-06,Europa Sports Complex,Gibraltar,,Gibraltar,Portugal,Portugal,,,,,,,,,,,,
1367729,2023-05-05,Europa Sports Complex,Gibraltar,,Portugal,Malta,Portugal,,,,,,,,,,,,
1367730,2023-05-06,Europa Sports Complex,Gibraltar,,Gibraltar,Malta,Gibraltar,,,,,,,,,,,,
1367731,2023-05-07,Europa Sports Complex,Gibraltar,,Malta,Gibraltar,Malta,,,,,,,,,,,,
1367732,2023-05-07,Europa Sports Complex,Gibraltar,,Gibraltar,Portugal,Portugal,,,,,,,,,,,,
1367733,2023-05-06,Europa Sports Complex,Gibraltar,,Malta,Portugal,Portugal,,,,,,,,,,,,
1370782,2023-05-18,"Svanholm Park, Brondby",Brondby,,Norway,Denmark,Denmark,,,,,,,,,,,,
1370783,2023-05-18,"Svanholm Park, Brondby",Brondby,,Denmark,Finland,Denmark,,,,,,,,,,,,
1370785,2023-05-19,"Svanholm Park, Brondby",Brondby,,Denmark,Sweden,Sweden,,,,,,,,,,,,
1370787,2023-05-19,"Svanholm Park, Brondby",Brondby,,Finland,Denmark,Denmark,,,,,,,,,,,,
1370790,2023-05-20,"Solvangs Park, Glostrup",Copenhagen,,Finland,Norway,Norway,,,,,,,,,,,,
1370791,2023-05-21,"Solvangs Park, Glostrup",Copenhagen,,Sweden,Finland,,,,,,,,,,,,,
1373568,2023-08-30,"Kingsmead, Durban",Durban,,Australia,South Africa,Australia,,,,,,,,,,,,
1373569,2023-09-01,"Kingsmead, Durban",Durban,,South Africa,Australia,Australia,,,,,,,,,,,,
1373570,2023-09-03,"Kingsmead, Durban",Durban,,South Africa,Australia,Australia,,,,,,,,,,,,
1373579,2023-12-12,"Kensington Oval, Bridgetown, Barbados",Bridgetown,,England,West Indies,West Indies,England,West Indies,1,39,3,24,Rehan Ahmed,1.0,Rehan Ahmed,24.0,38.0,
1373580,2023-12-14,"National Cricket Stadium, St George's, Grenada",St George's,,West Indies,England,West Indies,England,West Indies,10,47,3,24,Rehan Ahmed,10.0,Rehan Ahmed,24.0,37.0,
1373581,2023-12-16,"National Cricket Stadium, St George's, Grenada",St George's,,West Indies,England,England,,,,,,,,,,,,
1373582,2023-12-19,"Brian Lara Stadium, Tarouba, Trinidad",Tarouba,,England,West Indies,England,West Indies,,42,,18,,,,Rehan Ahmed,18.0,,
1373583,2023-12-21,"Brian Lara Stadium, Tarouba, Trinidad",Tarouba,,England,West Indies,West Indies,England,West Indies,0,36,1,24,Rehan Ahmed,0.0,Rehan Ahmed,24.0,36.0,
1375850,2024-02-09,"Bellerive Oval, Hobart",Hobart,,Australia,West Indies,Australia,,,,,,,,,,,,
1375851,2024-02-11,Adelaide Oval,Adelaide,,Australia,West Indies,Australia,,,,,,,,,,,,
1375852,2024-02-13,Perth Stadium,Perth,,West Indies,Australia,West Indies,,,,,,,,,,,,
1377727,2023-08-17,Dubai International Cricket Stadium,Dubai,,New Zealand,United Arab Emirates,New Zealand,,,,,,,,,,,,
1377728,2023-08-19,Dubai International Cricket Stadium,Dubai,,New Zealand,United Arab Emirates,United Arab Emirates,,,,,,,,,,,,
1377729,2023-08-20,Dubai International Cricket Stadium,Dubai,,New Zealand,United Arab Emirates,New Zealand,,,,,,,,,,,,
1379575,2023-06-17,"Gymkhana Club Ground, Nairobi",Nairobi,,Botswana,Uganda,Uganda,Botswana,Uganda,8,15,12,7,Riazat Ali Shah,14.0,Riazat Ali Shah,12.0,7.0,
1379576,2023-06-17,"Gymkhana Club Ground, Nairobi",Nairobi,,Rwanda,Kenya,Kenya,,,,,,,,,,,,
1379577,2023-06-10,"Gymkhana Club Ground, Nairobi",Nairobi,,Kenya,Uganda,Kenya,Kenya,Uganda,51,0,26,1,Riazat Ali Shah,0.0,Riazat Ali Shah,25.0,51.0,
1379578,2023-06-11,"Gymkhana Club Ground, Nairobi",Nairobi,,Rwanda,Uganda,Uganda,Uganda,,7,,8,,Riazat Ali Shah,7.0,,,,
1379579,2023-06-18,"Gymkhana Club Ground, Nairobi",Nairobi,,Botswana,Rwanda,Rwanda,,,,,,,,,,,,
1379580,2023-06-11,"Gymkhana Club Ground, Nairobi",Nairobi,,Botswana,Kenya,Kenya,,,,,,,,,,,,
1379581,2023-06-18,"Gymkhana Club Ground, Nairobi",Nairobi,,Kenya,Uganda,Uganda,Kenya,Uganda,21,4,20,2,Riazat Ali Shah,4.0,Riazat Ali Shah,19.0,,
1379582,2023-06-14,"Gymkhana Club Ground, Nairobi",Nairobi,,Rwanda,Kenya,Kenya,,,,,,,,,,,,
1379583,2023-06-14,"Gymkhana Club Ground, Nairobi",Nairobi,,Uganda,Botswana,Uganda,Botswana,Uganda,0,29,1,21,Riazat Ali Shah,28.0,,,29.0,
1379584,2023-06-15,"Gymkhana Club Ground, Nairobi",Nairobi,,Rwanda,Uganda,Uganda,Rwanda,Uganda,8,30,12,21,Riazat Ali Shah,30.0,Riazat Ali Shah,12.0,22.0,
1379585,2023-06-19,"Gymkhana Club Ground, Nairobi",Nairobi,,Botswana,Kenya,Kenya,,,,,,,,,,,,
1379586,2023-06-13,"Gymkhana Club Ground, Nairobi",Nairobi,,Rwanda,Botswana,Rwanda,,,,,,,,,,,,
1379587,2023-06-19,"Gymkhana Club Ground, Nairobi",Nairobi,,Uganda,Rwanda,Uganda,Rwanda,Uganda,0,42,3,27,Riazat Ali Shah,41.0,,,42.0,
1379589,2023-06-13,"Gymkhana Club Ground, Nairobi",Nairobi,,Uganda,Kenya,Uganda,Kenya,Uganda,29,43,25,31,Riazat Ali Shah,43.0,Riazat Ali Shah,25.0,14.0,
1379590,2023-06-15,"Gymkhana Club Ground, Nairobi",Nairobi,,Botswana,Kenya,Botswana,,,,,,,,,,,,
1379592,2023-06-21,"Gymkhana Club Ground, Nairobi",Nairobi,,Uganda,Kenya,Uganda,Kenya,Uganda,23,0,19,4,Riazat Ali Shah,0.0,Riazat Ali Shah,19.0,,
1380583,2023-06-10,Bayer Uerdingen Cricket Ground,Krefeld,,Belgium,Germany,Germany,,,,,,,,,,,,
1380584,2023-06-11,Bayer Uerdingen Cricket Ground,Krefeld,,Belgium,Germany,Germany,,,,,,,,,,,,
1380586,2023-06-11,"Scott Page Field, Vinor",Prague,,Czech Republic,Hungary,,,,,,,,,,,,,
1380587,2023-06-11,"Scott Page Field, Vinor",Prague,,Hungary,Czech Republic,Czech Republic,,,,,,,,,,,,
1381217,2023-08-03,"Brian Lara Stadium, Tarouba, Trinidad",Tarouba,,West Indies,India,West Indies,India,West Indies,68,76,58,73,Tilak Varma,39.0,Arshdeep Singh,28.0,8.0,
1381218,2023-08-06,"Providence Stadium, Guyana",Providence,,India,West Indies,West Indies,India,West Indies,104,101,85,74,Tilak Varma,51.0,Arshdeep Singh,24.0,,
1381219,2023-08-08,"Providence Stadium, Guyana",Providence,,West Indies,India,India,India,West Indies,58,81,49,59,Tilak Varma,49.0,Kuldeep Yadav,24.0,,
1381220,2023-08-12,"Central Broward Regional Park Stadium Turf Ground, Lauderhill",Lauderhill,,West Indies,India,India,India,West Indies,91,89,54,69,Shubman Gill,77.0,Arshdeep Singh,25.0,2.0,
1381221,2023-08-13,"Central Broward Regional Park Stadium Turf Ground, Lauderhill",Lauderhill,,India,West Indies,West Indies,India,West Indies,49,67,34,57,Tilak Varma,27.0,Kuldeep Yadav,26.0,18.0,
1381451,2023-06-29,"Sportpark Het Schootsveld, Deventer",Deventer,,Austria,Germany,Germany,,,,,,,,,,,,
1381452,2023-06-30,"Sportpark Het Schootsveld, Deventer",Deventer,,Austria,Germany,Germany,,,,,,,,,,,,
1381453,2023-06-23,"National Sports Academy, Sofia",Sofia,,Serbia,Turkey,Serbia,,,,,,,,,,,,
1381454,2023-06-23,"National Sports Academy, Sofia",Sofia,,Croatia,Bulgaria,Bulgaria,,,,,,,,,,,,
1381455,2023-06-23,"National Sports Academy, Sofia",Sofia,,Bulgaria,Serbia,Serbia,,,,,,,,,,,,
1381456,2023-06-24,"National Sports Academy, Sofia",Sofia,,Croatia,Turkey,Turkey,,,,,,,,,,,,
1381457,2023-06-24,"National Sports Academy, Sofia",Sofia,,Croatia,Serbia,Serbia,,,,,,,,,,,,
1381458,2023-06-24,"National Sports Academy, Sofia",Sofia,,Turkey,Bulgaria,Bulgaria,,,,,,,,,,,,
1383068,2023-07-20,"Grange Cricket Club Ground, Raeburn Place, Edinburgh",Edinburgh,,Austria,Jersey,Jersey,,,,,,,,,,,,
1383069,2023-07-20,"Goldenacre, Edinburgh",Edinburgh,,Ireland,Italy,Ireland,Ireland,Italy,12,12,5,10,GH Dockrell,12.0,GH Dockrell,9.0,,
1383070,2023-07-20,"Goldenacre, Edinburgh",Edinburgh,,Scotland,Germany,Scotland,,,,,,,,,,,,
1383071,2023-07-21,"Grange Cricket Club Ground, Raeburn Place, Edinburgh",Edinburgh,,Denmark,Ireland,Ireland,,,,,,,,,,,,
1383072,2023-07-21,"Goldenacre, Edinburgh",Edinburgh,,Austria,Germany,Germany,,,,,,,,,,,,
1383073,2023-07-21,"Grange Cricket Club Ground, Raeburn Place, Edinburgh",Edinburgh,,Scotland,Jersey,Scotland,,,,,,,,,,,,
1383074,2023-07-23,"Grange Cricket Club Ground, Raeburn Place, Edinburgh",Edinburgh,,Ireland,Austria,Ireland,Austria,Ireland,0,9,1,3,GH Dockrell,9.0,,,9.0,
1383075,2023-07-23,"Goldenacre, Edinburgh",Edinburgh,,Italy,Jersey,Italy,,,,,,,,,,,,
1383076,2023-07-23,"Grange Cricket Club Ground, Raeburn Place, Edinburgh",Edinburgh,,Denmark,Germany,Germany,,,,,,,,,,,,
1383077,2023-07-24,"Grange Cricket Club Ground, Raeburn Place, Edinburgh",Edinburgh,,Scotland,Italy,Scotland,,,,,,,,,,,,
1383078,2023-07-24,"Goldenacre, Edinburgh",Edinburgh,,Austria,Denmark,Denmark,,,,,,,,,,,,
1383079,2023-07-24,"Goldenacre, Edinburgh",Edinburgh,,Jersey,Ireland,Ireland,Jersey,,10,,13,,,,GH Dockrell,12.0,,
1383080,2023-07-25,"Grange Cricket Club Ground, Raeburn Place, Edinburgh",Edinburgh,,Italy,Denmark,Italy,,,,,,,,,,,,
1383081,2023-07-25,"Goldenacre, Edinburgh",Edinburgh,,Scotland,Austria,Scotland,,,,,,,,,,,,
1383082,2023-07-25,"Grange Cricket Club Ground, Raeburn Place, Edinburgh",Edinburgh,,Jersey,Germany,Jersey,,,,,,,,,,,,
1383083,2023-07-27,"Grange Cricket Club Ground, Raeburn Place, Edinburgh",Edinburgh,,Scotland,Denmark,Scotland,,,,,,,,,,,,
1383086,2023-07-28,"Grange Cricket Club Ground, Raeburn Place, Edinburgh",Edinburgh,,Germany,Italy,Italy,,,,,,,,,,,,
1383087,2023-07-28,"Goldenacre, Edinburgh",Edinburgh,,Jersey,Denmark,Jersey,,,,,,,,,,,,
1383088,2023-07-28,"Grange Cricket Club Ground, Raeburn Place, Edinburgh",Edinburgh,,Scotland,Ireland,Scotland,Ireland,Scotland,21,15,10,6,GH Dockrell,21.0,GH Dockrell,6.0,,
1383089,2023-07-22,"Amini Park, Port Moresby",Port Moresby,,Japan,Philippines,Japan,,,,,,,,,,,,
1383090,2023-07-22,"Amini Park, Port Moresby",Port Moresby,,Vanuatu,Papua New Guinea,Papua New Guinea,,,,,,,,,,,,
1383091,2023-07-23,"Amini Park, Port Moresby",Port Moresby,,Japan,Vanuatu,Japan,,,,,,,,,,,,
1383093,2023-07-25,"Amini Park, Port Moresby",Port Moresby,,Vanuatu,Philippines,Philippines,,,,,,,,,,,,
1383094,2023-07-25,"Amini Park, Port Moresby",Port Moresby,,Japan,Papua New Guinea,Papua New Guinea,,,,,,,,,,,,
1383095,2023-07-26,"Amini Park, Port Moresby",Port Moresby,,Papua New Guinea,Vanuatu,Papua New Guinea,,,,,,,,,,,,
1383096,2023-07-26,"Amini Park, Port Moresby",Port Moresby,,Japan,Philippines,Japan,,,,,,,,,,,,
1383097,2023-07-28,"Amini Park, Port Moresby",Port Moresby,,Japan,Vanuatu,Vanuatu,,,,,,,,,,,,
1383098,2023-07-28,"Amini Park, Port Moresby",Port Moresby,,Papua New Guinea,Philippines,Papua New Guinea,,,,,,,,,,,,
1383099,2023-07-29,"Amini Park, Port Moresby",Port Moresby,,Philippines,Vanuatu,Vanuatu,,,,,,,,,,,,
1383100,2023-07-29,"Amini Park, Port Moresby",Port Moresby,,Japan,Papua New Guinea,Papua New Guinea,,,,,,,,,,,,
1383101,2023-07-26,"Bayuemas Oval, Kuala Lumpur",Kuala Lumpur,,China,Malaysia,Malaysia,,,,,,,,,,,,
1383102,2023-07-26,"Bayuemas Oval, Kuala Lumpur",Kuala Lumpur,,Bhutan,Myanmar,Bhutan,,,,,,,,,,,,
1383103,2023-07-27,"Bayuemas Oval, Kuala Lumpur",Kuala Lumpur,,China,Thailand,Thailand,,,,,,,,,,,,
1383104,2023-07-27,"Bayuemas Oval, Kuala Lumpur",Kuala Lumpur,,Malaysia,Bhutan,Malaysia,,,,,,,,,,,,
1383105,2023-07-28,"Bayuemas Oval, Kuala Lumpur",Kuala Lumpur,,Thailand,Myanmar,Thailand,,,,,,,,,,,,
1383106,2023-07-30,"Bayuemas Oval, Kuala Lumpur",Kuala Lumpur,,Bhutan,China,Bhutan,,,,,,,,,,,,
1383107,2023-07-30,"Bayuemas Oval, Kuala Lumpur",Kuala Lumpur,,Malaysia,Myanmar,Malaysia,,,,,,,,,,,,
1383108,2023-07-31,"Bayuemas Oval, Kuala Lumpur",Kuala Lumpur,,Bhutan,Thailand,Thailand,,,,,,,,,,,,
1383109,2023-07-31,"Bayuemas Oval, Kuala Lumpur",Kuala Lumpur,,Myanmar,China,China,,,,,,,,,,,,
1383110,2023-08-01,"Bayuemas Oval, Kuala Lumpur",Kuala Lumpur,,Thailand,Malaysia,Malaysia,,,,,,,,,,,,
1384582,2023-07-10,Marsa Sports Club,Marsa,,France,Malta,France,France,Malta,58,26,43,28,Usman Khan,58.0,Usman Khan,27.0,32.0,
1384583,2023-07-10,Marsa Sports Club,Marsa,,Malta,France,Malta,France,Malta,29,12,24,19,Usman Khan,29.0,Usman Khan,19.0,,
1384584,2023-07-11,Marsa Sports Club,Marsa,,Malta,Luxembourg,Malta,,,,,,,,,,,,
1384585,2023-07-11,Marsa Sports Club,Marsa,,France,Luxembourg,France,France,Luxembourg,17,19,12,16,Usman Khan,17.0,Usman Khan,16.0,,
1384586,2023-07-12,Marsa Sports Club,Marsa,,Malta,Luxembourg,Luxembourg,,,,,,,,,,,,
1384587,2023-07-12,Marsa Sports Club,Marsa,,Luxembourg,France,France,Luxembourg,,15,,20,,,,Usman Khan,20.0,,
1384588,2023-07-12,Marsa Sports Club,Marsa,,France,Malta,France,France,Malta,22,17,18,22,Usman Khan,22.0,Usman Khan,21.0,5.0,
1384589,2023-07-13,Marsa Sports Club,Marsa,,Luxembourg,Malta,Malta,,,,,,,,,,,,
1384590,2023-07-13,Marsa Sports Club,Marsa,,Romania,Switzerland,Switzerland,,,,,,,,,,,,
1384591,2023-07-13,Marsa Sports Club,Marsa,,France,Romania,France,France,,66,,51,,Usman Khan,63.0,,,,
1384592,2023-07-14,Marsa Sports Club,Marsa,,Luxembourg,Switzerland,Switzerland,,,,,,,,,,,,
1384593,2023-07-14,Marsa Sports Club,Marsa,,Malta,Romania,Malta,,,,,,,,,,,,
1384594,2023-07-14,Marsa Sports Club,Marsa,,France,Switzerland,Switzerland,France,Switzerland,60,22,38,24,Usman Khan,59.0,Usman Khan,24.0,,
1384595,2023-07-15,Marsa Sports Club,Marsa,,Romania,Luxembourg,Luxembourg,,,,,,,,,,,,
1384596,2023-07-15,Marsa Sports Club,Marsa,,Malta,Switzerland,Switzerland,,,,,,,,,,,,
1384597,2023-07-15,Marsa Sports Club,Marsa,,France,Luxembourg,Luxembourg,Luxembourg,,20,,12,,,,Usman Khan,12.0,,
1384598,2023-07-16,Marsa Sports Club,Marsa,,France,Malta,Malta,France,,19,,20,,Usman Khan,18.0,,,,
1384599,2023-07-16,Marsa Sports Club,Marsa,,Luxembourg,Romania,Romania,,,,,,,,,,,,
1384600,2023-07-16,Marsa Sports Club,Marsa,,Malta,Switzerland,Switzerland,,,,,,,,,,,,
1384634,2023-08-18,"Malahide, Dublin",Dublin,,Ireland,India,India,India,Ireland,0,77,1,74,GH Dockrell,1.0,Arshdeep Singh,28.0,,
1384637,2023-08-20,"Malahide, Dublin",Dublin,,India,Ireland,India,India,Ireland,2,91,3,75,GH Dockrell,13.0,Arshdeep Singh,25.0,,
1385688,2024-05-25,"Edgbaston, Birmingham",Birmingham,,England,Pakistan,England,England,Pakistan,129,98,74,78,Fakhar Zaman,45.0,Shaheen Shah Afridi,25.0,31.0,
1385690,2024-05-30,"Kennington Oval, London",London,,Pakistan,England,England,England,Pakistan,131,133,84,98,Usman Khan,38.0,Naseem Shah,25.0,,
1385697,2024-09-11,"The Rose Bowl, Southampton",Southampton,,Australia,England,Australia,,,,,,,,,,,,
1385698,2024-09-13,"Sophia Gardens, Cardiff",Cardiff,,Australia,England,England,,,,,,,,,,,,
1387243,2023-08-14,"Sportpark Het Schootsveld, Deventer",Deventer,,Guernsey,Germany,Germany,,,,,,,,,,,,
1387244,2023-08-14,"Sportpark Het Schootsveld, Deventer",Deventer,,Germany,Guernsey,Guernsey,,,,,,,,,,,,
1387245,2023-08-15,"Sportpark Het Schootsveld, Deventer",Deventer,,Guernsey,Germany,Guernsey,,,,,,,,,,,,
1387598,2023-12-12,"St George's Park, Gqeberha",Gqeberha,,India,South Africa,South Africa,India,South Africa,32,126,25,68,Tilak Varma,29.0,Mukesh Kumar,19.0,94.0,
1387599,2023-12-14,"The Wanderers Stadium, Johannesburg",Johannesburg,,India,South Africa,India,India,South Africa,15,68,9,66,Shubman Gill,8.0,Mohammed Siraj,19.0,,
1388213,2023-12-27,"McLean Park, Napier",Napier,,New Zealand,Bangladesh,Bangladesh,Bangladesh,New Zealand,124,134,104,121,Liton Das,42.0,Tanzim Hasan Sakib,25.0,,
1388214,2023-12-29,"Bay Oval, Mount Maunganui",Mount Maunganui,,New Zealand,Bangladesh,,New Zealand,,72,,66,,,,Rishad Hossain,18.0,,
1388215,2023-12-31,"Bay Oval, Mount Maunganui",Mount Maunganui,,Bangladesh,New Zealand,New Zealand,Bangladesh,New Zealand,93,81,109,87,Towhid Hridoy,16.0,Mahedi Hasan,25.0,,
1388216,2024-01-12,"Eden Park, Auckland",Auckland,,New Zealand,Pakistan,New Zealand,New Zealand,Pakistan,118,139,75,81,Babar Azam,57.0,Abbas Afridi,26.0,,
1388217,2024-01-14,"Seddon Park, Hamilton",Hamilton,,New Zealand,Pakistan,New Zealand,New Zealand,Pakistan,113,157,77,101,Babar Azam,66.0,Abbas Afridi,26.0,,
1388218,2024-01-17,"University Oval, Dunedin",Dunedin,,New Zealand,Pakistan,New Zealand,New Zealand,Pakistan,148,166,78,110,Babar Azam,58.0,Haris Rauf,28.0,,
1388219,2024-01-19,"Hagley Oval, Christchurch",Christchurch,,Pakistan,New Zealand,New Zealand,New Zealand,Pakistan,105,151,69,114,Mohammad Rizwan,90.0,AF Milne,28.0,,
1388220,2024-01-21,"Hagley Oval, Christchurch",Christchurch,,Pakistan,New Zealand,Pakistan,New Zealand,Pakistan,43,128,52,111,Mohammad Rizwan,38.0,Mohammad Nawaz,24.0,85.0,
1388223,2024-02-21,"Sky Stadium, Wellington",Wellington,,New Zealand,Australia,Australia,Australia,,54,,24,,,,AF Milne,24.0,,
1388224,2024-02-23,"Eden Park, Auckland",Auckland,,Australia,New Zealand,Australia,Australia,New Zealand,40,0,27,1,AF Milne,0.0,AF Milne,27.0,40.0,
1388225,2024-02-25,"Eden Park, Auckland",Auckland,,Australia,New Zealand,Australia,Australia,,20,,12,,,,AF Milne,12.0,,
1389391,2023-11-23,"Dr. Y.S. Rajasekhara Reddy ACA-VDCA Cricket Stadium, Visakhapatnam",Visakhapatnam,,Australia,India,India,Australia,India,126,76,77,56,Ishan Kishan,58.0,Arshdeep Singh,28.0,,
1389392,2023-11-26,"Greenfield International Stadium, Thiruvananthapuram",Thiruvananthapuram,,India,Australia,India,Australia,India,121,62,76,37,Ishan Kishan,52.0,Mukesh Kumar,26.0,,
1389393,2023-11-28,"Barsapara Cricket Stadium, Guwahati",Guwahati,,India,Australia,Australia,Australia,India,116,39,77,33,Tilak Varma,31.0,Ravi Bishnoi,27.0,77.0,
1389394,2023-12-01,"Shaheed Veer Narayan Singh International Stadium, Raipur",Raipur,,India,Australia,India,Australia,India,93,6,79,5,Ravi Bishnoi,4.0,Mukesh Kumar,28.0,,
1389395,2023-12-03,"M Chinnaswamy Stadium, Bengaluru",Bengaluru,,India,Australia,India,Australia,India,140,5,98,4,Arshdeep Singh,2.0,Arshdeep Singh,25.0,,
1390167,2023-08-05,"GB Oval, Szodliget",Szodliget,,Hungary,Croatia,Hungary,,,,,,,,,,,,
1390169,2023-08-06,"GB Oval, Szodliget",Szodliget,,Croatia,Hungary,Hungary,,,,,,,,,,,,
1391332,2023-08-18,"Moara Vlasiei Cricket Ground, Ilfov County",Ilfov County,,Romania,Malta,Malta,,,,,,,,,,,,
1391333,2023-08-19,"Moara Vlasiei Cricket Ground, Ilfov County",Ilfov County,,Romania,Malta,Malta,,,,,,,,,,,,
1391335,2023-08-19,"Moara Vlasiei Cricket Ground, Ilfov County",Ilfov County,,Malta,Romania,Romania,,,,,,,,,,,,
1391336,2023-08-20,"Moara Vlasiei Cricket Ground, Ilfov County",Ilfov County,,Malta,Romania,Romania,,,,,,,,,,,,
1391337,2023-08-20,"Moara Vlasiei Cricket Ground, Ilfov County",Ilfov County,,Romania,Malta,Romania,,,,,,,,,,,,
1391338,2023-09-30,Europa Sports Complex,Gibraltar,,Estonia,Gibraltar,Gibraltar,,,,,,,,,,,,
1391339,2023-09-30,Europa Sports Complex,Gibraltar,,Gibraltar,Estonia,Estonia,,,,,,,,,,,,
1392802,2023-09-15,"West End Park International Cricket Stadium, Doha",Doha,,Saudi Arabia,Kuwait,Kuwait,,,,,,,,,,,,
1392803,2023-09-15,"West End Park International Cricket Stadium, Doha",Doha,,Qatar,Bahrain,Qatar,,,,,,,,,,,,
1392805,2023-09-16,"West End Park International Cricket Stadium, Doha",Doha,,Bahrain,Kuwait,Kuwait,,,,,,,,,,,,
1392808,2023-09-18,"West End Park International Cricket Stadium, Doha",Doha,,Qatar,Kuwait,Qatar,,,,,,,,,,,,
1392809,2023-09-18,"West End Park International Cricket Stadium, Doha",Doha,,Saudi Arabia,Bahrain,Bahrain,,,,,,,,,,,,
1392811,2023-09-19,"West End Park International Cricket Stadium, Doha",Doha,,Bahrain,Oman,Bahrain,Bahrain,Oman,87,26,99,32,Naseem Khushi,11.0,Mohammad Nadeem,27.0,61.0,
1392812,2023-09-20,"West End Park International Cricket Stadium, Doha",Doha,,United Arab Emirates,Qatar,United Arab Emirates,,,,,,,,,,,,
1393309,2023-08-20,"Gahanga International Cricket Stadium, Rwanda",Kigali City,,Uganda,Rwanda,Uganda,,,,,,,,,,,,
1393310,2023-08-20,"Gahanga International Cricket Stadium, Rwanda",Kigali City,,Tanzania,Uganda,Uganda,,,,,,,,,,,,
1393311,2023-08-21,"Gahanga International Cricket Stadium, Rwanda",Kigali City,,Uganda,Tanzania,Tanzania,,,,,,,,,,,,
1393312,2023-08-22,"Gahanga International Cricket Stadium, Rwanda",Kigali City,,Uganda,Rwanda,Uganda,,,,,,,,,,,,
1393313,2023-08-24,"Gahanga International Cricket Stadium, Rwanda",Kigali City,,Uganda,Rwanda,Uganda,,,,,,,,,,,,
1393314,2023-08-24,"Gahanga International Cricket Stadium, Rwanda",Kigali City,,Uganda,Tanzania,Uganda,,,,,,,,,,,,
1393315,2023-08-25,"Gahanga International Cricket Stadium, Rwanda",Kigali City,,Rwanda,Tanzania,Tanzania,,,,,,,,,,,,
1393316,2023-08-27,"Gahanga International Cricket Stadium, Rwanda",Kigali City,,Rwanda,Uganda,Uganda,,,,,,,,,,,,
1393317,2023-08-28,"Gahanga International Cricket Stadium, Rwanda",Kigali City,,Uganda,Tanzania,Uganda,,,,,,,,,,,,
1393318,2023-08-28,"Gahanga International Cricket Stadium, Rwanda",Kigali City,,Rwanda,Uganda,Uganda,,,,,,,,,,,,
1393319,2023-08-30,"Gahanga International Cricket Stadium, Rwanda",Kigali City,,Uganda,Tanzania,Uganda,,,,,,,,,,,,
1393320,2023-08-31,"Gahanga International Cricket Stadium, Rwanda",Kigali City,,Rwanda,Uganda,Uganda,,,,,,,,,,,,
1393328,2023-08-22,"Gahanga International Cricket Stadium, Rwanda",Kigali City,,Rwanda,Tanzania,Tanzania,,,,,,,,,,,,
1393329,2023-08-25,"Gahanga International Cricket Stadium, Rwanda",Kigali City,,Uganda,Tanzania,Uganda,,,,,,,,,,,,
1393330,2023-08-27,"Gahanga International Cricket Stadium, Rwanda",Kigali City,,Tanzania,Rwanda,Tanzania,,,,,,,,,,,,
1393331,2023-08-30,"Gahanga International Cricket Stadium, Rwanda",Kigali City,,Tanzania,Rwanda,Tanzania,,,,,,,,,,,,
1393332,2023-08-31,"Gahanga International Cricket Stadium, Rwanda",Kigali City,,Tanzania,Rwanda,Tanzania,,,,,,,,,,,,
1397437,2023-09-22,"West End Park International Cricket Stadium, Doha",Doha,,Bahrain,United Arab Emirates,Bahrain,,,,,,,,,,,,
1397438,2023-09-22,"West End Park International Cricket Stadium, Doha",Doha,,Oman,Kuwait,Oman,Kuwait,Oman,58,88,86,61,Aqib Ilyas,44.0,Shakeel Ahmed,24.0,30.0,
1397439,2023-09-23,"West End Park International Cricket Stadium, Doha",Doha,,United Arab Emirates,Oman,Oman,Oman,United Arab Emirates,99,138,63,106,Aqib Ilyas,67.0,Bilal Khan,25.0,,
1398295,2023-09-19,"Bayuemas Oval, Kuala Lumpur",Kuala Lumpur,,Malaysia,Hong Kong,Malaysia,,,,,,,,,,,,
1398296,2023-09-20,"Bayuemas Oval, Kuala Lumpur",Kuala Lumpur,,Malaysia,Papua New Guinea,Papua New Guinea,,,,,,,,,,,,
1398298,2023-09-22,"Bayuemas Oval, Kuala Lumpur",Kuala Lumpur,,Malaysia,Hong Kong,Malaysia,,,,,,,,,,,,
1398299,2023-09-23,"Bayuemas Oval, Kuala Lumpur",Kuala Lumpur,,Malaysia,Papua New Guinea,Papua New Guinea,,,,,,,,,,,,
1398300,2023-09-24,"Bayuemas Oval, Kuala Lumpur",Kuala Lumpur,,Hong Kong,Papua New Guinea,Papua New Guinea,,,,,,,,,,,,
1399104,2023-09-27,Zhejiang University of Technology Cricket Field,Hangzhou,,Nepal,Mongolia,Nepal,Mongolia,Nepal,12,174,30,78,Kushal Malla,137.0,Sompal Kami,15.0,162.0,
1399113,2023-10-03,Zhejiang University of Technology Cricket Field,Hangzhou,,India,Nepal,India,India,Nepal,64,129,44,95,Kushal Malla,29.0,Arshdeep Singh,27.0,,
1399114,2023-10-03,Zhejiang University of Technology Cricket Field,Hangzhou,,Pakistan,Hong Kong,Pakistan,Hong Kong,Pakistan,50,75,86,70,Arafat Minhas,25.0,Khushdil Shah,26.0,25.0,
1399116,2023-10-04,Zhejiang University of Technology Cricket Field,Hangzhou,,Bangladesh,Malaysia,Bangladesh,Bangladesh,Malaysia,93,54,93,71,Saif Hassan,50.0,Saif Hassan,26.0,39.0,
1399117,2023-10-06,Zhejiang University of Technology Cricket Field,Hangzhou,,Bangladesh,India,India,Bangladesh,India,80,58,106,35,Tilak Varma,55.0,Ravi Bishnoi,25.0,,
1399119,2023-10-07,Zhejiang University of Technology Cricket Field,Hangzhou,,Pakistan,Bangladesh,Bangladesh,Bangladesh,Pakistan,61,29,25,16,Afif Hossain,20.0,Sufiyan Muqeem,12.0,32.0,
1399138,2023-09-28,"West End Park International Cricket Stadium, Doha",Doha,,Qatar,Kuwait,Kuwait,,,,,,,,,,,,
1399140,2023-09-29,"West End Park International Cricket Stadium, Doha",Doha,,Maldives,Kuwait,Kuwait,,,,,,,,,,,,
1399142,2023-10-01,"West End Park International Cricket Stadium, Doha",Doha,,Maldives,Qatar,Qatar,,,,,,,,,,,,
1399143,2023-10-01,"West End Park International Cricket Stadium, Doha",Doha,,Kuwait,Saudi Arabia,Saudi Arabia,,,,,,,,,,,,
1399144,2023-10-02,"West End Park International Cricket Stadium, Doha",Doha,,Qatar,Kuwait,Kuwait,,,,,,,,,,,,
1399145,2023-10-02,"West End Park International Cricket Stadium, Doha",Doha,,Maldives,Saudi Arabia,Saudi Arabia,,,,,,,,,,,,
1399146,2023-10-04,"West End Park International Cricket Stadium, Doha",Doha,,Maldives,Kuwait,Kuwait,,,,,,,,,,,,
1399148,2023-10-05,"West End Park International Cricket Stadium, Doha",Doha,,Qatar,Maldives,Qatar,,,,,,,,,,,,
1399149,2023-10-05,"West End Park International Cricket Stadium, Doha",Doha,,Saudi Arabia,Kuwait,Kuwait,,,,,,,,,,,,
1399150,2023-09-30,"White Hill Field, Sandys Parish",Hamilton,,Bermuda,Canada,Bermuda,Bermuda,Canada,47,39,40,43,Saad Bin Zafar,26.0,Kaleem Sana,26.0,8.0,
1399151,2023-09-30,"White Hill Field, Sandys Parish",Hamilton,,Panama,Cayman Islands,Cayman Islands,,,,,,,,,,,,
1399152,2023-10-01,"White Hill Field, Sandys Parish",Hamilton,,Panama,Bermuda,Bermuda,,,,,,,,,,,,
1399153,2023-10-01,"White Hill Field, Sandys Parish",Hamilton,,Canada,Cayman Islands,Canada,Canada,Cayman Islands,23,23,12,43,Saad Bin Zafar,21.0,Saad Bin Zafar,24.0,,
1399154,2023-10-03,"National Stadium, Hamilton",Hamilton,,Canada,Panama,Canada,Canada,Panama,3,36,4,51,Pargat Singh,3.0,Kaleem Sana,25.0,,
1399155,2023-10-03,"National Stadium, Hamilton",Hamilton,,Bermuda,Cayman Islands,Bermuda,,,,,,,,,,,,
1399156,2023-10-04,"National Stadium, Hamilton",Hamilton,,Canada,Cayman Islands,Canada,Canada,Cayman Islands,85,18,62,29,Pargat Singh,82.0,Kaleem Sana,28.0,67.0,
1399157,2023-10-04,"National Stadium, Hamilton",Hamilton,,Panama,Bermuda,Bermuda,,,,,,,,,,,,
1399161,2023-10-07,"National Stadium, Hamilton",Hamilton,,Canada,Bermuda,Canada,Bermuda,Canada,37,9,49,18,Pargat Singh,9.0,Kaleem Sana,25.0,,
1400053,2023-10-05,Europa Sports Complex,Gibraltar,,Serbia,Gibraltar,Gibraltar,,,,,,,,,,,,
1400054,2023-10-05,Europa Sports Complex,Gibraltar,,Serbia,Gibraltar,Gibraltar,,,,,,,,,,,,
1400055,2023-10-15,Europa Sports Complex,Gibraltar,,Gibraltar,Luxembourg,Gibraltar,,,,,,,,,,,,
1400056,2023-10-15,Europa Sports Complex,Gibraltar,,Luxembourg,Gibraltar,Luxembourg,,,,,,,,,,,,
1400972,2023-10-04,"Tafawa Balewa Square Cricket Oval, Lagos",Lagos,,Nigeria,Rwanda,Nigeria,,,,,,,,,,,,
1400973,2023-10-04,"Tafawa Balewa Square Cricket Oval, Lagos",Lagos,,Sierra Leone,Ghana,Ghana,,,,,,,,,,,,
1400974,2023-10-05,"Tafawa Balewa Square Cricket Oval, Lagos",Lagos,,Nigeria,Sierra Leone,Nigeria,,,,,,,,,,,,
1400975,2023-10-05,"Tafawa Balewa Square Cricket Oval, Lagos",Lagos,,Rwanda,Ghana,,,,,,,,,,,,,
1400976,2023-10-06,"Tafawa Balewa Square Cricket Oval, Lagos",Lagos,,Nigeria,Ghana,Nigeria,,,,,,,,,,,,
1400977,2023-10-06,"Tafawa Balewa Square Cricket Oval, Lagos",Lagos,,Rwanda,Sierra Leone,Rwanda,,,,,,,,,,,,
1400978,2023-10-07,"Tafawa Balewa Square Cricket Oval, Lagos",Lagos,,Rwanda,Nigeria,Nigeria,,,,,,,,,,,,
1400980,2023-10-08,"Tafawa Balewa Square Cricket Oval, Lagos",Lagos,,Sierra Leone,Nigeria,Nigeria,,,,,,,,,,,,
1400981,2023-10-08,"Tafawa Balewa Square Cricket Oval, Lagos",Lagos,,Rwanda,Ghana,Rwanda,,,,,,,,,,,,
1400982,2023-10-10,"Tafawa Balewa Square Cricket Oval, Lagos",Lagos,,Nigeria,Ghana,Nigeria,,,,,,,,,,,,
1400983,2023-10-10,"Tafawa Balewa Square Cricket Oval, Lagos",Lagos,,Sierra Leone,Rwanda,Sierra Leone,,,,,,,,,,,,
1400984,2023-10-11,"Tafawa Balewa Square Cricket Oval, Lagos",Lagos,,Ghana,Nigeria,Nigeria,,,,,,,,,,,,
1400985,2023-10-11,"Tafawa Balewa Square Cricket Oval, Lagos",Lagos,,Sierra Leone,Rwanda,Rwanda,,,,,,,,,,,,
1400986,2023-10-12,"Tafawa Balewa Square Cricket Oval, Lagos",Lagos,,Ghana,Rwanda,Rwanda,,,,,,,,,,,,
1400987,2023-10-12,"Tafawa Balewa Square Cricket Oval, Lagos",Lagos,,Nigeria,Sierra Leone,Nigeria,,,,,,,,,,,,
1400988,2023-10-14,"Tafawa Balewa Square Cricket Oval, Lagos",Lagos,,Rwanda,Nigeria,Nigeria,,,,,,,,,,,,
1400989,2023-10-14,"Tafawa Balewa Square Cricket Oval, Lagos",Lagos,,Ghana,Sierra Leone,Ghana,,,,,,,,,,,,
1400990,2023-10-15,"Tafawa Balewa Square Cricket Oval, Lagos",Lagos,,Ghana,Sierra Leone,Sierra Leone,,,,,,,,,,,,
1400991,2023-10-15,"Tafawa Balewa Square Cricket Oval, Lagos",Lagos,,Nigeria,Rwanda,Nigeria,,,,,,,,,,,,
1403288,2023-10-18,Mulpani Cricket Ground,Kathmandu,,United Arab Emirates,Nepal,Nepal,Nepal,United Arab Emirates,35,56,37,59,Aasif Sheikh,23.0,Karan KC,24.0,,
1403289,2023-10-19,Mulpani Cricket Ground,Kathmandu,,Hong Kong,Nepal,Nepal,Hong Kong,Nepal,35,48,59,44,Aasif Sheikh,42.0,Karan KC,24.0,13.0,
1403290,2023-10-21,Mulpani Cricket Ground,Kathmandu,,Nepal,Hong Kong,Nepal,Hong Kong,Nepal,85,134,73,69,Kushal Malla,92.0,Pratis GC,27.0,49.0,
1403291,2023-10-22,Mulpani Cricket Ground,Kathmandu,,Hong Kong,United Arab Emirates,United Arab Emirates,,,,,,,,,,,,
1403292,2023-10-23,Mulpani Cricket Ground,Kathmandu,,United Arab Emirates,Nepal,Nepal,Nepal,United Arab Emirates,71,98,57,75,Aasif Sheikh,62.0,Karan KC,25.0,,
1403293,2023-10-25,Mulpani Cricket Ground,Kathmandu,,Hong Kong,United Arab Emirates,Hong Kong,,,,,,,,,,,,
1403294,2023-10-27,"Tribhuvan University International Cricket Ground, Kirtipur",Kirtipur,,Nepal,United Arab Emirates,United Arab Emirates,Nepal,United Arab Emirates,46,88,41,57,Karan KC,23.0,Karan KC,24.0,42.0,
1403297,2023-10-18,St Georges Quilmes,,,Chile,Mexico,Mexico,,,,,,,,,,,,
1403301,2023-10-19,St Georges Quilmes,,,Mexico,Argentina,Argentina,,,,,,,,,,,,
1403305,2023-10-20,St Georges Quilmes,,,Chile,Argentina,Argentina,,,,,,,,,,,,
1404390,2023-10-24,"Wanderers Cricket Ground, Windhoek",Windhoek,,Zimbabwe,Namibia,Namibia,Namibia,Zimbabwe,33,45,24,44,Sikandar Raza,39.0,Sikandar Raza,16.0,,
1404391,2023-10-25,"Wanderers Cricket Ground, Windhoek",Windhoek,,Namibia,Zimbabwe,Zimbabwe,Namibia,Zimbabwe,63,104,30,53,Sikandar Raza,82.0,Sikandar Raza,19.0,41.0,
1404392,2023-10-27,"United Cricket Club Ground, Windhoek",Windhoek,,Namibia,Zimbabwe,Zimbabwe,Namibia,Zimbabwe,72,67,58,48,Sikandar Raza,52.0,JJ Smit,19.0,,
1404393,2023-10-29,"United Cricket Club Ground, Windhoek",Windhoek,,Zimbabwe,Namibia,Namibia,Namibia,Zimbabwe,37,26,30,16,JJ Smit,6.0,Sikandar Raza,24.0,11.0,
1404394,2023-10-30,"United Cricket Club Ground, Windhoek",Windhoek,,Namibia,Zimbabwe,Namibia,Namibia,Zimbabwe,48,15,52,29,JJ Smit,29.0,JJ Smit,24.0,33.0,
1405313,2023-10-30,Mulpani Cricket Ground,Kathmandu,,Bahrain,United Arab Emirates,United Arab Emirates,,,,,,,,,,,,
1405314,2023-10-30,"Tribhuvan University International Cricket Ground, Kirtipur",Kirtipur,,Singapore,Nepal,Nepal,Nepal,Singapore,34,57,27,51,Aasif Sheikh,27.0,Karan KC,25.0,,
1405315,2023-10-30,"Tribhuvan University International Cricket Ground, Kirtipur",Kirtipur,,Oman,Malaysia,Oman,Malaysia,Oman,107,91,112,75,Zeeshan Maqsood,56.0,Fayyaz Butt,27.0,,
1405316,2023-10-30,Mulpani Cricket Ground,Kathmandu,,Hong Kong,Kuwait,Hong Kong,,,,,,,,,,,,
1405317,2023-10-31,"Tribhuvan University International Cricket Ground, Kirtipur",Kirtipur,,Oman,Singapore,Oman,Oman,Singapore,100,152,62,127,Aqib Ilyas,63.0,Fayyaz Butt,27.0,,
1405318,2023-10-31,Mulpani Cricket Ground,Kathmandu,,Bahrain,Hong Kong,Bahrain,,,,,,,,,,,,
1405319,2023-10-31,"Tribhuvan University International Cricket Ground, Kirtipur",Kirtipur,,Malaysia,Nepal,Nepal,Malaysia,Nepal,77,101,46,60,Kushal Malla,65.0,Karan KC,25.0,24.0,
1405320,2023-10-31,Mulpani Cricket Ground,Kathmandu,,Kuwait,United Arab Emirates,United Arab Emirates,,,,,,,,,,,,
1405321,2023-11-02,"Tribhuvan University International Cricket Ground, Kirtipur",Kirtipur,,Oman,Nepal,Oman,Nepal,Oman,123,121,106,98,Zeeshan Maqsood,32.0,Bilal Khan,26.0,,
1405322,2023-11-02,Mulpani Cricket Ground,Kathmandu,,United Arab Emirates,Hong Kong,United Arab Emirates,,,,,,,,,,,,
1405323,2023-11-02,"Tribhuvan University International Cricket Ground, Kirtipur",Kirtipur,,Malaysia,Singapore,Malaysia,,,,,,,,,,,,
1405324,2023-11-02,Mulpani Cricket Ground,Kathmandu,,Bahrain,Kuwait,Kuwait,,,,,,,,,,,,
1405325,2023-11-03,"Tribhuvan University International Cricket Ground, Kirtipur",Kirtipur,,Bahrain,Oman,Oman,Bahrain,,101,,116,,,,Bilal Khan,25.0,,
1405326,2023-11-03,Mulpani Cricket Ground,Kathmandu,,United Arab Emirates,Nepal,Nepal,Nepal,United Arab Emirates,66,53,52,55,Aasif Sheikh,64.0,Kushal Malla,19.0,13.0,
1405327,2023-11-05,"Tribhuvan University International Cricket Ground, Kirtipur",Kirtipur,,Nepal,Oman,,Nepal,Oman,180,175,124,95,Aqib Ilyas,34.0,Bilal Khan,31.0,,
1407089,2023-11-22,"United Cricket Club Ground, Windhoek",Windhoek,,Kenya,Rwanda,Kenya,,,,,,,,,,,,
1407090,2023-11-22,"Wanderers Cricket Ground, Windhoek",Windhoek,,Tanzania,Uganda,Uganda,Tanzania,Uganda,14,47,24,27,Riazat Ali Shah,47.0,Riazat Ali Shah,24.0,33.0,
1407091,2023-11-22,"Wanderers Cricket Ground, Windhoek",Windhoek,,Zimbabwe,Namibia,Namibia,Namibia,Zimbabwe,24,50,18,46,Sikandar Raza,20.0,JJ Smit,25.0,,
1407092,2023-11-23,"United Cricket Club Ground, Windhoek",Windhoek,,Nigeria,Kenya,Kenya,,,,,,,,,,,,
1407093,2023-11-23,"United Cricket Club Ground, Windhoek",Windhoek,,Tanzania,Zimbabwe,Zimbabwe,Tanzania,,10,,25,,,,Sikandar Raza,24.0,,
1407094,2023-11-24,"Wanderers Cricket Ground, Windhoek",Windhoek,,Nigeria,Rwanda,,,,,,,,,,,,,
1407095,2023-11-24,"Wanderers Cricket Ground, Windhoek",Windhoek,,Uganda,Namibia,Namibia,Namibia,Uganda,18,41,22,36,Riazat Ali Shah,17.0,JJ Smit,24.0,,
1407096,2023-11-25,"Wanderers Cricket Ground, Windhoek",Windhoek,,Kenya,Tanzania,Kenya,,,,,,,,,,,,
1407097,2023-11-25,"Wanderers Cricket Ground, Windhoek",Windhoek,,Namibia,Rwanda,Namibia,Namibia,Rwanda,30,0,10,1,JJ Smit,30.0,,,30.0,
1407098,2023-11-26,"United Cricket Club Ground, Windhoek",Windhoek,,Tanzania,Nigeria,Nigeria,,,,,,,,,,,,
1407099,2023-11-26,"United Cricket Club Ground, Windhoek",Windhoek,,Zimbabwe,Uganda,Uganda,Uganda,Zimbabwe,65,71,41,54,Sikandar Raza,48.0,Riazat Ali Shah,20.0,,
1407100,2023-11-27,"United Cricket Club Ground, Windhoek",Windhoek,,Nigeria,Uganda,Uganda,Nigeria,,11,,20,,,,Riazat Ali Shah,19.0,,
1407101,2023-11-27,"Wanderers Cricket Ground, Windhoek",Windhoek,,Zimbabwe,Rwanda,Zimbabwe,Rwanda,Zimbabwe,3,60,17,38,Sikandar Raza,58.0,Sikandar Raza,16.0,57.0,
1407102,2023-11-27,"United Cricket Club Ground, Windhoek",Windhoek,,Kenya,Namibia,Namibia,Kenya,Namibia,19,14,24,14,JJ Smit,14.0,JJ Smit,24.0,,
1407103,2023-11-28,"Wanderers Cricket Ground, Windhoek",Windhoek,,Namibia,Tanzania,Namibia,Namibia,Tanzania,40,19,25,19,JJ Smit,40.0,JJ Smit,19.0,21.0,
1407104,2023-11-29,"United Cricket Club Ground, Windhoek",Windhoek,,Nigeria,Zimbabwe,Zimbabwe,Nigeria,Zimbabwe,13,66,19,37,Sikandar Raza,65.0,Sikandar Raza,18.0,53.0,
1407105,2023-11-29,"Wanderers Cricket Ground, Windhoek",Windhoek,,Tanzania,Rwanda,Tanzania,,,,,,,,,,,,
1407106,2023-11-29,"Wanderers Cricket Ground, Windhoek",Windhoek,,Uganda,Kenya,Uganda,Kenya,Uganda,24,26,20,24,Riazat Ali Shah,26.0,Riazat Ali Shah,19.0,2.0,
1407107,2023-11-30,"United Cricket Club Ground, Windhoek",Windhoek,,Zimbabwe,Kenya,Zimbabwe,Kenya,Zimbabwe,22,83,25,49,Sikandar Raza,82.0,Sikandar Raza,24.0,61.0,
1407108,2023-11-30,"Wanderers Cricket Ground, Windhoek",Windhoek,,Rwanda,Uganda,Uganda,Rwanda,,5,,13,,,,Riazat Ali Shah,12.0,,
1407109,2023-11-30,"Wanderers Cricket Ground, Windhoek",Windhoek,,Nigeria,Namibia,Namibia,Namibia,Nigeria,8,14,11,16,JP Kotze,6.0,JJ Smit,16.0,,
1407714,2023-11-20,Udayana Cricket Ground,Bali,,Cambodia,Indonesia,Indonesia,,,,,,,,,,,,
1407715,2023-11-20,Udayana Cricket Ground,Bali,,Cambodia,Indonesia,Indonesia,,,,,,,,,,,,
1407716,2023-11-21,Udayana Cricket Ground,Bali,,Indonesia,Cambodia,Cambodia,,,,,,,,,,,,
1407717,2023-11-21,Udayana Cricket Ground,Bali,,Indonesia,Cambodia,Indonesia,,,,,,,,,,,,
1407718,2023-11-22,Udayana Cricket Ground,Bali,,Indonesia,Cambodia,Cambodia,,,,,,,,,,,,
1407719,2023-11-23,Udayana Cricket Ground,Bali,,Cambodia,Indonesia,Indonesia,,,,,,,,,,,,
1408103,2023-12-07,Harare Sports Club,Harare,,Ireland,Zimbabwe,Zimbabwe,Ireland,Zimbabwe,31,71,31,47,Sikandar Raza,65.0,Sikandar Raza,24.0,40.0,
1408104,2023-12-09,Harare Sports Club,Harare,,Zimbabwe,Ireland,Ireland,Ireland,,20,,13,,GH Dockrell,16.0,,,,
1408105,2023-12-10,Harare Sports Club,Harare,,Zimbabwe,Ireland,Ireland,Ireland,,52,,34,,GH Dockrell,49.0,,,,
1412530,2023-12-22,Udayana Cricket Ground,Bali,,Philippines,Indonesia,Philippines,,,,,,,,,,,,
1412531,2023-12-23,Udayana Cricket Ground,Bali,,Philippines,Indonesia,Indonesia,,,,,,,,,,,,
1412532,2023-12-23,Udayana Cricket Ground,Bali,,Indonesia,Philippines,Indonesia,,,,,,,,,,,,
1412533,2023-12-24,Udayana Cricket Ground,Bali,,Indonesia,Philippines,Philippines,,,,,,,,,,,,
1412534,2023-12-24,Udayana Cricket Ground,Bali,,Philippines,Indonesia,,,,,,,,,,,,,
1412535,2023-12-26,Udayana Cricket Ground,Bali,,Indonesia,Philippines,Philippines,,,,,,,,,,,,
1412542,2024-01-14,"R Premadasa Stadium, Colombo",Colombo,,Zimbabwe,Sri Lanka,Sri Lanka,Sri Lanka,Zimbabwe,13,63,24,43,Sikandar Raza,62.0,Sikandar Raza,24.0,,
1412543,2024-01-16,"R Premadasa Stadium, Colombo",Colombo,,Sri Lanka,Zimbabwe,Zimbabwe,Sri Lanka,Zimbabwe,25,8,24,5,Sikandar Raza,8.0,Sikandar Raza,24.0,,
1412544,2024-01-18,"R Premadasa Stadium, Colombo",Colombo,,Zimbabwe,Sri Lanka,Sri Lanka,Sri Lanka,Zimbabwe,25,10,17,12,Sikandar Raza,10.0,Sikandar Raza,17.0,15.0,
1415701,2024-06-01,"Grand Prairie Stadium, Dallas",Dallas,,Canada,United States of America,United States of America,Canada,United States of America,80,140,55,76,Aaron Jones,94.0,Kaleem Sana,27.0,60.0,
1415702,2024-06-02,"Providence Stadium, Guyana",Providence,,Papua New Guinea,West Indies,West Indies,,,,,,,,,,,,
1415703,2024-06-02,"Kensington Oval, Bridgetown, Barbados",Bridgetown,,Oman,Namibia,,Namibia,Oman,110,93,102,95,Khalid Kail,34.0,Bilal Khan,31.0,,
1415704,2024-06-03,"Nassau County International Cricket Stadium, New York",New York,,Sri Lanka,South Africa,South Africa,,,,,,,,,,,,
1415706,2024-06-04,"Kensington Oval, Bridgetown, Barbados",Bridgetown,,Scotland,England,,,,,,,,,,,,,
1415707,2024-06-04,"Grand Prairie Stadium, Dallas",Dallas,,Nepal,Netherlands,Netherlands,Nepal,Netherlands,30,45,34,54,Vikramjit Singh,22.0,Sompal Kami,24.0,15.0,
1415708,2024-06-05,"Nassau County International Cricket Stadium, New York",New York,,Ireland,India,India,India,Ireland,0,49,1,49,GH Dockrell,3.0,Arshdeep Singh,30.0,,
1415709,2024-06-05,"Providence Stadium, Guyana",Providence,,Papua New Guinea,Uganda,Uganda,Uganda,,42,,61,,Riazat Ali Shah,33.0,,,,
1415710,2024-06-05,"Kensington Oval, Bridgetown, Barbados",Bridgetown,,Australia,Oman,Australia,Australia,Oman,126,49,101,61,Aqib Ilyas,18.0,Bilal Khan,26.0,77.0,
1415711,2024-06-06,"Grand Prairie Stadium, Dallas",Dallas,,Pakistan,United States of America,,Pakistan,United States of America,157,146,120,112,Aaron Jones,47.0,Ali Khan,26.0,,
1415712,2024-06-06,"Kensington Oval, Bridgetown, Barbados",Bridgetown,,Namibia,Scotland,Scotland,Namibia,,11,,11,,JJ Smit,11.0,,,,
1415713,2024-06-07,"Nassau County International Cricket Stadium, New York",New York,,Canada,Ireland,Canada,Canada,Ireland,21,87,18,68,GH Dockrell,30.0,Kaleem Sana,27.0,,
1415715,2024-06-07,"Grand Prairie Stadium, Dallas",Dallas,,Sri Lanka,Bangladesh,Bangladesh,Bangladesh,Sri Lanka,89,90,82,98,Towhid Hridoy,40.0,Mustafizur Rahman,25.0,,
1415716,2024-06-08,"Nassau County International Cricket Stadium, New York",New York,,Netherlands,South Africa,South Africa,Netherlands,South Africa,13,11,17,6,Vikramjit Singh,12.0,Vikramjit Singh,6.0,,
1415717,2024-06-08,"Kensington Oval, Bridgetown, Barbados",Bridgetown,,Australia,England,Australia,,,,,,,,,,,,
1415718,2024-06-08,"Providence Stadium, Guyana",Providence,,West Indies,Uganda,West Indies,Uganda,,4,,9,,Riazat Ali Shah,3.0,,,,
1415719,2024-06-09,"Nassau County International Cricket Stadium, New York",New York,,India,Pakistan,India,India,Pakistan,78,104,78,105,Mohammad Rizwan,31.0,Mohammed Siraj,26.0,,
1415720,2024-06-09,"Sir Vivian Richards Stadium, North Sound, Antigua",North Sound,,Oman,Scotland,Scotland,Oman,Scotland,37,117,28,68,Aqib Ilyas,16.0,Aqib Ilyas,18.0,80.0,
1415721,2024-06-10,"Nassau County International Cricket Stadium, New York",New York,,South Africa,Bangladesh,South Africa,Bangladesh,South Africa,69,89,69,99,Towhid Hridoy,37.0,Tanzim Hasan Sakib,26.0,20.0,
1415722,2024-06-11,"Nassau County International Cricket Stadium, New York",New York,,Canada,Pakistan,Pakistan,Canada,Pakistan,80,107,96,110,Mohammad Rizwan,53.0,Haris Rauf,27.0,27.0,
1415724,2024-06-11,"Sir Vivian Richards Stadium, North Sound, Antigua",North Sound,,Namibia,Australia,Australia,Namibia,,3,,9,,JJ Smit,3.0,,,,
1415725,2024-06-12,"Nassau County International Cricket Stadium, New York",New York,,United States of America,India,India,India,United States of America,22,45,22,66,Aaron Jones,11.0,Arshdeep Singh,25.0,,
1415726,2024-06-12,"Brian Lara Stadium, Tarouba, Trinidad",Tarouba,,West Indies,New Zealand,West Indies,,,,,,,,,,,,
1415727,2024-06-13,"Arnos Vale Ground, Kingstown, St Vincent",Kingstown,,Bangladesh,Netherlands,Bangladesh,Bangladesh,Netherlands,62,112,51,98,Tanzid Hasan,35.0,Mustafizur Rahman,25.0,,
1415728,2024-06-13,"Sir Vivian Richards Stadium, North Sound, Antigua",North Sound,,Oman,England,England,England,Oman,50,31,20,57,Shoaib Khan,11.0,Bilal Khan,12.0,19.0,
1415731,2024-06-14,"Arnos Vale Ground, Kingstown, St Vincent",Kingstown,,South Africa,Nepal,South Africa,Nepal,South Africa,54,37,58,33,Aasif Sheikh,42.0,Sompal Kami,13.0,,
1415732,2024-06-14,"Brian Lara Stadium, Tarouba, Trinidad",Tarouba,,Uganda,New Zealand,New Zealand,New Zealand,Uganda,10,4,10,15,Riazat Ali Shah,2.0,Riazat Ali Shah,10.0,6.0,
1415734,2024-06-15,"Sir Vivian Richards Stadium, North Sound, Antigua",North Sound,,England,Namibia,England,Namibia,,2,,2,,JJ Smit,0.0,,,,
1415735,2024-06-15,"Daren Sammy National Cricket Stadium, Gros Islet, St Lucia",Gros Islet,,Scotland,Australia,Australia,,,,,,,,,,,,
1415736,2024-06-16,"Central Broward Regional Park Stadium Turf Ground, Lauderhill",Lauderhill,,Ireland,Pakistan,Pakistan,Ireland,Pakistan,86,107,82,110,Babar Azam,32.0,Shaheen Shah Afridi,25.0,21.0,
1415737,2024-06-16,"Arnos Vale Ground, Kingstown, St Vincent",Kingstown,,Bangladesh,Nepal,Bangladesh,Bangladesh,Nepal,75,79,90,109,Kushal Malla,27.0,Tanzim Hasan Sakib,25.0,,
1415738,2024-06-16,"Daren Sammy National Cricket Stadium, Gros Islet, St Lucia",Gros Islet,,Sri Lanka,Netherlands,Sri Lanka,Netherlands,,7,,10,,Vikramjit Singh,7.0,,,,
1415739,2024-06-17,"Brian Lara Stadium, Tarouba, Trinidad",Tarouba,,Papua New Guinea,New Zealand,New Zealand,,,,,,,,,,,,
1415741,2024-06-19,"Sir Vivian Richards Stadium, North Sound, Antigua",North Sound,,South Africa,United States of America,South Africa,South Africa,United States of America,69,45,52,39,Harmeet Singh,38.0,Ali Khan,26.0,24.0,
1415742,2024-06-19,"Daren Sammy National Cricket Stadium, Gros Islet, St Lucia",Gros Islet,,West Indies,England,England,,,,,,,,,,,,
1415744,2024-06-20,"Sir Vivian Richards Stadium, North Sound, Antigua",North Sound,,Bangladesh,Australia,Australia,Australia,Bangladesh,100,77,68,73,Towhid Hridoy,40.0,Mahedi Hasan,24.0,23.0,
1415745,2024-06-21,"Daren Sammy National Cricket Stadium, Gros Islet, St Lucia",Gros Islet,,South Africa,England,South Africa,,,,,,,,,,,,
1415746,2024-06-21,"Kensington Oval, Bridgetown, Barbados",Bridgetown,,United States of America,West Indies,West Indies,United States of America,West Indies,49,58,45,33,Milind Kumar,19.0,Ali Khan,14.0,9.0,
1415747,2024-06-22,"Sir Vivian Richards Stadium, North Sound, Antigua",North Sound,,India,Bangladesh,India,Bangladesh,India,98,151,90,96,Tanzid Hasan,29.0,Mustafizur Rahman,26.0,53.0,
1415749,2024-06-23,"Kensington Oval, Bridgetown, Barbados",Bridgetown,,United States of America,England,England,England,United States of America,62,35,28,41,Harmeet Singh,21.0,Ali Khan,14.0,27.0,
1415750,2024-06-23,"Sir Vivian Richards Stadium, North Sound, Antigua",North Sound,,West Indies,South Africa,South Africa,,,,,,,,,,,,
1415751,2024-06-24,"Daren Sammy National Cricket Stadium, Gros Islet, St Lucia",Gros Islet,,India,Australia,India,Australia,,65,,50,,,,Arshdeep Singh,26.0,,
1415754,2024-06-27,"Providence Stadium, Guyana",Providence,,India,England,India,England,India,37,1,36,1,Arshdeep Singh,1.0,Kuldeep Yadav,24.0,,
1415755,2024-06-29,"Kensington Oval, Bridgetown, Barbados",Bridgetown,,India,South Africa,India,South Africa,,66,,48,,,,Arshdeep Singh,24.0,,
1418176,2024-01-27,"Terdthai Cricket Ground, Bangkok",Bangkok,,Myanmar,Cambodia,Cambodia,,,,,,,,,,,,
1418177,2024-01-28,"Terdthai Cricket Ground, Bangkok",Bangkok,,Cambodia,China,Cambodia,,,,,,,,,,,,
1418181,2024-02-01,"Terdthai Cricket Ground, Bangkok",Bangkok,,Indonesia,Bhutan,Indonesia,,,,,,,,,,,,
1418182,2024-02-02,"Terdthai Cricket Ground, Bangkok",Bangkok,,Singapore,Maldives,Singapore,,,,,,,,,,,,
1418183,2024-02-02,"Terdthai Cricket Ground, Bangkok",Bangkok,,Japan,Thailand,Japan,,,,,,,,,,,,
1418184,2024-02-03,"Terdthai Cricket Ground, Bangkok",Bangkok,,Bhutan,Saudi Arabia,Saudi Arabia,,,,,,,,,,,,
1418185,2024-02-03,"Terdthai Cricket Ground, Bangkok",Bangkok,,Indonesia,Cambodia,Cambodia,,,,,,,,,,,,
1418186,2024-02-04,"Terdthai Cricket Ground, Bangkok",Bangkok,,Singapore,Thailand,Thailand,,,,,,,,,,,,
1418187,2024-02-04,"Terdthai Cricket Ground, Bangkok",Bangkok,,Japan,Maldives,Japan,,,,,,,,,,,,
1418188,2024-02-05,"Terdthai Cricket Ground, Bangkok",Bangkok,,Saudi Arabia,Indonesia,Saudi Arabia,,,,,,,,,,,,
1418190,2024-02-06,"Terdthai Cricket Ground, Bangkok",Bangkok,,Singapore,Japan,Singapore,,,,,,,,,,,,
1418191,2024-02-06,"Terdthai Cricket Ground, Bangkok",Bangkok,,Maldives,Thailand,Thailand,,,,,,,,,,,,
1418192,2024-02-07,"Terdthai Cricket Ground, Bangkok",Bangkok,,Indonesia,Thailand,Thailand,,,,,,,,,,,,
1418193,2024-02-07,"Terdthai Cricket Ground, Bangkok",Bangkok,,Maldives,Bhutan,Maldives,,,,,,,,,,,,
1418194,2024-02-09,"Terdthai Cricket Ground, Bangkok",Bangkok,,Japan,Saudi Arabia,Saudi Arabia,,,,,,,,,,,,
1418195,2024-02-09,"Terdthai Cricket Ground, Bangkok",Bangkok,,Singapore,Cambodia,Cambodia,,,,,,,,,,,,
1418196,2024-02-11,"Terdthai Cricket Ground, Bangkok",Bangkok,,Japan,Singapore,Singapore,,,,,,,,,,,,
1418197,2024-02-11,"Terdthai Cricket Ground, Bangkok",Bangkok,,Cambodia,Saudi Arabia,Saudi Arabia,,,,,,,,,,,,
1418539,2024-02-14,"Mission Road Ground, Mong Kok, Hong Kong",Mong Kok,,Hong Kong,China,Hong Kong,,,,,,,,,,,,
1418540,2024-02-14,"Mission Road Ground, Mong Kok, Hong Kong",Mong Kok,,Japan,Hong Kong,Hong Kong,,,,,,,,,,,,
1418541,2024-02-15,"Mission Road Ground, Mong Kok, Hong Kong",Mong Kok,,Japan,China,Japan,,,,,,,,,,,,
1418542,2024-02-15,"Mission Road Ground, Mong Kok, Hong Kong",Mong Kok,,Hong Kong,Japan,Hong Kong,,,,,,,,,,,,
1418543,2024-02-16,"Mission Road Ground, Mong Kok, Hong Kong",Mong Kok,,China,Hong Kong,Hong Kong,,,,,,,,,,,,
1418544,2024-02-16,"Mission Road Ground, Mong Kok, Hong Kong",Mong Kok,,Japan,China,Japan,,,,,,,,,,,,
1418545,2024-02-17,"Mission Road Ground, Mong Kok, Hong Kong",Mong Kok,,Hong Kong,Japan,Hong Kong,,,,,,,,,,,,
1419824,2024-03-04,Sylhet International Cricket Stadium,Sylhet,,Sri Lanka,Bangladesh,Sri Lanka,Bangladesh,Sri Lanka,123,206,79,127,Jaker Ali,68.0,Mustafizur Rahman,27.0,83.0,
1419825,2024-03-06,Sylhet International Cricket Stadium,Sylhet,,Sri Lanka,Bangladesh,Bangladesh,Bangladesh,Sri Lanka,113,165,75,125,Liton Das,36.0,Shoriful Islam,26.0,,
1419826,2024-03-09,Sylhet International Cricket Stadium,Sylhet,,Sri Lanka,Bangladesh,Sri Lanka,Bangladesh,Sri Lanka,144,174,116,123,Rishad Hossain,53.0,Mustafizur Rahman,26.0,30.0,
1420223,2024-07-06,Harare Sports Club,Harare,,Zimbabwe,India,Zimbabwe,India,Zimbabwe,93,87,107,103,Shubman Gill,31.0,Ravi Bishnoi,25.0,,
1420224,2024-07-07,Harare Sports Club,Harare,,India,Zimbabwe,India,India,Zimbabwe,112,129,58,111,Abhishek Sharma,100.0,Mukesh Kumar,24.0,,
1420225,2024-07-10,Harare Sports Club,Harare,,India,Zimbabwe,India,India,Zimbabwe,90,116,68,91,Shubman Gill,66.0,Avesh Khan,25.0,,
1420226,2024-07-13,Harare Sports Club,Harare,,Zimbabwe,India,India,India,Zimbabwe,75,97,49,77,Shubman Gill,58.0,Ravi Bishnoi,25.0,,
1420227,2024-07-14,Harare Sports Club,Harare,,India,Zimbabwe,India,India,Zimbabwe,63,80,51,79,Abhishek Sharma,14.0,Sikandar Raza,27.0,,
1420801,2024-02-12,"Terdthai Cricket Ground, Bangkok",Bangkok,,Bhutan,Thailand,Thailand,,,,,,,,,,,,
1420802,2024-02-12,"Terdthai Cricket Ground, Bangkok",Bangkok,,Saudi Arabia,Maldives,Saudi Arabia,,,,,,,,,,,,
1420803,2024-02-13,"Terdthai Cricket Ground, Bangkok",Bangkok,,Thailand,Saudi Arabia,Saudi Arabia,,,,,,,,,,,,
1420804,2024-02-13,"Terdthai Cricket Ground, Bangkok",Bangkok,,Bhutan,Maldives,Maldives,,,,,,,,,,,,
1420805,2024-02-15,"Terdthai Cricket Ground, Bangkok",Bangkok,,Maldives,Thailand,Thailand,,,,,,,,,,,,
1420806,2024-02-15,"Terdthai Cricket Ground, Bangkok",Bangkok,,Saudi Arabia,Bhutan,Saudi Arabia,,,,,,,,,,,,
1420807,2024-02-16,"Terdthai Cricket Ground, Bangkok",Bangkok,,Thailand,Saudi Arabia,Saudi Arabia,,,,,,,,,,,,
1420808,2024-02-16,"Terdthai Cricket Ground, Bangkok",Bangkok,,Maldives,Bhutan,Bhutan,,,,,,,,,,,,
1421078,2024-03-11,Dubai International Cricket Stadium,Dubai,,Scotland,United Arab Emirates,United Arab Emirates,,,,,,,,,,,,
1421079,2024-03-13,Dubai International Cricket Stadium,Dubai,,Scotland,United Arab Emirates,Scotland,United Arab Emirates,,19,,24,,,,Hamza Tahir,24.0,,
1421080,2024-03-14,Dubai International Cricket Stadium,Dubai,,Scotland,United Arab Emirates,Scotland,Scotland,,0,,1,,Hamza Tahir,0.0,,,,
1422037,2024-02-27,"Tribhuvan University International Cricket Ground, Kirtipur",Kirtipur,,Namibia,Nepal,Namibia,Namibia,Nepal,85,71,55,43,Kushal Malla,32.0,Karan KC,19.0,14.0,
1422038,2024-02-28,"Tribhuvan University International Cricket Ground, Kirtipur",Kirtipur,,Netherlands,Nepal,Netherlands,Nepal,Netherlands,61,111,44,70,Aasif Sheikh,34.0,Kushal Malla,28.0,50.0,
1422039,2024-02-29,"Tribhuvan University International Cricket Ground, Kirtipur",Kirtipur,,Netherlands,Namibia,Netherlands,Namibia,Netherlands,45,0,23,1,JP Kotze,26.0,,,,
1422040,2024-03-01,"Tribhuvan University International Cricket Ground, Kirtipur",Kirtipur,,Nepal,Namibia,Nepal,Namibia,Nepal,127,70,86,50,Kushal Malla,55.0,Karan KC,27.0,,
1422041,2024-03-02,"Tribhuvan University International Cricket Ground, Kirtipur",Kirtipur,,Netherlands,Nepal,Nepal,Nepal,Netherlands,14,77,10,87,Aasif Sheikh,8.0,Kushal Malla,24.0,,
1422042,2024-03-03,"Tribhuvan University International Cricket Ground, Kirtipur",Kirtipur,,Namibia,Netherlands,,Namibia,,24,,26,,JJ Smit,18.0,,,,
1422043,2024-03-05,"Tribhuvan University International Cricket Ground, Kirtipur",Kirtipur,,Nepal,Netherlands,Netherlands,Nepal,Netherlands,128,122,78,76,Aasif Sheikh,47.0,Pratis GC,24.0,,
1422802,2024-02-27,University of Doha for Science and Technology,Doha,,Hong Kong,Qatar,Hong Kong,,,,,,,,,,,,
1422803,2024-02-29,University of Doha for Science and Technology,Doha,,Hong Kong,Qatar,Qatar,,,,,,,,,,,,
1422804,2024-03-01,"West End Park International Cricket Stadium, Doha",Doha,,Qatar,Hong Kong,,,,,,,,,,,,,
1422807,2024-03-05,"Bayuemas Oval, Kuala Lumpur",Kuala Lumpur,,Vanuatu,Tanzania,Vanuatu,,,,,,,,,,,,
1422808,2024-03-05,"Bayuemas Oval, Kuala Lumpur",Kuala Lumpur,,Kuwait,Bahrain,Bahrain,,,,,,,,,,,,
1422809,2024-03-06,"Bayuemas Oval, Kuala Lumpur",Kuala Lumpur,,Tanzania,Kuwait,Kuwait,,,,,,,,,,,,
1422810,2024-03-06,"Bayuemas Oval, Kuala Lumpur",Kuala Lumpur,,Malaysia,Vanuatu,Malaysia,,,,,,,,,,,,
1422811,2024-03-07,"Bayuemas Oval, Kuala Lumpur",Kuala Lumpur,,Malaysia,Bahrain,Bahrain,,,,,,,,,,,,
1422812,2024-03-07,"Bayuemas Oval, Kuala Lumpur",Kuala Lumpur,,Vanuatu,Kuwait,Kuwait,,,,,,,,,,,,
1422813,2024-03-09,"Bayuemas Oval, Kuala Lumpur",Kuala Lumpur,,Kuwait,Malaysia,Malaysia,,,,,,,,,,,,
1422814,2024-03-09,"Bayuemas Oval, Kuala Lumpur",Kuala Lumpur,,Bahrain,Tanzania,Bahrain,,,,,,,,,,,,
1422815,2024-03-10,"Bayuemas Oval, Kuala Lumpur",Kuala Lumpur,,Bahrain,Vanuatu,Bahrain,,,,,,,,,,,,
1422816,2024-03-10,"Bayuemas Oval, Kuala Lumpur",Kuala Lumpur,,Tanzania,Malaysia,Malaysia,,,,,,,,,,,,
1422817,2024-03-11,"Bayuemas Oval, Kuala Lumpur",Kuala Lumpur,,Vanuatu,Kuwait,Kuwait,,,,,,,,,,,,
1422818,2024-03-11,"Bayuemas Oval, Kuala Lumpur",Kuala Lumpur,,Malaysia,Bahrain,Bahrain,,,,,,,,,,,,
1423372,2024-03-06,Al Amerat Cricket Ground Oman Cricket (Ministry Turf 1),Al Amarat,,Papua New Guinea,Oman,Oman,Oman,Papua New Guinea,44,110,44,99,Zeeshan Maqsood,42.0,Zeeshan Maqsood,26.0,,
1423373,2024-03-07,Al Amerat Cricket Ground Oman Cricket (Ministry Turf 1),Al Amarat,,Oman,Papua New Guinea,Papua New Guinea,Oman,Papua New Guinea,98,105,86,89,Khalid Kail,55.0,Bilal Khan,26.0,7.0,
1423374,2024-03-08,Al Amerat Cricket Ground Oman Cricket (Ministry Turf 1),Al Amarat,,Papua New Guinea,Oman,Oman,Oman,Papua New Guinea,68,93,63,92,Khalid Kail,32.0,Kaleemullah,25.0,,
1423439,2024-03-09,"Mission Road Ground, Mong Kok, Hong Kong",Mong Kok,,Hong Kong,Nepal,Hong Kong,Hong Kong,Nepal,29,0,26,1,Pratis GC,0.0,Pratis GC,25.0,29.0,
1423440,2024-03-10,"Mission Road Ground, Mong Kok, Hong Kong",Mong Kok,,Hong Kong,Nepal,,Hong Kong,,47,,37,,,,Pratis GC,19.0,,
1423441,2024-03-12,"Mission Road Ground, Mong Kok, Hong Kong",Mong Kok,,Nepal,Papua New Guinea,Nepal,Papua New Guinea,,64,,37,,,,Pratis GC,25.0,,
1423442,2024-03-12,"Mission Road Ground, Mong Kok, Hong Kong",Mong Kok,,Hong Kong,Papua New Guinea,Papua New Guinea,,,,,,,,,,,,
1423444,2024-03-13,"Mission Road Ground, Mong Kok, Hong Kong",Mong Kok,,Papua New Guinea,Nepal,Papua New Guinea,Nepal,Papua New Guinea,3,70,9,50,Karan KC,3.0,Karan KC,25.0,67.0,
1424752,2024-03-17,"Achimota Senior Secondary School A Field, Accra",Accra,,Zimbabwe,Namibia,Zimbabwe,Namibia,Zimbabwe,11,0,10,1,JP Kotze,11.0,,,,
1424753,2024-03-17,"Achimota Senior Secondary School B Field, Accra",Accra,,Tanzania,Nigeria,Tanzania,,,,,,,,,,,,
1424754,2024-03-17,"Achimota Senior Secondary School A Field, Accra",Accra,,South Africa,Ghana,South Africa,,,,,,,,,,,,
1424755,2024-03-17,"Achimota Senior Secondary School B Field, Accra",Accra,,Uganda,Kenya,Uganda,,,,,,,,,,,,
1424756,2024-03-18,"Achimota Senior Secondary School A Field, Accra",Accra,,Tanzania,Zimbabwe,Zimbabwe,,,,,,,,,,,,
1424757,2024-03-18,"Achimota Senior Secondary School B Field, Accra",Accra,,Namibia,Nigeria,Nigeria,Namibia,Nigeria,14,1,22,3,JP Kotze,10.0,,,,
1424759,2024-03-18,"Achimota Senior Secondary School B Field, Accra",Accra,,Uganda,Ghana,Uganda,,,,,,,,,,,,
1424761,2024-03-20,"Achimota Senior Secondary School B Field, Accra",Accra,,Ghana,Kenya,Kenya,,,,,,,,,,,,
1424762,2024-03-20,"Achimota Senior Secondary School A Field, Accra",Accra,,Nigeria,Zimbabwe,Zimbabwe,,,,,,,,,,,,
1424763,2024-03-20,"Achimota Senior Secondary School B Field, Accra",Accra,,Tanzania,Namibia,Namibia,Namibia,Tanzania,24,0,23,3,JP Kotze,21.0,,,24.0,
1424764,2024-03-21,"Achimota Senior Secondary School A Field, Accra",Accra,,Namibia,Uganda,Namibia,Namibia,Uganda,9,0,14,1,JP Kotze,9.0,,,9.0,
1424765,2024-03-21,"Achimota Senior Secondary School A Field, Accra",Accra,,Zimbabwe,Kenya,Zimbabwe,,,,,,,,,,,,
1424766,2024-03-23,"Achimota Senior Secondary School A Field, Accra",Accra,,Uganda,Kenya,Uganda,,,,,,,,,,,,
1424767,2024-03-23,"Achimota Senior Secondary School A Field, Accra",Accra,,Namibia,Zimbabwe,Zimbabwe,Namibia,Zimbabwe,26,0,26,1,JP Kotze,26.0,,,,
1424829,2024-04-18,Rawalpindi Cricket Stadium,Rawalpindi,,New Zealand,Pakistan,,New Zealand,,2,,2,,,,Shaheen Shah Afridi,2.0,,
1424830,2024-04-20,Rawalpindi Cricket Stadium,Rawalpindi,,New Zealand,Pakistan,Pakistan,New Zealand,Pakistan,70,92,88,73,Mohammad Rizwan,45.0,Abrar Ahmed,24.0,22.0,
1424831,2024-04-21,Rawalpindi Cricket Stadium,Rawalpindi,,Pakistan,New Zealand,New Zealand,New Zealand,Pakistan,163,176,104,123,Shadab Khan,41.0,Abrar Ahmed,24.0,,
1424832,2024-04-25,"Gaddafi Stadium, Lahore",Lahore,,New Zealand,Pakistan,New Zealand,New Zealand,Pakistan,21,119,21,89,Fakhar Zaman,61.0,Abbas Afridi,19.0,,
1424833,2024-04-27,"Gaddafi Stadium, Lahore",Lahore,,Pakistan,New Zealand,Pakistan,New Zealand,Pakistan,90,168,65,118,Babar Azam,69.0,Shaheen Shah Afridi,26.0,78.0,
1425110,2024-03-16,"Bayuemas Oval, Kuala Lumpur",Kuala Lumpur,,Papua New Guinea,Malaysia,Papua New Guinea,,,,,,,,,,,,
1425111,2024-03-17,"Bayuemas Oval, Kuala Lumpur",Kuala Lumpur,,Malaysia,Papua New Guinea,Malaysia,,,,,,,,,,,,
1425121,2024-04-07,Prairie View Cricket Complex,Houston,,Canada,United States of America,United States of America,Canada,United States of America,65,26,52,26,Saad Bin Zafar,29.0,Harmeet Singh,18.0,,
1425122,2024-04-09,Prairie View Cricket Complex,Houston,,United States of America,Canada,United States of America,Canada,United States of America,43,57,43,39,Aaron Jones,34.0,Harmeet Singh,19.0,14.0,
1425124,2024-04-12,Prairie View Cricket Complex,Houston,,United States of America,Canada,United States of America,Canada,United States of America,43,87,41,63,Harmeet Singh,34.0,Harmeet Singh,24.0,44.0,
1425125,2024-04-13,Prairie View Cricket Complex,Houston,,Canada,United States of America,United States of America,Canada,United States of America,50,39,45,29,Saad Bin Zafar,20.0,Harmeet Singh,25.0,,
1425126,2024-05-03,"Zahur Ahmed Chowdhury Stadium, Chattogram",Chattogram,,Zimbabwe,Bangladesh,Bangladesh,Bangladesh,Zimbabwe,113,124,80,124,Tanzid Hasan,67.0,Mohammad Saifuddin,27.0,,
1425127,2024-05-05,"Zahur Ahmed Chowdhury Stadium, Chattogram",Chattogram,,Zimbabwe,Bangladesh,Bangladesh,Bangladesh,Zimbabwe,110,138,92,121,Towhid Hridoy,37.0,Sikandar Raza,25.0,,
1425128,2024-05-07,"Zahur Ahmed Chowdhury Stadium, Chattogram",Chattogram,,Bangladesh,Zimbabwe,Bangladesh,Bangladesh,Zimbabwe,152,155,120,122,Towhid Hridoy,57.0,Mohammad Saifuddin,27.0,,
1425129,2024-05-10,"Shere Bangla National Stadium, Mirpur",Dhaka,,Bangladesh,Zimbabwe,Bangladesh,Bangladesh,Zimbabwe,142,104,117,100,Tanzid Hasan,52.0,Tanzim Hasan Sakib,27.0,38.0,
1425130,2024-05-12,"Shere Bangla National Stadium, Mirpur",Dhaka,,Bangladesh,Zimbabwe,Zimbabwe,Bangladesh,Zimbabwe,59,152,53,100,Sikandar Raza,72.0,Mohammad Saifuddin,27.0,93.0,
1425131,2024-05-21,Prairie View Cricket Complex,Houston,,Bangladesh,United States of America,United States of America,Bangladesh,United States of America,140,122,102,99,Towhid Hridoy,58.0,Harmeet Singh,28.0,,
1425132,2024-05-23,Prairie View Cricket Complex,Houston,,United States of America,Bangladesh,United States of America,Bangladesh,United States of America,84,119,71,110,Aaron Jones,35.0,Mustafizur Rahman,26.0,35.0,
1425133,2024-05-25,Prairie View Cricket Complex,Houston,,United States of America,Bangladesh,Bangladesh,Bangladesh,United States of America,108,82,72,108,Tanzid Hasan,58.0,Mustafizur Rahman,28.0,26.0,
1426450,2024-04-01,Al Amerat Cricket Ground Oman Cricket (Ministry Turf 1),Al Amarat,,Oman,Namibia,Namibia,Namibia,Oman,91,48,94,62,Aqib Ilyas,19.0,Fayyaz Butt,28.0,43.0,
1426451,2024-04-02,Al Amerat Cricket Ground Oman Cricket (Ministry Turf 1),Al Amarat,,Oman,Namibia,Oman,Namibia,Oman,99,37,92,41,Aqib Ilyas,23.0,Fayyaz Butt,25.0,,
1426452,2024-04-04,Al Amerat Cricket Ground Oman Cricket (Ministry Turf 1),Al Amarat,,Namibia,Oman,Oman,Namibia,Oman,78,94,95,54,Naseem Khushi,66.0,Aqib Ilyas,25.0,16.0,
1426453,2024-04-05,Al Amerat Cricket Ground Oman Cricket (Ministry Turf 1),Al Amarat,,Namibia,Oman,Namibia,Namibia,Oman,132,99,92,74,JP Kotze,78.0,Bilal Khan,26.0,33.0,
1426454,2024-04-07,Al Amerat Cricket Ground Oman Cricket (Ministry Turf 1),Al Amarat,,Namibia,Oman,Namibia,Namibia,Oman,126,118,97,73,Aqib Ilyas,51.0,Fayyaz Butt,27.0,8.0,
1426455,2024-04-12,Al Amerat Cricket Ground Oman Cricket (Ministry Turf 1),Al Amarat,,Oman,Bahrain,Oman,Bahrain,Oman,159,128,113,86,Aqib Ilyas,62.0,Fayyaz Butt,27.0,,
1426456,2024-04-12,Al Amerat Cricket Ground Oman Cricket (Ministry Turf 2),Al Amarat,,Kuwait,United Arab Emirates,United Arab Emirates,,,,,,,,,,,,
1426457,2024-04-12,Al Amerat Cricket Ground Oman Cricket (Ministry Turf 1),Al Amarat,,Malaysia,Nepal,Nepal,Malaysia,Nepal,43,40,32,42,Aasif Sheikh,32.0,Karan KC,13.0,,
1426458,2024-04-12,Al Amerat Cricket Ground Oman Cricket (Ministry Turf 2),Al Amarat,,Hong Kong,Qatar,Hong Kong,,,,,,,,,,,,
1426459,2024-04-13,Al Amerat Cricket Ground Oman Cricket (Ministry Turf 1),Al Amarat,,Cambodia,Kuwait,Kuwait,,,,,,,,,,,,
1426460,2024-04-13,Al Amerat Cricket Ground Oman Cricket (Ministry Turf 2),Al Amarat,,United Arab Emirates,Bahrain,United Arab Emirates,,,,,,,,,,,,
1426461,2024-04-13,Al Amerat Cricket Ground Oman Cricket (Ministry Turf 1),Al Amarat,,Nepal,Qatar,Nepal,Nepal,Qatar,91,58,62,39,Aasif Sheikh,52.0,Kushal Malla,26.0,33.0,
1426462,2024-04-13,Al Amerat Cricket Ground Oman Cricket (Ministry Turf 2),Al Amarat,,Malaysia,Saudi Arabia,Malaysia,,,,,,,,,,,,
1426463,2024-04-14,Al Amerat Cricket Ground Oman Cricket (Ministry Turf 2),Al Amarat,,Oman,Cambodia,Oman,Cambodia,Oman,69,106,50,47,Naseem Khushi,69.0,Aqib Ilyas,18.0,37.0,
1426464,2024-04-14,Al Amerat Cricket Ground Oman Cricket (Ministry Turf 2),Al Amarat,,Saudi Arabia,Hong Kong,Saudi Arabia,,,,,,,,,,,,
1426465,2024-04-15,Al Amerat Cricket Ground Oman Cricket (Ministry Turf 1),Al Amarat,,Hong Kong,Nepal,Nepal,Hong Kong,Nepal,50,41,44,19,Aasif Sheikh,40.0,Karan KC,25.0,,
1426466,2024-04-15,Al Amerat Cricket Ground Oman Cricket (Ministry Turf 2),Al Amarat,,Malaysia,Qatar,Qatar,,,,,,,,,,,,
1426467,2024-04-15,Al Amerat Cricket Ground Oman Cricket (Ministry Turf 1),Al Amarat,,United Arab Emirates,Oman,Oman,Oman,United Arab Emirates,93,89,38,71,Khalid Kail,50.0,Fayyaz Butt,20.0,4.0,
1426468,2024-04-15,Al Amerat Cricket Ground Oman Cricket (Ministry Turf 2),Al Amarat,,Kuwait,Bahrain,Kuwait,,,,,,,,,,,,
1426469,2024-04-16,Al Amerat Cricket Ground Oman Cricket (Ministry Turf 1),Al Amarat,,Qatar,Saudi Arabia,Qatar,,,,,,,,,,,,
1426470,2024-04-16,Al Amerat Cricket Ground Oman Cricket (Ministry Turf 1),Al Amarat,,Cambodia,Bahrain,Bahrain,,,,,,,,,,,,
1426471,2024-04-17,Al Amerat Cricket Ground Oman Cricket (Ministry Turf 1),Al Amarat,,Malaysia,Hong Kong,Hong Kong,,,,,,,,,,,,
1426472,2024-04-17,Al Amerat Cricket Ground Oman Cricket (Ministry Turf 2),Al Amarat,,Saudi Arabia,Nepal,Nepal,Nepal,Saudi Arabia,5,31,9,20,Aasif Sheikh,2.0,Karan KC,12.0,,
1426473,2024-04-17,Al Amerat Cricket Ground Oman Cricket (Ministry Turf 1),Al Amarat,,Cambodia,United Arab Emirates,United Arab Emirates,,,,,,,,,,,,
1426474,2024-04-17,Al Amerat Cricket Ground Oman Cricket (Ministry Turf 2),Al Amarat,,Oman,Kuwait,Oman,Kuwait,Oman,136,104,119,80,Zeeshan Maqsood,35.0,Zeeshan Maqsood,27.0,,
1426475,2024-04-19,Al Amerat Cricket Ground Oman Cricket (Ministry Turf 1),Al Amarat,,Nepal,United Arab Emirates,United Arab Emirates,Nepal,United Arab Emirates,32,53,33,43,Karan KC,17.0,Sompal Kami,18.0,21.0,
1426476,2024-04-19,Al Amerat Cricket Ground Oman Cricket (Ministry Turf 1),Al Amarat,,Hong Kong,Oman,Oman,Hong Kong,Oman,109,107,104,88,Aqib Ilyas,62.0,Bilal Khan,25.0,,
1426477,2024-04-20,Al Amerat Cricket Ground Oman Cricket (Ministry Turf 1),Al Amarat,,Nepal,Hong Kong,Hong Kong,Hong Kong,Nepal,46,36,43,41,Kushal Malla,13.0,Sompal Kami,25.0,10.0,
1426478,2024-04-21,Al Amerat Cricket Ground Oman Cricket (Ministry Turf 1),Al Amarat,,United Arab Emirates,Oman,United Arab Emirates,Oman,United Arab Emirates,86,153,78,97,Khalid Kail,30.0,Bilal Khan,24.0,67.0,
1426479,2024-04-14,La Manga Club Top Ground,Murcia,,Jersey,Spain,Spain,,,,,,,,,,,,
1426480,2024-04-14,La Manga Club Top Ground,Murcia,,Jersey,Spain,Spain,,,,,,,,,,,,
1426552,2024-11-14,"Brisbane Cricket Ground, Woolloongabba, Brisbane",Brisbane,,Australia,Pakistan,Australia,Australia,Pakistan,93,64,44,42,Abbas Afridi,20.0,Haris Rauf,13.0,29.0,
1426553,2024-11-16,Sydney Cricket Ground,Sydney,,Australia,Pakistan,Australia,Australia,Pakistan,147,134,124,126,Usman Khan,52.0,Abbas Afridi,26.0,13.0,
1426554,2024-11-18,"Bellerive Oval, Hobart",Hobart,,Pakistan,Australia,Australia,Australia,Pakistan,118,117,70,114,Babar Azam,41.0,Shaheen Shah Afridi,19.0,1.0,
1426830,2024-05-10,"Castle Avenue, Dublin",Dublin,,Pakistan,Ireland,Ireland,Ireland,Pakistan,156,144,104,107,Babar Azam,57.0,Shaheen Shah Afridi,27.0,12.0,
1426831,2024-05-12,"Castle Avenue, Dublin",Dublin,,Ireland,Pakistan,Pakistan,Ireland,Pakistan,136,164,85,93,Fakhar Zaman,78.0,Naseem Shah,26.0,28.0,
1426832,2024-05-14,"Castle Avenue, Dublin",Dublin,,Ireland,Pakistan,Pakistan,Ireland,Pakistan,128,156,86,98,Babar Azam,75.0,Abbas Afridi,24.0,28.0,
1428151,2024-05-18,"Sportpark Westvliet, The Hague",The Hague,,Netherlands,Scotland,Netherlands,Netherlands,Scotland,39,8,18,7,Vikramjit Singh,39.0,Vikramjit Singh,7.0,31.0,
1428152,2024-05-19,"Sportpark Westvliet, The Hague",The Hague,,Ireland,Netherlands,Ireland,Ireland,Netherlands,6,11,13,14,GH Dockrell,6.0,GH Dockrell,12.0,,
1428154,2024-05-22,"Sportpark Westvliet, The Hague",The Hague,,Scotland,Netherlands,Scotland,Netherlands,Scotland,4,0,6,1,Vikramjit Singh,3.0,,,,
1428155,2024-05-23,"Sportpark Westvliet, The Hague",The Hague,,Scotland,Ireland,Ireland,Ireland,Scotland,4,5,5,6,GH Dockrell,4.0,GH Dockrell,6.0,,
1428156,2024-05-24,"Sportpark Westvliet, The Hague",The Hague,,Ireland,Netherlands,Ireland,Ireland,Netherlands,56,34,33,28,GH Dockrell,53.0,GH Dockrell,6.0,22.0,
1428743,2024-04-12,Los Reyes Polo Club,Guacima,,Mexico,Costa Rica,Mexico,,,,,,,,,,,,
1428744,2024-04-12,Los Reyes Polo Club,Guacima,,Mexico,Costa Rica,Mexico,,,,,,,,,,,,
1428745,2024-04-13,Los Reyes Polo Club,Guacima,,Costa Rica,Mexico,Costa Rica,,,,,,,,,,,,
1428746,2024-04-14,Los Reyes Polo Club,Guacima,,Mexico,Costa Rica,Mexico,,,,,,,,,,,,
1431086,2024-09-27,"Zayed Cricket Stadium, Abu Dhabi",Abu Dhabi,,Ireland,South Africa,South Africa,Ireland,,22,,16,,GH Dockrell,21.0,,,,
1431087,2024-09-29,"Zayed Cricket Stadium, Abu Dhabi",Abu Dhabi,,Ireland,South Africa,Ireland,Ireland,,20,,13,,GH Dockrell,20.0,,,,
1431120,2024-05-07,Sano International Cricket Ground,Sano,,Japan,Mongolia,Japan,Mongolia,,4,,13,,,,Abdul Samad,13.0,,
1431121,2024-05-08,Sano International Cricket Ground,Sano,,Japan,Mongolia,Japan,Mongolia,,4,,6,,,,Abdul Samad,6.0,,
1431122,2024-05-08,Sano International Cricket Ground,Sano,,Japan,Mongolia,,Mongolia,,2,,4,,,,Abdul Samad,4.0,,
1431123,2024-05-09,Sano International Cricket Ground,Sano,,Mongolia,Japan,Japan,Mongolia,,3,,13,,,,Abdul Samad,13.0,,
1431124,2024-05-11,Sano International Cricket Ground,Sano,,Japan,Mongolia,Japan,,,,,,,,,,,,
1431125,2024-05-11,Sano International Cricket Ground,Sano,,Japan,Mongolia,Japan,,,,,,,,,,,,
1431126,2024-05-12,Sano International Cricket Ground,Sano,,Japan,Mongolia,Japan,,,,,,,,,,,,
1431607,2024-05-01,Udayana Cricket Ground,Bali,,Thailand,Indonesia,Thailand,,,,,,,,,,,,
1431608,2024-05-02,Udayana Cricket Ground,Bali,,Thailand,Indonesia,Indonesia,,,,,,,,,,,,
1431609,2024-05-04,Udayana Cricket Ground,Bali,,Indonesia,Thailand,Indonesia,,,,,,,,,,,,
1431610,2024-05-05,Udayana Cricket Ground,Bali,,Thailand,Indonesia,Thailand,,,,,,,,,,,,
1431611,2024-05-06,Udayana Cricket Ground,Bali,,Indonesia,Thailand,Thailand,,,,,,,,,,,,
1432194,2024-05-09,Dreux Sport Cricket Club,Dreux,,France,Malta,France,France,Malta,0,32,1,25,Usman Khan,0.0,Usman Khan,24.0,,
1432195,2024-05-09,Dreux Sport Cricket Club,Dreux,,France,Malta,France,France,Malta,16,2,11,7,Usman Khan,14.0,Usman Khan,6.0,14.0,
1432196,2024-05-10,Dreux Sport Cricket Club,Dreux,,Belgium,France,,Belgium,France,24,29,24,26,Usman Khan,27.0,Usman Khan,23.0,,
1432197,2024-05-10,Dreux Sport Cricket Club,Dreux,,Belgium,Malta,Belgium,,,,,,,,,,,,
1432198,2024-05-11,Dreux Sport Cricket Club,Dreux,,Malta,Belgium,Belgium,,,,,,,,,,,,
1432199,2024-05-11,Dreux Sport Cricket Club,Dreux,,Belgium,France,France,,,,,,,,,,,,
1432200,2024-05-12,Dreux Sport Cricket Club,Dreux,,France,Belgium,Belgium,Belgium,France,18,16,13,20,Usman Khan,15.0,Usman Khan,13.0,2.0,
1432211,2024-12-10,"Kingsmead, Durban",Durban,,South Africa,Pakistan,South Africa,Pakistan,South Africa,172,183,129,122,Mohammad Rizwan,74.0,Abrar Ahmed,25.0,11.0,
1432212,2024-12-13,"SuperSport Park, Centurion",Centurion,,Pakistan,South Africa,South Africa,Pakistan,South Africa,206,210,134,121,Saim Ayub,98.0,Shaheen Shah Afridi,26.0,4.0,
1433362,2024-05-23,"Sabina Park, Kingston, Jamaica",Kingston,,West Indies,South Africa,West Indies,,,,,,,,,,,,
1433363,2024-05-25,"Sabina Park, Kingston, Jamaica",Kingston,,West Indies,South Africa,West Indies,,,,,,,,,,,,
1433364,2024-05-26,"Sabina Park, Kingston, Jamaica",Kingston,,South Africa,West Indies,West Indies,,,,,,,,,,,,
1433367,2024-08-23,"Brian Lara Stadium, Tarouba, Trinidad",Tarouba,,South Africa,West Indies,West Indies,,,,,,,,,,,,
1433368,2024-08-25,"Brian Lara Stadium, Tarouba, Trinidad",Tarouba,,West Indies,South Africa,West Indies,,,,,,,,,,,,
1433369,2024-08-27,"Brian Lara Stadium, Tarouba, Trinidad",Tarouba,,South Africa,West Indies,West Indies,,,,,,,,,,,,
1433373,2024-11-09,"Kensington Oval, Bridgetown, Barbados",Bridgetown,,West Indies,England,England,,,,,,,,,,,,
1433374,2024-11-10,"Kensington Oval, Bridgetown, Barbados",Bridgetown,,West Indies,England,England,,,,,,,,,,,,
1433375,2024-11-14,"Daren Sammy National Cricket Stadium, Gros Islet, St Lucia",Gros Islet,,West Indies,England,England,England,West Indies,5,29,4,18,Rehan Ahmed,5.0,Rehan Ahmed,18.0,,
1433376,2024-11-16,"Daren Sammy National Cricket Stadium, Gros Islet, St Lucia",Gros Islet,,England,West Indies,West Indies,West Indies,,43,,24,,,,Rehan Ahmed,24.0,,
1433377,2024-11-17,"Daren Sammy National Cricket Stadium, Gros Islet, St Lucia",Gros Islet,,West Indies,England,,,,,,,,,,,,,
1433383,2024-12-15,"Arnos Vale Ground, Kingstown, St Vincent",Kingstown,,Bangladesh,West Indies,Bangladesh,Bangladesh,West Indies,147,140,127,124,Soumya Sarkar,43.0,Tanzim Hasan Sakib,28.0,7.0,
1433384,2024-12-17,"Arnos Vale Ground, Kingstown, St Vincent",Kingstown,,Bangladesh,West Indies,Bangladesh,Bangladesh,West Indies,102,94,99,109,Shamim Hossain,35.0,Mahedi Hasan,27.0,8.0,
1433385,2024-12-19,"Arnos Vale Ground, Kingstown, St Vincent",Kingstown,,Bangladesh,West Indies,Bangladesh,Bangladesh,West Indies,160,109,101,104,Jaker Ali,72.0,Rishad Hossain,24.0,51.0,
1434155,2024-05-24,"Moara Vlasiei Cricket Ground, Ilfov County",Ilfov County,,Bulgaria,Gibraltar,Gibraltar,,,,,,,,,,,,
1434157,2024-05-24,"Moara Vlasiei Cricket Ground, Ilfov County",Ilfov County,,Bulgaria,Romania,Romania,,,,,,,,,,,,
1434160,2024-05-25,"Moara Vlasiei Cricket Ground, Ilfov County",Ilfov County,,Romania,Gibraltar,Gibraltar,,,,,,,,,,,,
1434161,2024-05-26,"Moara Vlasiei Cricket Ground, Ilfov County",Ilfov County,,Romania,Bulgaria,Romania,,,,,,,,,,,,
1436471,2024-06-09,Roma Cricket Ground,Spinaceto,,Italy,Luxembourg,Italy,,,,,,,,,,,,
1436472,2024-06-09,"Simar Cricket Ground, Rome",Rome,,Portugal,Hungary,Portugal,,,,,,,,,,,,
1436473,2024-06-09,Roma Cricket Ground,Spinaceto,,France,Isle of Man,France,France,Isle of Man,26,40,21,29,Usman Khan,25.0,Usman Khan,28.0,,
1436474,2024-06-09,"Simar Cricket Ground, Rome",Rome,,Austria,Romania,Romania,,,,,,,,,,,,
1436475,2024-06-10,Roma Cricket Ground,Spinaceto,,Israel,Austria,Austria,,,,,,,,,,,,
1436476,2024-06-10,"Simar Cricket Ground, Rome",Rome,,Isle of Man,Turkey,Isle of Man,,,,,,,,,,,,
1436477,2024-06-10,Roma Cricket Ground,Spinaceto,,Portugal,Romania,Romania,,,,,,,,,,,,
1436478,2024-06-10,"Simar Cricket Ground, Rome",Rome,,France,Italy,Italy,France,Italy,7,30,11,24,Usman Khan,7.0,Usman Khan,24.0,23.0,
1436479,2024-06-12,Roma Cricket Ground,Spinaceto,,Isle of Man,Italy,Italy,,,,,,,,,,,,
1436480,2024-06-12,"Simar Cricket Ground, Rome",Rome,,Portugal,Austria,Austria,,,,,,,,,,,,
1436481,2024-06-12,Roma Cricket Ground,Spinaceto,,Luxembourg,Turkey,Luxembourg,,,,,,,,,,,,
1436482,2024-06-12,"Simar Cricket Ground, Rome",Rome,,Israel,Hungary,Hungary,,,,,,,,,,,,
1436483,2024-06-13,Roma Cricket Ground,Spinaceto,,Hungary,Romania,Romania,,,,,,,,,,,,
1436484,2024-06-13,"Simar Cricket Ground, Rome",Rome,,France,Luxembourg,France,France,Luxembourg,9,16,7,26,Usman Khan,9.0,Usman Khan,26.0,,
1436485,2024-06-13,Roma Cricket Ground,Spinaceto,,Portugal,Israel,Israel,,,,,,,,,,,,
1436486,2024-06-13,"Simar Cricket Ground, Rome",Rome,,Turkey,Italy,Italy,,,,,,,,,,,,
1436487,2024-06-15,Roma Cricket Ground,Spinaceto,,Isle of Man,Luxembourg,Isle of Man,,,,,,,,,,,,
1436488,2024-06-15,"Simar Cricket Ground, Rome",Rome,,Austria,Hungary,Austria,,,,,,,,,,,,
1436489,2024-06-15,Roma Cricket Ground,Spinaceto,,France,Turkey,France,France,Turkey,14,3,12,11,Usman Khan,13.0,Usman Khan,10.0,11.0,
1436490,2024-06-15,"Simar Cricket Ground, Rome",Rome,,Romania,Israel,Romania,,,,,,,,,,,,
1436491,2024-06-16,Roma Cricket Ground,Spinaceto,,Luxembourg,Israel,Israel,,,,,,,,,,,,
1436492,2024-06-16,"Simar Cricket Ground, Rome",Rome,,France,Austria,Austria,Austria,France,8,2,18,4,Usman Khan,2.0,Usman Khan,18.0,6.0,
1436493,2024-06-16,Roma Cricket Ground,Spinaceto,,Portugal,Isle of Man,Portugal,,,,,,,,,,,,
1436494,2024-06-16,"Simar Cricket Ground, Rome",Rome,,Italy,Romania,Italy,,,,,,,,,,,,
1438073,2024-06-16,"Svanholm Park, Brondby",Brondby,,Denmark,Jersey,Jersey,,,,,,,,,,,,
1438074,2024-06-16,"Svanholm Park, Brondby",Brondby,,Jersey,Denmark,Jersey,,,,,,,,,,,,
1438075,2024-06-17,Happy Valley Ground,Episkopi,,Cyprus,Estonia,Estonia,,,,,,,,,,,,
1438076,2024-06-17,Happy Valley Ground,Episkopi,,Cyprus,Estonia,Estonia,,,,,,,,,,,,
1438077,2024-06-18,Happy Valley Ground,Episkopi,,Cyprus,Estonia,Cyprus,,,,,,,,,,,,
1438078,2024-06-18,Happy Valley Ground,Episkopi,,Estonia,Cyprus,Estonia,,,,,,,,,,,,
1438079,2024-06-19,Happy Valley Ground,Episkopi,,Estonia,Cyprus,Cyprus,,,,,,,,,,,,
1438080,2024-06-19,Happy Valley Ground,Episkopi,,Estonia,Cyprus,Estonia,,,,,,,,,,,,
1438257,2024-06-14,Kerava National Cricket Ground,Kerava,,Norway,Finland,Norway,,,,,,,,,,,,
1438259,2024-06-15,Kerava National Cricket Ground,Kerava,,Finland,Norway,Norway,,,,,,,,,,,,
1438262,2024-06-16,Kerava National Cricket Ground,Kerava,,Finland,Norway,Norway,,,,,,,,,,,,
1439813,2024-07-07,Bayer Uerdingen Cricket Ground,Krefeld,,Jersey,Serbia,Jersey,,,,,,,,,,,,
1439814,2024-07-08,Bayer Uerdingen Cricket Ground,Krefeld,,Germany,Gibraltar,Germany,,,,,,,,,,,,
1439815,2024-07-07,Bayer Uerdingen Cricket Ground,Krefeld,,Switzerland,Belgium,Belgium,,,,,,,,,,,,
1439816,2024-07-08,Bayer Uerdingen Cricket Ground,Krefeld,,Norway,Sweden,Norway,,,,,,,,,,,,
1439817,2024-07-09,Bayer Uerdingen Cricket Ground,Krefeld,,Slovenia,Norway,Norway,,,,,,,,,,,,
1439818,2024-07-08,Bayer Uerdingen Cricket Ground,Krefeld,,Croatia,Belgium,Croatia,,,,,,,,,,,,
1439819,2024-07-09,Bayer Uerdingen Cricket Ground,Krefeld,,Germany,Sweden,Germany,,,,,,,,,,,,
1439820,2024-07-09,Bayer Uerdingen Cricket Ground,Krefeld,,Jersey,Switzerland,Jersey,,,,,,,,,,,,
1439821,2024-07-10,Bayer Uerdingen Cricket Ground,Krefeld,,Jersey,Belgium,Jersey,,,,,,,,,,,,
1439822,2024-07-11,Bayer Uerdingen Cricket Ground,Krefeld,,Norway,Germany,Norway,,,,,,,,,,,,
1439823,2024-07-10,Bayer Uerdingen Cricket Ground,Krefeld,,Croatia,Serbia,Croatia,,,,,,,,,,,,
1439824,2024-07-10,Bayer Uerdingen Cricket Ground,Krefeld,,Gibraltar,Slovenia,Slovenia,,,,,,,,,,,,
1439825,2024-07-11,Bayer Uerdingen Cricket Ground,Krefeld,,Gibraltar,Sweden,Sweden,,,,,,,,,,,,
1439826,2024-07-11,Bayer Uerdingen Cricket Ground,Krefeld,,Switzerland,Serbia,Switzerland,,,,,,,,,,,,
1439829,2024-07-12,Bayer Uerdingen Cricket Ground,Krefeld,,Belgium,Serbia,Belgium,,,,,,,,,,,,
1439830,2024-07-13,Bayer Uerdingen Cricket Ground,Krefeld,,Norway,Gibraltar,Norway,,,,,,,,,,,,
1439831,2024-07-13,Bayer Uerdingen Cricket Ground,Krefeld,,Croatia,Switzerland,Switzerland,,,,,,,,,,,,
1439832,2024-07-13,Bayer Uerdingen Cricket Ground,Krefeld,,Slovenia,Sweden,Sweden,,,,,,,,,,,,
1439833,2024-07-14,Bayer Uerdingen Cricket Ground,Krefeld,,Croatia,Germany,Germany,,,,,,,,,,,,
1439836,2024-07-14,Bayer Uerdingen Cricket Ground,Krefeld,,Norway,Jersey,Jersey,,,,,,,,,,,,
1439893,2024-10-06,"Shrimant Madhavrao Scindia Cricket Stadium, Gwalior",Gwalior,,Bangladesh,India,India,Bangladesh,India,76,125,80,67,Abhishek Sharma,16.0,Arshdeep Singh,23.0,49.0,
1439894,2024-10-09,"Arun Jaitley Stadium, Delhi",Delhi,,India,Bangladesh,India,Bangladesh,India,83,165,79,99,Parvez Hossain Emon,16.0,Rishad Hossain,25.0,82.0,
1439895,2024-10-12,"Rajiv Gandhi International Stadium, Uppal, Hyderabad",Hyderabad,,India,Bangladesh,India,Bangladesh,India,136,271,110,114,Towhid Hridoy,63.0,Taskin Ahmed,27.0,135.0,
1439899,2025-01-22,"Eden Gardens, Kolkata",Kolkata,,England,India,India,England,India,40,99,51,50,Abhishek Sharma,79.0,Ravi Bishnoi,26.0,59.0,
1439900,2025-01-25,"MA Chidambaram Stadium, Chepauk, Chennai",Chennai,,England,India,India,England,India,89,138,63,97,Tilak Varma,72.0,Arshdeep Singh,25.0,49.0,
1439901,2025-01-28,"Saurashtra Cricket Association Stadium, Rajkot",Rajkot,,England,India,England,England,India,65,60,42,52,Abhishek Sharma,24.0,Ravi Bishnoi,25.0,5.0,
1439902,2025-01-31,"Maharashtra Cricket Association Stadium, Pune",Pune,,India,England,India,England,India,96,30,71,21,Abhishek Sharma,29.0,Harshit Rana,24.0,,
1439903,2025-02-02,"Wankhede Stadium, Mumbai",Mumbai,,India,England,India,England,India,12,165,18,73,Abhishek Sharma,135.0,Abhishek Sharma,7.0,153.0,
1440129,2024-06-22,"King George V Sports Ground, Castel",Castel,,Guernsey,Jersey,Jersey,,,,,,,,,,,,
1440130,2024-06-22,"King George V Sports Ground, Castel",Castel,,Guernsey,Jersey,Jersey,,,,,,,,,,,,
1440131,2024-06-23,"Guernsey Rovers Athletic Club Ground, Port Soif",Port  Soif,,Jersey,Guernsey,Guernsey,,,,,,,,,,,,
1440463,2024-09-04,"Grange Cricket Club Ground, Raeburn Place, Edinburgh",Edinburgh,,Scotland,Australia,Australia,,,,,,,,,,,,
1440464,2024-09-06,"Grange Cricket Club Ground, Raeburn Place, Edinburgh",Edinburgh,,Australia,Scotland,Australia,,,,,,,,,,,,
1440465,2024-09-07,"Grange Cricket Club Ground, Raeburn Place, Edinburgh",Edinburgh,,Scotland,Australia,Australia,,,,,,,,,,,,
1441133,2024-06-28,"Sikh Union Club Ground, Nairobi",Nairobi,,Malawi,Rwanda,Malawi,,,,,,,,,,,,
1441135,2024-06-29,"Sikh Union Club Ground, Nairobi",Nairobi,,Rwanda,Kenya,Kenya,,,,,,,,,,,,
1441136,2024-07-01,"Sikh Union Club Ground, Nairobi",Nairobi,,Malawi,Kenya,Kenya,,,,,,,,,,,,
1441140,2024-07-03,"Sikh Union Club Ground, Nairobi",Nairobi,,Rwanda,Kenya,Kenya,,,,,,,,,,,,
1441145,2024-07-05,"Sikh Union Club Ground, Nairobi",Nairobi,,Kenya,Rwanda,Kenya,,,,,,,,,,,,
1442735,2024-07-12,"Sikh Union Club Ground, Nairobi",Nairobi,,Kenya,Nigeria,Kenya,,,,,,,,,,,,
1442736,2024-07-13,"Sikh Union Club Ground, Nairobi",Nairobi,,Nigeria,Kenya,Kenya,,,,,,,,,,,,
1442737,2024-07-15,"Sikh Union Club Ground, Nairobi",Nairobi,,Kenya,Nigeria,Nigeria,,,,,,,,,,,,
1442738,2024-07-16,"Sikh Union Club Ground, Nairobi",Nairobi,,Nigeria,Kenya,Nigeria,,,,,,,,,,,,
1442739,2024-07-17,"Sikh Union Club Ground, Nairobi",Nairobi,,Nigeria,Kenya,Kenya,,,,,,,,,,,,
1442987,2024-07-27,Pallekele International Cricket Stadium,Kandy,,India,Sri Lanka,India,India,Sri Lanka,35,84,17,61,Shubman Gill,34.0,Ravi Bishnoi,24.0,,
1442988,2024-07-28,Pallekele International Cricket Stadium,Kandy,,Sri Lanka,India,India,Sri Lanka,,77,,62,,,,Ravi Bishnoi,24.0,,
1442989,2024-07-30,Pallekele International Cricket Stadium,Kandy,,India,Sri Lanka,,India,Sri Lanka,76,75,66,72,Shubman Gill,39.0,Washington Sundar,28.0,,
1443543,2024-12-28,"Bay Oval, Mount Maunganui",Mount Maunganui,,New Zealand,Sri Lanka,New Zealand,,,,,,,,,,,,
1443544,2024-12-30,"Bay Oval, Mount Maunganui",Mount Maunganui,,New Zealand,Sri Lanka,New Zealand,,,,,,,,,,,,
1443545,2025-01-02,"Saxton Oval, Nelson",Nelson,,Sri Lanka,New Zealand,Sri Lanka,,,,,,,,,,,,
1443549,2025-03-16,"Hagley Oval, Christchurch",Christchurch,,Pakistan,New Zealand,New Zealand,New Zealand,Pakistan,92,91,61,114,Khushdil Shah,32.0,Mohammad Ali,18.0,1.0,
1443550,2025-03-18,"University Oval, Dunedin",Dunedin,,Pakistan,New Zealand,New Zealand,New Zealand,Pakistan,137,135,84,89,Agha Salman,46.0,Haris Rauf,19.0,2.0,
1443551,2025-03-21,"Eden Park, Auckland",Auckland,,New Zealand,Pakistan,Pakistan,New Zealand,Pakistan,204,97,123,51,Agha Salman,51.0,Shaheen Shah Afridi,26.0,,
1443552,2025-03-23,"Bay Oval, Mount Maunganui",Mount Maunganui,,New Zealand,Pakistan,New Zealand,New Zealand,Pakistan,220,100,128,100,Abdul Samad,44.0,Shadab Khan,26.0,120.0,
1443553,2025-03-26,"Sky Stadium, Wellington",Wellington,,Pakistan,New Zealand,New Zealand,New Zealand,Pakistan,131,127,62,123,Agha Salman,51.0,Jahandad Khan,14.0,4.0,
1443766,2024-08-21,"King George V Sports Ground, Castel",Castel,,Spain,Cyprus,Spain,,,,,,,,,,,,
1443767,2024-08-21,"Guernsey Rovers Athletic Club Ground, Port Soif",Port  Soif,,Bulgaria,Guernsey,Guernsey,,,,,,,,,,,,
1443768,2024-08-21,"King George V Sports Ground, Castel",Castel,,Denmark,Czech Republic,Denmark,,,,,,,,,,,,
1443769,2024-08-21,"Guernsey Rovers Athletic Club Ground, Port Soif",Port  Soif,,Malta,Finland,Finland,,,,,,,,,,,,
1443770,2024-08-22,"King George V Sports Ground, Castel",Castel,,Finland,Estonia,Estonia,,,,,,,,,,,,
1443771,2024-08-22,"Guernsey Rovers Athletic Club Ground, Port Soif",Port  Soif,,Denmark,Greece,Denmark,,,,,,,,,,,,
1443772,2024-08-22,"King George V Sports Ground, Castel",Castel,,Malta,Guernsey,Guernsey,,,,,,,,,,,,
1443773,2024-08-22,"Guernsey Rovers Athletic Club Ground, Port Soif",Port  Soif,,Spain,Czech Republic,Spain,,,,,,,,,,,,
1443775,2024-08-24,"Guernsey Rovers Athletic Club Ground, Port Soif",Port  Soif,,Finland,Guernsey,Finland,,,,,,,,,,,,
1443776,2024-08-24,"King George V Sports Ground, Castel",Castel,,Greece,Cyprus,Cyprus,,,,,,,,,,,,
1443777,2024-08-24,"Guernsey Rovers Athletic Club Ground, Port Soif",Port  Soif,,Bulgaria,Estonia,Estonia,,,,,,,,,,,,
1443778,2024-08-25,"King George V Sports Ground, Castel",Castel,,Malta,Bulgaria,Malta,,,,,,,,,,,,
1443779,2024-08-25,"Guernsey Rovers Athletic Club Ground, Port Soif",Port  Soif,,Cyprus,Czech Republic,Czech Republic,,,,,,,,,,,,
1443780,2024-08-25,"King George V Sports Ground, Castel",Castel,,Estonia,Guernsey,Guernsey,,,,,,,,,,,,
1443781,2024-08-25,"Guernsey Rovers Athletic Club Ground, Port Soif",Port  Soif,,Greece,Spain,Spain,,,,,,,,,,,,
1443782,2024-08-27,"King George V Sports Ground, Castel",Castel,,Denmark,Cyprus,Denmark,,,,,,,,,,,,
1443783,2024-08-27,"Guernsey Rovers Athletic Club Ground, Port Soif",Port  Soif,,Finland,Bulgaria,Finland,,,,,,,,,,,,
1443784,2024-08-27,"King George V Sports Ground, Castel",Castel,,Czech Republic,Greece,Czech Republic,,,,,,,,,,,,
1443785,2024-08-27,"Guernsey Rovers Athletic Club Ground, Port Soif",Port  Soif,,Malta,Estonia,Estonia,,,,,,,,,,,,
1443786,2024-08-28,"King George V Sports Ground, Castel",Castel,,Spain,Finland,Spain,,,,,,,,,,,,
1443787,2024-08-28,"Guernsey Rovers Athletic Club Ground, Port Soif",Port  Soif,,Cyprus,Malta,Cyprus,,,,,,,,,,,,
1443788,2024-08-28,"Guernsey Rovers Athletic Club Ground, Port Soif",Port  Soif,,Czech Republic,Estonia,Estonia,,,,,,,,,,,,
1443789,2024-08-28,"King George V Sports Ground, Castel",Castel,,Denmark,Guernsey,Guernsey,,,,,,,,,,,,
1444652,2024-12-01,"Queens Sports Club, Bulawayo",Bulawayo,,Pakistan,Zimbabwe,Pakistan,Pakistan,Zimbabwe,165,108,122,95,Sikandar Raza,39.0,Sufiyan Muqeem,25.0,57.0,
1444653,2024-12-03,"Queens Sports Club, Bulawayo",Bulawayo,,Zimbabwe,Pakistan,Pakistan,Pakistan,Zimbabwe,61,57,34,76,Saim Ayub,36.0,Abrar Ahmed,18.0,4.0,
1444654,2024-12-05,"Queens Sports Club, Bulawayo",Bulawayo,,Pakistan,Zimbabwe,Zimbabwe,Pakistan,Zimbabwe,132,133,124,123,Agha Salman,32.0,Abbas Afridi,26.0,1.0,
1444947,2024-08-02,"Mladost Cricket Ground, Zagreb",Zagreb,,Croatia,Spain,Spain,,,,,,,,,,,,
1444948,2024-08-03,"Mladost Cricket Ground, Zagreb",Zagreb,,Croatia,Spain,Spain,,,,,,,,,,,,
1444949,2024-08-03,"Mladost Cricket Ground, Zagreb",Zagreb,,Croatia,Spain,Spain,,,,,,,,,,,,
1444950,2024-08-04,"Mladost Cricket Ground, Zagreb",Zagreb,,Spain,Croatia,Spain,,,,,,,,,,,,
1444951,2024-08-04,"Mladost Cricket Ground, Zagreb",Zagreb,,Spain,Croatia,Spain,,,,,,,,,,,,
1444952,2024-08-17,"Faleata Oval No 2, Apia",Apia,,Vanuatu,Cook Islands,Cook Islands,,,,,,,,,,,,
1444953,2024-08-17,"Faleata Oval No 2, Apia",Apia,,Fiji,Samoa,Samoa,,,,,,,,,,,,
1444954,2024-08-19,"Faleata Oval No 2, Apia",Apia,,Samoa,Cook Islands,Cook Islands,,,,,,,,,,,,
1444955,2024-08-19,"Faleata Oval No 2, Apia",Apia,,Vanuatu,Fiji,Vanuatu,,,,,,,,,,,,
1444956,2024-08-20,"Faleata Oval No 2, Apia",Apia,,Samoa,Vanuatu,Samoa,,,,,,,,,,,,
1444957,2024-08-20,"Faleata Oval No 2, Apia",Apia,,Fiji,Cook Islands,Fiji,,,,,,,,,,,,
1444958,2024-08-21,"Faleata Oval No 2, Apia",Apia,,Samoa,Fiji,Samoa,,,,,,,,,,,,
1444959,2024-08-21,"Faleata Oval No 2, Apia",Apia,,Vanuatu,Cook Islands,Cook Islands,,,,,,,,,,,,
1444960,2024-08-23,"Faleata Oval No 2, Apia",Apia,,Vanuatu,Fiji,Fiji,,,,,,,,,,,,
1444961,2024-08-23,"Faleata Oval No 2, Apia",Apia,,Samoa,Cook Islands,Cook Islands,,,,,,,,,,,,
1444962,2024-08-24,"Faleata Oval No 2, Apia",Apia,,Fiji,Cook Islands,Fiji,,,,,,,,,,,,
1444963,2024-08-24,"Faleata Oval No 2, Apia",Apia,,Samoa,Vanuatu,Samoa,,,,,,,,,,,,
1446761,2024-08-23,"Sportpark Maarschalkerweerd, Utrecht",Utrecht,,Canada,Netherlands,Netherlands,Canada,Netherlands,41,100,20,63,Vikramjit Singh,52.0,Saad Bin Zafar,24.0,59.0,
1446762,2024-08-24,"Sportpark Maarschalkerweerd, Utrecht",Utrecht,,Canada,United States of America,,Canada,,34,,28,,Ravinderpal Singh,2.0,Harmeet Singh,26.0,,
1446763,2024-08-25,"Sportpark Maarschalkerweerd, Utrecht",Utrecht,,Netherlands,United States of America,Netherlands,Netherlands,United States of America,19,82,28,59,Shayan Jahangir,37.0,Harmeet Singh,24.0,,
1446764,2024-08-26,"Sportpark Maarschalkerweerd, Utrecht",Utrecht,,Canada,Netherlands,Canada,Canada,Netherlands,59,58,53,64,Saad Bin Zafar,33.0,Saad Bin Zafar,25.0,1.0,
1446765,2024-08-27,"Sportpark Westvliet, The Hague",The Hague,,United States of America,Canada,United States of America,Canada,United States of America,31,92,39,70,Harmeet Singh,24.0,Harmeet Singh,24.0,61.0,
1446766,2024-08-28,"Sportpark Westvliet, The Hague",The Hague,,Netherlands,United States of America,Netherlands,Netherlands,United States of America,35,23,41,30,Vikramjit Singh,14.0,Harmeet Singh,24.0,12.0,
1446771,2024-08-21,"Selangor Turf Club, Kuala Lumpur",Kuala Lumpur,,Hong Kong,Kuwait,Kuwait,,,,,,,,,,,,
1446772,2024-08-22,"Selangor Turf Club, Kuala Lumpur",Kuala Lumpur,,Kuwait,Malaysia,Malaysia,,,,,,,,,,,,
1446773,2024-08-23,"Selangor Turf Club, Kuala Lumpur",Kuala Lumpur,,Malaysia,Hong Kong,Hong Kong,,,,,,,,,,,,
1446774,2024-08-24,"Selangor Turf Club, Kuala Lumpur",Kuala Lumpur,,Hong Kong,Kuwait,Kuwait,,,,,,,,,,,,
1446775,2024-08-25,"Selangor Turf Club, Kuala Lumpur",Kuala Lumpur,,Kuwait,Malaysia,Kuwait,,,,,,,,,,,,
1446776,2024-08-26,"Selangor Turf Club, Kuala Lumpur",Kuala Lumpur,,Hong Kong,Malaysia,Hong Kong,,,,,,,,,,,,
1446777,2024-08-27,"Selangor Turf Club, Kuala Lumpur",Kuala Lumpur,,Hong Kong,Kuwait,Kuwait,,,,,,,,,,,,
1447477,2024-08-30,"Bayuemas Oval, Kuala Lumpur",Kuala Lumpur,,Malaysia,Maldives,Malaysia,,,,,,,,,,,,
1447478,2024-08-30,"YSD-UKM Cricket Oval, Bangi",Bangi,,Myanmar,Hong Kong,Hong Kong,,,,,,,,,,,,
1447479,2024-08-30,"Bayuemas Oval, Kuala Lumpur",Kuala Lumpur,,Kuwait,Mongolia,Kuwait,,,,,,,,,,,,
1447480,2024-08-31,"Bayuemas Oval, Kuala Lumpur",Kuala Lumpur,,Singapore,Maldives,Singapore,,,,,,,,,,,,
1447481,2024-08-31,"YSD-UKM Cricket Oval, Bangi",Bangi,,Myanmar,Malaysia,Malaysia,,,,,,,,,,,,
1447482,2024-08-31,"Bayuemas Oval, Kuala Lumpur",Kuala Lumpur,,Mongolia,Hong Kong,Hong Kong,,,,,,,,,,,,
1447483,2024-09-02,"Bayuemas Oval, Kuala Lumpur",Kuala Lumpur,,Hong Kong,Singapore,Hong Kong,,,,,,,,,,,,
1447484,2024-09-02,"YSD-UKM Cricket Oval, Bangi",Bangi,,Kuwait,Maldives,Kuwait,,,,,,,,,,,,
1447485,2024-09-02,"YSD-UKM Cricket Oval, Bangi",Bangi,,Myanmar,Mongolia,Myanmar,,,,,,,,,,,,
1447486,2024-09-03,"YSD-UKM Cricket Oval, Bangi",Bangi,,Maldives,Hong Kong,Hong Kong,,,,,,,,,,,,
1447487,2024-09-03,"Bayuemas Oval, Kuala Lumpur",Kuala Lumpur,,Myanmar,Kuwait,Kuwait,,,,,,,,,,,,
1447488,2024-09-03,"YSD-UKM Cricket Oval, Bangi",Bangi,,Malaysia,Singapore,Malaysia,,,,,,,,,,,,
1447489,2024-09-05,"Bayuemas Oval, Kuala Lumpur",Kuala Lumpur,,Malaysia,Kuwait,Kuwait,,,,,,,,,,,,
1447490,2024-09-05,"YSD-UKM Cricket Oval, Bangi",Bangi,,Mongolia,Singapore,Singapore,,,,,,,,,,,,
1447491,2024-09-05,"Bayuemas Oval, Kuala Lumpur",Kuala Lumpur,,Myanmar,Maldives,Maldives,,,,,,,,,,,,
1447492,2024-09-06,"Bayuemas Oval, Kuala Lumpur",Kuala Lumpur,,Maldives,Mongolia,Maldives,,,,,,,,,,,,
1447493,2024-09-06,"YSD-UKM Cricket Oval, Bangi",Bangi,,Kuwait,Singapore,Singapore,,,,,,,,,,,,
1447494,2024-09-07,"Bayuemas Oval, Kuala Lumpur",Kuala Lumpur,,Malaysia,Hong Kong,Malaysia,,,,,,,,,,,,
1447495,2024-09-09,"Bayuemas Oval, Kuala Lumpur",Kuala Lumpur,,Myanmar,Singapore,Singapore,,,,,,,,,,,,
1447496,2024-09-09,"YSD-UKM Cricket Oval, Bangi",Bangi,,Mongolia,Malaysia,Malaysia,,,,,,,,,,,,
1447497,2024-09-09,"YSD-UKM Cricket Oval, Bangi",Bangi,,Hong Kong,Kuwait,,,,,,,,,,,,,
1448346,2025-06-06,"Riverside Ground, Chester-le-Street",Chester-le-Street,,England,West Indies,England,,,,,,,,,,,,
1448347,2025-06-08,"County Ground, Bristol",Bristol,,West Indies,England,England,,,,,,,,,,,,
1448348,2025-06-10,"The Rose Bowl, Southampton",Southampton,,England,West Indies,England,,,,,,,,,,,,
1448357,2025-09-10,"Sophia Gardens, Cardiff",Cardiff,,South Africa,England,South Africa,,,,,,,,,,,,
1448358,2025-09-12,"Old Trafford, Manchester",Manchester,,England,South Africa,England,,,,,,,,,,,,
1448360,2025-09-17,"The Village, Malahide, Dublin",Dublin,,Ireland,England,England,England,Ireland,8,15,10,7,Rehan Ahmed,8.0,Rehan Ahmed,6.0,,
1448362,2025-09-21,"The Village, Malahide, Dublin",Dublin,,Ireland,England,England,England,Ireland,9,24,7,19,Rehan Ahmed,9.0,Rehan Ahmed,19.0,,
1449301,2024-11-08,"Kingsmead, Durban",Durban,,India,South Africa,India,India,South Africa,47,81,33,64,Tilak Varma,33.0,Ravi Bishnoi,24.0,,
1449302,2024-11-10,"St George's Park, Gqeberha",Gqeberha,,India,South Africa,South Africa,India,South Africa,34,87,34,67,Tilak Varma,20.0,Ravi Bishnoi,25.0,53.0,
1449303,2024-11-13,"SuperSport Park, Centurion",Centurion,,India,South Africa,India,India,South Africa,187,75,93,49,Tilak Varma,107.0,Arshdeep Singh,24.0,112.0,
1449304,2024-11-15,"The Wanderers Stadium, Johannesburg",Johannesburg,,India,South Africa,India,India,South Africa,170,91,73,63,Tilak Varma,120.0,Ramandeep Singh,23.0,79.0,
1450751,2024-09-21,"Gymkhana Club Ground, Dar-es-Salaam",Dar-es-Salaam,,Malawi,Lesotho,Malawi,,,,,,,,,,,,
1450752,2024-09-21,"Gymkhana Club Ground, Dar-es-Salaam",Dar-es-Salaam,,Cameroon,Ghana,Ghana,,,,,,,,,,,,
1450753,2024-09-21,University of Dar-es-Salaam Ground,Dar-es-Salaam,,Mali,Tanzania,Tanzania,,,,,,,,,,,,
1450754,2024-09-22,"Gymkhana Club Ground, Dar-es-Salaam",Dar-es-Salaam,,Mali,Cameroon,Cameroon,,,,,,,,,,,,
1450755,2024-09-22,University of Dar-es-Salaam Ground,Dar-es-Salaam,,Malawi,Ghana,Malawi,,,,,,,,,,,,
1450757,2024-09-24,University of Dar-es-Salaam Ground,Dar-es-Salaam,,Ghana,Lesotho,Ghana,,,,,,,,,,,,
1450758,2024-09-24,"Gymkhana Club Ground, Dar-es-Salaam",Dar-es-Salaam,,Cameroon,Tanzania,Tanzania,,,,,,,,,,,,
1450759,2024-09-24,University of Dar-es-Salaam Ground,Dar-es-Salaam,,Mali,Malawi,Malawi,,,,,,,,,,,,
1450760,2024-09-25,University of Dar-es-Salaam Ground,Dar-es-Salaam,,Ghana,Tanzania,Tanzania,,,,,,,,,,,,
1450761,2024-09-25,"Gymkhana Club Ground, Dar-es-Salaam",Dar-es-Salaam,,Lesotho,Mali,Lesotho,,,,,,,,,,,,
1450762,2024-09-25,University of Dar-es-Salaam Ground,Dar-es-Salaam,,Cameroon,Malawi,Malawi,,,,,,,,,,,,
1450763,2024-09-26,"Gymkhana Club Ground, Dar-es-Salaam",Dar-es-Salaam,,Mali,Ghana,Ghana,,,,,,,,,,,,
1450764,2024-09-26,University of Dar-es-Salaam Ground,Dar-es-Salaam,,Lesotho,Cameroon,Cameroon,,,,,,,,,,,,
1450765,2024-09-26,"Gymkhana Club Ground, Dar-es-Salaam",Dar-es-Salaam,,Tanzania,Malawi,Tanzania,,,,,,,,,,,,
1450766,2024-09-25,"Yeonhui Cricket Ground, Incheon",Incheon,,Japan,Indonesia,Japan,,,,,,,,,,,,
1450767,2024-09-26,"Yeonhui Cricket Ground, Incheon",Incheon,,Japan,Philippines,Japan,,,,,,,,,,,,
1450768,2024-09-28,"Yeonhui Cricket Ground, Incheon",Incheon,,Philippines,Japan,Japan,,,,,,,,,,,,
1450769,2024-09-28,"Yeonhui Cricket Ground, Incheon",Incheon,,South Korea,Indonesia,Indonesia,,,,,,,,,,,,
1450770,2024-09-29,"Yeonhui Cricket Ground, Incheon",Incheon,,Philippines,Indonesia,Philippines,,,,,,,,,,,,
1450771,2024-09-29,"Yeonhui Cricket Ground, Incheon",Incheon,,South Korea,Japan,Japan,,,,,,,,,,,,
1450772,2024-10-01,"Yeonhui Cricket Ground, Incheon",Incheon,,Japan,Indonesia,Japan,,,,,,,,,,,,
1450773,2024-10-01,"Yeonhui Cricket Ground, Incheon",Incheon,,Philippines,South Korea,Philippines,,,,,,,,,,,,
1450774,2024-10-02,"Yeonhui Cricket Ground, Incheon",Incheon,,Japan,Philippines,Japan,,,,,,,,,,,,
1450775,2024-10-02,"Yeonhui Cricket Ground, Incheon",Incheon,,Indonesia,South Korea,Indonesia,,,,,,,,,,,,
1450776,2024-10-04,"Yeonhui Cricket Ground, Incheon",Incheon,,Indonesia,Philippines,Indonesia,,,,,,,,,,,,
1450777,2024-10-04,"Yeonhui Cricket Ground, Incheon",Incheon,,Japan,South Korea,Japan,,,,,,,,,,,,
1450778,2024-10-05,"Yeonhui Cricket Ground, Incheon",Incheon,,Philippines,South Korea,Philippines,,,,,,,,,,,,
1450779,2024-10-05,"Yeonhui Cricket Ground, Incheon",Incheon,,Japan,Indonesia,Japan,,,,,,,,,,,,
1450817,2024-09-29,"Wanderers Cricket Ground, Windhoek",Windhoek,,United Arab Emirates,Namibia,United Arab Emirates,Namibia,United Arab Emirates,100,0,51,2,JP Kotze,55.0,,,,
1450818,2024-09-30,"Wanderers Cricket Ground, Windhoek",Windhoek,,United States of America,United Arab Emirates,United States of America,United Arab Emirates,United States of America,21,26,25,18,Shayan Jahangir,19.0,Harmeet Singh,24.0,5.0,
1450819,2024-10-01,"Wanderers Cricket Ground, Windhoek",Windhoek,,United States of America,Namibia,United States of America,Namibia,United States of America,79,18,51,16,JJ Smit,25.0,Harmeet Singh,24.0,,
1450820,2024-10-02,"Wanderers Cricket Ground, Windhoek",Windhoek,,Namibia,United Arab Emirates,United Arab Emirates,Namibia,,29,,41,,JJ Smit,28.0,,,,
1450821,2024-10-04,"Wanderers Cricket Ground, Windhoek",Windhoek,,United Arab Emirates,United States of America,United Arab Emirates,United Arab Emirates,United States of America,55,90,39,56,Shayan Jahangir,61.0,Harmeet Singh,24.0,,
1450822,2024-10-05,"Wanderers Cricket Ground, Windhoek",Windhoek,,Namibia,United States of America,United States of America,Namibia,United States of America,54,50,62,40,JP Kotze,29.0,Milind Kumar,25.0,,
1450823,2024-09-28,"Maple Leaf North-West Ground, King City",King City,,Canada,Nepal,Canada,Canada,Nepal,75,58,66,68,Saad Bin Zafar,23.0,Kaleem Sana,25.0,17.0,
1450824,2024-09-29,"Maple Leaf North-West Ground, King City",King City,,Nepal,Oman,Nepal,Nepal,Oman,175,94,127,92,Shoaib Khan,45.0,Karan KC,26.0,81.0,
1450825,2024-09-30,"Maple Leaf North-West Ground, King City",King City,,Canada,Oman,Oman,Canada,Oman,95,103,116,91,Aqib Ilyas,53.0,Fayyaz Butt,26.0,8.0,
1450826,2024-10-01,"Maple Leaf North-West Ground, King City",King City,,Nepal,Canada,Canada,Canada,Nepal,87,81,71,79,Saad Bin Zafar,33.0,Sompal Kami,26.0,6.0,
1450827,2024-10-02,"Maple Leaf North-West Ground, King City",King City,,Nepal,Oman,Nepal,Nepal,Oman,139,79,118,84,Zeeshan Maqsood,35.0,Kaleemullah,26.0,60.0,
1450828,2024-10-03,"Maple Leaf North-West Ground, King City",King City,,Oman,Canada,Canada,Canada,Oman,74,72,81,104,Aqib Ilyas,35.0,Kaleem Sana,26.0,2.0,
1451814,2024-10-13,Rangiri Dambulla International Stadium,Dambulla,,Sri Lanka,West Indies,West Indies,,,,,,,,,,,,
1451815,2024-10-15,Rangiri Dambulla International Stadium,Dambulla,,Sri Lanka,West Indies,Sri Lanka,,,,,,,,,,,,
1451816,2024-10-17,Rangiri Dambulla International Stadium,Dambulla,,West Indies,Sri Lanka,Sri Lanka,,,,,,,,,,,,
1452624,2024-09-30,Europa Sports Complex,Gibraltar,,Serbia,Gibraltar,Gibraltar,,,,,,,,,,,,
1452625,2024-09-30,Europa Sports Complex,Gibraltar,,Serbia,Gibraltar,Gibraltar,,,,,,,,,,,,
1453518,2024-10-17,"Grand Prairie Stadium, Dallas",Dallas,,Nepal,United States of America,Nepal,Nepal,United States of America,82,109,72,93,Shayan Jahangir,60.0,Ali Khan,25.0,,
1453519,2024-10-19,"Grand Prairie Stadium, Dallas",Dallas,,Nepal,United States of America,,Nepal,United States of America,97,82,61,64,Milind Kumar,15.0,Sompal Kami,29.0,,
1453520,2024-10-20,"Grand Prairie Stadium, Dallas",Dallas,,United States of America,Nepal,Nepal,Nepal,United States of America,107,90,83,73,Aasif Sheikh,50.0,Harmeet Singh,25.0,17.0,
1453903,2024-10-12,Sao Fernando Polo and Cricket Club,Seropedica,,Brazil,Mexico,Brazil,,,,,,,,,,,,
1453909,2024-10-13,Sao Fernando Polo and Cricket Club,Seropedica,,Mexico,Argentina,Argentina,,,,,,,,,,,,
1453911,2024-10-19,Gelephu International Cricket Ground,Gelephu,,Thailand,Bhutan,Thailand,,,,,,,,,,,,
1453912,2024-10-19,Gelephu International Cricket Ground,Gelephu,,Indonesia,Maldives,Maldives,,,,,,,,,,,,
1453913,2024-10-20,Gelephu International Cricket Ground,Gelephu,,Maldives,Bhutan,Bhutan,,,,,,,,,,,,
1453914,2024-10-20,Gelephu International Cricket Ground,Gelephu,,Indonesia,Thailand,Thailand,,,,,,,,,,,,
1453915,2024-10-22,Gelephu International Cricket Ground,Gelephu,,Thailand,Maldives,Thailand,,,,,,,,,,,,
1453916,2024-10-22,Gelephu International Cricket Ground,Gelephu,,Bhutan,Indonesia,Bhutan,,,,,,,,,,,,
1453917,2024-10-23,Gelephu International Cricket Ground,Gelephu,,Thailand,Indonesia,Thailand,,,,,,,,,,,,
1453918,2024-10-23,Gelephu International Cricket Ground,Gelephu,,Bhutan,Maldives,Maldives,,,,,,,,,,,,
1453919,2024-10-24,Gelephu International Cricket Ground,Gelephu,,Indonesia,Bhutan,Bhutan,,,,,,,,,,,,
1453922,2024-10-19,"Gymkhana Club Ground, Nairobi",Nairobi,,Zimbabwe,Seychelles,Zimbabwe,Seychelles,Zimbabwe,14,37,19,13,Sikandar Raza,36.0,Sikandar Raza,19.0,23.0,
1453923,2024-10-19,"Ruaraka Sports Club Ground, Nairobi",Nairobi,,Kenya,Mozambique,Kenya,,,,,,,,,,,,
1453924,2024-10-24,"Ruaraka Sports Club Ground, Nairobi",Nairobi,,Rwanda,Seychelles,Rwanda,,,,,,,,,,,,
1453925,2024-10-24,"Gymkhana Club Ground, Nairobi",Nairobi,,Zimbabwe,Kenya,Zimbabwe,Kenya,Zimbabwe,17,28,26,28,Sikandar Raza,27.0,Sikandar Raza,24.0,11.0,
1453926,2024-10-24,"Ruaraka Sports Club Ground, Nairobi",Nairobi,,Gambia,Mozambique,Mozambique,,,,,,,,,,,,
1453927,2024-10-20,"Gymkhana Club Ground, Nairobi",Nairobi,,Mozambique,Zimbabwe,Zimbabwe,Mozambique,,12,,19,,,,Sikandar Raza,19.0,,
1453929,2024-10-20,"Gymkhana Club Ground, Nairobi",Nairobi,,Rwanda,Kenya,Kenya,,,,,,,,,,,,
1453930,2024-10-23,"Ruaraka Sports Club Ground, Nairobi",Nairobi,,Seychelles,Kenya,Kenya,,,,,,,,,,,,
1453931,2024-10-23,"Gymkhana Club Ground, Nairobi",Nairobi,,Rwanda,Mozambique,Mozambique,,,,,,,,,,,,
1453932,2024-10-23,"Ruaraka Sports Club Ground, Nairobi",Nairobi,,Zimbabwe,Gambia,Zimbabwe,Zimbabwe,,136,,44,,Sikandar Raza,133.0,,,,
1453933,2024-10-22,"Gymkhana Club Ground, Nairobi",Nairobi,,Mozambique,Seychelles,Mozambique,,,,,,,,,,,,
1453934,2024-10-22,"Gymkhana Club Ground, Nairobi",Nairobi,,Kenya,Gambia,Kenya,,,,,,,,,,,,
1453935,2024-10-22,"Ruaraka Sports Club Ground, Nairobi",Nairobi,,Zimbabwe,Rwanda,Zimbabwe,Rwanda,Zimbabwe,21,3,24,5,Sikandar Raza,3.0,Sikandar Raza,24.0,,
1454384,2024-10-09,"TCA Oval, Blantyre",Blantyre,,Malawi,Rwanda,Rwanda,,,,,,,,,,,,
1454385,2024-10-10,"TCA Oval, Blantyre",Blantyre,,Malawi,Rwanda,Rwanda,,,,,,,,,,,,
1454388,2024-10-13,"TCA Oval, Blantyre",Blantyre,,Malawi,Rwanda,Rwanda,,,,,,,,,,,,
1454819,2024-11-13,Al Amerat Cricket Ground Oman Cricket (Ministry Turf 1),Al Amarat,,Netherlands,Oman,Oman,Netherlands,Oman,32,0,30,1,Vikramjit Singh,6.0,Shakeel Ahmed,25.0,,
1454820,2024-11-14,Al Amerat Cricket Ground Oman Cricket (Ministry Turf 1),Al Amarat,,Netherlands,Oman,Netherlands,Netherlands,Oman,31,41,28,38,Shakeel Ahmed,30.0,Shakeel Ahmed,19.0,,
1454821,2024-11-16,Al Amerat Cricket Ground Oman Cricket (Ministry Turf 1),Al Amarat,,Netherlands,Oman,Netherlands,Netherlands,Oman,62,49,51,44,Shakeel Ahmed,45.0,Shakeel Ahmed,26.0,13.0,
1456013,2024-10-18,"Sikh Union Club Ground, Nairobi",Nairobi,,Kenya,Seychelles,Kenya,,,,,,,,,,,,
1456441,2024-11-09,Rangiri Dambulla International Stadium,Dambulla,,New Zealand,Sri Lanka,Sri Lanka,,,,,,,,,,,,
1456442,2024-11-10,Rangiri Dambulla International Stadium,Dambulla,,New Zealand,Sri Lanka,New Zealand,,,,,,,,,,,,
1456867,2024-11-12,Udayana Cricket Ground,Bali,,Indonesia,Myanmar,Indonesia,,,,,,,,,,,,
1456868,2024-11-13,Udayana Cricket Ground,Bali,,Myanmar,Indonesia,Indonesia,,,,,,,,,,,,
1456869,2024-11-15,Udayana Cricket Ground,Bali,,Myanmar,Indonesia,Indonesia,,,,,,,,,,,,
1456870,2024-11-16,Udayana Cricket Ground,Bali,,Myanmar,Indonesia,Indonesia,,,,,,,,,,,,
1456871,2024-11-17,Udayana Cricket Ground,Bali,,Indonesia,Myanmar,Indonesia,,,,,,,,,,,,
1456872,2024-11-19,Udayana Cricket Ground,Bali,,Myanmar,Indonesia,Indonesia,,,,,,,,,,,,
1457217,2024-11-19,"West End Park International Cricket Stadium, Doha",Doha,,Thailand,Qatar,Qatar,,,,,,,,,,,,
1457218,2024-11-19,University of Doha for Science and Technology,Doha,,United Arab Emirates,Bhutan,United Arab Emirates,,,,,,,,,,,,
1457219,2024-11-19,"West End Park International Cricket Stadium, Doha",Doha,,Bahrain,Saudi Arabia,Bahrain,,,,,,,,,,,,
1457220,2024-11-20,"West End Park International Cricket Stadium, Doha",Doha,,Thailand,Cambodia,Thailand,,,,,,,,,,,,
1457221,2024-11-20,University of Doha for Science and Technology,Doha,,Bhutan,Qatar,Qatar,,,,,,,,,,,,
1457222,2024-11-20,"West End Park International Cricket Stadium, Doha",Doha,,United Arab Emirates,Saudi Arabia,United Arab Emirates,,,,,,,,,,,,
1457223,2024-11-22,"West End Park International Cricket Stadium, Doha",Doha,,Cambodia,United Arab Emirates,United Arab Emirates,,,,,,,,,,,,
1457224,2024-11-22,University of Doha for Science and Technology,Doha,,Bahrain,Thailand,Thailand,,,,,,,,,,,,
1457225,2024-11-22,University of Doha for Science and Technology,Doha,,Saudi Arabia,Bhutan,Saudi Arabia,,,,,,,,,,,,
1457226,2024-11-23,"West End Park International Cricket Stadium, Doha",Doha,,Bahrain,Bhutan,Bahrain,,,,,,,,,,,,
1457227,2024-11-23,University of Doha for Science and Technology,Doha,,United Arab Emirates,Thailand,United Arab Emirates,,,,,,,,,,,,
1457228,2024-11-23,University of Doha for Science and Technology,Doha,,Qatar,Cambodia,Qatar,,,,,,,,,,,,
1457229,2024-11-25,"West End Park International Cricket Stadium, Doha",Doha,,Qatar,Bahrain,Qatar,,,,,,,,,,,,
1457230,2024-11-25,University of Doha for Science and Technology,Doha,,Cambodia,Saudi Arabia,Saudi Arabia,,,,,,,,,,,,
1457231,2024-11-25,"West End Park International Cricket Stadium, Doha",Doha,,Thailand,Bhutan,Thailand,,,,,,,,,,,,
1457232,2024-11-26,"West End Park International Cricket Stadium, Doha",Doha,,Thailand,Saudi Arabia,Saudi Arabia,,,,,,,,,,,,
1457233,2024-11-26,University of Doha for Science and Technology,Doha,,Bahrain,Cambodia,Bahrain,,,,,,,,,,,,
1457234,2024-11-26,"West End Park International Cricket Stadium, Doha",Doha,,United Arab Emirates,Qatar,United Arab Emirates,,,,,,,,,,,,
1457235,2024-11-28,"West End Park International Cricket Stadium, Doha",Doha,,Bhutan,Cambodia,Cambodia,,,,,,,,,,,,
1457236,2024-11-28,University of Doha for Science and Technology,Doha,,Saudi Arabia,Qatar,Qatar,,,,,,,,,,,,
1457350,2024-10-28,Jinja Cricket Ground,Jinja,,Bahrain,Uganda,Bahrain,Uganda,,3,,5,,Riazat Ali Shah,3.0,,,,
1457351,2024-10-29,Jinja Cricket Ground,Jinja,,Bahrain,Uganda,Uganda,,,,,,,,,,,,
1459278,2024-11-28,University of Doha for Science and Technology,Doha,,Bahrain,United Arab Emirates,United Arab Emirates,,,,,,,,,,,,
1459374,2024-11-23,"Tafawa Balewa Square Cricket Oval, Lagos",Lagos,,Botswana,Eswatini,Botswana,,,,,,,,,,,,
1459375,2024-11-23,"Tafawa Balewa Square Cricket Oval, Lagos",Lagos,,Sierra Leone,Ivory Coast,Sierra Leone,,,,,,,,,,,,
1459376,2024-11-23,University of Lagos Cricket Oval,Lagos,,Nigeria,St Helena,Nigeria,,,,,,,,,,,,
1459377,2024-11-28,"Nigeria Cricket Federation Oval 1, Abuja",Abuja,,Ivory Coast,St Helena,St Helena,,,,,,,,,,,,
1459378,2024-11-28,"Nigeria Cricket Federation Oval 2, Abuja",Abuja,,Sierra Leone,Eswatini,Sierra Leone,,,,,,,,,,,,
1459379,2024-11-28,"Nigeria Cricket Federation Oval 2, Abuja",Abuja,,Nigeria,Botswana,Nigeria,,,,,,,,,,,,
1459380,2024-11-26,"Nigeria Cricket Federation Oval 1, Abuja",Abuja,,St Helena,Sierra Leone,Sierra Leone,,,,,,,,,,,,
1459381,2024-11-26,"Nigeria Cricket Federation Oval 1, Abuja",Abuja,,Eswatini,Nigeria,Nigeria,,,,,,,,,,,,
1459382,2024-11-26,"Nigeria Cricket Federation Oval 2, Abuja",Abuja,,Ivory Coast,Botswana,Botswana,,,,,,,,,,,,
1459383,2024-11-27,"Nigeria Cricket Federation Oval 2, Abuja",Abuja,,Nigeria,Sierra Leone,Nigeria,,,,,,,,,,,,
1459384,2024-11-27,"Nigeria Cricket Federation Oval 1, Abuja",Abuja,,St Helena,Botswana,Botswana,,,,,,,,,,,,
1459385,2024-11-27,"Nigeria Cricket Federation Oval 2, Abuja",Abuja,,Ivory Coast,Eswatini,Eswatini,,,,,,,,,,,,
1459386,2024-11-24,University of Lagos Cricket Oval,Lagos,,Sierra Leone,Botswana,Botswana,,,,,,,,,,,,
1459387,2024-11-24,"Tafawa Balewa Square Cricket Oval, Lagos",Lagos,,Nigeria,Ivory Coast,Nigeria,,,,,,,,,,,,
1459388,2024-11-24,University of Lagos Cricket Oval,Lagos,,Eswatini,St Helena,Eswatini,,,,,,,,,,,,
1462877,2024-12-06,"St Albans Club, Buenos Aires",Buenos Aires,,Panama,Suriname,Panama,,,,,,,,,,,,
1462878,2024-12-06,"St George's College Ground, Buenos Aires",Buenos Aires,,Bahamas,Brazil,Bahamas,,,,,,,,,,,,
1462880,2024-12-07,"Hurlingham Club Ground, Buenos Aires",Buenos Aires,,Mexico,Brazil,Mexico,,,,,,,,,,,,
1462881,2024-12-07,"St George's College Ground, Buenos Aires",Buenos Aires,,Argentina,Belize,Argentina,,,,,,,,,,,,
1462882,2024-12-07,"Hurlingham Club Ground, Buenos Aires",Buenos Aires,,Bermuda,Suriname,Bermuda,,,,,,,,,,,,
1462883,2024-12-07,"St George's College Ground, Buenos Aires",Buenos Aires,,Cayman Islands,Panama,Cayman Islands,,,,,,,,,,,,
1462884,2024-12-08,"St Albans Club, Buenos Aires",Buenos Aires,,Panama,Bermuda,Bermuda,,,,,,,,,,,,
1462885,2024-12-08,"Hurlingham Club Ground, Buenos Aires",Buenos Aires,,Bahamas,Argentina,Bahamas,,,,,,,,,,,,
1462886,2024-12-08,"St Albans Club, Buenos Aires",Buenos Aires,,Suriname,Brazil,Brazil,,,,,,,,,,,,
1462887,2024-12-08,"Hurlingham Club Ground, Buenos Aires",Buenos Aires,,Cayman Islands,Belize,Cayman Islands,,,,,,,,,,,,
1462888,2024-12-10,"Hurlingham Club Ground, Buenos Aires",Buenos Aires,,Cayman Islands,Suriname,Suriname,,,,,,,,,,,,
1462889,2024-12-10,"St Albans Club, Buenos Aires",Buenos Aires,,Bahamas,Belize,Bahamas,,,,,,,,,,,,
1462890,2024-12-10,"Hurlingham Club Ground, Buenos Aires",Buenos Aires,,Mexico,Bermuda,Bermuda,,,,,,,,,,,,
1462891,2024-12-10,"St Albans Club, Buenos Aires",Buenos Aires,,Panama,Argentina,Argentina,,,,,,,,,,,,
1462892,2024-12-11,"St George's College Ground, Buenos Aires",Buenos Aires,,Mexico,Cayman Islands,Cayman Islands,,,,,,,,,,,,
1462893,2024-12-11,"Hurlingham Club Ground, Buenos Aires",Buenos Aires,,Bahamas,Panama,Bahamas,,,,,,,,,,,,
1462894,2024-12-11,"St George's College Ground, Buenos Aires",Buenos Aires,,Bermuda,Brazil,Bermuda,,,,,,,,,,,,
1462895,2024-12-11,"Hurlingham Club Ground, Buenos Aires",Buenos Aires,,Suriname,Argentina,Argentina,,,,,,,,,,,,
1462896,2024-12-12,"Belgrano Athletic Club Ground, Buenos Aires",Buenos Aires,,Panama,Brazil,Brazil,,,,,,,,,,,,
1462897,2024-12-12,"St George's College Ground, Buenos Aires",Buenos Aires,,Suriname,Mexico,Mexico,,,,,,,,,,,,
1462898,2024-12-12,"Belgrano Athletic Club Ground, Buenos Aires",Buenos Aires,,Bahamas,Cayman Islands,Cayman Islands,,,,,,,,,,,,
1462899,2024-12-12,"St George's College Ground, Buenos Aires",Buenos Aires,,Bermuda,Belize,Bermuda,,,,,,,,,,,,
1462900,2024-12-14,"St Albans Club, Buenos Aires",Buenos Aires,,Cayman Islands,Brazil,Cayman Islands,,,,,,,,,,,,
1462901,2024-12-14,"Belgrano Athletic Club Ground, Buenos Aires",Buenos Aires,,Bahamas,Suriname,Bahamas,,,,,,,,,,,,
1462902,2024-12-14,"St Albans Club, Buenos Aires",Buenos Aires,,Panama,Belize,Belize,,,,,,,,,,,,
1462903,2024-12-14,"Belgrano Athletic Club Ground, Buenos Aires",Buenos Aires,,Argentina,Mexico,Argentina,,,,,,,,,,,,
1462904,2024-12-15,"Belgrano Athletic Club Ground, Buenos Aires",Buenos Aires,,Brazil,Belize,Belize,,,,,,,,,,,,
1462905,2024-12-15,"Hurlingham Club Ground, Buenos Aires",Buenos Aires,,Cayman Islands,Argentina,Cayman Islands,,,,,,,,,,,,
1462906,2024-12-15,"Belgrano Athletic Club Ground, Buenos Aires",Buenos Aires,,Bermuda,Bahamas,Bermuda,,,,,,,,,,,,
1462907,2024-12-15,"Hurlingham Club Ground, Buenos Aires",Buenos Aires,,Panama,Mexico,Panama,,,,,,,,,,,,
1462908,2024-12-16,"St Albans Club, Buenos Aires",Buenos Aires,,Bermuda,Cayman Islands,Bermuda,,,,,,,,,,,,
1462909,2024-12-16,"St George's College Ground, Buenos Aires",Buenos Aires,,Bahamas,Mexico,Bahamas,,,,,,,,,,,,
1462910,2024-12-16,"St Albans Club, Buenos Aires",Buenos Aires,,Belize,Suriname,Suriname,,,,,,,,,,,,
1462911,2024-12-16,"St George's College Ground, Buenos Aires",Buenos Aires,,Argentina,Brazil,Argentina,,,,,,,,,,,,
1462912,2024-12-04,"Gahanga International Cricket Stadium, Rwanda",Kigali City,,Uganda,Botswana,Uganda,Uganda,,12,,8,,Riazat Ali Shah,12.0,,,,
1462913,2024-12-13,"Gahanga International Cricket Stadium, Rwanda",Kigali City,,Nigeria,Rwanda,Nigeria,,,,,,,,,,,,
1462914,2024-12-08,"Gahanga International Cricket Stadium, Rwanda",Kigali City,,Rwanda,Botswana,Botswana,,,,,,,,,,,,
1462915,2024-12-06,"Gahanga International Cricket Stadium, Rwanda",Kigali City,,Nigeria,Uganda,Uganda,Uganda,,7,,5,,Riazat Ali Shah,7.0,,,,
1462916,2024-12-04,"Gahanga International Cricket Stadium, Rwanda",Kigali City,,Rwanda,Nigeria,Nigeria,,,,,,,,,,,,
1462917,2024-12-11,"Gahanga International Cricket Stadium, Rwanda",Kigali City,,Uganda,Nigeria,Uganda,Uganda,,0,,1,,Riazat Ali Shah,0.0,,,,
1462918,2024-12-11,"Gahanga International Cricket Stadium, Rwanda",Kigali City,,Rwanda,Botswana,Rwanda,,,,,,,,,,,,
1462919,2024-12-05,"Gahanga International Cricket Stadium, Rwanda",Kigali City,,Nigeria,Botswana,Nigeria,,,,,,,,,,,,
1462920,2024-12-12,"Gahanga International Cricket Stadium, Rwanda",Kigali City,,Botswana,Nigeria,Nigeria,,,,,,,,,,,,
1462921,2024-12-05,"Gahanga International Cricket Stadium, Rwanda",Kigali City,,Uganda,Rwanda,Uganda,Rwanda,Uganda,0,29,1,21,Riazat Ali Shah,27.0,,,29.0,
1462922,2024-12-09,"Gahanga International Cricket Stadium, Rwanda",Kigali City,,Nigeria,Rwanda,Rwanda,,,,,,,,,,,,
1462923,2024-12-12,"Gahanga International Cricket Stadium, Rwanda",Kigali City,,Uganda,Rwanda,Uganda,,,,,,,,,,,,
1462924,2024-12-06,"Gahanga International Cricket Stadium, Rwanda",Kigali City,,Botswana,Rwanda,Rwanda,,,,,,,,,,,,
1462925,2024-12-08,"Gahanga International Cricket Stadium, Rwanda",Kigali City,,Nigeria,Uganda,Uganda,Uganda,,19,,16,,Riazat Ali Shah,18.0,,,,
1462926,2024-12-02,"Hurlingham Club Ground, Buenos Aires",Buenos Aires,,Bermuda,Argentina,Bermuda,,,,,,,,,,,,
1462927,2024-12-07,"Gahanga International Cricket Stadium, Rwanda",Kigali City,,Nigeria,Botswana,Botswana,,,,,,,,,,,,
1462928,2024-12-09,"Gahanga International Cricket Stadium, Rwanda",Kigali City,,Uganda,Botswana,Uganda,Botswana,Uganda,19,36,12,15,Riazat Ali Shah,36.0,Riazat Ali Shah,12.0,17.0,
1462930,2024-12-13,"Gahanga International Cricket Stadium, Rwanda",Kigali City,,Uganda,Botswana,Uganda,Botswana,Uganda,15,47,16,42,Riazat Ali Shah,34.0,Riazat Ali Shah,14.0,32.0,
1462931,2024-12-07,"Gahanga International Cricket Stadium, Rwanda",Kigali City,,Uganda,Rwanda,Uganda,Rwanda,Uganda,0,45,1,33,Riazat Ali Shah,44.0,,,45.0,
1462932,2024-12-14,"Gahanga International Cricket Stadium, Rwanda",Kigali City,,Nigeria,Uganda,Uganda,Nigeria,Uganda,0,43,4,50,Riazat Ali Shah,42.0,,,43.0,
1463652,2024-12-13,"ICC Academy, Dubai",Dubai,,Bahrain,United Arab Emirates,United Arab Emirates,,,,,,,,,,,,
1463653,2024-12-13,"ICC Academy, Dubai",Dubai,,Saudi Arabia,Kuwait,Kuwait,,,,,,,,,,,,
1463654,2024-12-14,"ICC Academy, Dubai",Dubai,,Bahrain,Kuwait,Bahrain,,,,,,,,,,,,
1463655,2024-12-14,"ICC Academy, Dubai",Dubai,,Oman,Qatar,Oman,Qatar,,48,,37,,,,Shakeel Ahmed,27.0,,
1463656,2024-12-15,"ICC Academy, Dubai",Dubai,,United Arab Emirates,Oman,United Arab Emirates,Oman,United Arab Emirates,24,41,14,40,Mohammad Nadeem,22.0,Shakeel Ahmed,25.0,17.0,
1463657,2024-12-15,"ICC Academy, Dubai",Dubai,,Qatar,Saudi Arabia,Saudi Arabia,,,,,,,,,,,,
1463658,2024-12-16,"ICC Academy, Dubai",Dubai,,Saudi Arabia,Bahrain,Bahrain,,,,,,,,,,,,
1463659,2024-12-16,"ICC Academy, Dubai",Dubai,,United Arab Emirates,Kuwait,United Arab Emirates,,,,,,,,,,,,
1463660,2024-12-17,"ICC Academy, Dubai",Dubai,,Qatar,Kuwait,Kuwait,,,,,,,,,,,,
1463661,2024-12-17,"ICC Academy, Dubai",Dubai,,Oman,Bahrain,Oman,Bahrain,Oman,40,54,37,56,Mohammad Nadeem,47.0,Shakeel Ahmed,24.0,14.0,
1463662,2024-12-18,"ICC Academy, Dubai",Dubai,,Oman,Saudi Arabia,Saudi Arabia,Oman,Saudi Arabia,62,55,50,36,Mohammad Nadeem,60.0,Shakeel Ahmed,24.0,,
1463663,2024-12-18,"ICC Academy, Dubai",Dubai,,United Arab Emirates,Qatar,United Arab Emirates,,,,,,,,,,,,
1463664,2024-12-19,"ICC Academy, Dubai",Dubai,,Saudi Arabia,United Arab Emirates,Saudi Arabia,,,,,,,,,,,,
1463665,2024-12-20,"ICC Academy, Dubai",Dubai,,Bahrain,Qatar,Qatar,,,,,,,,,,,,
1463666,2024-12-20,"ICC Academy, Dubai",Dubai,,Oman,Kuwait,Kuwait,Kuwait,Oman,43,13,39,14,Mohammad Nadeem,11.0,Shakeel Ahmed,24.0,30.0,
1463667,2024-12-21,Dubai International Cricket Stadium,Dubai,,United Arab Emirates,Kuwait,United Arab Emirates,,,,,,,,,,,,
1467704,2025-02-22,Harare Sports Club,Harare,,Zimbabwe,Ireland,,Zimbabwe,,0,,1,,Sikandar Raza,0.0,,,,
1467705,2025-02-23,Harare Sports Club,Harare,,Ireland,Zimbabwe,Zimbabwe,Ireland,Zimbabwe,31,24,28,29,Sikandar Raza,22.0,Sikandar Raza,24.0,,
1467706,2025-02-25,Harare Sports Club,Harare,,Zimbabwe,Ireland,,Zimbabwe,,35,,28,,Sikandar Raza,34.0,,,,
1470186,2025-02-03,Marsa Sports Club,Marsa,,Hungary,Malta,Hungary,,,,,,,,,,,,
1470187,2025-02-03,Marsa Sports Club,Marsa,,Malta,Austria,Austria,,,,,,,,,,,,
1470188,2025-02-04,Marsa Sports Club,Marsa,,Hungary,Austria,Austria,,,,,,,,,,,,
1470189,2025-02-04,Marsa Sports Club,Marsa,,Malta,Hungary,Hungary,,,,,,,,,,,,
1470190,2025-02-05,Marsa Sports Club,Marsa,,Malta,Austria,Austria,,,,,,,,,,,,
1470191,2025-02-05,Marsa Sports Club,Marsa,,Austria,Hungary,Hungary,,,,,,,,,,,,
1471822,2025-02-19,Udayana Cricket Ground,Bali,,Bahrain,Indonesia,Bahrain,,,,,,,,,,,,
1471823,2025-02-20,Udayana Cricket Ground,Bali,,Indonesia,Bahrain,Bahrain,,,,,,,,,,,,
1471824,2025-02-22,Udayana Cricket Ground,Bali,,Bahrain,Indonesia,Indonesia,,,,,,,,,,,,
1471825,2025-02-23,Udayana Cricket Ground,Bali,,Bahrain,Indonesia,Bahrain,,,,,,,,,,,,
1471826,2025-02-24,Udayana Cricket Ground,Bali,,Indonesia,Bahrain,Bahrain,,,,,,,,,,,,
1472516,2025-06-15,"Bready Cricket Club, Magheramason, Bready",Bready,,West Indies,Ireland,West Indies,Ireland,,20,,9,,GH Dockrell,15.0,,,,
1472520,2025-07-20,"Sabina Park, Kingston, Jamaica",Kingston,,West Indies,Australia,Australia,,,,,,,,,,,,
1472521,2025-07-22,"Sabina Park, Kingston, Jamaica",Kingston,,West Indies,Australia,Australia,,,,,,,,,,,,
1472522,2025-07-25,"Warner Park, Basseterre, St Kitts",Basseterre,,West Indies,Australia,Australia,,,,,,,,,,,,
1472523,2025-07-26,"Warner Park, Basseterre, St Kitts",Basseterre,,West Indies,Australia,Australia,,,,,,,,,,,,
1472524,2025-07-28,"Warner Park, Basseterre, St Kitts",Basseterre,,West Indies,Australia,Australia,,,,,,,,,,,,
1472525,2025-07-31,"Central Broward Regional Park Stadium Turf Ground, Lauderhill",Lauderhill,,Pakistan,West Indies,Pakistan,Pakistan,West Indies,154,164,109,129,Saim Ayub,57.0,Shaheen Shah Afridi,26.0,,
1472526,2025-08-02,"Central Broward Regional Park Stadium Turf Ground, Lauderhill",Lauderhill,,Pakistan,West Indies,West Indies,Pakistan,West Indies,92,135,101,128,Agha Salman,38.0,Hasan Ali,28.0,43.0,
1472527,2025-08-03,"Central Broward Regional Park Stadium Turf Ground, Lauderhill",Lauderhill,,Pakistan,West Indies,Pakistan,Pakistan,West Indies,171,176,120,125,Sahibzada Farhan,74.0,Haris Rauf,26.0,,
1473145,2025-02-20,Al Amerat Cricket Ground Oman Cricket (Ministry Turf 1),Al Amarat,,Oman,United States of America,United States of America,Oman,United States of America,100,80,64,57,Aaron Jones,25.0,Ali Khan,26.0,,
1473146,2025-02-21,Al Amerat Cricket Ground Oman Cricket (Ministry Turf 1),Al Amarat,,Oman,United States of America,United States of America,Oman,United States of America,29,48,30,50,Aaron Jones,35.0,Ali Khan,25.0,19.0,
1473147,2025-02-23,Al Amerat Cricket Ground Oman Cricket (Ministry Turf 1),Al Amarat,,Oman,United States of America,United States of America,Oman,United States of America,71,89,68,67,Milind Kumar,56.0,Harmeet Singh,24.0,18.0,
1474260,2025-02-28,Singapore National Cricket Ground,Singapore,,Bahrain,Singapore,Bahrain,,,,,,,,,,,,
1474261,2025-03-01,Singapore National Cricket Ground,Singapore,,Singapore,Bahrain,Bahrain,,,,,,,,,,,,
1474262,2025-03-02,Singapore National Cricket Ground,Singapore,,Singapore,Bahrain,Bahrain,,,,,,,,,,,,
1474263,2025-03-04,Singapore National Cricket Ground,Singapore,,Singapore,Bahrain,,,,,,,,,,,,,
1475525,2025-03-10,"Bayuemas Oval, Kuala Lumpur",Kuala Lumpur,,Malaysia,Bahrain,Bahrain,,,,,,,,,,,,
1475526,2025-03-11,"Bayuemas Oval, Kuala Lumpur",Kuala Lumpur,,Hong Kong,Bahrain,Bahrain,,,,,,,,,,,,
1475527,2025-03-12,"Bayuemas Oval, Kuala Lumpur",Kuala Lumpur,,Hong Kong,Malaysia,Hong Kong,,,,,,,,,,,,
1475528,2025-03-13,"Bayuemas Oval, Kuala Lumpur",Kuala Lumpur,,Bahrain,Malaysia,Bahrain,,,,,,,,,,,,
1475529,2025-03-14,"Bayuemas Oval, Kuala Lumpur",Kuala Lumpur,,Hong Kong,Bahrain,,,,,,,,,,,,,
1475530,2025-03-15,"Bayuemas Oval, Kuala Lumpur",Kuala Lumpur,,Malaysia,Hong Kong,Hong Kong,,,,,,,,,,,,
1475531,2025-03-17,"Bayuemas Oval, Kuala Lumpur",Kuala Lumpur,,Hong Kong,Bahrain,Bahrain,,,,,,,,,,,,
1476795,2025-03-19,"Namibia Cricket Ground, Windhoek",Windhoek,,Canada,Namibia,Namibia,Canada,Namibia,29,81,25,53,JJ Smit,33.0,Kaleem Sana,21.0,52.0,
1476797,2025-03-22,"Namibia Cricket Ground, Windhoek",Windhoek,,Canada,Namibia,Namibia,Canada,Namibia,22,38,50,15,JP Kotze,32.0,JJ Smit,25.0,16.0,
1476798,2025-03-23,"Namibia Cricket Ground, Windhoek",Windhoek,,Canada,Namibia,Namibia,Canada,Namibia,3,43,4,35,JP Kotze,5.0,Saad Bin Zafar,19.0,40.0,
1478228,2025-04-07,Santarem Cricket Ground,Albergaria,,Norway,Portugal,Norway,,,,,,,,,,,,
1478229,2025-04-08,Santarem Cricket Ground,Albergaria,,Norway,Portugal,Portugal,,,,,,,,,,,,
1478230,2025-04-09,Santarem Cricket Ground,Albergaria,,Portugal,Norway,Portugal,,,,,,,,,,,,
1478865,2025-07-14,Harare Sports Club,Harare,,Zimbabwe,South Africa,South Africa,South Africa,Zimbabwe,24,56,16,38,Sikandar Raza,54.0,Sikandar Raza,16.0,,
1478866,2025-07-16,Harare Sports Club,Harare,,New Zealand,South Africa,New Zealand,,,,,,,,,,,,
1478867,2025-07-18,Harare Sports Club,Harare,,Zimbabwe,New Zealand,New Zealand,New Zealand,Zimbabwe,23,42,18,43,Sikandar Raza,12.0,AF Milne,24.0,,
1478868,2025-07-20,Harare Sports Club,Harare,,Zimbabwe,South Africa,South Africa,South Africa,Zimbabwe,26,9,16,12,Sikandar Raza,9.0,Sikandar Raza,15.0,17.0,
1478869,2025-07-22,Harare Sports Club,Harare,,South Africa,New Zealand,New Zealand,South Africa,,21,,24,,,,AF Milne,24.0,,
1478870,2025-07-24,Harare Sports Club,Harare,,New Zealand,Zimbabwe,New Zealand,New Zealand,Zimbabwe,34,10,26,6,Sikandar Raza,9.0,Sikandar Raza,25.0,24.0,
1478871,2025-07-26,Harare Sports Club,Harare,,New Zealand,South Africa,New Zealand,South Africa,,27,,24,,,,AF Milne,24.0,,
1478898,2025-08-10,"Marrara Stadium, Darwin",Darwin,,Australia,South Africa,Australia,,,,,,,,,,,,
1478899,2025-08-12,"Marrara Stadium, Darwin",Darwin,,South Africa,Australia,South Africa,,,,,,,,,,,,
1478900,2025-08-16,"Cazaly's Stadium, Cairns",Cairns,,South Africa,Australia,Australia,,,,,,,,,,,,
1478907,2025-10-29,"Manuka Oval, Canberra",Canberra,,India,Australia,,India,,56,,34,,Shubman Gill,37.0,,,,
1478908,2025-10-31,Melbourne Cricket Ground,Melbourne,,India,Australia,Australia,Australia,India,72,111,34,90,Abhishek Sharma,68.0,Kuldeep Yadav,20.0,,
1478909,2025-11-02,"Bellerive Oval, Hobart",Hobart,,Australia,India,India,Australia,India,49,123,32,79,Washington Sundar,49.0,Arshdeep Singh,24.0,74.0,
1478910,2025-11-06,Carrara Oval,Carrara,,India,Australia,India,Australia,India,25,96,27,79,Shubman Gill,46.0,Arshdeep Singh,18.0,71.0,
1478911,2025-11-08,"Brisbane Cricket Ground, Woolloongabba, Brisbane",Brisbane,,India,Australia,,India,,52,,29,,Shubman Gill,29.0,,,,
1479320,2025-04-09,"Mission Road Ground, Mong Kok, Hong Kong",Mong Kok,,Qatar,Nepal,Nepal,Nepal,Qatar,39,58,23,48,Aasif Sheikh,33.0,Karan KC,24.0,,
1479321,2025-04-09,"Mission Road Ground, Mong Kok, Hong Kong",Mong Kok,,Hong Kong,Kuwait,Kuwait,,,,,,,,,,,,
1479322,2025-04-10,"Mission Road Ground, Mong Kok, Hong Kong",Mong Kok,,Kuwait,Nepal,Nepal,Kuwait,Nepal,72,59,43,46,Aasif Sheikh,53.0,Sompal Kami,24.0,,
1479323,2025-04-10,"Mission Road Ground, Mong Kok, Hong Kong",Mong Kok,,Hong Kong,Qatar,Hong Kong,,,,,,,,,,,,
1479324,2025-04-12,"Mission Road Ground, Mong Kok, Hong Kong",Mong Kok,,Qatar,Kuwait,Kuwait,,,,,,,,,,,,
1479325,2025-04-12,"Mission Road Ground, Mong Kok, Hong Kong",Mong Kok,,Hong Kong,Nepal,,Hong Kong,,9,,9,,,,Sompal Kami,9.0,,
1479326,2025-04-13,"Mission Road Ground, Mong Kok, Hong Kong",Mong Kok,,Hong Kong,Qatar,Hong Kong,,,,,,,,,,,,
1479327,2025-04-13,"Mission Road Ground, Mong Kok, Hong Kong",Mong Kok,,Kuwait,Nepal,Kuwait,Kuwait,Nepal,70,30,51,26,Aasif Sheikh,21.0,Karan KC,25.0,40.0,
1481295,2025-04-17,"Clayton Panama, Panama City",Panama City,,Mexico,Costa Rica,Mexico,,,,,,,,,,,,
1481296,2025-04-17,"Clayton Panama, Panama City",Panama City,,Panama,Turks and Caicos Island,Panama,,,,,,,,,,,,
1481297,2025-04-18,"Clayton Panama, Panama City",Panama City,,Costa Rica,Panama,Panama,,,,,,,,,,,,
1481298,2025-04-18,"Clayton Panama, Panama City",Panama City,,Turks and Caicos Island,Mexico,Mexico,,,,,,,,,,,,
1481299,2025-04-19,"Clayton Panama, Panama City",Panama City,,Costa Rica,Turks and Caicos Island,Turks and Caicos Island,,,,,,,,,,,,
1481300,2025-04-19,"Clayton Panama, Panama City",Panama City,,Panama,Mexico,Panama,,,,,,,,,,,,
1481301,2025-04-20,"Clayton Panama, Panama City",Panama City,,Turks and Caicos Island,Costa Rica,Costa Rica,,,,,,,,,,,,
1481303,2025-04-19,"Jimmy Powell Oval, Cayman Islands",George Town,,United States of America,Cayman Islands,United States of America,Cayman Islands,United States of America,0,74,3,56,Shayan Jahangir,39.0,,,74.0,
1481304,2025-04-19,"Jimmy Powell Oval, Cayman Islands",George Town,,Bermuda,Canada,Canada,Bermuda,,30,,43,,,,Kaleem Sana,24.0,,
1481305,2025-04-20,"Jimmy Powell Oval, Cayman Islands",George Town,,United States of America,Bahamas,United States of America,Bahamas,United States of America,0,53,9,29,Aaron Jones,35.0,Milind Kumar,6.0,53.0,
1481306,2025-04-20,"Jimmy Powell Oval, Cayman Islands",George Town,,Bermuda,Cayman Islands,Bermuda,,,,,,,,,,,,
1481307,2025-04-21,"Jimmy Powell Oval, Cayman Islands",George Town,,Bahamas,Canada,Canada,Bahamas,,17,,43,,,,Saad Bin Zafar,25.0,,
1481308,2025-04-21,"Jimmy Powell Oval, Cayman Islands",George Town,,Bermuda,United States of America,United States of America,Bermuda,United States of America,10,21,16,11,Shayan Jahangir,16.0,Milind Kumar,16.0,11.0,
1481309,2025-04-23,"Jimmy Powell Oval, Cayman Islands",George Town,,Canada,Cayman Islands,Canada,Canada,Cayman Islands,16,38,11,56,Ravinderpal Singh,14.0,Saad Bin Zafar,24.0,,
1481310,2025-04-23,"Jimmy Powell Oval, Cayman Islands",George Town,,Bahamas,Bermuda,Bermuda,,,,,,,,,,,,
1481311,2025-04-24,"Jimmy Powell Oval, Cayman Islands",George Town,,Cayman Islands,Bahamas,Cayman Islands,,,,,,,,,,,,
1481312,2025-04-24,"Jimmy Powell Oval, Cayman Islands",George Town,,Canada,United States of America,Canada,Canada,United States of America,28,110,24,83,Milind Kumar,32.0,Kaleem Sana,25.0,,
1481313,2025-04-26,"Jimmy Powell Oval, Cayman Islands",George Town,,Cayman Islands,Canada,Canada,Cayman Islands,,44,,49,,,,Kaleem Sana,25.0,,
1481314,2025-04-26,"Jimmy Powell Oval, Cayman Islands",George Town,,Bermuda,United States of America,United States of America,Bermuda,United States of America,6,37,15,39,Shayan Jahangir,35.0,Milind Kumar,13.0,31.0,
1481315,2025-04-27,"Jimmy Powell Oval, Cayman Islands",George Town,,Canada,United States of America,United States of America,Canada,United States of America,63,71,57,75,Milind Kumar,31.0,Saad Bin Zafar,27.0,8.0,
1482088,2025-04-24,"Bayuemas Oval, Kuala Lumpur",Kuala Lumpur,,Saudi Arabia,Thailand,Saudi Arabia,,,,,,,,,,,,
1482089,2025-04-24,"Bayuemas Oval, Kuala Lumpur",Kuala Lumpur,,Malaysia,Singapore,Malaysia,,,,,,,,,,,,
1482090,2025-04-25,"Bayuemas Oval, Kuala Lumpur",Kuala Lumpur,,Thailand,Malaysia,Malaysia,,,,,,,,,,,,
1482091,2025-04-25,"Bayuemas Oval, Kuala Lumpur",Kuala Lumpur,,Saudi Arabia,Singapore,Saudi Arabia,,,,,,,,,,,,
1482092,2025-04-26,"Bayuemas Oval, Kuala Lumpur",Kuala Lumpur,,Saudi Arabia,Malaysia,Malaysia,,,,,,,,,,,,
1482093,2025-04-26,"Bayuemas Oval, Kuala Lumpur",Kuala Lumpur,,Singapore,Thailand,Singapore,,,,,,,,,,,,
1482094,2025-04-28,"Bayuemas Oval, Kuala Lumpur",Kuala Lumpur,,Saudi Arabia,Thailand,Saudi Arabia,,,,,,,,,,,,
1482095,2025-04-28,"Bayuemas Oval, Kuala Lumpur",Kuala Lumpur,,Singapore,Malaysia,,,,,,,,,,,,,
1482096,2025-04-29,"Bayuemas Oval, Kuala Lumpur",Kuala Lumpur,,Malaysia,Thailand,Malaysia,,,,,,,,,,,,
1482097,2025-04-29,"Bayuemas Oval, Kuala Lumpur",Kuala Lumpur,,Singapore,Saudi Arabia,Saudi Arabia,,,,,,,,,,,,
1482098,2025-04-30,"Bayuemas Oval, Kuala Lumpur",Kuala Lumpur,,Malaysia,Saudi Arabia,Saudi Arabia,,,,,,,,,,,,
1482100,2025-05-02,"Bayuemas Oval, Kuala Lumpur",Kuala Lumpur,,Singapore,Thailand,Singapore,,,,,,,,,,,,
1482101,2025-05-02,"Bayuemas Oval, Kuala Lumpur",Kuala Lumpur,,Malaysia,Saudi Arabia,Malaysia,,,,,,,,,,,,
1482819,2025-05-07,Sano International Cricket Ground,Sano,,Thailand,Cook Islands,Cook Islands,,,,,,,,,,,,
1482820,2025-05-08,Sano International Cricket Ground,Sano,,Japan,Thailand,Japan,Japan,Thailand,3,11,2,12,Abdul Samad,3.0,Abdul Samad,12.0,,
1482821,2025-05-09,Sano International Cricket Ground,Sano,,Cook Islands,Thailand,Thailand,,,,,,,,,,,,
1482822,2025-05-09,Sano International Cricket Ground,Sano,,Japan,Cook Islands,Japan,,,,,,,,,,,,
1482825,2025-05-11,Sano International Cricket Ground,Sano,,Japan,Thailand,Thailand,Thailand,,14,,25,,,,Abdul Samad,24.0,,
1482826,2025-05-13,Sano International Cricket Ground,Sano,,Cook Islands,Japan,Japan,Cook Islands,Japan,13,2,25,7,Abdul Samad,2.0,Abdul Samad,25.0,,
1482827,2025-05-14,Sano International Cricket Ground,Sano,,Japan,Cook Islands,Japan,Cook Islands,,8,,12,,,,Abdul Samad,12.0,,
1482828,2025-05-06,Marsa Sports Club,Marsa,,Malta,Estonia,Malta,,,,,,,,,,,,
1482829,2025-05-06,Marsa Sports Club,Marsa,,Malta,Estonia,Estonia,,,,,,,,,,,,
1482830,2025-05-07,Marsa Sports Club,Marsa,,Malta,Estonia,Malta,,,,,,,,,,,,
1483731,2025-06-08,"Scott Page Field, Vinor",Prague,,Czech Republic,Austria,Austria,,,,,,,,,,,,
1483732,2025-06-08,"Scott Page Field, Vinor",Prague,,Norway,Czech Republic,Norway,,,,,,,,,,,,
1483733,2025-06-09,"Scott Page Field, Vinor",Prague,,Norway,Austria,Norway,,,,,,,,,,,,
1483734,2025-06-09,"Scott Page Field, Vinor",Prague,,Austria,Czech Republic,Austria,,,,,,,,,,,,
1483735,2025-06-10,"Scott Page Field, Vinor",Prague,,Norway,Czech Republic,Norway,,,,,,,,,,,,
1483736,2025-06-10,"Scott Page Field, Vinor",Prague,,Norway,Austria,Austria,,,,,,,,,,,,
1483785,2025-05-28,"Gaddafi Stadium, Lahore",Lahore,,Pakistan,Bangladesh,Pakistan,Bangladesh,Pakistan,164,201,118,123,Agha Salman,56.0,Rishad Hossain,25.0,37.0,
1483786,2025-05-30,"Gaddafi Stadium, Lahore",Lahore,,Pakistan,Bangladesh,Pakistan,Bangladesh,Pakistan,144,189,116,117,Sahibzada Farhan,74.0,Rishad Hossain,26.0,45.0,
1483787,2025-06-01,"Gaddafi Stadium, Lahore",Lahore,,Bangladesh,Pakistan,Pakistan,Bangladesh,Pakistan,196,184,125,99,Mohammad Haris,107.0,Hasan Ali,26.0,,
1483788,2025-05-30,"Velden Cricket Ground, Latschach",Latschach,,Austria,Switzerland,Austria,,,,,,,,,,,,
1483789,2025-05-31,"Velden Cricket Ground, Latschach",Latschach,,Austria,Switzerland,Austria,,,,,,,,,,,,
1484051,2025-05-17,Sharjah Cricket Stadium,Sharjah,,Bangladesh,United Arab Emirates,Bangladesh,Bangladesh,United Arab Emirates,191,164,128,123,Parvez Hossain Emon,100.0,Hasan Mahmud,25.0,27.0,
1484052,2025-05-19,Sharjah Cricket Stadium,Sharjah,,Bangladesh,United Arab Emirates,United Arab Emirates,Bangladesh,United Arab Emirates,177,206,107,127,Tanzid Hasan,59.0,Nahid Rana,28.0,29.0,
1485343,2025-05-30,"Stars Arena Hofstade, Zemst",Zemst,,Belgium,Portugal,Portugal,,,,,,,,,,,,
1485344,2025-05-31,"Stars Arena Hofstade, Zemst",Zemst,,Belgium,Portugal,Portugal,,,,,,,,,,,,
1485345,2025-05-30,"Stars Arena Hofstade, Zemst",Zemst,,Malta,Portugal,Portugal,,,,,,,,,,,,
1485346,2025-05-30,"Stars Arena Hofstade, Zemst",Zemst,,Malta,Belgium,Belgium,,,,,,,,,,,,
1485347,2025-05-31,"Stars Arena Hofstade, Zemst",Zemst,,Malta,Portugal,Portugal,,,,,,,,,,,,
1485348,2025-05-31,"Stars Arena Hofstade, Zemst",Zemst,,Belgium,Malta,Belgium,,,,,,,,,,,,
1485508,2025-07-10,Pallekele International Cricket Stadium,Kandy,,Bangladesh,Sri Lanka,Sri Lanka,Bangladesh,Sri Lanka,124,135,98,91,Parvez Hossain Emon,38.0,Rishad Hossain,24.0,11.0,
1485509,2025-07-13,Rangiri Dambulla International Stadium,Dambulla,,Bangladesh,Sri Lanka,Bangladesh,Bangladesh,Sri Lanka,176,68,120,79,Liton Das,76.0,Rishad Hossain,21.0,108.0,
1485510,2025-07-16,"R Premadasa Stadium, Colombo",Colombo,,Sri Lanka,Bangladesh,Bangladesh,Bangladesh,Sri Lanka,133,132,99,123,Tanzid Hasan,73.0,Shoriful Islam,26.0,1.0,
1485938,2025-06-15,"Titwood, Glasgow",Glasgow,,Scotland,Netherlands,Scotland,,,,,,,,,,,,
1485939,2025-06-16,"Titwood, Glasgow",Glasgow,,Netherlands,Nepal,,Nepal,Netherlands,32,61,27,43,Vikramjit Singh,30.0,Vikramjit Singh,24.0,,
1485940,2025-06-17,"Titwood, Glasgow",Glasgow,,Scotland,Nepal,Nepal,Nepal,Scotland,3,20,3,24,Karan KC,3.0,Karan KC,24.0,,
1485941,2025-06-19,"Titwood, Glasgow",Glasgow,,Netherlands,Nepal,Nepal,Nepal,Netherlands,36,40,20,31,Aasif Sheikh,7.0,Karan KC,25.0,,
1485942,2025-06-18,"Titwood, Glasgow",Glasgow,,Netherlands,Scotland,Netherlands,Netherlands,Scotland,6,39,7,14,Vikramjit Singh,6.0,Vikramjit Singh,13.0,,
1485943,2025-06-20,"Titwood, Glasgow",Glasgow,,Scotland,Nepal,Scotland,Nepal,,14,,8,,Aasif Sheikh,14.0,,,,
1486224,2025-06-01,"Stars Arena Hofstade, Zemst",Zemst,,Belgium,Portugal,Belgium,,,,,,,,,,,,
1486225,2025-05-17,"Velden Cricket Ground, Latschach",Latschach,,Austria,Slovenia,Austria,,,,,,,,,,,,
1486227,2025-05-18,"Ballpark Ground, Graz",Graz,,Slovenia,Austria,Austria,,,,,,,,,,,,
1486228,2025-05-18,"Ballpark Ground, Graz",Graz,,Austria,Slovenia,Austria,,,,,,,,,,,,
1486582,2025-05-21,Sharjah Cricket Stadium,Sharjah,,Bangladesh,United Arab Emirates,United Arab Emirates,Bangladesh,United Arab Emirates,162,166,127,120,Jaker Ali,41.0,Shoriful Islam,26.0,4.0,
1486784,2025-05-31,"Velden Cricket Ground, Latschach",Latschach,,Austria,Switzerland,Switzerland,,,,,,,,,,,,
1486785,2025-06-01,"Velden Cricket Ground, Latschach",Latschach,,Austria,Switzerland,Austria,,,,,,,,,,,,
1486786,2025-06-21,"GB Oval, Szodliget",Szodliget,,Hungary,Slovenia,Hungary,,,,,,,,,,,,
1486787,2025-06-21,"GB Oval, Szodliget",Szodliget,,Hungary,Slovenia,Hungary,,,,,,,,,,,,
1486788,2025-06-22,"GB Oval, Szodliget",Szodliget,,Slovenia,Hungary,Hungary,,,,,,,,,,,,
1486790,2025-06-07,Lisicji Jarak Cricket Ground,Belgrade,,Slovenia,Serbia,Serbia,,,,,,,,,,,,
1486791,2025-06-08,Lisicji Jarak Cricket Ground,Belgrade,,Serbia,Slovenia,Serbia,,,,,,,,,,,,
1487631,2025-06-21,Pierre Werner Cricket Ground,Walferdange,,Switzerland,Luxembourg,Switzerland,,,,,,,,,,,,
1487632,2025-06-21,Pierre Werner Cricket Ground,Walferdange,,Switzerland,Luxembourg,Switzerland,,,,,,,,,,,,
1487633,2025-06-22,Pierre Werner Cricket Ground,Walferdange,,Switzerland,Luxembourg,Luxembourg,,,,,,,,,,,,
1487813,2025-06-06,"Grainville, St Saviour",St Saviour,,Jersey,Guernsey,Guernsey,,,,,,,,,,,,
1487814,2025-06-07,"Grainville, St Saviour",St Saviour,,Guernsey,Jersey,Jersey,,,,,,,,,,,,
1487815,2025-06-07,"Grainville, St Saviour",St Saviour,,Jersey,Guernsey,Jersey,,,,,,,,,,,,
1487824,2025-10-11,"Namibia Cricket Ground, Windhoek",Windhoek,,South Africa,Namibia,Namibia,Namibia,South Africa,14,23,14,25,JJ Smit,13.0,JJ Smit,24.0,,
1488319,2025-06-11,Udayana Cricket Ground,Bali,,Indonesia,Cambodia,Cambodia,,,,,,,,,,,,
1488320,2025-06-12,Udayana Cricket Ground,Bali,,Indonesia,Cambodia,Cambodia,,,,,,,,,,,,
1488321,2025-06-12,Udayana Cricket Ground,Bali,,Indonesia,Cambodia,Cambodia,,,,,,,,,,,,
1488322,2025-06-14,Udayana Cricket Ground,Bali,,Cambodia,Indonesia,Indonesia,,,,,,,,,,,,
1488323,2025-06-14,Udayana Cricket Ground,Bali,,Cambodia,Indonesia,,,,,,,,,,,,,
1488324,2025-06-15,Udayana Cricket Ground,Bali,,Indonesia,Cambodia,Cambodia,,,,,,,,,,,,
1488325,2025-06-15,Udayana Cricket Ground,Bali,,Indonesia,Cambodia,Cambodia,,,,,,,,,,,,
1488326,2025-06-15,"Maple Leaf North-West Ground, King City",King City,,Canada,Bermuda,Canada,Bermuda,Canada,37,32,48,19,Pargat Singh,28.0,Kaleem Sana,24.0,,
1488327,2025-06-15,"Maple Leaf North-West Ground, King City",King City,,Cayman Islands,Bahamas,Cayman Islands,,,,,,,,,,,,
1488328,2025-06-16,"Maple Leaf North-West Ground, King City",King City,,Canada,Cayman Islands,Canada,Canada,Cayman Islands,1,31,2,51,Pargat Singh,1.0,Kaleem Sana,25.0,,
1488329,2025-06-16,"Maple Leaf North-West Ground, King City",King City,,Bahamas,Bermuda,Bermuda,,,,,,,,,,,,
1488330,2025-06-18,"Maple Leaf North-West Ground, King City",King City,,Cayman Islands,Bermuda,Bermuda,,,,,,,,,,,,
1488331,2025-06-18,"Maple Leaf North-West Ground, King City",King City,,Bahamas,Canada,Canada,Bahamas,,13,,10,,,,Kaleem Sana,9.0,,
1488332,2025-06-19,"Maple Leaf North-West Ground, King City",King City,,Bermuda,Bahamas,Bermuda,,,,,,,,,,,,
1488333,2025-06-19,"Maple Leaf North-West Ground, King City",King City,,Canada,Cayman Islands,Canada,Cayman Islands,,22,,12,,,,Saad Bin Zafar,12.0,,
1488334,2025-06-21,"Maple Leaf North-West Ground, King City",King City,,Bahamas,Canada,Canada,Bahamas,Canada,20,2,52,2,Ravinderpal Singh,2.0,Saad Bin Zafar,27.0,,
1488335,2025-06-21,"Maple Leaf North-West Ground, King City",King City,,Bermuda,Cayman Islands,Cayman Islands,,,,,,,,,,,,
1488336,2025-06-22,"Maple Leaf North-West Ground, King City",King City,,Cayman Islands,Bahamas,Cayman Islands,,,,,,,,,,,,
1488338,2025-06-13,"Ishoj Cricket Club, Vejledalen",Ishoj,,Denmark,Finland,Denmark,,,,,,,,,,,,
1488339,2025-06-14,"Ishoj Cricket Club, Vejledalen",Ishoj,,Finland,Norway,Finland,,,,,,,,,,,,
1488340,2025-06-14,Koge Cricket Club,Koge,,Denmark,Sweden,Denmark,,,,,,,,,,,,
1488341,2025-06-14,Koge Cricket Club,Koge,,Denmark,Norway,Norway,,,,,,,,,,,,
1488342,2025-06-14,"Ishoj Cricket Club, Vejledalen",Ishoj,,Sweden,Finland,Sweden,,,,,,,,,,,,
1488343,2025-06-15,"Ishoj Cricket Club, Vejledalen",Ishoj,,Sweden,Norway,Norway,,,,,,,,,,,,
1488344,2025-06-15,"Ishoj Cricket Club, Vejledalen",Ishoj,,Finland,Norway,Finland,,,,,,,,,,,,
1489581,2025-06-12,"Maple Leaf North-East Ground, King City",King City,,Canada,Bahamas,Canada,Bahamas,Canada,15,21,24,18,Saad Bin Zafar,16.0,Saad Bin Zafar,24.0,6.0,
1489582,2025-06-12,"Maple Leaf North-East Ground, King City",King City,,Bermuda,Cayman Islands,Bermuda,,,,,,,,,,,,
1489584,2025-06-13,"Maple Leaf North-East Ground, King City",King City,,Bermuda,Bahamas,Bermuda,,,,,,,,,,,,
1489585,2025-06-13,"Maple Leaf North-East Ground, King City",King City,,Canada,Cayman Islands,Canada,Canada,Cayman Islands,97,33,46,43,Pargat Singh,89.0,Saad Bin Zafar,24.0,64.0,
1489968,2025-09-27,Sharjah Cricket Stadium,Sharjah,,Nepal,West Indies,Nepal,Nepal,West Indies,44,60,35,44,Kushal Malla,30.0,Sompal Kami,26.0,,
1489969,2025-09-29,Sharjah Cricket Stadium,Sharjah,,Nepal,West Indies,Nepal,Nepal,West Indies,80,12,60,19,Aasif Sheikh,68.0,Karan KC,12.0,68.0,
1489970,2025-09-30,Sharjah Cricket Stadium,Sharjah,,Nepal,West Indies,West Indies,Nepal,West Indies,16,36,26,27,Kushal Malla,12.0,Sompal Kami,15.0,20.0,
1490239,2025-06-16,Udayana Cricket Ground,Bali,,Cambodia,Indonesia,Indonesia,,,,,,,,,,,,
1490471,2025-07-05,"Sportpark Westvliet, Voorburg",The Hague,,Jersey,Netherlands,Netherlands,,,,,,,,,,,,
1490472,2025-07-05,"Sportpark Westvliet, Voorburg",The Hague,,Guernsey,Italy,Italy,,,,,,,,,,,,
1490475,2025-07-08,"Sportpark Westvliet, Voorburg",The Hague,,Jersey,Guernsey,Jersey,,,,,,,,,,,,
1490476,2025-07-08,"Sportpark Westvliet, Voorburg",The Hague,,Scotland,Netherlands,Scotland,,,,,,,,,,,,
1490477,2025-07-09,"Sportpark Westvliet, Voorburg",The Hague,,Italy,Scotland,Italy,,,,,,,,,,,,
1490478,2025-07-09,"Sportpark Westvliet, Voorburg",The Hague,,Netherlands,Guernsey,Netherlands,,,,,,,,,,,,
1490479,2025-07-11,"Sportpark Westvliet, Voorburg",The Hague,,Scotland,Jersey,Jersey,,,,,,,,,,,,
1490480,2025-07-11,"Sportpark Westvliet, Voorburg",The Hague,,Italy,Netherlands,Netherlands,,,,,,,,,,,,
1490870,2025-07-06,Udayana Cricket Ground,Bali,,Philippines,Indonesia,Philippines,,,,,,,,,,,,
1490871,2025-07-07,Udayana Cricket Ground,Bali,,South Korea,Philippines,Philippines,,,,,,,,,,,,
1490872,2025-07-07,Udayana Cricket Ground,Bali,,Indonesia,Philippines,Indonesia,,,,,,,,,,,,
1490873,2025-07-08,Udayana Cricket Ground,Bali,,Indonesia,South Korea,Indonesia,,,,,,,,,,,,
1490874,2025-07-09,Udayana Cricket Ground,Bali,,South Korea,Philippines,South Korea,,,,,,,,,,,,
1490875,2025-07-09,Udayana Cricket Ground,Bali,,South Korea,Indonesia,Indonesia,,,,,,,,,,,,
1490876,2025-07-10,Udayana Cricket Ground,Bali,,Indonesia,Philippines,Philippines,,,,,,,,,,,,
1490877,2025-07-10,Udayana Cricket Ground,Bali,,Philippines,South Korea,Philippines,,,,,,,,,,,,
1490878,2025-07-12,Udayana Cricket Ground,Bali,,Indonesia,South Korea,South Korea,,,,,,,,,,,,
1490879,2025-07-12,Udayana Cricket Ground,Bali,,Philippines,South Korea,Philippines,,,,,,,,,,,,
1490880,2025-07-13,Udayana Cricket Ground,Bali,,Indonesia,Philippines,Philippines,,,,,,,,,,,,
1490881,2025-07-13,Udayana Cricket Ground,Bali,,South Korea,Indonesia,Indonesia,,,,,,,,,,,,
1490882,2025-06-26,"Moara Vlasiei Cricket Ground, Ilfov County",Ilfov County,,France,Malta,Malta,France,Malta,0,20,1,13,Usman Khan,0.0,Usman Khan,13.0,20.0,
1490884,2025-06-26,"Moara Vlasiei Cricket Ground, Ilfov County",Ilfov County,,Belgium,Malta,Belgium,,,,,,,,,,,,
1490885,2025-06-27,"Moara Vlasiei Cricket Ground, Ilfov County",Ilfov County,,Hungary,Austria,Austria,,,,,,,,,,,,
1490886,2025-06-27,"Moara Vlasiei Cricket Ground, Ilfov County",Ilfov County,,Belgium,France,Belgium,Belgium,France,29,11,25,11,Usman Khan,10.0,Usman Khan,25.0,18.0,
1490887,2025-06-27,"Moara Vlasiei Cricket Ground, Ilfov County",Ilfov County,,Hungary,Romania,Romania,,,,,,,,,,,,
1490888,2025-06-28,"Moara Vlasiei Cricket Ground, Ilfov County",Ilfov County,,Belgium,Austria,Austria,,,,,,,,,,,,
1490889,2025-06-28,"Moara Vlasiei Cricket Ground, Ilfov County",Ilfov County,,Malta,Romania,Malta,,,,,,,,,,,,
1490890,2025-06-29,"Moara Vlasiei Cricket Ground, Ilfov County",Ilfov County,,Hungary,France,Hungary,France,Hungary,12,38,9,21,Usman Khan,8.0,Usman Khan,19.0,26.0,
1491604,2025-07-10,"Vassil Levski National Sports Academy, Sofia",Sofia,,Bulgaria,Gibraltar,Gibraltar,,,,,,,,,,,,
1491605,2025-07-10,"Vassil Levski National Sports Academy, Sofia",Sofia,,Turkey,Bulgaria,Bulgaria,,,,,,,,,,,,
1491606,2025-07-11,"Vassil Levski National Sports Academy, Sofia",Sofia,,Turkey,Gibraltar,Gibraltar,,,,,,,,,,,,
1491607,2025-07-11,"Vassil Levski National Sports Academy, Sofia",Sofia,,Gibraltar,Bulgaria,Bulgaria,,,,,,,,,,,,
1491608,2025-07-12,"Vassil Levski National Sports Academy, Sofia",Sofia,,Turkey,Bulgaria,Turkey,,,,,,,,,,,,
1491609,2025-07-12,"Vassil Levski National Sports Academy, Sofia",Sofia,,Turkey,Gibraltar,Gibraltar,,,,,,,,,,,,
1491610,2025-07-13,"Vassil Levski National Sports Academy, Sofia",Sofia,,Gibraltar,Bulgaria,Bulgaria,,,,,,,,,,,,
1491714,2025-10-01,"Bay Oval, Mount Maunganui",Mount Maunganui,,New Zealand,Australia,Australia,,,,,,,,,,,,
1491715,2025-10-03,"Bay Oval, Mount Maunganui",Mount Maunganui,,Australia,New Zealand,,,,,,,,,,,,,
1491716,2025-10-04,"Bay Oval, Mount Maunganui",Mount Maunganui,,New Zealand,Australia,Australia,,,,,,,,,,,,
1491717,2025-10-18,"Hagley Oval, Christchurch",Christchurch,,England,New Zealand,,,,,,,,,,,,,
1491718,2025-10-20,"Hagley Oval, Christchurch",Christchurch,,England,New Zealand,England,,,,,,,,,,,,
1491719,2025-10-23,"Eden Park, Auckland",Auckland,,New Zealand,England,,,,,,,,,,,,,
1491723,2025-11-05,"Eden Park, Auckland",Auckland,,West Indies,New Zealand,West Indies,,,,,,,,,,,,
1491724,2025-11-06,"Eden Park, Auckland",Auckland,,New Zealand,West Indies,New Zealand,,,,,,,,,,,,
1491725,2025-11-09,"Saxton Oval, Nelson",Nelson,,New Zealand,West Indies,New Zealand,,,,,,,,,,,,
1491726,2025-11-10,"Saxton Oval, Nelson",Nelson,,West Indies,New Zealand,,,,,,,,,,,,,
1491903,2025-07-20,"Shere Bangla National Stadium, Mirpur",Dhaka,,Pakistan,Bangladesh,Bangladesh,Bangladesh,Pakistan,112,110,96,119,Parvez Hossain Emon,56.0,Tanzim Hasan Sakib,25.0,2.0,
1491904,2025-07-22,"Shere Bangla National Stadium, Mirpur",Dhaka,,Bangladesh,Pakistan,Bangladesh,Bangladesh,Pakistan,133,125,122,120,Jaker Ali,55.0,Ahmed Daniyal,25.0,8.0,
1491905,2025-07-24,"Shere Bangla National Stadium, Mirpur",Dhaka,,Pakistan,Bangladesh,Pakistan,Bangladesh,Pakistan,104,178,107,126,Sahibzada Farhan,63.0,Mohammad Saifuddin,28.0,74.0,
1492823,2025-09-03,Harare Sports Club,Harare,,Zimbabwe,Sri Lanka,Sri Lanka,Sri Lanka,Zimbabwe,26,28,25,22,Sikandar Raza,28.0,Sikandar Raza,24.0,,
1492824,2025-09-06,Harare Sports Club,Harare,,Sri Lanka,Zimbabwe,Zimbabwe,Sri Lanka,Zimbabwe,11,3,26,8,Sikandar Raza,2.0,Sikandar Raza,24.0,,
1492825,2025-09-07,Harare Sports Club,Harare,,Zimbabwe,Sri Lanka,Sri Lanka,Sri Lanka,Zimbabwe,29,32,26,20,Sikandar Raza,28.0,Sikandar Raza,25.0,,
1492879,2025-07-08,"TCA Oval, Blantyre",Blantyre,,Bahrain,Tanzania,Tanzania,,,,,,,,,,,,
1492880,2025-07-05,"TCA Oval, Blantyre",Blantyre,,Malawi,Germany,Germany,,,,,,,,,,,,
1492881,2025-07-06,"TCA Oval, Blantyre",Blantyre,,Bahrain,Germany,Bahrain,,,,,,,,,,,,
1492883,2025-07-07,"TCA Oval, Blantyre",Blantyre,,Tanzania,Germany,Germany,,,,,,,,,,,,
1492884,2025-07-07,"TCA Oval, Blantyre",Blantyre,,Malawi,Bahrain,Bahrain,,,,,,,,,,,,
1492887,2025-07-10,"TCA Oval, Blantyre",Blantyre,,Tanzania,Bahrain,Bahrain,,,,,,,,,,,,
1492888,2025-07-10,"TCA Oval, Blantyre",Blantyre,,Malawi,Germany,Malawi,,,,,,,,,,,,
1492889,2025-07-12,"TCA Oval, Blantyre",Blantyre,,Malawi,Bahrain,Bahrain,,,,,,,,,,,,
1492890,2025-07-12,"TCA Oval, Blantyre",Blantyre,,Germany,Tanzania,Tanzania,,,,,,,,,,,,
1492891,2025-07-13,"TCA Oval, Blantyre",Blantyre,,Germany,Malawi,Germany,,,,,,,,,,,,
1492892,2025-07-13,"TCA Oval, Blantyre",Blantyre,,Bahrain,Tanzania,Tanzania,,,,,,,,,,,,
1494090,2025-07-18,Singapore National Cricket Ground,Singapore,,Hong Kong,Malaysia,Malaysia,,,,,,,,,,,,
1494091,2025-07-18,Singapore National Cricket Ground,Singapore,,Singapore,Samoa,Singapore,,,,,,,,,,,,
1494092,2025-07-19,Singapore National Cricket Ground,Singapore,,Singapore,Malaysia,Malaysia,,,,,,,,,,,,
1494093,2025-07-19,Singapore National Cricket Ground,Singapore,,Hong Kong,Samoa,Hong Kong,,,,,,,,,,,,
1494094,2025-07-20,Singapore National Cricket Ground,Singapore,,Hong Kong,Singapore,Hong Kong,,,,,,,,,,,,
1494095,2025-07-20,Singapore National Cricket Ground,Singapore,,Samoa,Malaysia,Malaysia,,,,,,,,,,,,
1494096,2025-07-22,Singapore National Cricket Ground,Singapore,,Hong Kong,Malaysia,Malaysia,,,,,,,,,,,,
1494097,2025-07-22,Singapore National Cricket Ground,Singapore,,Samoa,Singapore,Singapore,,,,,,,,,,,,
1494098,2025-07-23,Singapore National Cricket Ground,Singapore,,Samoa,Hong Kong,Hong Kong,,,,,,,,,,,,
1494099,2025-07-23,Singapore National Cricket Ground,Singapore,,Malaysia,Singapore,Malaysia,,,,,,,,,,,,
1494100,2025-07-24,Singapore National Cricket Ground,Singapore,,Samoa,Malaysia,Malaysia,,,,,,,,,,,,
1494101,2025-07-24,Singapore National Cricket Ground,Singapore,,Hong Kong,Singapore,Hong Kong,,,,,,,,,,,,
1494102,2025-07-26,Singapore National Cricket Ground,Singapore,,Hong Kong,Malaysia,Malaysia,,,,,,,,,,,,
1494103,2025-07-21,Entebbe Cricket Oval,Entebbe,,Uganda,Kenya,Uganda,,,,,,,,,,,,
1494108,2025-07-19,Entebbe Cricket Oval,Entebbe,,Uganda,United Arab Emirates,Uganda,,,,,,,,,,,,
1494110,2025-07-23,Entebbe Cricket Oval,Entebbe,,Kenya,United Arab Emirates,United Arab Emirates,,,,,,,,,,,,
1494111,2025-07-27,Entebbe Cricket Oval,Entebbe,,Uganda,United Arab Emirates,Uganda,,,,,,,,,,,,
1494113,2025-07-26,Entebbe Cricket Oval,Entebbe,,United Arab Emirates,Nigeria,United Arab Emirates,,,,,,,,,,,,
1494114,2025-07-25,Entebbe Cricket Oval,Entebbe,,Kenya,Uganda,Uganda,,,,,,,,,,,,
1494115,2025-07-17,Entebbe Cricket Oval,Entebbe,,Kenya,Nigeria,Kenya,,,,,,,,,,,,
1494116,2025-07-18,Entebbe Cricket Oval,Entebbe,,Uganda,Nigeria,Uganda,,,,,,,,,,,,
1494118,2025-07-21,Entebbe Cricket Oval,Entebbe,,Nigeria,United Arab Emirates,United Arab Emirates,,,,,,,,,,,,
1494583,2025-07-22,Entebbe Cricket Oval,Entebbe,,Uganda,Nigeria,Uganda,,,,,,,,,,,,
1494584,2025-07-27,Entebbe Cricket Oval,Entebbe,,Nigeria,Kenya,Kenya,,,,,,,,,,,,
1494766,2025-07-19,"West End Park International Cricket Stadium, Doha",Doha,,Qatar,Saudi Arabia,Saudi Arabia,,,,,,,,,,,,
1494767,2025-07-21,"West End Park International Cricket Stadium, Doha",Doha,,Saudi Arabia,Qatar,Qatar,,,,,,,,,,,,
1494768,2025-07-22,"West End Park International Cricket Stadium, Doha",Doha,,Qatar,Saudi Arabia,Qatar,,,,,,,,,,,,
1494769,2025-07-23,"West End Park International Cricket Stadium, Doha",Doha,,Saudi Arabia,Qatar,,,,,,,,,,,,,
1494771,2025-07-26,Estonian National Cricket and Rugby Field,Tallinn,,Finland,Estonia,Estonia,,,,,,,,,,,,
1494772,2025-07-27,Estonian National Cricket and Rugby Field,Tallinn,,Estonia,Finland,Finland,,,,,,,,,,,,
1494773,2025-08-02,Estonian National Cricket and Rugby Field,Tallinn,,Switzerland,Estonia,Switzerland,,,,,,,,,,,,
1494774,2025-08-03,Estonian National Cricket and Rugby Field,Tallinn,,Switzerland,Estonia,Switzerland,,,,,,,,,,,,
1494775,2025-08-03,Estonian National Cricket and Rugby Field,Tallinn,,Switzerland,Estonia,Switzerland,,,,,,,,,,,,
1495453,2025-07-18,"Gahanga International Cricket Stadium, Rwanda",Kigali City,,Rwanda,Bahrain,Bahrain,,,,,,,,,,,,
1495454,2025-07-19,"Gahanga International Cricket Stadium, Rwanda",Kigali City,,Malawi,Bahrain,Bahrain,,,,,,,,,,,,
1495455,2025-07-19,"Gahanga International Cricket Stadium, Rwanda",Kigali City,,Malawi,Rwanda,Rwanda,,,,,,,,,,,,
1495456,2025-07-20,"Gahanga International Cricket Stadium, Rwanda",Kigali City,,Malawi,Bahrain,Bahrain,,,,,,,,,,,,
1495457,2025-07-20,"Gahanga International Cricket Stadium, Rwanda",Kigali City,,Rwanda,Bahrain,Bahrain,,,,,,,,,,,,
1495458,2025-07-22,"Gahanga International Cricket Stadium, Rwanda",Kigali City,,Malawi,Rwanda,Rwanda,,,,,,,,,,,,
1495459,2025-07-22,"Gahanga International Cricket Stadium, Rwanda",Kigali City,,Bahrain,Rwanda,Bahrain,,,,,,,,,,,,
1495460,2025-07-23,"Gahanga International Cricket Stadium, Rwanda",Kigali City,,Rwanda,Malawi,Malawi,,,,,,,,,,,,
1495461,2025-07-23,"Gahanga International Cricket Stadium, Rwanda",Kigali City,,Bahrain,Malawi,Bahrain,,,,,,,,,,,,
1495462,2025-07-25,"Gahanga International Cricket Stadium, Rwanda",Kigali City,,Bahrain,Rwanda,Bahrain,,,,,,,,,,,,
1495463,2025-07-25,"Gahanga International Cricket Stadium, Rwanda",Kigali City,,Malawi,Bahrain,Bahrain,,,,,,,,,,,,
1495464,2025-07-26,"Gahanga International Cricket Stadium, Rwanda",Kigali City,,Rwanda,Malawi,Malawi,,,,,,,,,,,,
1495465,2025-07-27,"Gahanga International Cricket Stadium, Rwanda",Kigali City,,Bahrain,Malawi,Bahrain,,,,,,,,,,,,
1495654,2025-07-25,"GB Oval, Szodliget",Szodliget,,Romania,Austria,Austria,,,,,,,,,,,,
1495655,2025-07-25,"GB Oval, Szodliget",Szodliget,,Hungary,Romania,Romania,,,,,,,,,,,,
1495656,2025-07-25,"GB Oval, Szodliget",Szodliget,,Hungary,Luxembourg,Hungary,,,,,,,,,,,,
1495657,2025-07-26,"GB Oval, Szodliget",Szodliget,,Romania,Luxembourg,Romania,,,,,,,,,,,,
1495658,2025-07-26,"GB Oval, Szodliget",Szodliget,,Hungary,Austria,Austria,,,,,,,,,,,,
1495659,2025-07-26,"GB Oval, Szodliget",Szodliget,,Austria,Luxembourg,Austria,,,,,,,,,,,,
1495660,2025-07-27,"GB Oval, Szodliget",Szodliget,,Hungary,Luxembourg,Hungary,,,,,,,,,,,,
1495661,2025-07-27,"GB Oval, Szodliget",Szodliget,,Austria,Romania,,,,,,,,,,,,,
1496821,2025-08-08,"Botkyrka Cricket Center, Stockholm",Stockholm,,Sweden,Austria,Austria,,,,,,,,,,,,
1496822,2025-08-08,"Botkyrka Cricket Center, Stockholm",Stockholm,,Norway,France,Norway,,,,,,,,,,,,
1496823,2025-08-09,"Botkyrka Cricket Center, Stockholm",Stockholm,,Norway,Sweden,Norway,,,,,,,,,,,,
1496824,2025-08-09,"Botkyrka Cricket Center, Stockholm",Stockholm,,France,Austria,Austria,,,,,,,,,,,,
1496825,2025-08-10,"Botkyrka Cricket Center, Stockholm",Stockholm,,Sweden,France,France,,,,,,,,,,,,
1496826,2025-08-10,"Botkyrka Cricket Center, Stockholm",Stockholm,,Norway,Austria,Austria,,,,,,,,,,,,
1496827,2025-08-17,"Stubberudmyra Cricket Ground, Oslo",Oslo,,Sweden,Norway,Norway,,,,,,,,,,,,
1496828,2025-08-07,"Mladost Cricket Ground, Zagreb",Zagreb,,Cyprus,Croatia,Cyprus,,,,,,,,,,,,
1496829,2025-08-07,"Mladost Cricket Ground, Zagreb",Zagreb,,Croatia,Cyprus,Cyprus,,,,,,,,,,,,
1496830,2025-08-08,"Mladost Cricket Ground, Zagreb",Zagreb,,Croatia,Cyprus,Cyprus,,,,,,,,,,,,
1496831,2025-08-08,"Mladost Cricket Ground, Zagreb",Zagreb,,Cyprus,Croatia,Cyprus,,,,,,,,,,,,
1496921,2025-09-10,Dubai International Cricket Stadium,Dubai,,United Arab Emirates,India,India,India,United Arab Emirates,53,7,28,14,Abhishek Sharma,30.0,Kuldeep Yadav,13.0,46.0,
1496922,2025-09-11,"Zayed Cricket Stadium, Abu Dhabi",Abu Dhabi,,Hong Kong,Bangladesh,Bangladesh,Bangladesh,Hong Kong,144,143,113,125,Liton Das,59.0,Taskin Ahmed,27.0,1.0,
1496923,2025-09-12,Dubai International Cricket Stadium,Dubai,,Pakistan,Oman,Pakistan,Oman,Pakistan,67,155,102,117,Mohammad Haris,66.0,Shaheen Shah Afridi,25.0,88.0,
1496924,2025-09-13,"Zayed Cricket Stadium, Abu Dhabi",Abu Dhabi,,Bangladesh,Sri Lanka,Sri Lanka,Bangladesh,Sri Lanka,139,140,125,95,Shamim Hossain,42.0,Mahedi Hasan,24.0,1.0,
1496925,2025-09-14,Dubai International Cricket Stadium,Dubai,,Pakistan,India,India,India,Pakistan,131,126,96,122,Sahibzada Farhan,40.0,Saim Ayub,25.0,5.0,
1496926,2025-09-15,"Zayed Cricket Stadium, Abu Dhabi",Abu Dhabi,,United Arab Emirates,Oman,United Arab Emirates,Oman,United Arab Emirates,15,16,11,18,Shakeel Ahmed,14.0,Shakeel Ahmed,18.0,1.0,
1496927,2025-09-15,Dubai International Cricket Stadium,Dubai,,Hong Kong,Sri Lanka,Sri Lanka,,,,,,,,,,,,
1496929,2025-09-17,Dubai International Cricket Stadium,Dubai,,Pakistan,United Arab Emirates,Pakistan,Pakistan,United Arab Emirates,143,105,124,110,Fakhar Zaman,50.0,Saim Ayub,25.0,38.0,
1496931,2025-09-19,"Zayed Cricket Stadium, Abu Dhabi",Abu Dhabi,,India,Oman,India,India,Oman,105,106,64,75,Abhishek Sharma,38.0,Arshdeep Singh,25.0,,
1496932,2025-09-20,Dubai International Cricket Stadium,Dubai,,Sri Lanka,Bangladesh,Bangladesh,Bangladesh,Sri Lanka,169,168,121,122,Saif Hassan,61.0,Mahedi Hasan,25.0,1.0,
1496933,2025-09-21,Dubai International Cricket Stadium,Dubai,,Pakistan,India,India,India,Pakistan,174,171,116,129,Abhishek Sharma,74.0,Kuldeep Yadav,26.0,3.0,
1496934,2025-09-23,"Zayed Cricket Stadium, Abu Dhabi",Abu Dhabi,,Sri Lanka,Pakistan,Pakistan,Pakistan,Sri Lanka,138,133,110,124,Mohammad Nawaz,38.0,Shaheen Shah Afridi,27.0,5.0,
1496935,2025-09-24,Dubai International Cricket Stadium,Dubai,,India,Bangladesh,India,Bangladesh,India,127,168,122,123,Abhishek Sharma,75.0,Tanzim Hasan Sakib,26.0,41.0,
1496936,2025-09-25,Dubai International Cricket Stadium,Dubai,,Pakistan,Bangladesh,Pakistan,Bangladesh,Pakistan,124,135,120,124,Mohammad Haris,31.0,Mustafizur Rahman,26.0,11.0,
1496937,2025-09-26,Dubai International Cricket Stadium,Dubai,,India,Sri Lanka,,India,Sri Lanka,123,134,72,83,Abhishek Sharma,61.0,Arshdeep Singh,33.0,,
1496938,2025-09-28,Dubai International Cricket Stadium,Dubai,,Pakistan,India,India,India,Pakistan,150,146,120,119,Tilak Varma,69.0,Kuldeep Yadav,28.0,4.0,
1497874,2025-08-30,Sharjah Cricket Stadium,Sharjah,,Pakistan,United Arab Emirates,Pakistan,Pakistan,United Arab Emirates,148,176,98,125,Saim Ayub,69.0,Salman Mirza,27.0,,
1497877,2025-09-04,Sharjah Cricket Stadium,Sharjah,,Pakistan,United Arab Emirates,Pakistan,Pakistan,United Arab Emirates,167,140,116,122,Fakhar Zaman,77.0,Shaheen Shah Afridi,25.0,27.0,
1498191,2025-08-17,"Stubberudmyra Cricket Ground, Oslo",Oslo,,Sweden,Hungary,Sweden,,,,,,,,,,,,
1498192,2025-08-17,"Stubberudmyra Cricket Ground, Oslo",Oslo,,Norway,Hungary,Norway,,,,,,,,,,,,
1498662,2025-08-30,Sylhet International Cricket Stadium,Sylhet,,Netherlands,Bangladesh,Bangladesh,Bangladesh,Netherlands,138,136,85,123,Liton Das,54.0,Taskin Ahmed,26.0,2.0,
1498663,2025-09-01,Sylhet International Cricket Stadium,Sylhet,,Netherlands,Bangladesh,Bangladesh,Bangladesh,Netherlands,104,103,85,109,Tanzid Hasan,54.0,Nasum Ahmed,25.0,1.0,
1498664,2025-09-03,Sylhet International Cricket Stadium,Sylhet,,Bangladesh,Netherlands,,Bangladesh,,164,,114,,Liton Das,73.0,,,,
1498689,2025-08-14,"King George V Sports Ground, Castel",Castel,,Guernsey,Papua New Guinea,Papua New Guinea,,,,,,,,,,,,
1498690,2025-08-30,"King George V Sports Ground, Castel",Castel,,Guernsey,Switzerland,,,,,,,,,,,,,
1498691,2025-08-30,"King George V Sports Ground, Castel",Castel,,Switzerland,Guernsey,,,,,,,,,,,,,
1498696,2025-08-23,"Velden Cricket Ground, Latschach",Latschach,,Belgium,Austria,Austria,,,,,,,,,,,,
1498697,2025-08-23,"Velden Cricket Ground, Latschach",Latschach,,Austria,Belgium,Austria,,,,,,,,,,,,
1498698,2025-08-24,"Velden Cricket Ground, Latschach",Latschach,,Belgium,Austria,Austria,,,,,,,,,,,,
1498699,2025-08-24,"Velden Cricket Ground, Latschach",Latschach,,Belgium,Austria,Austria,,,,,,,,,,,,
1499011,2025-08-21,"Moara Vlasiei Cricket Ground, Ilfov County",Ilfov County,,Czech Republic,Romania,Czech Republic,,,,,,,,,,,,
1499012,2025-08-21,"Moara Vlasiei Cricket Ground, Ilfov County",Ilfov County,,Romania,Czech Republic,Romania,,,,,,,,,,,,
1499013,2025-08-22,"Moara Vlasiei Cricket Ground, Ilfov County",Ilfov County,,Romania,Czech Republic,Romania,,,,,,,,,,,,
1499014,2025-08-22,"Moara Vlasiei Cricket Ground, Ilfov County",Ilfov County,,Romania,Czech Republic,Czech Republic,,,,,,,,,,,,
1501502,2025-09-12,Malkerns Country Club oval,Malkerns,,Eswatini,Mozambique,Eswatini,,,,,,,,,,,,
1501503,2025-09-12,Malkerns Country Club oval,Malkerns,,Eswatini,Mozambique,Eswatini,,,,,,,,,,,,
1501504,2025-09-13,Malkerns Country Club oval,Malkerns,,Eswatini,Mozambique,Eswatini,,,,,,,,,,,,
1501505,2025-09-13,Malkerns Country Club oval,Malkerns,,Eswatini,Mozambique,,,,,,,,,,,,,
1501506,2025-09-14,Malkerns Country Club oval,Malkerns,,Eswatini,Mozambique,,,,,,,,,,,,,
1501895,2025-10-28,Rawalpindi Cricket Stadium,Rawalpindi,,South Africa,Pakistan,South Africa,Pakistan,South Africa,136,194,113,131,Saim Ayub,37.0,Abrar Ahmed,27.0,58.0,
1501896,2025-10-31,"Gaddafi Stadium, Lahore",Lahore,,South Africa,Pakistan,Pakistan,Pakistan,South Africa,112,110,81,119,Saim Ayub,71.0,Naseem Shah,26.0,2.0,
1501897,2025-11-01,"Gaddafi Stadium, Lahore",Lahore,,South Africa,Pakistan,Pakistan,Pakistan,South Africa,135,139,111,126,Babar Azam,68.0,Faheem Ashraf,26.0,,
1502164,2025-09-15,"Queens Sports Club, Bulawayo",Bulawayo,,Zimbabwe,Namibia,Zimbabwe,Namibia,Zimbabwe,33,47,27,33,Sikandar Raza,23.0,JJ Smit,29.0,14.0,
1502165,2025-09-16,"Queens Sports Club, Bulawayo",Bulawayo,,Namibia,Zimbabwe,Zimbabwe,Namibia,Zimbabwe,41,39,33,28,JJ Smit,4.0,JJ Smit,26.0,,
1502166,2025-09-18,"Queens Sports Club, Bulawayo",Bulawayo,,Namibia,Zimbabwe,Namibia,Namibia,Zimbabwe,27,34,27,29,Sikandar Raza,8.0,JJ Smit,26.0,,
1502743,2025-09-26,Harare Sports Club,Harare,,Namibia,Kenya,Namibia,Kenya,Namibia,5,118,15,45,JJ Smit,111.0,JJ Smit,14.0,113.0,
1502744,2025-09-26,"Takashinga Sports Club, Highfield, Harare",Harare,,Malawi,Nigeria,Nigeria,,,,,,,,,,,,
1502745,2025-09-26,Harare Sports Club,Harare,,Uganda,Zimbabwe,Zimbabwe,Uganda,Zimbabwe,51,24,44,16,Riazat Ali Shah,35.0,Sikandar Raza,25.0,,
1502746,2025-09-26,"Takashinga Sports Club, Highfield, Harare",Harare,,Botswana,Tanzania,Tanzania,,,,,,,,,,,,
1502747,2025-09-28,Harare Sports Club,Harare,,Namibia,Nigeria,Namibia,Namibia,,2,,3,,JJ Smit,2.0,,,,
1502748,2025-09-28,"Takashinga Sports Club, Highfield, Harare",Harare,,Tanzania,Uganda,Tanzania,Tanzania,Uganda,0,2,1,4,Riazat Ali Shah,2.0,,,,
1502749,2025-09-28,Harare Sports Club,Harare,,Zimbabwe,Botswana,Zimbabwe,Botswana,Zimbabwe,14,21,24,10,Sikandar Raza,21.0,Sikandar Raza,24.0,7.0,
1502750,2025-09-28,"Takashinga Sports Club, Highfield, Harare",Harare,,Malawi,Kenya,Malawi,,,,,,,,,,,,
1502751,2025-09-30,Harare Sports Club,Harare,,Zimbabwe,Tanzania,Zimbabwe,Tanzania,Zimbabwe,6,19,12,9,Sikandar Raza,19.0,Sikandar Raza,12.0,13.0,
1502752,2025-09-30,"Takashinga Sports Club, Highfield, Harare",Harare,,Botswana,Uganda,Uganda,Botswana,,7,,13,,,,Riazat Ali Shah,13.0,,
1502753,2025-09-30,Harare Sports Club,Harare,,Malawi,Namibia,Namibia,Malawi,,10,,21,,,,JJ Smit,21.0,,
1502754,2025-09-30,"Takashinga Sports Club, Highfield, Harare",Harare,,Nigeria,Kenya,Kenya,,,,,,,,,,,,
1502755,2025-10-02,Harare Sports Club,Harare,,Namibia,Tanzania,Namibia,Namibia,Tanzania,66,16,43,25,JJ Smit,61.0,JJ Smit,25.0,50.0,
1502756,2025-10-02,"Takashinga Sports Club, Highfield, Harare",Harare,,Nigeria,Botswana,Nigeria,,,,,,,,,,,,
1502757,2025-10-02,Harare Sports Club,Harare,,Kenya,Zimbabwe,Zimbabwe,Kenya,Zimbabwe,20,11,24,18,Sikandar Raza,10.0,Sikandar Raza,24.0,,
1502758,2025-10-02,"Takashinga Sports Club, Highfield, Harare",Harare,,Uganda,Malawi,Uganda,Malawi,Uganda,7,19,12,8,Riazat Ali Shah,19.0,Riazat Ali Shah,12.0,12.0,
1502759,2025-10-04,Harare Sports Club,Harare,,Kenya,Tanzania,Kenya,,,,,,,,,,,,
1502760,2025-10-04,"Takashinga Sports Club, Highfield, Harare",Harare,,Malawi,Botswana,Malawi,,,,,,,,,,,,
1502761,2025-10-04,"Takashinga Sports Club, Highfield, Harare",Harare,,Uganda,Nigeria,Uganda,Nigeria,Uganda,19,73,7,33,Riazat Ali Shah,66.0,Riazat Ali Shah,7.0,54.0,
1502762,2025-10-04,Harare Sports Club,Harare,,Namibia,Zimbabwe,Zimbabwe,Namibia,Zimbabwe,40,40,34,26,JJ Smit,23.0,JJ Smit,25.0,,
1503450,2025-10-08,Al Amerat Cricket Ground Oman Cricket (Ministry Turf 2),Al Amarat,,Samoa,Oman,Oman,Oman,Samoa,21,30,22,43,Mohammad Nadeem,21.0,Shakeel Ahmed,24.0,,
1503451,2025-10-08,Al Amerat Cricket Ground Oman Cricket (Ministry Turf 1),Al Amarat,,Qatar,United Arab Emirates,United Arab Emirates,,,,,,,,,,,,
1503452,2025-10-08,Al Amerat Cricket Ground Oman Cricket (Ministry Turf 1),Al Amarat,,Nepal,Kuwait,Nepal,Kuwait,Nepal,5,8,14,18,Kushal Malla,4.0,Sompal Kami,12.0,3.0,
1503453,2025-10-09,Al Amerat Cricket Ground Oman Cricket (Ministry Turf 2),Al Amarat,,Malaysia,Qatar,Qatar,,,,,,,,,,,,
1503454,2025-10-09,Al Amerat Cricket Ground Oman Cricket (Ministry Turf 1),Al Amarat,,Kuwait,Japan,Japan,Kuwait,,15,,12,,,,Abdul Samad,12.0,,
1503455,2025-10-09,Al Amerat Cricket Ground Oman Cricket (Ministry Turf 1),Al Amarat,,Papua New Guinea,Samoa,Samoa,,,,,,,,,,,,
1503456,2025-10-10,Al Amerat Cricket Ground Oman Cricket (Ministry Turf 2),Al Amarat,,Malaysia,United Arab Emirates,United Arab Emirates,,,,,,,,,,,,
1503457,2025-10-10,Al Amerat Cricket Ground Oman Cricket (Ministry Turf 1),Al Amarat,,Japan,Nepal,Nepal,Japan,Nepal,21,43,27,28,Aasif Sheikh,38.0,Sompal Kami,27.0,22.0,
1503458,2025-10-10,Al Amerat Cricket Ground Oman Cricket (Ministry Turf 1),Al Amarat,,Oman,Papua New Guinea,Oman,Oman,Papua New Guinea,29,22,26,36,Mohammad Nadeem,28.0,Shakeel Ahmed,24.0,7.0,
1503459,2025-10-12,Al Amerat Cricket Ground Oman Cricket (Ministry Turf 2),Al Amarat,,Oman,Qatar,Oman,Qatar,,37,,32,,,,Shakeel Ahmed,24.0,,
1503460,2025-10-12,Al Amerat Cricket Ground Oman Cricket (Ministry Turf 1),Al Amarat,,Nepal,United Arab Emirates,Nepal,Nepal,United Arab Emirates,71,20,65,20,Aasif Sheikh,51.0,Sompal Kami,19.0,51.0,
1503461,2025-10-12,Al Amerat Cricket Ground Oman Cricket (Ministry Turf 1),Al Amarat,,Japan,Samoa,Japan,,,,,,,,,,,,
1503462,2025-10-13,Al Amerat Cricket Ground Oman Cricket (Ministry Turf 1),Al Amarat,,United Arab Emirates,Oman,Oman,Oman,United Arab Emirates,15,13,29,18,Mohammad Nadeem,14.0,Shakeel Ahmed,18.0,2.0,
1503463,2025-10-13,Al Amerat Cricket Ground Oman Cricket (Ministry Turf 1),Al Amarat,,Nepal,Qatar,Nepal,Nepal,Qatar,34,21,32,15,Sompal Kami,14.0,Sompal Kami,13.0,13.0,
1503464,2025-10-15,Al Amerat Cricket Ground Oman Cricket (Ministry Turf 2),Al Amarat,,Japan,Qatar,Qatar,,,,,,,,,,,,
1503465,2025-10-15,Al Amerat Cricket Ground Oman Cricket (Ministry Turf 1),Al Amarat,,United Arab Emirates,Samoa,United Arab Emirates,,,,,,,,,,,,
1503466,2025-10-15,Al Amerat Cricket Ground Oman Cricket (Ministry Turf 1),Al Amarat,,Nepal,Oman,Nepal,Nepal,Oman,56,59,48,66,Mohammad Nadeem,25.0,Sompal Kami,25.0,,
1503467,2025-10-16,Al Amerat Cricket Ground Oman Cricket (Ministry Turf 1),Al Amarat,,Japan,United Arab Emirates,United Arab Emirates,Japan,United Arab Emirates,11,24,13,12,Abdul Samad,11.0,Abdul Samad,12.0,13.0,
1503468,2025-10-16,Al Amerat Cricket Ground Oman Cricket (Ministry Turf 1),Al Amarat,,Samoa,Qatar,Qatar,,,,,,,,,,,,
1503469,2025-10-17,Al Amerat Cricket Ground Oman Cricket (Ministry Turf 2),Al Amarat,,Japan,Oman,Oman,Japan,Oman,23,21,18,24,Abdul Samad,2.0,Abdul Samad,24.0,,
1503470,2025-10-17,Al Amerat Cricket Ground Oman Cricket (Ministry Turf 1),Al Amarat,,Nepal,Samoa,Nepal,Nepal,Samoa,70,19,41,24,Aasif Sheikh,69.0,Karan KC,24.0,51.0,
1504941,2025-09-29,Al Amerat Cricket Ground Oman Cricket (Ministry Turf 1),Al Amarat,,Kuwait,Oman,Oman,Kuwait,Oman,30,41,25,39,Mohammad Nadeem,36.0,Shakeel Ahmed,25.0,11.0,
1505125,2025-10-27,"Bir Sreshtho Flight Lieutenant Matiur Rahman Stadium, Chattogram",Chattogram,,West Indies,Bangladesh,West Indies,Bangladesh,West Indies,149,165,123,125,Tanzim Hasan Sakib,33.0,Taskin Ahmed,27.0,16.0,
1505126,2025-10-29,"Bir Sreshtho Flight Lieutenant Matiur Rahman Stadium, Chattogram",Chattogram,,West Indies,Bangladesh,West Indies,Bangladesh,West Indies,135,149,126,121,Tanzid Hasan,61.0,Mustafizur Rahman,25.0,14.0,
1505127,2025-10-31,"Bir Sreshtho Flight Lieutenant Matiur Rahman Stadium, Chattogram",Chattogram,,Bangladesh,West Indies,West Indies,Bangladesh,West Indies,151,152,125,102,Tanzid Hasan,89.0,Mahedi Hasan,24.0,1.0,
1506436,2025-10-18,"Moara Vlasiei Cricket Ground, Ilfov County",Ilfov County,,Romania,Austria,Austria,,,,,,,,,,,,
1506437,2025-10-18,"Moara Vlasiei Cricket Ground, Ilfov County",Ilfov County,,Austria,Romania,Romania,,,,,,,,,,,,
1506438,2025-10-19,"Moara Vlasiei Cricket Ground, Ilfov County",Ilfov County,,Romania,Austria,Austria,,,,,,,,,,,,
1506439,2025-10-19,"Moara Vlasiei Cricket Ground, Ilfov County",Ilfov County,,Austria,Romania,Austria,,,,,,,,,,,,
1506440,2025-10-31,Happy Valley Ground,Episkopi,,Cyprus,Serbia,Cyprus,,,,,,,,,,,,
1506441,2025-10-31,Happy Valley Ground 2,Episkopi,,Cyprus,Serbia,Cyprus,,,,,,,,,,,,
1506442,2025-11-01,Happy Valley Ground 2,Episkopi,,Serbia,Bulgaria,Bulgaria,,,,,,,,,,,,
1506443,2025-11-01,Happy Valley Ground 2,Episkopi,,Bulgaria,Serbia,Bulgaria,,,,,,,,,,,,
1506444,2025-11-02,Happy Valley Ground 2,Episkopi,,Bulgaria,Cyprus,Cyprus,,,,,,,,,,,,
1506445,2025-11-02,Happy Valley Ground 2,Episkopi,,Cyprus,Bulgaria,Cyprus,,,,,,,,,,,,
1506446,2025-11-03,Happy Valley Ground 2,Episkopi,,Bulgaria,Cyprus,Cyprus,,,,,,,,,,,,
1506447,2025-11-03,Happy Valley Ground 2,Episkopi,,Bulgaria,Cyprus,Cyprus,,,,,,,,,,,,
1507418,2025-10-30,"Sao Fernando Polo and Cricket Club, Campo Sede",Seropedica,,Panama,Mexico,,,,,,,,,,,,,
1508269,2025-11-06,Udayana Cricket Ground,Bali,,Myanmar,Indonesia,Indonesia,,,,,,,,,,,,
1508270,2025-11-06,Udayana Cricket Ground,Bali,,Timor-Leste,Indonesia,Indonesia,,,,,,,,,,,,
1508271,2025-11-07,Udayana Cricket Ground,Bali,,Timor-Leste,Myanmar,Myanmar,,,,,,,,,,,,
1508272,2025-11-08,Udayana Cricket Ground,Bali,,Timor-Leste,Indonesia,Indonesia,,,,,,,,,,,,
1508273,2025-11-08,Udayana Cricket Ground,Bali,,Indonesia,Myanmar,Indonesia,,,,,,,,,,,,
1508274,2025-11-09,Udayana Cricket Ground,Bali,,Timor-Leste,Myanmar,Myanmar,,,,,,,,,,,,
1508275,2025-11-11,Udayana Cricket Ground,Bali,,Myanmar,Indonesia,Indonesia,,,,,,,,,,,,
1508276,2025-11-11,Udayana Cricket Ground,Bali,,Timor-Leste,Indonesia,Indonesia,,,,,,,,,,,,
211028,2005-06-13,The Rose Bowl,Southampton,,England,Australia,England,,,,,,,,,,,,
211048,2005-02-17,Eden Park,Auckland,,New Zealand,Australia,Australia,,,,,,,,,,,,
222678,2005-10-21,New Wanderers Stadium,Johannesburg,,South Africa,New Zealand,New Zealand,,,,,,,,,,,,
225263,2006-08-28,County Ground,Bristol,,England,Pakistan,Pakistan,,,,,,,,,,,,
225271,2006-06-15,The Rose Bowl,Southampton,,England,Sri Lanka,Sri Lanka,,,,,,,,,,,,
226374,2006-01-09,"Brisbane Cricket Ground, Woolloongabba",Brisbane,,Australia,South Africa,Australia,,,,,,,,,,,,
237242,2006-02-16,Eden Park,Auckland,,New Zealand,West Indies,,,,,,,,,,,,,
238195,2006-02-24,New Wanderers Stadium,Johannesburg,,South Africa,Australia,South Africa,,,,,,,,,,,,
249227,2007-01-09,Sydney Cricket Ground,,,Australia,England,Australia,,,,,,,,,,,,
251487,2006-12-22,Westpac Stadium,Wellington,,New Zealand,Sri Lanka,Sri Lanka,,,,,,,,,,,,
251488,2006-12-26,Eden Park,Auckland,,New Zealand,Sri Lanka,New Zealand,,,,,,,,,,,,
255954,2006-12-01,New Wanderers Stadium,Johannesburg,,South Africa,India,India,,,,,,,,,,,,
258463,2007-06-28,Kennington Oval,London,,England,West Indies,West Indies,,,,,,,,,,,,
258464,2007-06-29,Kennington Oval,London,,England,West Indies,England,,,,,,,,,,,,
287853,2007-09-11,New Wanderers Stadium,Johannesburg,,South Africa,West Indies,South Africa,,,,,,,,,,,,
287854,2007-09-12,Kingsmead,Durban,,Kenya,New Zealand,New Zealand,,,,,,,,,,,,
287855,2007-09-12,Kingsmead,Durban,,Pakistan,Scotland,Pakistan,,,,,,,,,,,,
287856,2007-09-12,Newlands,Cape Town,,Australia,Zimbabwe,Zimbabwe,,,,,,,,,,,,
287857,2007-09-13,New Wanderers Stadium,Johannesburg,,Bangladesh,West Indies,Bangladesh,,,,,,,,,,,,
287858,2007-09-13,Newlands,Cape Town,,England,Zimbabwe,England,,,,,,,,,,,,
287860,2007-09-14,New Wanderers Stadium,Johannesburg,,Kenya,Sri Lanka,Sri Lanka,,,,,,,,,,,,
287861,2007-09-14,Newlands,Cape Town,,Australia,England,Australia,,,,,,,,,,,,
287862,2007-09-14,Kingsmead,Durban,,India,Pakistan,,,,,,,,,,,,,
287863,2007-09-15,New Wanderers Stadium,Johannesburg,,New Zealand,Sri Lanka,Sri Lanka,,,,,,,,,,,,
287864,2007-09-15,Newlands,Cape Town,,South Africa,Bangladesh,South Africa,,,,,,,,,,,,
287865,2007-09-16,New Wanderers Stadium,Johannesburg,,India,New Zealand,New Zealand,,,,,,,,,,,,
287866,2007-09-16,Newlands,Cape Town,,Australia,Bangladesh,Australia,,,,,,,,,,,,
287867,2007-09-16,Newlands,Cape Town,,South Africa,England,South Africa,,,,,,,,,,,,
287868,2007-09-17,New Wanderers Stadium,Johannesburg,,Pakistan,Sri Lanka,Pakistan,,,,,,,,,,,,
287869,2007-09-18,Kingsmead,Durban,,England,New Zealand,New Zealand,,,,,,,,,,,,
287870,2007-09-18,New Wanderers Stadium,Johannesburg,,Australia,Pakistan,Pakistan,,,,,,,,,,,,
287871,2007-09-18,New Wanderers Stadium,Johannesburg,,Bangladesh,Sri Lanka,Sri Lanka,,,,,,,,,,,,
287872,2007-09-19,Kingsmead,Durban,,South Africa,New Zealand,South Africa,,,,,,,,,,,,
287873,2007-09-19,Kingsmead,Durban,,England,India,India,,,,,,,,,,,,
287874,2007-09-20,Newlands,Cape Town,,Australia,Sri Lanka,Australia,,,,,,,,,,,,
287875,2007-09-20,Newlands,Cape Town,,Bangladesh,Pakistan,Pakistan,,,,,,,,,,,,
287876,2007-09-20,Kingsmead,Durban,,South Africa,India,India,,,,,,,,,,,,
287877,2007-09-22,Newlands,Cape Town,,New Zealand,Pakistan,Pakistan,,,,,,,,,,,,
287878,2007-09-22,Kingsmead,Durban,,Australia,India,India,,,,,,,,,,,,
287879,2007-09-24,New Wanderers Stadium,Johannesburg,,India,Pakistan,India,,,,,,,,,,,,
291343,2007-12-11,Western Australia Cricket Association Ground,Perth,,Australia,New Zealand,Australia,,,,,,,,,,,,
291356,2008-02-01,Melbourne Cricket Ground,,,Australia,India,Australia,,,,,,,,,,,,
296903,2008-06-13,Old Trafford,Manchester,,England,New Zealand,England,,,,,,,,,,,,
297800,2007-10-20,Brabourne Stadium,Mumbai,,India,Australia,India,,,,,,,,,,,,
298795,2007-11-23,New Wanderers Stadium,Johannesburg,,South Africa,New Zealand,South Africa,,,,,,,,,,,,
298804,2008-01-18,New Wanderers Stadium,Johannesburg,,South Africa,West Indies,South Africa,,,,,,,,,,,,
300435,2008-02-05,Eden Park,Auckland,,New Zealand,England,England,,,,,,,,,,,,
300436,2008-02-07,Jade Stadium,Christchurch,,New Zealand,England,England,,,,,,,,,,,,
306987,2007-09-01,Gymkhana Club Ground,Nairobi,,Kenya,Bangladesh,Bangladesh,,,,,,,,,,,,
306989,2007-09-02,Gymkhana Club Ground,Nairobi,,Bangladesh,Pakistan,Pakistan,,,,,,,,,,,,
306991,2007-09-04,Gymkhana Club Ground,Nairobi,,Kenya,Pakistan,Pakistan,,,,,,,,,,,,
319112,2007-12-16,St George's Park,Port Elizabeth,,South Africa,West Indies,West Indies,,,,,,,,,,,,
319142,2008-06-20,"Kensington Oval, Bridgetown",Barbados,,West Indies,Australia,West Indies,,,,,,,,,,,,
343764,2008-04-20,National Stadium,Karachi,,Pakistan,Bangladesh,Pakistan,,,,,,,,,,,,
350050,2009-08-30,Old Trafford,Manchester,,England,Australia,,,,,,,,,,,,,
350347,2008-11-05,New Wanderers Stadium,Johannesburg,,South Africa,Bangladesh,South Africa,,,,,,,,,,,,
350475,2009-03-27,New Wanderers Stadium,Johannesburg,,South Africa,Australia,South Africa,,,,,,,,,,,,
350476,2009-03-29,SuperSport Park,Centurion,,South Africa,Australia,South Africa,,,,,,,,,,,,
351694,2009-01-11,Melbourne Cricket Ground,,,Australia,South Africa,Australia,,,,,,,,,,,,
351695,2009-01-13,"Brisbane Cricket Ground, Woolloongabba",Brisbane,,Australia,South Africa,Australia,,,,,,,,,,,,
351696,2009-02-15,Sydney Cricket Ground,,,Australia,New Zealand,Australia,,,,,,,,,,,,
352674,2009-03-15,"Queen's Park Oval, Port of Spain",Trinidad,,West Indies,England,West Indies,,,,,,,,,,,,
354456,2008-08-03,"Civil Service Cricket Club, Stormont",Belfast,,Bermuda,Scotland,Scotland,,,,,,,,,,,,
355991,2009-06-05,Lord's,London,,England,Netherlands,Netherlands,,,,,,,,,,,,
355992,2009-06-06,Kennington Oval,London,,New Zealand,Scotland,New Zealand,,,,,,,,,,,,
355993,2009-06-06,Kennington Oval,London,,Australia,West Indies,West Indies,,,,,,,,,,,,
355994,2009-06-06,Trent Bridge,Nottingham,,Bangladesh,India,India,,,,,,,,,,,,
355995,2009-06-07,Kennington Oval,London,,Scotland,South Africa,South Africa,,,,,,,,,,,,
355996,2009-06-07,Kennington Oval,London,,England,Pakistan,England,,,,,,,,,,,,
355997,2009-06-08,Trent Bridge,Nottingham,,Bangladesh,Ireland,Ireland,,,,,,,,,,,,
355998,2009-06-08,Trent Bridge,Nottingham,,Australia,Sri Lanka,Sri Lanka,,,,,,,,,,,,
355999,2009-06-09,Lord's,London,,Netherlands,Pakistan,Pakistan,,,,,,,,,,,,
356000,2009-06-09,Lord's,London,,New Zealand,South Africa,South Africa,,,,,,,,,,,,
356001,2009-06-10,Trent Bridge,Nottingham,,India,Ireland,India,,,,,,,,,,,,
356002,2009-06-10,Trent Bridge,Nottingham,,Sri Lanka,West Indies,Sri Lanka,,,,,,,,,,,,
356003,2009-06-11,Trent Bridge,Nottingham,,Ireland,New Zealand,New Zealand,,,,,,,,,,,,
356004,2009-06-11,Trent Bridge,Nottingham,,England,South Africa,South Africa,,,,,,,,,,,,
356005,2009-06-12,Lord's,London,,Pakistan,Sri Lanka,Sri Lanka,,,,,,,,,,,,
356006,2009-06-12,Lord's,London,,India,West Indies,West Indies,,,,,,,,,,,,
356007,2009-06-13,Kennington Oval,London,,South Africa,West Indies,South Africa,,,,,,,,,,,,
356008,2009-06-13,Kennington Oval,London,,New Zealand,Pakistan,Pakistan,,,,,,,,,,,,
356009,2009-06-14,Lord's,London,,Ireland,Sri Lanka,Sri Lanka,,,,,,,,,,,,
356010,2009-06-14,Lord's,London,,England,India,England,,,,,,,,,,,,
356011,2009-06-15,Kennington Oval,London,,England,West Indies,West Indies,,,,,,,,,,,,
356012,2009-06-15,Kennington Oval,London,,Ireland,Pakistan,Pakistan,,,,,,,,,,,,
356013,2009-06-16,Trent Bridge,Nottingham,,New Zealand,Sri Lanka,Sri Lanka,,,,,,,,,,,,
356014,2009-06-16,Trent Bridge,Nottingham,,India,South Africa,South Africa,,,,,,,,,,,,
356015,2009-06-18,Trent Bridge,Nottingham,,Pakistan,South Africa,Pakistan,,,,,,,,,,,,
356016,2009-06-19,Kennington Oval,London,,Sri Lanka,West Indies,Sri Lanka,,,,,,,,,,,,
356017,2009-06-21,Lord's,London,,Pakistan,Sri Lanka,Pakistan,,,,,,,,,,,,
361530,2008-08-04,"Civil Service Cricket Club, Stormont",Belfast,,Ireland,Kenya,Ireland,,,,,,,,,,,,
361531,2008-08-04,"Civil Service Cricket Club, Stormont",Belfast,,Netherlands,Scotland,Netherlands,,,,,,,,,,,,
361656,2008-10-11,Maple Leaf North-West Ground,King City,,Pakistan,Sri Lanka,Pakistan,,,,,,,,,,,,
361660,2008-10-13,Maple Leaf North-West Ground,King City,,Pakistan,Sri Lanka,Sri Lanka,,,,,,,,,,,,
366622,2009-02-27,Westpac Stadium,Wellington,,New Zealand,India,New Zealand,,,,,,,,,,,,
366707,2008-12-26,"Eden Park, Auckland",Auckland,,New Zealand,West Indies,,,,,,,,,,,,,
366708,2008-12-28,Seddon Park,Hamilton,,New Zealand,West Indies,New Zealand,,,,,,,,,,,,
386494,2009-02-25,AMI Stadium,Christchurch,,New Zealand,India,New Zealand,,,,,,,,,,,,
386535,2009-02-10,R Premadasa Stadium,Colombo,,Sri Lanka,India,India,,,,,,,,,,,,
387563,2009-11-13,New Wanderers Stadium,Johannesburg,,South Africa,England,England,,,,,,,,,,,,
387564,2009-11-15,SuperSport Park,Centurion,,South Africa,England,South Africa,,,,,,,,,,,,
392615,2009-05-07,Dubai International Cricket Stadium,,,Australia,Pakistan,Pakistan,,,,,,,,,,,,
401076,2009-08-02,"Warner Park, Basseterre",St Kitts,,West Indies,Bangladesh,West Indies,,,,,,,,,,,,
403375,2009-08-12,R Premadasa Stadium,Colombo,,Sri Lanka,Pakistan,Pakistan,,,,,,,,,,,,
403385,2009-09-02,R Premadasa Stadium,Colombo,,Sri Lanka,New Zealand,New Zealand,,,,,,,,,,,,
403386,2009-09-04,R Premadasa Stadium,Colombo,,Sri Lanka,New Zealand,New Zealand,,,,,,,,,,,,
406197,2010-02-21,Bellerive Oval,Hobart,,Australia,West Indies,Australia,,,,,,,,,,,,
406198,2010-02-23,Sydney Cricket Ground,,,Australia,West Indies,Australia,,,,,,,,,,,,
406207,2010-02-05,Melbourne Cricket Ground,,,Australia,Pakistan,Australia,,,,,,,,,,,,
412677,2010-04-30,Providence Stadium,Guyana,,West Indies,Ireland,West Indies,Ireland,West Indies,2,16,8,24,GH Dockrell,0.0,GH Dockrell,24.0,14.0,
412678,2010-04-30,Providence Stadium,Guyana,,New Zealand,Sri Lanka,New Zealand,,,,,,,,,,,,
412680,2010-05-01,"Beausejour Stadium, Gros Islet",St Lucia,,Bangladesh,Pakistan,Pakistan,,,,,,,,,,,,
412681,2010-05-04,Providence Stadium,Guyana,,England,Ireland,,England,,19,,24,,,,GH Dockrell,24.0,,
412682,2010-05-02,"Beausejour Stadium, Gros Islet",St Lucia,,India,South Africa,India,,,,,,,,,,,,
412683,2010-05-02,"Beausejour Stadium, Gros Islet",St Lucia,,Australia,Pakistan,Australia,,,,,,,,,,,,
412684,2010-05-04,Providence Stadium,Guyana,,New Zealand,Zimbabwe,New Zealand,,,,,,,,,,,,
412685,2010-05-03,Providence Stadium,Guyana,,West Indies,England,West Indies,,,,,,,,,,,,
412686,2010-05-03,Providence Stadium,Guyana,,Sri Lanka,Zimbabwe,Sri Lanka,,,,,,,,,,,,
412688,2010-05-05,"Kensington Oval, Bridgetown",Barbados,,Australia,Bangladesh,Australia,,,,,,,,,,,,
412689,2010-05-06,"Kensington Oval, Bridgetown",Barbados,,England,Pakistan,England,,,,,,,,,,,,
412690,2010-05-06,"Kensington Oval, Bridgetown",Barbados,,New Zealand,South Africa,South Africa,,,,,,,,,,,,
412691,2010-05-07,"Kensington Oval, Bridgetown",Barbados,,Australia,India,Australia,,,,,,,,,,,,
412692,2010-05-07,"Kensington Oval, Bridgetown",Barbados,,West Indies,Sri Lanka,Sri Lanka,,,,,,,,,,,,
412693,2010-05-08,"Kensington Oval, Bridgetown",Barbados,,New Zealand,Pakistan,New Zealand,,,,,,,,,,,,
412694,2010-05-08,"Kensington Oval, Bridgetown",Barbados,,England,South Africa,England,,,,,,,,,,,,
412695,2010-05-09,"Kensington Oval, Bridgetown",Barbados,,West Indies,India,West Indies,,,,,,,,,,,,
412696,2010-05-09,"Kensington Oval, Bridgetown",Barbados,,Australia,Sri Lanka,Australia,,,,,,,,,,,,
412697,2010-05-10,"Beausejour Stadium, Gros Islet",St Lucia,,Pakistan,South Africa,Pakistan,,,,,,,,,,,,
412698,2010-05-10,"Beausejour Stadium, Gros Islet",St Lucia,,England,New Zealand,England,,,,,,,,,,,,
412699,2010-05-11,"Beausejour Stadium, Gros Islet",St Lucia,,India,Sri Lanka,Sri Lanka,,,,,,,,,,,,
412700,2010-05-11,"Beausejour Stadium, Gros Islet",St Lucia,,West Indies,Australia,Australia,,,,,,,,,,,,
412701,2010-05-13,"Beausejour Stadium, Gros Islet",St Lucia,,England,Sri Lanka,England,,,,,,,,,,,,
412702,2010-05-14,"Beausejour Stadium, Gros Islet",St Lucia,,Australia,Pakistan,Australia,,,,,,,,,,,,
412703,2010-05-16,"Kensington Oval, Bridgetown",Barbados,,Australia,England,England,,,,,,,,,,,,
423782,2010-02-03,Seddon Park,Hamilton,,New Zealand,Bangladesh,New Zealand,,,,,,,,,,,,
423787,2010-02-26,Westpac Stadium,Wellington,,New Zealand,Australia,Australia,,,,,,,,,,,,
423788,2010-02-28,AMI Stadium,Christchurch,,New Zealand,Australia,,,,,,,,,,,,,
426392,2010-07-05,Edgbaston,Birmingham,,Australia,Pakistan,Pakistan,,,,,,,,,,,,
426393,2010-07-06,Edgbaston,Birmingham,,Australia,Pakistan,Pakistan,,,,,,,,,,,,
426417,2010-09-05,Sophia Gardens,Cardiff,,England,Pakistan,England,,,,,,,,,,,,
426418,2010-09-07,Sophia Gardens,Cardiff,,England,Pakistan,England,,,,,,,,,,,,
426723,2009-11-12,Dubai International Cricket Stadium,,,New Zealand,Pakistan,Pakistan,,,,,,,,,,,,
426724,2009-11-13,Dubai International Cricket Stadium,,,New Zealand,Pakistan,Pakistan,,,,,,,,,,,,
430884,2009-12-09,"Vidarbha Cricket Association Stadium, Jamtha",Nagpur,,India,Sri Lanka,Sri Lanka,,,,,,,,,,,,
430885,2009-12-12,"Punjab Cricket Association Stadium, Mohali",Chandigarh,,India,Sri Lanka,India,,,,,,,,,,,,
439139,2010-02-28,"Queen's Park Oval, Port of Spain",Trinidad,,West Indies,Zimbabwe,Zimbabwe,,,,,,,,,,,,
439146,2010-05-19,"Sir Vivian Richards Stadium, North Sound",Antigua,,West Indies,South Africa,South Africa,,,,,,,,,,,,
439497,2010-02-09,Dubai International Cricket Stadium,,,Canada,Netherlands,Netherlands,Canada,,4,,4,,Rizwan Cheema,3.0,,,,
439499,2010-02-10,Dubai International Cricket Stadium,,,Canada,Kenya,Kenya,Canada,Kenya,33,17,22,12,Rizwan Cheema,32.0,Rizwan Cheema,12.0,,
439505,2010-02-11,Dubai International Cricket Stadium,,,Ireland,Scotland,Ireland,Scotland,,9,,12,,,,GH Dockrell,12.0,,
439510,2010-02-13,Dubai International Cricket Stadium,,,Ireland,Netherlands,Ireland,Netherlands,,20,,21,,,,GH Dockrell,21.0,,
440945,2010-02-19,Dubai International Cricket Stadium,,,England,Pakistan,England,,,,,,,,,,,,
440946,2010-02-20,Dubai International Cricket Stadium,,,England,Pakistan,Pakistan,,,,,,,,,,,,
446956,2010-10-31,Western Australia Cricket Association Ground,Perth,,Australia,Sri Lanka,Sri Lanka,,,,,,,,,,,,
446960,2011-01-12,Adelaide Oval,,,Australia,England,England,,,,,,,,,,,,
446961,2011-01-14,Melbourne Cricket Ground,,,Australia,England,Australia,,,,,,,,,,,,
447539,2010-05-20,"Sir Vivian Richards Stadium, North Sound",Antigua,,West Indies,South Africa,South Africa,,,,,,,,,,,,
452153,2010-06-12,Harare Sports Club,,,Zimbabwe,India,India,,,,,,,,,,,,
452154,2010-06-13,Harare Sports Club,,,Zimbabwe,India,India,,,,,,,,,,,,
456991,2010-05-22,Central Broward Regional Park Stadium Turf Ground,Lauderhill,,New Zealand,Sri Lanka,New Zealand,,,,,,,,,,,,
456992,2010-05-23,Central Broward Regional Park Stadium Turf Ground,Lauderhill,,New Zealand,Sri Lanka,Sri Lanka,,,,,,,,,,,,
461565,2010-10-27,Sheikh Zayed Stadium,Abu Dhabi,,Pakistan,South Africa,South Africa,,,,,,,,,,,,
463141,2010-10-08,OUTsurance Oval,Bloemfontein,,South Africa,Zimbabwe,South Africa,,,,,,,,,,,,
463142,2010-10-10,De Beers Diamond Oval,Kimberley,,South Africa,Zimbabwe,South Africa,,,,,,,,,,,,
463149,2011-01-09,Moses Mabhida Stadium,Durban,,South Africa,India,India,,,,,,,,,,,,
473918,2010-12-26,Eden Park,Auckland,,New Zealand,Pakistan,New Zealand,Pakistan,,47,,24,,,,AF Milne,24.0,,
473919,2010-12-28,Seddon Park,Hamilton,,New Zealand,Pakistan,New Zealand,,,,,,,,,,,,
473920,2010-12-30,AMI Stadium,Christchurch,,New Zealand,Pakistan,Pakistan,New Zealand,Pakistan,3,49,7,26,AF Milne,3.0,AF Milne,26.0,46.0,
474466,2011-06-25,County Ground,Bristol,,England,Sri Lanka,Sri Lanka,,,,,,,,,,,,
474476,2011-08-31,Old Trafford,Manchester,,England,India,England,,,,,,,,,,,,
478279,2010-10-26,Sheikh Zayed Stadium,Abu Dhabi,,Pakistan,South Africa,South Africa,,,,,,,,,,,,
489212,2011-04-21,"Beausejour Stadium, Gros Islet",St Lucia,,West Indies,Pakistan,West Indies,,,,,,,,,,,,
489220,2011-06-04,"Queen's Park Oval, Port of Spain",Trinidad,,West Indies,India,India,,,,,,,,,,,,
514023,2011-10-13,Newlands,Cape Town,,South Africa,Australia,Australia,,,,,,,,,,,,
514024,2011-10-16,New Wanderers Stadium,Johannesburg,,South Africa,Australia,South Africa,,,,,,,,,,,,
516204,2011-08-06,Pallekele International Cricket Stadium,,,Sri Lanka,Australia,Sri Lanka,,,,,,,,,,,,
516205,2011-08-08,Pallekele International Cricket Stadium,,,Sri Lanka,Australia,Sri Lanka,,,,,,,,,,,,
518954,2012-02-01,Stadium Australia,Sydney,,Australia,India,Australia,,,,,,,,,,,,
518955,2012-02-03,Melbourne Cricket Ground,,,Australia,India,India,,,,,,,,,,,,
520595,2012-02-11,Eden Park,Auckland,,New Zealand,Zimbabwe,New Zealand,,,,,,,,,,,,
520596,2012-02-14,Seddon Park,Hamilton,,New Zealand,Zimbabwe,New Zealand,,,,,,,,,,,,
520597,2012-02-17,Westpac Stadium,Wellington,,New Zealand,South Africa,New Zealand,,,,,,,,,,,,
520598,2012-02-19,Seddon Park,Hamilton,,New Zealand,South Africa,South Africa,,,,,,,,,,,,
520599,2012-02-22,Eden Park,Auckland,,New Zealand,South Africa,South Africa,,,,,,,,,,,,
521217,2011-10-29,Eden Gardens,Kolkata,,India,England,England,,,,,,,,,,,,
523735,2011-09-16,Harare Sports Club,,,Zimbabwe,Pakistan,Pakistan,,,,,,,,,,,,
523736,2011-09-18,Harare Sports Club,,,Zimbabwe,Pakistan,Pakistan,,,,,,,,,,,,
525816,2011-09-23,Kennington Oval,London,,England,West Indies,England,,,,,,,,,,,,
525817,2011-09-25,Kennington Oval,London,,England,West Indies,West Indies,,,,,,,,,,,,
527012,2011-10-15,Harare Sports Club,,,Zimbabwe,New Zealand,New Zealand,,,,,,,,,,,,
527013,2011-10-17,Harare Sports Club,,,Zimbabwe,New Zealand,New Zealand,,,,,,,,,,,,
530432,2011-11-25,Sheikh Zayed Stadium,Abu Dhabi,,Pakistan,Sri Lanka,Pakistan,,,,,,,,,,,,
531635,2012-02-23,Dubai International Cricket Stadium,,,England,Pakistan,Pakistan,,,,,,,,,,,,
531636,2012-02-25,Dubai International Cricket Stadium,,,England,Pakistan,England,,,,,,,,,,,,
531637,2012-02-27,Sheikh Zayed Stadium,Abu Dhabi,,England,Pakistan,England,,,,,,,,,,,,
531982,2011-10-11,Shere Bangla National Stadium,Mirpur,,Bangladesh,West Indies,Bangladesh,,,,,,,,,,,,
533272,2012-09-18,"Mahinda Rajapaksa International Cricket Stadium, Sooriyawewa",Hambantota,,Sri Lanka,Zimbabwe,Sri Lanka,,,,,,,,,,,,
533273,2012-09-19,R Premadasa Stadium,Colombo,,Australia,Ireland,Australia,Australia,,31,,19,,,,GH Dockrell,19.0,,
533275,2012-09-20,"Mahinda Rajapaksa International Cricket Stadium, Sooriyawewa",Hambantota,,South Africa,Zimbabwe,South Africa,,,,,,,,,,,,
533276,2012-09-21,Pallekele International Cricket Stadium,,,Bangladesh,New Zealand,New Zealand,,,,,,,,,,,,
533278,2012-09-22,"Mahinda Rajapaksa International Cricket Stadium, Sooriyawewa",Hambantota,,Sri Lanka,South Africa,South Africa,,,,,,,,,,,,
533279,2012-09-22,R Premadasa Stadium,Colombo,,Australia,West Indies,Australia,,,,,,,,,,,,
533280,2012-09-23,Pallekele International Cricket Stadium,,,New Zealand,Pakistan,Pakistan,Pakistan,,12,,6,,,,AF Milne,6.0,,
533281,2012-09-23,R Premadasa Stadium,Colombo,,England,India,India,,,,,,,,,,,,
533282,2012-09-24,R Premadasa Stadium,Colombo,,Ireland,West Indies,,,,,,,,,,,,,
533283,2012-09-25,Pallekele International Cricket Stadium,,,Bangladesh,Pakistan,Pakistan,,,,,,,,,,,,
533284,2012-09-27,Pallekele International Cricket Stadium,,,Sri Lanka,New Zealand,,,,,,,,,,,,,
533285,2012-09-27,Pallekele International Cricket Stadium,,,England,West Indies,West Indies,,,,,,,,,,,,
533286,2012-09-28,R Premadasa Stadium,Colombo,,Pakistan,South Africa,Pakistan,,,,,,,,,,,,
533287,2012-09-28,R Premadasa Stadium,Colombo,,Australia,India,Australia,,,,,,,,,,,,
533288,2012-09-29,Pallekele International Cricket Stadium,,,England,New Zealand,England,,,,,,,,,,,,
533289,2012-09-29,Pallekele International Cricket Stadium,,,Sri Lanka,West Indies,Sri Lanka,,,,,,,,,,,,
533290,2012-09-30,R Premadasa Stadium,Colombo,,Australia,South Africa,Australia,,,,,,,,,,,,
533291,2012-09-30,R Premadasa Stadium,Colombo,,India,Pakistan,India,,,,,,,,,,,,
533292,2012-10-01,Pallekele International Cricket Stadium,,,New Zealand,West Indies,,,,,,,,,,,,,
533293,2012-10-01,Pallekele International Cricket Stadium,,,Sri Lanka,England,Sri Lanka,,,,,,,,,,,,
533294,2012-10-02,R Premadasa Stadium,Colombo,,Australia,Pakistan,Pakistan,,,,,,,,,,,,
533295,2012-10-02,R Premadasa Stadium,Colombo,,India,South Africa,India,,,,,,,,,,,,
533296,2012-10-04,R Premadasa Stadium,Colombo,,Sri Lanka,Pakistan,Sri Lanka,,,,,,,,,,,,
533297,2012-10-05,R Premadasa Stadium,Colombo,,Australia,West Indies,West Indies,,,,,,,,,,,,
533298,2012-10-07,R Premadasa Stadium,Colombo,,Sri Lanka,West Indies,West Indies,,,,,,,,,,,,
534208,2012-06-24,Trent Bridge,Nottingham,,England,West Indies,England,,,,,,,,,,,,
534233,2012-09-08,Riverside Ground,Chester-le-Street,,England,South Africa,South Africa,,,,,,,,,,,,
534234,2012-09-10,Old Trafford,Manchester,,England,South Africa,,,,,,,,,,,,,
534235,2012-09-12,Edgbaston,Birmingham,,England,South Africa,England,,,,,,,,,,,,
538068,2011-11-29,Shere Bangla National Stadium,Mirpur,,Bangladesh,Pakistan,Pakistan,,,,,,,,,,,,
540173,2012-03-27,"Beausejour Stadium, Gros Islet",St Lucia,,West Indies,Australia,Australia,,,,,,,,,,,,
540174,2012-03-30,"Kensington Oval, Bridgetown",Barbados,,West Indies,Australia,West Indies,,,,,,,,,,,,
543883,2012-02-22,Mombasa Sports Club Ground,,,Kenya,Ireland,Ireland,Kenya,,15,,24,,,,GH Dockrell,24.0,,
543884,2012-02-23,Mombasa Sports Club Ground,,,Kenya,Ireland,Ireland,Kenya,,27,,25,,,,GH Dockrell,25.0,,
543885,2012-02-24,Mombasa Sports Club Ground,,,Kenya,Ireland,Ireland,Ireland,Kenya,2,13,2,24,GH Dockrell,2.0,GH Dockrell,24.0,,
546410,2012-03-13,Dubai International Cricket Stadium,,,Canada,Netherlands,Netherlands,Canada,Netherlands,0,30,2,25,Rizwan Cheema,0.0,Rizwan Cheema,25.0,30.0,
546414,2012-03-14,Dubai International Cricket Stadium,,,Ireland,Kenya,Ireland,Kenya,,16,,24,,,,GH Dockrell,24.0,,
546442,2012-03-18,Dubai International Cricket Stadium,,,Ireland,Scotland,Ireland,Scotland,,13,,12,,,,GH Dockrell,12.0,,
546462,2012-03-22,Dubai International Cricket Stadium,,,Canada,Ireland,Ireland,Canada,Ireland,23,18,29,6,Rizwan Cheema,5.0,GH Dockrell,24.0,,
546470,2012-03-23,Dubai International Cricket Stadium,,,Ireland,Netherlands,Ireland,Netherlands,,29,,24,,,,GH Dockrell,24.0,,
546473,2012-03-23,Dubai International Cricket Stadium,,,Canada,Scotland,Scotland,Canada,Scotland,12,24,9,24,Rizwan Cheema,8.0,Rizwan Cheema,24.0,12.0,
556252,2012-03-30,New Wanderers Stadium,Johannesburg,,South Africa,India,South Africa,,,,,,,,,,,,
560921,2012-06-30,Central Broward Regional Park Stadium Turf Ground,Lauderhill,,New Zealand,West Indies,West Indies,,,,,,,,,,,,
560922,2012-07-01,Central Broward Regional Park Stadium Turf Ground,Lauderhill,,New Zealand,West Indies,West Indies,,,,,,,,,,,,
562437,2012-06-01,"Mahinda Rajapaksa International Cricket Stadium, Sooriyawewa",Hambantota,,Sri Lanka,Pakistan,Sri Lanka,,,,,,,,,,,,
562438,2012-06-03,"Mahinda Rajapaksa International Cricket Stadium, Sooriyawewa",Hambantota,,Sri Lanka,Pakistan,Pakistan,,,,,,,,,,,,
564786,2012-08-07,Pallekele International Cricket Stadium,,,Sri Lanka,India,India,,,,,,,,,,,,
565810,2012-12-20,Subrata Roy Sahara Stadium,Pune,,India,England,India,,,,,,,,,,,,
565811,2012-12-22,Wankhede Stadium,Mumbai,,India,England,England,,,,,,,,,,,,
565820,2012-09-11,"MA Chidambaram Stadium, Chepauk",Chennai,,India,New Zealand,New Zealand,India,,36,,18,,,,AF Milne,18.0,,
566926,2013-06-25,Kennington Oval,London,,England,New Zealand,New Zealand,,,,,,,,,,,,
566927,2013-06-27,Kennington Oval,London,,England,New Zealand,,,,,,,,,,,,,
566937,2013-08-29,The Rose Bowl,Southampton,,England,Australia,Australia,,,,,,,,,,,,
566938,2013-08-31,Riverside Ground,Chester-le-Street,,England,Australia,England,,,,,,,,,,,,
567071,2012-07-18,"Civil Service Cricket Club, Stormont",Belfast,,Ireland,Bangladesh,Bangladesh,,,,,,,,,,,,
567205,2012-07-25,Sportpark Westvliet,The Hague,,Netherlands,Bangladesh,Bangladesh,,,,,,,,,,,,
567353,2012-12-21,Kingsmead,Durban,,South Africa,New Zealand,South Africa,,,,,,,,,,,,
567354,2012-12-23,Buffalo Park,East London,,South Africa,New Zealand,New Zealand,,,,,,,,,,,,
567355,2012-12-26,St George's Park,Port Elizabeth,,South Africa,New Zealand,South Africa,,,,,,,,,,,,
567367,2013-03-03,SuperSport Park,Centurion,,South Africa,Pakistan,Pakistan,,,,,,,,,,,,
569237,2013-02-09,Eden Park,Auckland,,New Zealand,England,England,,,,,,,,,,,,
569238,2013-02-12,Seddon Park,Hamilton,,New Zealand,England,New Zealand,,,,,,,,,,,,
569239,2013-02-15,Westpac Stadium,Wellington,,New Zealand,England,England,,,,,,,,,,,,
571148,2012-09-05,Dubai International Cricket Stadium,,,Australia,Pakistan,Pakistan,,,,,,,,,,,,
571149,2012-09-07,Dubai International Cricket Stadium,,,Australia,Pakistan,,,,,,,,,,,,,
571150,2012-09-10,Dubai International Cricket Stadium,,,Australia,Pakistan,Australia,,,,,,,,,,,,
573019,2013-01-26,Stadium Australia,Sydney,,Australia,Sri Lanka,Sri Lanka,,,,,,,,,,,,
573020,2013-01-28,Melbourne Cricket Ground,,,Australia,Sri Lanka,Sri Lanka,,,,,,,,,,,,
573027,2013-02-13,"Brisbane Cricket Ground, Woolloongabba",Brisbane,,Australia,West Indies,West Indies,,,,,,,,,,,,
573672,2012-07-26,Sportpark Westvliet,The Hague,,Netherlands,Bangladesh,Netherlands,,,,,,,,,,,,
582186,2012-10-30,Pallekele International Cricket Stadium,,,Sri Lanka,New Zealand,,,,,,,,,,,,,
587476,2012-12-10,Shere Bangla National Stadium,Mirpur,,Bangladesh,West Indies,West Indies,,,,,,,,,,,,
589306,2012-12-25,M Chinnaswamy Stadium,Bangalore,,India,Pakistan,Pakistan,,,,,,,,,,,,
589307,2012-12-28,"Sardar Patel Stadium, Motera",Ahmedabad,,India,Pakistan,India,,,,,,,,,,,,
592268,2013-03-15,ICC Global Cricket Academy,Dubai,,Canada,Kenya,Canada,Canada,Kenya,5,30,8,24,Rizwan Cheema,5.0,Rizwan Cheema,24.0,,
592269,2013-03-16,ICC Global Cricket Academy,Dubai,,Canada,Kenya,Kenya,Canada,Kenya,9,24,8,19,Rizwan Cheema,9.0,Rizwan Cheema,18.0,15.0,
592276,2013-04-20,Wanderers Cricket Ground,Windhoek,,Kenya,Netherlands,Kenya,,,,,,,,,,,,
593986,2013-03-02,"Sir Vivian Richards Stadium, North Sound",Antigua,,West Indies,Zimbabwe,West Indies,,,,,,,,,,,,
593987,2013-03-03,"Sir Vivian Richards Stadium, North Sound",Antigua,,West Indies,Zimbabwe,West Indies,,,,,,,,,,,,
602477,2013-03-31,Pallekele International Cricket Stadium,,,Sri Lanka,Bangladesh,Sri Lanka,,,,,,,,,,,,
623571,2013-05-11,Queens Sports Club,Bulawayo,,Zimbabwe,Bangladesh,Zimbabwe,Zimbabwe,,14,,14,,Sikandar Raza,14.0,,,,
623572,2013-05-12,Queens Sports Club,Bulawayo,,Zimbabwe,Bangladesh,Bangladesh,Bangladesh,Zimbabwe,0,39,2,33,Sikandar Raza,31.0,,,,
630951,2013-04-19,Wanderers Cricket Ground,Windhoek,,Kenya,Netherlands,Kenya,,,,,,,,,,,,
635658,2013-08-02,R Premadasa Stadium,Colombo,,Sri Lanka,South Africa,South Africa,,,,,,,,,,,,
635659,2013-08-04,"Mahinda Rajapaksa International Cricket Stadium, Sooriyawewa",Hambantota,,Sri Lanka,South Africa,South Africa,,,,,,,,,,,,
635660,2013-08-06,"Mahinda Rajapaksa International Cricket Stadium, Sooriyawewa",Hambantota,,Sri Lanka,South Africa,Sri Lanka,,,,,,,,,,,,
636164,2014-01-29,Bellerive Oval,Hobart,,Australia,England,Australia,,,,,,,,,,,,
636165,2014-01-31,Melbourne Cricket Ground,,,Australia,England,Australia,,,,,,,,,,,,
636166,2014-02-02,Stadium Australia,Sydney,,Australia,England,Australia,,,,,,,,,,,,
636536,2014-03-09,"Kensington Oval, Bridgetown",Barbados,,West Indies,England,West Indies,,,,,,,,,,,,
636537,2014-03-11,"Kensington Oval, Bridgetown",Barbados,,West Indies,England,West Indies,,,,,,,,,,,,
636538,2014-03-13,"Kensington Oval, Bridgetown",Barbados,,West Indies,England,England,,,,,,,,,,,,
645645,2013-07-27,"Arnos Vale Ground, Kingstown",St Vincent,,West Indies,Pakistan,Pakistan,,,,,,,,,,,,
645647,2013-07-28,"Arnos Vale Ground, Kingstown",St Vincent,,West Indies,Pakistan,Pakistan,,,,,,,,,,,,
647247,2013-10-10,Saurashtra Cricket Association Stadium,Rajkot,,India,Australia,India,,,,,,,,,,,,
648681,2014-03-12,Kingsmead,Durban,,South Africa,Australia,Australia,,,,,,,,,,,,
648683,2014-03-14,SuperSport Park,Centurion,,South Africa,Australia,Australia,,,,,,,,,,,,
649101,2013-11-13,Dubai International Cricket Stadium,,,Pakistan,South Africa,South Africa,,,,,,,,,,,,
649103,2013-11-15,Dubai International Cricket Stadium,,,Pakistan,South Africa,South Africa,,,,,,,,,,,,
657633,2013-12-11,Dubai International Cricket Stadium,,,Pakistan,Sri Lanka,Pakistan,,,,,,,,,,,,
657635,2013-12-13,Dubai International Cricket Stadium,,,Pakistan,Sri Lanka,Sri Lanka,,,,,,,,,,,,
659545,2013-08-23,Harare Sports Club,,,Zimbabwe,Pakistan,Pakistan,,,,,,,,,,,,
659547,2013-08-24,Harare Sports Club,,,Zimbabwe,Pakistan,Pakistan,,,,,,,,,,,,
660113,2013-11-16,Sheikh Zayed Stadium,Abu Dhabi,,Canada,Ireland,Ireland,Canada,Ireland,30,30,25,25,Rizwan Cheema,0.0,GH Dockrell,24.0,,
660149,2013-11-19,ICC Academy,Dubai,,Kenya,Scotland,Kenya,,,,,,,,,,,,
660173,2013-11-22,ICC Academy,Dubai,,Netherlands,Scotland,Scotland,,,,,,,,,,,,
660185,2013-11-23,ICC Academy,Dubai,,Kenya,Netherlands,Netherlands,,,,,,,,,,,,
660209,2013-11-26,Sharjah Cricket Stadium,,,Canada,Kenya,Kenya,Canada,Kenya,0,18,3,14,Rizwan Cheema,0.0,Rizwan Cheema,12.0,18.0,
660223,2013-11-28,Sheikh Zayed Stadium,Abu Dhabi,,Netherlands,Scotland,Netherlands,,,,,,,,,,,,
661695,2014-01-11,Eden Park,Auckland,,New Zealand,West Indies,New Zealand,West Indies,,16,,25,,,,AF Milne,24.0,,
661697,2014-01-15,Westpac Stadium,Wellington,,New Zealand,West Indies,New Zealand,West Indies,,23,,24,,,,AF Milne,24.0,,
667731,2014-09-07,Edgbaston,Birmingham,,England,India,England,,,,,,,,,,,,
667887,2014-05-20,Kennington Oval,London,,England,Sri Lanka,Sri Lanka,,,,,,,,,,,,
668959,2013-11-06,Shere Bangla National Stadium,Mirpur,,Bangladesh,New Zealand,New Zealand,,,,,,,,,,,,
668969,2013-11-21,Pallekele International Cricket Stadium,,,Sri Lanka,New Zealand,Sri Lanka,,,,,,,,,,,,
682899,2014-03-16,Zahur Ahmed Chowdhury Stadium,Chittagong,,Hong Kong,Nepal,Nepal,Hong Kong,,13,,18,,,,Sompal Kami,18.0,,
682901,2014-03-17,Sylhet Stadium,,,Ireland,Zimbabwe,Ireland,Ireland,Zimbabwe,0,30,1,32,Sikandar Raza,10.0,GH Dockrell,24.0,,
682903,2014-03-17,Sylhet Stadium,,,Netherlands,United Arab Emirates,Netherlands,,,,,,,,,,,,
682907,2014-03-18,Zahur Ahmed Chowdhury Stadium,Chittagong,,Bangladesh,Nepal,Bangladesh,Bangladesh,,21,,12,,,,Sompal Kami,12.0,,
682909,2014-03-19,Sylhet Stadium,,,Netherlands,Zimbabwe,Zimbabwe,Zimbabwe,,13,,12,,Sikandar Raza,13.0,,,,
682911,2014-03-19,Sylhet Stadium,,,Ireland,United Arab Emirates,Ireland,United Arab Emirates,,10,,7,,,,GH Dockrell,6.0,,
682915,2014-03-20,Zahur Ahmed Chowdhury Stadium,Chittagong,,Bangladesh,Hong Kong,Hong Kong,,,,,,,,,,,,
682917,2014-03-21,Sylhet Stadium,,,United Arab Emirates,Zimbabwe,Zimbabwe,United Arab Emirates,Zimbabwe,15,9,20,14,Sikandar Raza,9.0,Sikandar Raza,19.0,,
682919,2014-03-21,Sylhet Stadium,,,Ireland,Netherlands,Netherlands,Netherlands,,43,,19,,,,GH Dockrell,18.0,,
682921,2014-03-21,Shere Bangla National Stadium,Mirpur,,India,Pakistan,India,,,,,,,,,,,,
682923,2014-03-22,Zahur Ahmed Chowdhury Stadium,Chittagong,,South Africa,Sri Lanka,Sri Lanka,,,,,,,,,,,,
682925,2014-03-22,Zahur Ahmed Chowdhury Stadium,Chattogram,,England,New Zealand,New Zealand,,,,,,,,,,,,
682927,2014-03-23,Shere Bangla National Stadium,Mirpur,,Australia,Pakistan,Pakistan,,,,,,,,,,,,
682929,2014-03-23,Shere Bangla National Stadium,Mirpur,,India,West Indies,India,,,,,,,,,,,,
682931,2014-03-24,Zahur Ahmed Chowdhury Stadium,Chittagong,,New Zealand,South Africa,South Africa,,,,,,,,,,,,
682933,2014-03-24,Zahur Ahmed Chowdhury Stadium,Chittagong,,Netherlands,Sri Lanka,Sri Lanka,,,,,,,,,,,,
682935,2014-03-25,Shere Bangla National Stadium,Mirpur,,Bangladesh,West Indies,West Indies,,,,,,,,,,,,
682937,2014-03-27,Zahur Ahmed Chowdhury Stadium,Chittagong,,Netherlands,South Africa,South Africa,,,,,,,,,,,,
682939,2014-03-27,Zahur Ahmed Chowdhury Stadium,Chittagong,,England,Sri Lanka,England,,,,,,,,,,,,
682941,2014-03-28,Shere Bangla National Stadium,Mirpur,,Australia,West Indies,West Indies,,,,,,,,,,,,
682943,2014-03-28,Shere Bangla National Stadium,Mirpur,,Bangladesh,India,India,,,,,,,,,,,,
682945,2014-03-29,Zahur Ahmed Chowdhury Stadium,Chittagong,,Netherlands,New Zealand,New Zealand,,,,,,,,,,,,
682947,2014-03-29,Zahur Ahmed Chowdhury Stadium,Chittagong,,England,South Africa,South Africa,,,,,,,,,,,,
682949,2014-03-30,Shere Bangla National Stadium,Mirpur,,Bangladesh,Pakistan,Pakistan,,,,,,,,,,,,
682951,2014-03-30,Shere Bangla National Stadium,Mirpur,,Australia,India,India,,,,,,,,,,,,
682953,2014-03-31,Zahur Ahmed Chowdhury Stadium,Chittagong,,England,Netherlands,Netherlands,,,,,,,,,,,,
682955,2014-03-31,Zahur Ahmed Chowdhury Stadium,Chittagong,,New Zealand,Sri Lanka,Sri Lanka,,,,,,,,,,,,
682957,2014-04-01,Shere Bangla National Stadium,Mirpur,,Bangladesh,Australia,Australia,Australia,,26,,25,,,,Taskin Ahmed,25.0,,
682959,2014-04-01,Shere Bangla National Stadium,Mirpur,,Pakistan,West Indies,West Indies,,,,,,,,,,,,
682961,2014-04-03,Shere Bangla National Stadium,Mirpur,,Sri Lanka,West Indies,Sri Lanka,,,,,,,,,,,,
682963,2014-04-04,Shere Bangla National Stadium,Mirpur,,India,South Africa,India,,,,,,,,,,,,
682965,2014-04-06,Shere Bangla National Stadium,Mirpur,,India,Sri Lanka,Sri Lanka,,,,,,,,,,,,
685727,2013-11-20,New Wanderers Stadium,Johannesburg,,South Africa,Pakistan,South Africa,,,,,,,,,,,,
685729,2013-11-22,Newlands,Cape Town,,South Africa,Pakistan,Pakistan,,,,,,,,,,,,
690351,2014-02-12,Zahur Ahmed Chowdhury Stadium,Chittagong,,Bangladesh,Sri Lanka,Sri Lanka,,,,,,,,,,,,
690353,2014-02-14,Zahur Ahmed Chowdhury Stadium,Chittagong,,Bangladesh,Sri Lanka,Sri Lanka,,,,,,,,,,,,
702141,2014-02-19,"Sabina Park, Kingston",Jamaica,,West Indies,Ireland,Ireland,West Indies,,15,,25,,,,GH Dockrell,24.0,,
702143,2014-02-21,"Sabina Park, Kingston",Jamaica,,West Indies,Ireland,West Indies,West Indies,,14,,18,,,,GH Dockrell,18.0,,
722335,2015-01-09,Newlands,Cape Town,,South Africa,West Indies,West Indies,,,,,,,,,,,,
722337,2015-01-11,New Wanderers Stadium,Johannesburg,,South Africa,West Indies,West Indies,,,,,,,,,,,,
727917,2014-10-05,Dubai International Cricket Stadium,,,Australia,Pakistan,Australia,,,,,,,,,,,,
730283,2014-07-05,"Windsor Park, Roseau",Dominica,,West Indies,New Zealand,New Zealand,,,,,,,,,,,,
730285,2014-07-06,"Windsor Park, Roseau",Dominica,,West Indies,New Zealand,West Indies,,,,,,,,,,,,
730293,2014-08-27,"Warner Park, Basseterre",St Kitts,,West Indies,Bangladesh,,,,,,,,,,,,,
736063,2015-01-14,Kingsmead,Durban,,South Africa,West Indies,South Africa,,,,,,,,,,,,
742617,2014-12-04,Dubai International Cricket Stadium,,,New Zealand,Pakistan,Pakistan,New Zealand,Pakistan,3,18,3,24,AF Milne,2.0,AF Milne,24.0,15.0,
743953,2015-06-23,Old Trafford,Manchester,,England,New Zealand,England,,,,,,,,,,,,
743975,2015-08-31,Sophia Gardens,Cardiff,,England,Australia,England,,,,,,,,,,,,
754039,2014-12-05,Dubai International Cricket Stadium,,,New Zealand,Pakistan,New Zealand,,,,,,,,,,,,
754717,2014-11-05,Adelaide Oval,,,Australia,South Africa,South Africa,,,,,,,,,,,,
754719,2014-11-07,Melbourne Cricket Ground,,,Australia,South Africa,Australia,,,,,,,,,,,,
754721,2014-11-09,Stadium Australia,Sydney,,Australia,South Africa,Australia,,,,,,,,,,,,
800479,2016-02-19,Newlands,Cape Town,,South Africa,England,South Africa,,,,,,,,,,,,
800481,2016-02-21,New Wanderers Stadium,Johannesburg,,South Africa,England,South Africa,,,,,,,,,,,,
802327,2014-11-24,P Sara Oval,Colombo,,Hong Kong,Nepal,Hong Kong,Hong Kong,Nepal,18,40,24,31,Sompal Kami,40.0,Sompal Kami,24.0,,
817203,2015-07-05,Shere Bangla National Stadium,Mirpur,,Bangladesh,South Africa,South Africa,Bangladesh,South Africa,31,32,40,26,Liton Das,22.0,Mustafizur Rahman,25.0,1.0,
817205,2015-07-07,Shere Bangla National Stadium,Mirpur,,Bangladesh,South Africa,South Africa,Bangladesh,South Africa,51,45,33,31,Soumya Sarkar,37.0,Mustafizur Rahman,25.0,,
848839,2015-08-14,Kingsmead,Durban,,South Africa,New Zealand,South Africa,New Zealand,South Africa,2,24,2,24,AF Milne,2.0,AF Milne,24.0,22.0,
848841,2015-08-16,SuperSport Park,Centurion,,South Africa,New Zealand,New Zealand,New Zealand,South Africa,10,27,7,26,AF Milne,10.0,AF Milne,26.0,,
858491,2015-04-24,Shere Bangla National Stadium,Mirpur,,Bangladesh,Pakistan,Bangladesh,Bangladesh,Pakistan,0,52,1,50,,,Mustafizur Rahman,26.0,,
860279,2015-07-30,R Premadasa Stadium,Colombo,,Sri Lanka,Pakistan,Pakistan,Sri Lanka,,0,,2,,,,,,,
860281,2015-08-01,R Premadasa Stadium,Colombo,,Sri Lanka,Pakistan,Pakistan,Pakistan,Sri Lanka,17,0,18,2,Mohammad Rizwan,17.0,,,17.0,
868723,2015-05-22,Gaddafi Stadium,Lahore,,Pakistan,Zimbabwe,Pakistan,Pakistan,Zimbabwe,23,18,12,14,Sikandar Raza,17.0,Sikandar Raza,12.0,5.0,
868725,2015-05-24,Gaddafi Stadium,Lahore,,Pakistan,Zimbabwe,Pakistan,Pakistan,,25,,20,,Mohammad Rizwan,6.0,Sikandar Raza,12.0,,
875457,2015-07-09,"Grange Cricket Club Ground, Raeburn Place",Edinburgh,,Scotland,United Arab Emirates,Scotland,,,,,,,,,,,,
875471,2015-07-11,"Grange Cricket Club Ground, Raeburn Place",Edinburgh,,Scotland,Netherlands,Netherlands,,,,,,,,,,,,
875481,2015-07-12,"Grange Cricket Club Ground, Raeburn Place",Edinburgh,,Netherlands,United Arab Emirates,Netherlands,,,,,,,,,,,,
875491,2015-07-13,"Civil Service Cricket Club, Stormont",Belfast,,Nepal,Ireland,Ireland,Ireland,Nepal,28,0,19,5,Sompal Kami,0.0,Sompal Kami,19.0,28.0,
875501,2015-07-15,"Civil Service Cricket Club, Stormont",Belfast,,Ireland,Papua New Guinea,Papua New Guinea,Ireland,Papua New Guinea,8,9,8,8,GH Dockrell,8.0,GH Dockrell,6.0,1.0,
875507,2015-07-15,"Civil Service Cricket Club, Stormont",Belfast,,Hong Kong,Nepal,Hong Kong,Hong Kong,Nepal,27,17,19,12,Sompal Kami,16.0,Sompal Kami,19.0,10.0,
875513,2015-07-17,"The Village, Malahide",Dublin,,Nepal,Papua New Guinea,Papua New Guinea,Nepal,Papua New Guinea,5,31,11,27,Sompal Kami,4.0,Sompal Kami,19.0,26.0,
875521,2015-07-17,"The Village, Malahide",Dublin,,Ireland,Hong Kong,Hong Kong,Hong Kong,Ireland,23,0,25,2,GH Dockrell,0.0,GH Dockrell,25.0,23.0,
875549,2015-07-25,"The Village, Malahide",Dublin,,Hong Kong,Scotland,Scotland,,,,,,,,,,,,
875553,2015-07-25,"The Village, Malahide",Dublin,,Ireland,Netherlands,Netherlands,Ireland,Netherlands,8,35,5,27,GH Dockrell,8.0,GH Dockrell,25.0,27.0,
883343,2015-07-01,VRA Ground,Amstelveen,,Netherlands,Nepal,Netherlands,Nepal,Netherlands,16,66,26,50,Sompal Kami,14.0,Karan KC,26.0,50.0,
883345,2015-07-02,Hazelaarweg,Rotterdam,,Netherlands,Nepal,Netherlands,Nepal,Netherlands,4,57,4,43,Sompal Kami,3.0,Sompal Kami,25.0,53.0,
884347,2016-03-04,Kingsmead,Durban,,South Africa,Australia,South Africa,,,,,,,,,,,,
884349,2016-03-06,New Wanderers Stadium,Johannesburg,,South Africa,Australia,Australia,,,,,,,,,,,,
884351,2016-03-09,Newlands,Cape Town,,South Africa,Australia,Australia,,,,,,,,,,,,
885969,2015-07-17,Harare Sports Club,,,Zimbabwe,India,India,India,Zimbabwe,6,15,8,18,Sikandar Raza,10.0,Sikandar Raza,6.0,,
885971,2015-07-19,Harare Sports Club,,,Zimbabwe,India,Zimbabwe,India,Zimbabwe,9,8,12,7,Sikandar Raza,8.0,Sikandar Raza,12.0,,
889463,2015-06-20,"Bready Cricket Club, Magheramason",Londonderry,,Ireland,Scotland,Scotland,Ireland,Scotland,10,22,6,24,GH Dockrell,10.0,GH Dockrell,24.0,12.0,
894293,2015-08-09,Harare Sports Club,,,Zimbabwe,New Zealand,New Zealand,New Zealand,Zimbabwe,32,20,19,33,Sikandar Raza,8.0,AF Milne,24.0,12.0,
895817,2016-01-26,Adelaide Oval,,,Australia,India,India,,,,,,,,,,,,
895819,2016-01-29,Melbourne Cricket Ground,,,Australia,India,India,,,,,,,,,,,,
895821,2016-01-31,Sydney Cricket Ground,,,Australia,India,India,,,,,,,,,,,,
902649,2015-11-26,Dubai International Cricket Stadium,,,England,Pakistan,England,Pakistan,,6,,9,,Mohammad Rizwan,6.0,,,,
902651,2015-11-27,Dubai International Cricket Stadium,,,England,Pakistan,England,,,,,,,,,,,,
902653,2015-11-30,Sharjah Cricket Stadium,,,England,Pakistan,,England,Pakistan,0,25,1,24,Mohammad Rizwan,24.0,,,,
903587,2015-10-02,Himachal Pradesh Cricket Association Stadium,Dharmasala,,India,South Africa,South Africa,,,,,,,,,,,,
903589,2015-10-05,Barabati Stadium,Cuttack,,India,South Africa,South Africa,,,,,,,,,,,,
913633,2016-07-05,The Rose Bowl,Southampton,,England,Sri Lanka,England,,,,,,,,,,,,
913663,2016-09-07,Old Trafford,Manchester,,England,Pakistan,Pakistan,England,Pakistan,25,15,24,11,Babar Azam,15.0,Hasan Ali,24.0,,
914217,2016-01-07,Bay Oval,Mount Maunganui,,New Zealand,Sri Lanka,New Zealand,,,,,,,,,,,,
914219,2016-01-10,Eden Park,Auckland,,New Zealand,Sri Lanka,New Zealand,Sri Lanka,,37,,25,,,,AF Milne,24.0,,
914221,2016-01-15,Eden Park,Auckland,,New Zealand,Pakistan,Pakistan,New Zealand,Pakistan,2,37,2,24,AF Milne,2.0,AF Milne,24.0,35.0,
914223,2016-01-17,Seddon Park,Hamilton,,New Zealand,Pakistan,New Zealand,Pakistan,,37,,26,,,,AF Milne,25.0,,
914225,2016-01-22,Westpac Stadium,Wellington,,New Zealand,Pakistan,New Zealand,New Zealand,Pakistan,0,13,1,24,Mohammad Rizwan,4.0,AF Milne,19.0,,
915783,2015-11-09,Pallekele International Cricket Stadium,,,Sri Lanka,West Indies,Sri Lanka,,,,,,,,,,,,
915785,2015-11-11,R Premadasa Stadium,Colombo,,Sri Lanka,West Indies,West Indies,,,,,,,,,,,,
919603,2015-09-27,Harare Sports Club,,,Zimbabwe,Pakistan,Pakistan,Pakistan,Zimbabwe,37,13,35,11,Mohammad Rizwan,33.0,Sikandar Raza,7.0,24.0,
919605,2015-09-29,Harare Sports Club,,,Zimbabwe,Pakistan,Pakistan,Pakistan,Zimbabwe,16,36,17,36,Sikandar Raza,36.0,,,,
930573,2015-11-22,Sheikh Zayed Stadium,Abu Dhabi,,United Arab Emirates,Oman,United Arab Emirates,Oman,United Arab Emirates,49,45,35,33,Zeeshan Maqsood,44.0,Bilal Khan,20.0,,
930575,2015-11-21,Sheikh Zayed Stadium,Abu Dhabi,,Hong Kong,Oman,Oman,Hong Kong,,29,,25,,,,Bilal Khan,25.0,,
930577,2015-11-25,Sheikh Zayed Stadium,Abu Dhabi,,Hong Kong,Oman,Oman,Hong Kong,Oman,42,0,48,2,Zeeshan Maqsood,0.0,Zeeshan Maqsood,24.0,,
930579,2015-11-26,Sheikh Zayed Stadium,Abu Dhabi,,Hong Kong,Oman,Hong Kong,Hong Kong,Oman,48,25,30,16,Zeeshan Maqsood,23.0,Bilal Khan,18.0,23.0,
931396,2015-11-13,Shere Bangla National Stadium,Mirpur,,Bangladesh,Zimbabwe,Bangladesh,Bangladesh,Zimbabwe,18,21,13,27,Liton Das,17.0,Mustafizur Rahman,22.0,,
931398,2015-11-15,Shere Bangla National Stadium,Mirpur,,Bangladesh,Zimbabwe,Zimbabwe,Bangladesh,Zimbabwe,1,18,1,32,Sikandar Raza,5.0,Mustafizur Rahman,26.0,17.0,
936153,2017-01-20,SuperSport Park,Centurion,,South Africa,Sri Lanka,South Africa,,,,,,,,,,,,
936155,2017-01-22,New Wanderers Stadium,Johannesburg,,South Africa,Sri Lanka,Sri Lanka,,,,,,,,,,,,
936157,2017-01-25,Newlands,Cape Town,,South Africa,Sri Lanka,Sri Lanka,,,,,,,,,,,,
951305,2016-03-08,"Vidarbha Cricket Association Stadium, Jamtha",Nagpur,,Hong Kong,Zimbabwe,Zimbabwe,Hong Kong,Zimbabwe,12,4,13,5,Sikandar Raza,3.0,Sikandar Raza,13.0,,
951309,2016-03-09,Himachal Pradesh Cricket Association Stadium,Dharamsala,,Bangladesh,Netherlands,Bangladesh,Bangladesh,Netherlands,15,24,13,24,Soumya Sarkar,15.0,Taskin Ahmed,24.0,,
951311,2016-03-09,Himachal Pradesh Cricket Association Stadium,Dharamsala,,Ireland,Oman,Oman,Ireland,Oman,32,38,25,33,Zeeshan Maqsood,38.0,Bilal Khan,24.0,6.0,
951313,2016-03-10,"Vidarbha Cricket Association Stadium, Jamtha",Nagpur,,Scotland,Zimbabwe,Zimbabwe,Scotland,Zimbabwe,19,9,15,9,Sikandar Raza,9.0,Sikandar Raza,13.0,,
951319,2016-03-11,Himachal Pradesh Cricket Association Stadium,Dharamsala,,Bangladesh,Ireland,,Bangladesh,,44,,27,,Soumya Sarkar,20.0,GH Dockrell,13.0,,
951323,2016-03-12,"Vidarbha Cricket Association Stadium, Jamtha",Nagpur,,Hong Kong,Scotland,Scotland,,,,,,,,,,,,
951325,2016-03-13,Himachal Pradesh Cricket Association Stadium,Dharamsala,,Ireland,Netherlands,Netherlands,Ireland,Netherlands,0,9,1,12,GH Dockrell,0.0,GH Dockrell,12.0,9.0,
951327,2016-03-13,Himachal Pradesh Cricket Association Stadium,Dharamsala,,Bangladesh,Oman,Bangladesh,Bangladesh,Oman,24,10,39,15,Soumya Sarkar,12.0,Bilal Khan,24.0,14.0,
951329,2016-03-15,"Vidarbha Cricket Association Stadium, Jamtha",Nagpur,,India,New Zealand,New Zealand,India,,8,,14,,,,AF Milne,14.0,,
951331,2016-03-16,Wankhede Stadium,Mumbai,,England,West Indies,West Indies,,,,,,,,,,,,
951333,2016-03-16,Eden Gardens,Kolkata,,Bangladesh,Pakistan,Pakistan,Bangladesh,Pakistan,0,33,2,25,Soumya Sarkar,0.0,Taskin Ahmed,24.0,33.0,
951337,2016-03-18,Himachal Pradesh Cricket Association Stadium,Dharamsala,,Australia,New Zealand,New Zealand,Australia,New Zealand,23,2,15,2,AF Milne,2.0,AF Milne,14.0,,
951339,2016-03-18,Wankhede Stadium,Mumbai,,England,South Africa,England,,,,,,,,,,,,
951341,2016-03-19,Eden Gardens,Kolkata,,India,Pakistan,India,,,,,,,,,,,,
951345,2016-03-20,M Chinnaswamy Stadium,Bangalore,,Sri Lanka,West Indies,West Indies,,,,,,,,,,,,
951347,2016-03-21,M Chinnaswamy Stadium,Bangalore,,Australia,Bangladesh,Australia,Australia,Bangladesh,31,1,26,6,Soumya Sarkar,1.0,Mustafizur Rahman,25.0,30.0,
951349,2016-03-22,"Punjab Cricket Association IS Bindra Stadium, Mohali",Chandigarh,,New Zealand,Pakistan,New Zealand,Pakistan,,26,,24,,,,AF Milne,24.0,,
951353,2016-03-23,M Chinnaswamy Stadium,Bangalore,,India,Bangladesh,India,Bangladesh,India,22,35,22,25,Soumya Sarkar,21.0,Mustafizur Rahman,24.0,13.0,
951355,2016-03-25,"Punjab Cricket Association IS Bindra Stadium, Mohali",Chandigarh,,Australia,Pakistan,Australia,,,,,,,,,,,,
951357,2016-03-25,"Vidarbha Cricket Association Stadium, Jamtha",Nagpur,,South Africa,West Indies,West Indies,,,,,,,,,,,,
951359,2016-03-26,Eden Gardens,Kolkata,,Bangladesh,New Zealand,New Zealand,Bangladesh,New Zealand,13,22,12,24,Mustafizur Rahman,6.0,Mustafizur Rahman,24.0,9.0,
951361,2016-03-26,Feroz Shah Kotla,Delhi,,England,Sri Lanka,England,,,,,,,,,,,,
951363,2016-03-27,"Punjab Cricket Association IS Bindra Stadium, Mohali",Chandigarh,,India,Australia,India,,,,,,,,,,,,
951367,2016-03-28,Feroz Shah Kotla,Delhi,,South Africa,Sri Lanka,South Africa,,,,,,,,,,,,
951369,2016-03-30,Feroz Shah Kotla,Delhi,,England,New Zealand,England,England,,27,,18,,,,AF Milne,18.0,,
951371,2016-03-31,Wankhede Stadium,Mumbai,,India,West Indies,West Indies,,,,,,,,,,,,
951373,2016-04-03,Eden Gardens,Kolkata,,England,West Indies,West Indies,,,,,,,,,,,,
953103,2016-01-30,"Mission Road Ground, Mong Kok",Hong Kong,,Hong Kong,Scotland,Hong Kong,,,,,,,,,,,,
953105,2016-01-31,"Mission Road Ground, Mong Kok",Hong Kong,,Hong Kong,Scotland,Scotland,,,,,,,,,,,,
954735,2016-02-07,Tony Ireland Stadium,Townsville,,Ireland,Papua New Guinea,Ireland,Papua New Guinea,,18,,19,,,,GH Dockrell,18.0,,
954737,2016-02-09,Tony Ireland Stadium,Townsville,,Ireland,Papua New Guinea,Papua New Guinea,Ireland,Papua New Guinea,7,16,6,25,GH Dockrell,7.0,GH Dockrell,24.0,9.0,
954741,2016-02-14,Sheikh Zayed Stadium,Abu Dhabi,,United Arab Emirates,Ireland,Ireland,,,,,,,,,,,,
954743,2016-02-16,Sheikh Zayed Stadium,Abu Dhabi,,United Arab Emirates,Ireland,United Arab Emirates,Ireland,United Arab Emirates,5,39,5,28,GH Dockrell,5.0,GH Dockrell,27.0,34.0,
958415,2016-01-15,Sheikh Abu Naser Stadium,Khulna,,Bangladesh,Zimbabwe,Bangladesh,Bangladesh,Zimbabwe,30,23,18,30,Nurul Hasan,7.0,Mustafizur Rahman,24.0,7.0,
958417,2016-01-17,Sheikh Abu Naser Stadium,Khulna,,Bangladesh,Zimbabwe,Bangladesh,Bangladesh,Zimbabwe,46,21,35,26,Soumya Sarkar,43.0,Mustafizur Rahman,24.0,25.0,
958419,2016-01-20,Sheikh Abu Naser Stadium,Khulna,,Bangladesh,Zimbabwe,Zimbabwe,Bangladesh,Zimbabwe,65,7,52,7,Nurul Hasan,30.0,Sikandar Raza,13.0,,
958421,2016-01-22,Sheikh Abu Naser Stadium,Khulna,,Bangladesh,Zimbabwe,Zimbabwe,Bangladesh,Zimbabwe,57,32,40,27,Nurul Hasan,15.0,Taskin Ahmed,25.0,,
963697,2016-02-09,Maharashtra Cricket Association Stadium,Pune,,India,Sri Lanka,Sri Lanka,,,,,,,,,,,,
963699,2016-02-12,JSCA International Stadium Complex,Ranchi,,India,Sri Lanka,India,,,,,,,,,,,,
963701,2016-02-14,Dr. Y.S. Rajasekhara Reddy ACA-VDCA Cricket Stadium,Visakhapatnam,,India,Sri Lanka,India,,,,,,,,,,,,
966373,2016-02-04,ICC Academy,Dubai,,United Arab Emirates,Scotland,United Arab Emirates,,,,,,,,,,,,
966735,2016-02-19,Khan Shaheb Osman Ali Stadium,Fatullah,,Hong Kong,Oman,Oman,Hong Kong,Oman,82,18,48,13,Zeeshan Maqsood,17.0,Bilal Khan,24.0,,
966739,2016-02-21,Khan Shaheb Osman Ali Stadium,Fatullah,,Hong Kong,United Arab Emirates,United Arab Emirates,,,,,,,,,,,,
966743,2016-02-22,Shere Bangla National Stadium,Mirpur,,Oman,United Arab Emirates,United Arab Emirates,Oman,United Arab Emirates,50,52,44,31,Zeeshan Maqsood,46.0,Bilal Khan,19.0,2.0,
966745,2016-02-24,Shere Bangla National Stadium,Dhaka,,India,Bangladesh,India,Bangladesh,India,29,64,32,46,Taskin Ahmed,15.0,Mustafizur Rahman,26.0,35.0,
966747,2016-02-25,Shere Bangla National Stadium,Mirpur,,Sri Lanka,United Arab Emirates,Sri Lanka,,,,,,,,,,,,
966749,2016-02-26,Shere Bangla National Stadium,Mirpur,,Bangladesh,United Arab Emirates,Bangladesh,Bangladesh,United Arab Emirates,25,37,19,46,Soumya Sarkar,21.0,Mustafizur Rahman,24.0,,
966751,2016-02-27,Shere Bangla National Stadium,Mirpur,,India,Pakistan,India,,,,,,,,,,,,
966753,2016-02-28,Shere Bangla National Stadium,Mirpur,,Bangladesh,Sri Lanka,Bangladesh,Bangladesh,Sri Lanka,2,39,8,47,Nurul Hasan,2.0,Mustafizur Rahman,25.0,,
966755,2016-02-29,Shere Bangla National Stadium,Mirpur,,Pakistan,United Arab Emirates,Pakistan,,,,,,,,,,,,
966757,2016-03-01,Shere Bangla National Stadium,Mirpur,,India,Sri Lanka,India,,,,,,,,,,,,
966759,2016-03-02,Shere Bangla National Stadium,Mirpur,,Bangladesh,Pakistan,Bangladesh,Bangladesh,Pakistan,50,14,49,24,Soumya Sarkar,48.0,Taskin Ahmed,24.0,36.0,
966761,2016-03-03,Shere Bangla National Stadium,Mirpur,,India,United Arab Emirates,India,,,,,,,,,,,,
966763,2016-03-04,Shere Bangla National Stadium,Mirpur,,Pakistan,Sri Lanka,Pakistan,,,,,,,,,,,,
966765,2016-03-06,Shere Bangla National Stadium,Mirpur,,Bangladesh,India,India,Bangladesh,India,14,14,9,19,Soumya Sarkar,14.0,Taskin Ahmed,18.0,,
967081,2016-02-03,ICC Academy,Dubai,,United Arab Emirates,Netherlands,Netherlands,,,,,,,,,,,,
995467,2016-09-06,Pallekele International Cricket Stadium,,,Sri Lanka,Australia,Australia,,,,,,,,,,,,
995469,2016-09-09,R Premadasa Stadium,Colombo,,Sri Lanka,Australia,Australia,,,,,,,,,,,,
