player_name,venue,matches_x,runs,balls_x,fours,sixes,dismissals,strike_rate,avg,matches_y,balls_y,runs_conceded,wickets,economy,bowling_avg,city,country
A Athanaze,"Bir Sreshtho Flight Lieutenant Matiur Rahman Stadium, Chattogram",3.0,87.0,71.0,9.0,4.0,71.0,122.54,1.23,,,,,0.0,0.0,Chattogram,
A Athanaze,"Central Broward Regional Park Stadium Turf Ground, Lauderhill",2.0,62.0,44.0,8.0,1.0,44.0,140.91,1.41,,,,,0.0,0.0,Lauderhill,
A Augastin,Harare Sports Club,1.0,0.0,1.0,0.0,0.0,1.0,0.0,0.0,1.0,1.0,1.0,1.0,6.0,1.0,,
A Augastin,"Takashinga Sports Club, Highfield, Harare",,0.0,,0.0,0.0,0.0,,,1.0,1.0,1.0,1.0,6.0,1.0,Harare,
A Bagai,Sheikh Zayed Stadium,1.0,19.0,15.0,0.0,0.0,15.0,126.67,1.27,,,,,0.0,0.0,Abu Dhabi,
A Balbirnie,Al Amerat Cricket Ground Oman Cricket (Ministry Turf 1),4.0,99.0,70.0,13.0,3.0,70.0,141.43,1.41,,,,,0.0,0.0,Al Amarat,
A Balbirnie,Al Amerat Cricket Ground Oman Cricket (Ministry Turf 2),1.0,12.0,9.0,3.0,0.0,9.0,133.33,1.33,,,,,0.0,0.0,Al Amarat,
A Balbirnie,"Bready Cricket Club, Magheramason",1.0,1.0,1.0,0.0,0.0,1.0,100.0,1.0,,,,,0.0,0.0,Bready,
A Balbirnie,"Castle Avenue, Dublin",3.0,99.0,76.0,11.0,4.0,76.0,130.26,1.3,,,,,0.0,0.0,Dublin,
A Balbirnie,"Central Broward Regional Park Stadium Turf Ground, Lauderhill",2.0,0.0,4.0,0.0,0.0,4.0,0.0,0.0,,,,,0.0,0.0,Lauderhill,
A Balbirnie,Dubai International Cricket Stadium,1.0,6.0,3.0,1.0,0.0,3.0,200.0,2.0,,,,,0.0,0.0,,
A Balbirnie,Harare Sports Club,1.0,0.0,1.0,0.0,0.0,1.0,0.0,0.0,,,,,0.0,0.0,,
A Balbirnie,"Malahide, Dublin",1.0,40.0,27.0,5.0,1.0,27.0,148.15,1.48,,,,,0.0,0.0,Dublin,
A Balbirnie,"Nassau County International Cricket Stadium, New York",2.0,8.0,18.0,1.0,0.0,18.0,44.44,0.44,,,,,0.0,0.0,New York,
A Balbirnie,Sharjah Cricket Stadium,1.0,1.0,3.0,0.0,0.0,3.0,33.33,0.33,,,,,0.0,0.0,Sharjah,
A Balbirnie,Sheikh Zayed Stadium,1.0,0.0,1.0,0.0,0.0,1.0,0.0,0.0,,,,,0.0,0.0,Abu Dhabi,
A Balbirnie,Sportpark Het Schootsveld,1.0,2.0,3.0,0.0,0.0,3.0,66.67,0.67,,,,,0.0,0.0,Deventer,
A Balbirnie,"The Village, Malahide",1.0,17.0,8.0,3.0,0.0,8.0,212.5,2.12,,,,,0.0,0.0,Dublin,
A Balbirnie,"The Village, Malahide, Dublin",1.0,2.0,5.0,0.0,0.0,5.0,40.0,0.4,,,,,0.0,0.0,Dublin,
A Bohara,Al Amerat Cricket Ground Oman Cricket (Ministry Turf 1),,0.0,,0.0,0.0,0.0,,,5.0,43.0,41.0,43.0,5.72,0.95,Al Amarat,
A Bohara,Al Amerat Cricket Ground Oman Cricket (Ministry Turf 2),,0.0,,0.0,0.0,0.0,,,1.0,12.0,12.0,12.0,6.0,1.0,Al Amarat,
A Bohara,"Arnos Vale Ground, Kingstown, St Vincent",,0.0,,0.0,0.0,0.0,,,1.0,8.0,11.0,8.0,8.25,1.38,Kingstown,
A Bohara,"Grand Prairie Stadium, Dallas",,0.0,,0.0,0.0,0.0,,,1.0,2.0,2.0,2.0,6.0,1.0,Dallas,
A Bohara,"Tribhuvan University International Cricket Ground, Kirtipur",1.0,1.0,1.0,0.0,0.0,1.0,100.0,1.0,5.0,48.0,69.0,48.0,8.62,1.44,Kirtipur,
A Busing-Volschenk,"Queens Sports Club, Bulawayo",,0.0,,0.0,0.0,0.0,,,1.0,2.0,4.0,2.0,12.0,2.0,Bulawayo,
A Busing-Volschenk,"Wanderers Cricket Ground, Windhoek",1.0,0.0,1.0,0.0,0.0,1.0,0.0,0.0,,,,,0.0,0.0,Windhoek,
A Chaudhary,"Tribhuvan University International Cricket Ground, Kirtipur",2.0,17.0,20.0,3.0,0.0,20.0,85.0,0.85,2.0,10.0,9.0,10.0,5.4,0.9,Kirtipur,
A Chenthamara,Al Amerat Cricket Ground Oman Cricket (Ministry Turf 1),,0.0,,0.0,0.0,0.0,,,2.0,16.0,11.0,16.0,4.12,0.69,Al Amarat,
A Chenthamara,"Mission Road Ground, Mong Kok, Hong Kong",,0.0,,0.0,0.0,0.0,,,2.0,10.0,10.0,10.0,6.0,1.0,Mong Kok,
A Dananjaya,Barabati Stadium,1.0,2.0,2.0,0.0,0.0,2.0,100.0,1.0,1.0,13.0,12.0,13.0,5.54,0.92,Cuttack,
A Dananjaya,Holkar Cricket Stadium,,0.0,,0.0,0.0,0.0,,,1.0,3.0,8.0,3.0,16.0,2.67,Indore,
A Dananjaya,"R Premadasa Stadium, Colombo",,0.0,,0.0,0.0,0.0,,,1.0,6.0,4.0,6.0,4.0,0.67,Colombo,
A Dananjaya,"R.Premadasa Stadium, Khettarama",,0.0,,0.0,0.0,0.0,,,3.0,16.0,24.0,16.0,9.0,1.5,Colombo,
A Dananjaya,"Shere Bangla National Stadium, Mirpur",,0.0,,0.0,0.0,0.0,,,1.0,8.0,13.0,8.0,9.75,1.62,Dhaka,
A Dananjaya,Sylhet International Cricket Stadium,,0.0,,0.0,0.0,0.0,,,2.0,10.0,5.0,10.0,3.0,0.5,,
A Dananjaya,Wankhede Stadium,1.0,9.0,3.0,2.0,0.0,3.0,300.0,3.0,1.0,3.0,3.0,3.0,6.0,1.0,Mumbai,
A Desai,"Jimmy Powell Oval, Cayman Islands",,0.0,,0.0,0.0,0.0,,,1.0,13.0,21.0,13.0,9.69,1.62,George Town,
A Dhingra,Marsa Sports Club,,0.0,,0.0,0.0,0.0,,,1.0,8.0,13.0,8.0,9.75,1.62,Marsa,
A Dutt,"Arnos Vale Ground, Kingstown, St Vincent",1.0,15.0,12.0,1.0,1.0,12.0,125.0,1.25,1.0,14.0,12.0,14.0,5.14,0.86,Kingstown,
A Dutt,"Queens Sports Club, Bulawayo",,0.0,,0.0,0.0,0.0,,,1.0,4.0,4.0,4.0,6.0,1.0,Bulawayo,
A Dutt,"Sportpark Maarschalkerweerd, Utrecht",,0.0,,0.0,0.0,0.0,,,1.0,6.0,10.0,6.0,10.0,1.67,Utrecht,
A Dutt,"Sportpark Westvliet, The Hague",1.0,0.0,1.0,0.0,0.0,1.0,0.0,0.0,1.0,3.0,1.0,3.0,2.0,0.33,The Hague,
A Dutt,Sylhet International Cricket Stadium,2.0,43.0,34.0,4.0,1.0,34.0,126.47,1.26,3.0,62.0,63.0,62.0,6.1,1.02,,
A Dutt,"Titwood, Glasgow",1.0,7.0,6.0,0.0,1.0,6.0,116.67,1.17,1.0,2.0,2.0,2.0,6.0,1.0,Glasgow,
A Dutt,"Tribhuvan University International Cricket Ground, Kirtipur",2.0,0.0,4.0,0.0,0.0,4.0,0.0,0.0,5.0,26.0,44.0,26.0,10.15,1.69,Kirtipur,
A Ferguson,"Sir Vivian Richards Stadium, North Sound, Antigua",1.0,8.0,6.0,1.0,0.0,6.0,133.33,1.33,,,,,0.0,0.0,North Sound,
A Gorawara,Al Amerat Cricket Ground Oman Cricket (Ministry Turf 1),1.0,0.0,1.0,0.0,0.0,1.0,0.0,0.0,,,,,0.0,0.0,Al Amarat,
A Gorawara,Mulpani Cricket Ground,1.0,4.0,5.0,0.0,0.0,5.0,80.0,0.8,,,,,0.0,0.0,Kathmandu,
A Gulati,"Maple Leaf North-West Ground, King City",,0.0,,0.0,0.0,0.0,,,1.0,1.0,1.0,1.0,6.0,1.0,King City,
A Halbhavi,Marsa Sports Club,1.0,4.0,4.0,0.0,0.0,4.0,100.0,1.0,,,,,0.0,0.0,Marsa,
A Harris,"Jimmy Powell Oval, Cayman Islands",1.0,3.0,4.0,0.0,0.0,4.0,75.0,0.75,,,,,0.0,0.0,George Town,
A Johnson,Al Amerat Cricket Ground Oman Cricket (Ministry Turf 1),3.0,155.0,107.0,14.0,10.0,107.0,144.86,1.45,,,,,0.0,0.0,Al Amarat,
A Johnson,"Grand Prairie Stadium, Dallas",1.0,17.0,11.0,4.0,0.0,11.0,154.55,1.55,,,,,0.0,0.0,Dallas,
A Johnson,"Maple Leaf North-West Ground, King City",2.0,4.0,11.0,0.0,0.0,11.0,36.36,0.36,1.0,12.0,4.0,12.0,2.0,0.33,King City,
A Johnson,"Namibia Cricket Ground, Windhoek",2.0,5.0,7.0,1.0,0.0,7.0,71.43,0.71,,,,,0.0,0.0,Windhoek,
A Johnson,"Nassau County International Cricket Stadium, New York",1.0,37.0,32.0,4.0,2.0,32.0,115.62,1.16,,,,,0.0,0.0,New York,
A Johnson,Prairie View Cricket Complex,3.0,4.0,14.0,0.0,0.0,14.0,28.57,0.29,,,,,0.0,0.0,Houston,
A Kirschbaum,"Sir Vivian Richards Stadium, North Sound, Antigua",,0.0,,0.0,0.0,0.0,,,2.0,10.0,5.0,10.0,3.0,0.5,North Sound,
A Krishna,Bulawayo Athletic Club,1.0,8.0,6.0,1.0,0.0,6.0,133.33,1.33,,,,,0.0,0.0,Bulawayo,
A Krishna,Indian Association Ground,,0.0,,0.0,0.0,0.0,,,1.0,2.0,3.0,2.0,9.0,1.5,Singapore,
A Krishna,"Queens Sports Club, Bulawayo",,0.0,,0.0,0.0,0.0,,,1.0,11.0,14.0,11.0,7.64,1.27,Bulawayo,
A Krishna,"Tribhuvan University International Cricket Ground, Kirtipur",1.0,5.0,2.0,1.0,0.0,2.0,250.0,2.5,2.0,11.0,24.0,11.0,13.09,2.18,Kirtipur,
A Limdawala,Harare Sports Club,1.0,1.0,2.0,0.0,0.0,2.0,50.0,0.5,,,,,0.0,0.0,,
A Morris,"Maple Leaf North-East Ground, King City",,0.0,,0.0,0.0,0.0,,,1.0,10.0,22.0,10.0,13.2,2.2,King City,
A Morris,"Maple Leaf North-West Ground, King City",1.0,0.0,6.0,0.0,0.0,6.0,0.0,0.0,,,,,0.0,0.0,King City,
A Morris,National Stadium,,0.0,,0.0,0.0,0.0,,,1.0,2.0,0.0,2.0,0.0,0.0,Karachi,
A Morris,"National Stadium, Hamilton",,0.0,,0.0,0.0,0.0,,,1.0,11.0,17.0,11.0,9.27,1.55,Hamilton,
A Morris,"White Hill Field, Sandys Parish",1.0,0.0,4.0,0.0,0.0,4.0,0.0,0.0,3.0,18.0,25.0,18.0,8.33,1.39,Hamilton,
A Nagarajan,"Mission Road Ground, Mong Kok, Hong Kong",1.0,8.0,7.0,0.0,1.0,7.0,114.29,1.14,,,,,0.0,0.0,Mong Kok,
A Nanda,Marsa Sports Club,1.0,0.0,1.0,0.0,0.0,1.0,0.0,0.0,,,,,0.0,0.0,Marsa,
A Nanda,"Simar Cricket Ground, Rome",,0.0,,0.0,0.0,0.0,,,1.0,2.0,1.0,2.0,3.0,0.5,Rome,
A Nao,Al Amerat Cricket Ground Oman Cricket (Ministry Turf 1),,0.0,,0.0,0.0,0.0,,,2.0,28.0,19.0,28.0,4.07,0.68,Al Amarat,
A Nao,"Mission Road Ground, Mong Kok, Hong Kong",1.0,14.0,4.0,0.0,2.0,4.0,350.0,3.5,1.0,3.0,0.0,3.0,0.0,0.0,Mong Kok,
A Nao,"Providence Stadium, Guyana",,0.0,,0.0,0.0,0.0,,,1.0,15.0,10.0,15.0,4.0,0.67,Providence,
A Nao,"Tribhuvan University International Cricket Ground, Kirtipur",,0.0,,0.0,0.0,0.0,,,1.0,12.0,14.0,12.0,7.0,1.17,Kirtipur,
A Natubhai Ahir,"National Stadium, Hamilton",1.0,9.0,9.0,1.0,0.0,9.0,100.0,1.0,1.0,3.0,2.0,3.0,4.0,0.67,Hamilton,
A Ndlovu,"United Cricket Club Ground, Windhoek",1.0,2.0,2.0,0.0,0.0,2.0,100.0,1.0,3.0,18.0,14.0,18.0,4.67,0.78,Windhoek,
A Ndlovu,Zahur Ahmed Chowdhury Stadium,1.0,1.0,3.0,0.0,0.0,3.0,33.33,0.33,1.0,10.0,21.0,10.0,12.6,2.1,Chattogram,
A Ndlovu,"Zahur Ahmed Chowdhury Stadium, Chattogram",1.0,5.0,4.0,1.0,0.0,4.0,125.0,1.25,2.0,20.0,36.0,20.0,10.8,1.8,Chattogram,
A Nehra,M Chinnaswamy Stadium,,0.0,,0.0,0.0,0.0,,,1.0,7.0,8.0,7.0,6.86,1.14,Bangalore,
A Nehra,Shere Bangla National Stadium,,0.0,,0.0,0.0,0.0,,,2.0,14.0,16.0,14.0,6.86,1.14,Mirpur,
A Nehra,"Vidarbha Cricket Association Stadium, Jamtha",1.0,0.0,1.0,0.0,0.0,1.0,0.0,0.0,,,,,0.0,0.0,Nagpur,
A Neill,Al Amerat Cricket Ground Oman Cricket (Ministry Turf 1),,0.0,,0.0,0.0,0.0,,,1.0,12.0,10.0,12.0,5.0,0.83,Al Amarat,
A Neill,"The Village, Malahide",,0.0,,0.0,0.0,0.0,,,1.0,4.0,3.0,4.0,4.5,0.75,Dublin,
A Nortje,"Arnos Vale Ground, Kingstown, St Vincent",,0.0,,0.0,0.0,0.0,,,1.0,14.0,12.0,14.0,5.14,0.86,Kingstown,
A Nortje,"Arun Jaitley Stadium, Delhi",,0.0,,0.0,0.0,0.0,,,1.0,6.0,9.0,6.0,9.0,1.5,Delhi,
A Nortje,"Barabati Stadium, Cuttack",,0.0,,0.0,0.0,0.0,,,1.0,8.0,17.0,8.0,12.75,2.12,Cuttack,
A Nortje,"Barsapara Cricket Stadium, Guwahati",,0.0,,0.0,0.0,0.0,,,1.0,8.0,21.0,8.0,15.75,2.62,Guwahati,
A Nortje,"Dr. Y.S. Rajasekhara Reddy ACA-VDCA Cricket Stadium, Visakhapatnam",,0.0,,0.0,0.0,0.0,,,1.0,2.0,1.0,2.0,3.0,0.5,Visakhapatnam,
A Nortje,"Greenfield International Stadium, Thiruvananthapuram",,0.0,,0.0,0.0,0.0,,,1.0,10.0,14.0,10.0,8.4,1.4,Thiruvananthapuram,
A Nortje,"Nassau County International Cricket Stadium, New York",,0.0,,0.0,0.0,0.0,,,1.0,9.0,8.0,9.0,5.33,0.89,New York,
A Nortje,Perth Stadium,,0.0,,0.0,0.0,0.0,,,1.0,1.0,2.0,1.0,12.0,2.0,Perth,
A Nortje,"Saurashtra Cricket Association Stadium, Rajkot",,0.0,,0.0,0.0,0.0,,,1.0,1.0,0.0,1.0,0.0,0.0,Rajkot,
A Nortje,"Sir Vivian Richards Stadium, North Sound, Antigua",,0.0,,0.0,0.0,0.0,,,1.0,6.0,3.0,6.0,3.0,0.5,North Sound,
A Nortje,Sydney Cricket Ground,1.0,1.0,5.0,0.0,0.0,5.0,20.0,0.2,2.0,31.0,47.0,31.0,9.1,1.52,,
A Nortje,"Zayed Cricket Stadium, Abu Dhabi",,0.0,,0.0,0.0,0.0,,,1.0,18.0,8.0,18.0,2.67,0.44,Abu Dhabi,
A Otwani,"United Cricket Club Ground, Windhoek",3.0,9.0,11.0,2.0,0.0,11.0,81.82,0.82,,,,,0.0,0.0,Windhoek,
A Parima,Sano International Cricket Ground,2.0,1.0,9.0,0.0,0.0,9.0,11.11,0.11,,,,,0.0,0.0,Sano,
A Randhawa,"Simar Cricket Ground, Rome",1.0,3.0,5.0,0.0,0.0,5.0,60.0,0.6,,,,,0.0,0.0,Rome,
A Rangaswamy,Lugogo Cricket Oval,,0.0,,0.0,0.0,0.0,,,1.0,2.0,6.0,2.0,18.0,3.0,Kampala,
A Raza,Dreux Sport Cricket Club,1.0,1.0,6.0,0.0,0.0,6.0,16.67,0.17,,,,,0.0,0.0,Dreux,
A Raza,"Moara Vlasiei Cricket Ground, Ilfov County",1.0,2.0,4.0,0.0,0.0,4.0,50.0,0.5,,,,,0.0,0.0,Ilfov County,
A Sharafu,Al Amerat Cricket Ground Oman Cricket (Ministry Turf 1),6.0,79.0,59.0,5.0,5.0,59.0,133.9,1.34,,,,,0.0,0.0,Al Amarat,
A Sharafu,Dubai International Cricket Stadium,2.0,22.0,20.0,2.0,1.0,20.0,110.0,1.1,,,,,0.0,0.0,,
A Sharafu,"ICC Academy, Dubai",1.0,1.0,3.0,0.0,0.0,3.0,33.33,0.33,,,,,0.0,0.0,Dubai,
A Sharafu,Mulpani Cricket Ground,3.0,11.0,17.0,2.0,0.0,17.0,64.71,0.65,,,,,0.0,0.0,Kathmandu,
A Sharafu,Sharjah Cricket Stadium,5.0,153.0,119.0,11.0,7.0,119.0,128.57,1.29,1.0,1.0,3.0,1.0,18.0,3.0,Sharjah,
A Sharafu,"Tribhuvan University International Cricket Ground, Kirtipur",1.0,2.0,2.0,0.0,0.0,2.0,100.0,1.0,,,,,0.0,0.0,Kirtipur,
A Sharafu,"Zayed Cricket Stadium, Abu Dhabi",1.0,3.0,8.0,0.0,0.0,8.0,37.5,0.38,,,,,0.0,0.0,Abu Dhabi,
A Sharma,Sharjah Cricket Stadium,1.0,7.0,4.0,0.0,1.0,4.0,175.0,1.75,,,,,0.0,0.0,Sharjah,
A Sharma,"Tribhuvan University International Cricket Ground, Kirtipur",1.0,17.0,16.0,2.0,0.0,16.0,106.25,1.06,,,,,0.0,0.0,Kirtipur,
A Sharma,"West End Park International Cricket Stadium, Doha",1.0,10.0,9.0,2.0,0.0,9.0,111.11,1.11,,,,,0.0,0.0,Doha,
A Shreshta,Integrated Polytechnic Regional Centre,1.0,0.0,1.0,0.0,0.0,1.0,0.0,0.0,,,,,0.0,0.0,Kigali City,
A Shukla,Al Amerat Cricket Ground Oman Cricket (Ministry Turf 1),1.0,1.0,1.0,0.0,0.0,1.0,100.0,1.0,3.0,34.0,55.0,34.0,9.71,1.62,Al Amarat,
A Shukla,Dubai International Cricket Stadium,,0.0,,0.0,0.0,0.0,,,1.0,8.0,1.0,8.0,0.75,0.12,,
A Shukla,Mulpani Cricket Ground,1.0,1.0,1.0,0.0,0.0,1.0,100.0,1.0,2.0,20.0,26.0,20.0,7.8,1.3,Kathmandu,
A Shukla,Sharjah Cricket Stadium,1.0,1.0,6.0,0.0,0.0,6.0,16.67,0.17,1.0,22.0,33.0,22.0,9.0,1.5,Sharjah,
A Shukla,"Zayed Cricket Stadium, Abu Dhabi",,0.0,,0.0,0.0,0.0,,,1.0,19.0,32.0,19.0,10.11,1.68,Abu Dhabi,
A Shukla,Zhejiang University of Technology Cricket Field,1.0,0.0,3.0,0.0,0.0,3.0,0.0,0.0,1.0,8.0,11.0,8.0,8.25,1.38,Hangzhou,
A Simelane,"Gaddafi Stadium, Lahore",1.0,13.0,10.0,0.0,1.0,10.0,130.0,1.3,1.0,19.0,23.0,19.0,7.26,1.21,Lahore,
A Simelane,Harare Sports Club,1.0,3.0,6.0,0.0,0.0,6.0,50.0,0.5,1.0,9.0,26.0,9.0,17.33,2.89,,
A Simelane,"Kingsmead, Durban",2.0,7.0,8.0,0.0,1.0,8.0,87.5,0.88,2.0,32.0,53.0,32.0,9.94,1.66,Durban,
A Simelane,"Namibia Cricket Ground, Windhoek",,0.0,,0.0,0.0,0.0,,,1.0,5.0,4.0,5.0,4.8,0.8,Windhoek,
A Simelane,"St George's Park, Gqeberha",1.0,3.0,6.0,0.0,0.0,6.0,50.0,0.5,1.0,1.0,1.0,1.0,6.0,1.0,Gqeberha,
A Simelane,"SuperSport Park, Centurion",1.0,5.0,2.0,1.0,0.0,2.0,250.0,2.5,1.0,11.0,31.0,11.0,16.91,2.82,Centurion,
A Simelane,"The Wanderers Stadium, Johannesburg",1.0,2.0,3.0,0.0,0.0,3.0,66.67,0.67,1.0,15.0,38.0,15.0,15.2,2.53,Johannesburg,
A Vala,Al Amerat Cricket Ground Oman Cricket (Ministry Turf 1),6.0,127.0,134.0,10.0,3.0,134.0,94.78,0.95,5.0,28.0,19.0,28.0,4.07,0.68,Al Amarat,
A Vala,Bulawayo Athletic Club,1.0,19.0,7.0,2.0,1.0,7.0,271.43,2.71,1.0,4.0,3.0,4.0,4.5,0.75,Bulawayo,
A Vala,"Civil Service Cricket Club, Stormont",1.0,8.0,3.0,2.0,0.0,3.0,266.67,2.67,,,,,0.0,0.0,Belfast,
A Vala,Dubai International Cricket Stadium,1.0,2.0,2.0,0.0,0.0,2.0,100.0,1.0,,,,,0.0,0.0,,
A Vala,ICC Academy Ground No 2,1.0,2.0,5.0,0.0,0.0,5.0,40.0,0.4,1.0,2.0,0.0,2.0,0.0,0.0,Dubai,
A Vala,"ICC Academy, Dubai",1.0,8.0,5.0,1.0,0.0,5.0,160.0,1.6,1.0,3.0,3.0,3.0,6.0,1.0,Dubai,
A Vala,"Mission Road Ground, Mong Kok, Hong Kong",2.0,7.0,6.0,1.0,0.0,6.0,116.67,1.17,,,,,0.0,0.0,Mong Kok,
A Vala,"Providence Stadium, Guyana",,0.0,,0.0,0.0,0.0,,,1.0,7.0,6.0,7.0,5.14,0.86,Providence,
A Vala,"Queens Sports Club, Bulawayo",1.0,0.0,1.0,0.0,0.0,1.0,0.0,0.0,,,,,0.0,0.0,Bulawayo,
A Vala,"The Village, Malahide",1.0,6.0,12.0,0.0,0.0,12.0,50.0,0.5,1.0,6.0,2.0,6.0,2.0,0.33,Dublin,
A Vala,Tony Ireland Stadium,,0.0,,0.0,0.0,0.0,,,1.0,2.0,2.0,2.0,6.0,1.0,Townsville,
A Vala,"Tribhuvan University International Cricket Ground, Kirtipur",3.0,12.0,19.0,1.0,0.0,19.0,63.16,0.63,,,,,0.0,0.0,Kirtipur,
A Wright,"Jimmy Powell Oval, Cayman Islands",1.0,0.0,1.0,0.0,0.0,1.0,0.0,0.0,2.0,13.0,12.0,13.0,5.54,0.92,George Town,
A Wright,"Maple Leaf North-East Ground, King City",1.0,0.0,1.0,0.0,0.0,1.0,0.0,0.0,1.0,4.0,13.0,4.0,19.5,3.25,King City,
A Wright,"Maple Leaf North-West Ground, King City",1.0,0.0,3.0,0.0,0.0,3.0,0.0,0.0,,,,,0.0,0.0,King City,
A Zampa,Barsapara Cricket Stadium,,0.0,,0.0,0.0,0.0,,,1.0,4.0,4.0,4.0,6.0,1.0,Guwahati,
A Zampa,"Bellerive Oval, Hobart",,0.0,,0.0,0.0,0.0,,,1.0,24.0,11.0,24.0,2.75,0.46,Hobart,
A Zampa,"Brisbane Cricket Ground, Woolloongabba",,0.0,,0.0,0.0,0.0,,,1.0,8.0,10.0,8.0,7.5,1.25,Brisbane,
A Zampa,"Brisbane Cricket Ground, Woolloongabba, Brisbane",,0.0,,0.0,0.0,0.0,,,1.0,6.0,11.0,6.0,11.0,1.83,Brisbane,
A Zampa,Carrara Oval,1.0,0.0,1.0,0.0,0.0,1.0,0.0,0.0,1.0,12.0,16.0,12.0,8.0,1.33,Carrara,
A Zampa,Dr. Y.S. Rajasekhara Reddy ACA-VDCA Cricket Stadium,,0.0,,0.0,0.0,0.0,,,1.0,8.0,15.0,8.0,11.25,1.88,Visakhapatnam,
A Zampa,Dubai International Cricket Stadium,1.0,3.0,7.0,0.0,0.0,7.0,42.86,0.43,4.0,72.0,69.0,72.0,5.75,0.96,,
A Zampa,"Eden Park, Auckland",1.0,0.0,1.0,0.0,0.0,1.0,0.0,0.0,1.0,1.0,0.0,1.0,0.0,0.0,Auckland,
A Zampa,"Gaddafi Stadium, Lahore",,0.0,,0.0,0.0,0.0,,,1.0,14.0,18.0,14.0,7.71,1.29,Lahore,
A Zampa,"Greenfield International Stadium, Thiruvananthapuram",1.0,1.0,3.0,0.0,0.0,3.0,33.33,0.33,1.0,7.0,7.0,7.0,6.0,1.0,Thiruvananthapuram,
A Zampa,"Kensington Oval, Bridgetown, Barbados",,0.0,,0.0,0.0,0.0,,,1.0,7.0,3.0,7.0,2.57,0.43,Bridgetown,
A Zampa,M.Chinnaswamy Stadium,,0.0,,0.0,0.0,0.0,,,1.0,4.0,6.0,4.0,9.0,1.5,Bengaluru,
A Zampa,Manuka Oval,,0.0,,0.0,0.0,0.0,,,2.0,27.0,36.0,27.0,8.0,1.33,Canberra,
A Zampa,"Punjab Cricket Association IS Bindra Stadium, Mohali, Chandigarh",,0.0,,0.0,0.0,0.0,,,1.0,10.0,11.0,10.0,6.6,1.1,Chandigarh,
A Zampa,Sheikh Zayed Stadium,1.0,3.0,7.0,0.0,0.0,7.0,42.86,0.43,1.0,12.0,14.0,12.0,7.0,1.17,Abu Dhabi,
A Zampa,"Shere Bangla National Stadium, Mirpur",1.0,0.0,2.0,0.0,0.0,2.0,0.0,0.0,4.0,60.0,60.0,60.0,6.0,1.0,Dhaka,
A Zampa,"Sir Vivian Richards Stadium, North Sound, Antigua",,0.0,,0.0,0.0,0.0,,,2.0,16.0,14.0,16.0,5.25,0.88,North Sound,
A Zampa,Sydney Cricket Ground,1.0,0.0,1.0,0.0,0.0,1.0,0.0,0.0,4.0,50.0,49.0,50.0,5.88,0.98,,
A Zampa,"Vidarbha Cricket Association Stadium, Jamtha, Nagpur",,0.0,,0.0,0.0,0.0,,,1.0,2.0,1.0,2.0,3.0,0.5,Nagpur,
AA Jangoo,"Bir Sreshtho Flight Lieutenant Matiur Rahman Stadium, Chattogram",1.0,34.0,23.0,5.0,1.0,23.0,147.83,1.48,,,,,0.0,0.0,Chattogram,
AA Jangoo,Sharjah Cricket Stadium,2.0,28.0,22.0,4.0,1.0,22.0,127.27,1.27,,,,,0.0,0.0,Sharjah,
AA Jasani,Gahanga International Cricket Stadium. Rwanda,1.0,2.0,4.0,0.0,0.0,4.0,50.0,0.5,,,,,0.0,0.0,Kigali City,
AA Navicha,"Gymkhana Club Ground, Nairobi",1.0,2.0,2.0,0.0,0.0,2.0,100.0,1.0,,,,,0.0,0.0,Nairobi,
AA Obanda,Dubai International Cricket Stadium,1.0,10.0,5.0,2.0,0.0,5.0,200.0,2.0,,,,,0.0,0.0,,
AA Obanda,"Gymkhana Club Ground, Nairobi",4.0,20.0,28.0,2.0,1.0,28.0,71.43,0.71,,,,,0.0,0.0,Nairobi,
AA Obanda,ICC Academy Ground No 2,1.0,2.0,4.0,0.0,0.0,4.0,50.0,0.5,,,,,0.0,0.0,Dubai,
AA Obanda,Mombasa Sports Club Ground,1.0,2.0,4.0,0.0,0.0,4.0,50.0,0.5,,,,,0.0,0.0,,
AA Onikoyi,Sheikh Zayed Stadium,1.0,1.0,3.0,0.0,0.0,3.0,33.33,0.33,,,,,0.0,0.0,Abu Dhabi,
AA Onikoyi,Tolerance Oval,1.0,5.0,12.0,0.0,0.0,12.0,41.67,0.42,,,,,0.0,0.0,Abu Dhabi,
AAP Atkinson,"Eden Gardens, Kolkata",1.0,1.0,5.0,0.0,0.0,5.0,20.0,0.2,1.0,6.0,16.0,6.0,16.0,2.67,Kolkata,
AB de Villiers,Mangaung Oval,1.0,12.0,6.0,2.0,0.0,6.0,200.0,2.0,,,,,0.0,0.0,Bloemfontein,
AB de Villiers,Senwes Park,1.0,3.0,4.0,0.0,0.0,4.0,75.0,0.75,,,,,0.0,0.0,Potchefstroom,
AB de Villiers,Shere Bangla National Stadium,1.0,20.0,11.0,4.0,0.0,11.0,181.82,1.82,,,,,0.0,0.0,Mirpur,
AC Agar,Harare Sports Club,1.0,7.0,7.0,1.0,0.0,7.0,100.0,1.0,3.0,28.0,46.0,28.0,9.86,1.64,,
AC Agar,Manuka Oval,,0.0,,0.0,0.0,0.0,,,1.0,16.0,16.0,16.0,6.0,1.0,Canberra,
AC Agar,Perth Stadium,,0.0,,0.0,0.0,0.0,,,1.0,7.0,7.0,7.0,6.0,1.0,Perth,
AC Agar,Sheikh Zayed Stadium,1.0,17.0,20.0,2.0,0.0,20.0,85.0,0.85,1.0,6.0,8.0,6.0,8.0,1.33,Abu Dhabi,
AC Agar,"Shere Bangla National Stadium, Mirpur",4.0,25.0,37.0,1.0,1.0,37.0,67.57,0.68,5.0,63.0,71.0,63.0,6.76,1.13,Dhaka,
AC Agar,Sydney Cricket Ground,,0.0,,0.0,0.0,0.0,,,1.0,17.0,22.0,17.0,7.76,1.29,,
AC Douglas,Dubai International Cricket Stadium,1.0,3.0,4.0,0.0,0.0,4.0,75.0,0.75,,,,,0.0,0.0,,
AC Douglas,"Jimmy Powell Oval, Cayman Islands",,0.0,,0.0,0.0,0.0,,,1.0,9.0,7.0,9.0,4.67,0.78,George Town,
AC Douglas,"National Stadium, Hamilton",1.0,13.0,7.0,1.0,1.0,7.0,185.71,1.86,,,,,0.0,0.0,Hamilton,
AC Douglas,"Sir Vivian Richards Stadium, North Sound, Antigua",,0.0,,0.0,0.0,0.0,,,1.0,3.0,8.0,3.0,16.0,2.67,North Sound,
AC Douglas,"White Hill Field, Sandys Parish",1.0,0.0,1.0,0.0,0.0,1.0,0.0,0.0,1.0,9.0,15.0,9.0,10.0,1.67,Hamilton,
AC Evans,Al Amerat Cricket Ground Oman Cricket (Ministry Turf 1),,0.0,,0.0,0.0,0.0,,,2.0,17.0,16.0,17.0,5.65,0.94,Al Amarat,
AC Evans,Dubai International Cricket Stadium,,0.0,,0.0,0.0,0.0,,,1.0,3.0,11.0,3.0,22.0,3.67,,
AC Evans,"Grange Cricket Club, Raeburn Place",1.0,0.0,2.0,0.0,0.0,2.0,0.0,0.0,2.0,19.0,24.0,19.0,7.58,1.26,Edinburgh,
AC Evans,ICC Academy,,0.0,,0.0,0.0,0.0,,,1.0,10.0,8.0,10.0,4.8,0.8,Dubai,
AC Evans,"The Village, Malahide",,0.0,,0.0,0.0,0.0,,,1.0,1.0,1.0,1.0,6.0,1.0,Dublin,
AC Evans,"Vidarbha Cricket Association Stadium, Jamtha",,0.0,,0.0,0.0,0.0,,,1.0,1.0,0.0,1.0,0.0,0.0,Nagpur,
AD Dore,"Jimmy Powell Oval, Cayman Islands",2.0,0.0,2.0,0.0,0.0,2.0,0.0,0.0,,,,,0.0,0.0,George Town,
AD Hales,Adelaide Oval,1.0,8.0,5.0,1.0,0.0,5.0,160.0,1.6,,,,,0.0,0.0,Adelaide,
AD Hales,Feroz Shah Kotla,1.0,7.0,4.0,1.0,0.0,4.0,175.0,1.75,,,,,0.0,0.0,Delhi,
AD Hales,"Gaddafi Stadium, Lahore",3.0,10.0,16.0,0.0,0.0,16.0,62.5,0.62,,,,,0.0,0.0,Lahore,
AD Hales,Melbourne Cricket Ground,1.0,1.0,2.0,0.0,0.0,2.0,50.0,0.5,,,,,0.0,0.0,,
AD Hales,"National Stadium, Karachi",3.0,59.0,48.0,8.0,1.0,48.0,122.92,1.23,,,,,0.0,0.0,Karachi,
AD Hales,Old Trafford,2.0,2.0,5.0,0.0,0.0,5.0,40.0,0.4,,,,,0.0,0.0,Manchester,
AD Hales,Sophia Gardens,1.0,11.0,10.0,0.0,1.0,10.0,110.0,1.1,,,,,0.0,0.0,Cardiff,
AD Mathews,Barabati Stadium,1.0,1.0,1.0,0.0,0.0,1.0,100.0,1.0,1.0,10.0,16.0,10.0,9.6,1.6,Cuttack,
AD Mathews,Eden Park,1.0,4.0,4.0,0.0,0.0,4.0,100.0,1.0,,,,,0.0,0.0,Auckland,
AD Mathews,"Grand Prairie Stadium, Dallas",1.0,16.0,20.0,1.0,0.0,20.0,80.0,0.8,,,,,0.0,0.0,Dallas,
AD Mathews,Holkar Cricket Stadium,,0.0,,0.0,0.0,0.0,,,1.0,6.0,3.0,6.0,3.0,0.5,Indore,
AD Mathews,Maharashtra Cricket Association Stadium,1.0,22.0,9.0,0.0,3.0,9.0,244.44,2.44,1.0,3.0,9.0,3.0,18.0,3.0,Pune,
AD Mathews,"R Premadasa Stadium, Colombo",2.0,16.0,24.0,1.0,0.0,24.0,66.67,0.67,,,,,0.0,0.0,Colombo,
AD Mathews,"R.Premadasa Stadium, Khettarama",,0.0,,0.0,0.0,0.0,,,1.0,3.0,6.0,3.0,12.0,2.0,Colombo,
AD Mathews,Shere Bangla National Stadium,1.0,5.0,7.0,0.0,0.0,7.0,71.43,0.71,1.0,1.0,0.0,1.0,0.0,0.0,Mirpur,
AD Mathews,Sylhet International Cricket Stadium,2.0,42.0,31.0,4.0,1.0,31.0,135.48,1.35,3.0,30.0,29.0,30.0,5.8,0.97,,
AD Poynter,Himachal Pradesh Cricket Association Stadium,1.0,3.0,4.0,0.0,0.0,4.0,75.0,0.75,,,,,0.0,0.0,Dharamsala,
AD Russell,"Brian Lara Stadium, Tarouba, Trinidad",2.0,21.0,9.0,1.0,2.0,9.0,233.33,2.33,1.0,1.0,0.0,1.0,0.0,0.0,Tarouba,
AD Russell,Central Broward Regional Park Stadium Turf Ground,2.0,21.0,14.0,2.0,2.0,14.0,150.0,1.5,3.0,22.0,42.0,22.0,11.45,1.91,Lauderhill,
AD Russell,"Kensington Oval, Bridgetown, Barbados",2.0,3.0,3.0,0.0,0.0,3.0,100.0,1.0,2.0,17.0,21.0,17.0,7.41,1.24,Bridgetown,
AD Russell,"National Cricket Stadium, St George's, Grenada",,0.0,,0.0,0.0,0.0,,,1.0,2.0,10.0,2.0,30.0,5.0,St George's,
AD Russell,"Providence Stadium, Guyana",,0.0,,0.0,0.0,0.0,,,1.0,5.0,4.0,5.0,4.8,0.8,Providence,
AD Russell,"Sabina Park, Kingston",1.0,6.0,9.0,1.0,0.0,9.0,66.67,0.67,,,,,0.0,0.0,Jamaica,
AD Russell,Sharjah Cricket Stadium,,0.0,,0.0,0.0,0.0,,,1.0,14.0,19.0,14.0,8.14,1.36,Sharjah,
AD Russell,"Warner Park, Basseterre",1.0,18.0,6.0,3.0,1.0,6.0,300.0,3.0,1.0,7.0,4.0,7.0,3.43,0.57,St Kitts,
ADS Fletcher,"Arnos Vale Ground, Kingstown, St Vincent",2.0,0.0,8.0,0.0,0.0,8.0,0.0,0.0,,,,,0.0,0.0,Kingstown,
ADS Fletcher,Central Broward Regional Park Stadium Turf Ground,1.0,5.0,3.0,0.0,0.0,3.0,166.67,1.67,,,,,0.0,0.0,Lauderhill,
ADS Fletcher,Dubai International Cricket Stadium,1.0,7.0,3.0,0.0,1.0,3.0,233.33,2.33,,,,,0.0,0.0,,
ADS Fletcher,Eden Park,1.0,5.0,6.0,0.0,0.0,6.0,83.33,0.83,,,,,0.0,0.0,Auckland,
ADS Fletcher,National Stadium,1.0,42.0,30.0,3.0,3.0,30.0,140.0,1.4,,,,,0.0,0.0,Karachi,
ADS Fletcher,Providence Stadium,1.0,1.0,3.0,0.0,0.0,3.0,33.33,0.33,,,,,0.0,0.0,Guyana,
ADS Fletcher,"Providence Stadium, Guyana",1.0,4.0,6.0,1.0,0.0,6.0,66.67,0.67,,,,,0.0,0.0,Providence,
ADS Fletcher,"Sabina Park, Kingston",1.0,3.0,4.0,0.0,0.0,4.0,75.0,0.75,,,,,0.0,0.0,Jamaica,
ADS Fletcher,"Warner Park, Basseterre",1.0,0.0,4.0,0.0,0.0,4.0,0.0,0.0,,,,,0.0,0.0,St Kitts,
ADS Fletcher,Westpac Stadium,1.0,5.0,6.0,0.0,0.0,6.0,83.33,0.83,,,,,0.0,0.0,Wellington,
AE Paraam,Indian Association Ground,1.0,4.0,4.0,0.0,0.0,4.0,100.0,1.0,,,,,0.0,0.0,Singapore,
AE Paraam,"Tribhuvan University International Cricket Ground, Kirtipur",1.0,26.0,23.0,4.0,0.0,23.0,113.04,1.13,1.0,14.0,35.0,14.0,15.0,2.5,Kirtipur,
AF Buurman,Dubai International Cricket Stadium,1.0,0.0,1.0,0.0,0.0,1.0,0.0,0.0,,,,,0.0,0.0,,
AF Ifill,"Jimmy Powell Oval, Cayman Islands",,0.0,,0.0,0.0,0.0,,,1.0,14.0,19.0,14.0,8.14,1.36,George Town,
AF Ifill,National Stadium,1.0,2.0,6.0,0.0,0.0,6.0,33.33,0.33,1.0,3.0,2.0,3.0,4.0,0.67,Karachi,
AF Ifill,"National Stadium, Hamilton",,0.0,,0.0,0.0,0.0,,,1.0,9.0,11.0,9.0,7.33,1.22,Hamilton,
AF Ifill,"White Hill Field, Sandys Parish",4.0,4.0,12.0,0.0,0.0,12.0,33.33,0.33,1.0,8.0,21.0,8.0,15.75,2.62,Hamilton,
AF Milne,AMI Stadium,1.0,3.0,7.0,0.0,0.0,7.0,42.86,0.43,1.0,26.0,49.0,26.0,11.31,1.88,Christchurch,
AF Milne,"Bay Oval, Mount Maunganui",1.0,6.0,6.0,0.0,1.0,6.0,100.0,1.0,2.0,51.0,58.0,51.0,6.82,1.14,Mount Maunganui,
AF Milne,Dubai International Cricket Stadium,1.0,2.0,3.0,0.0,0.0,3.0,66.67,0.67,5.0,114.0,142.0,114.0,7.47,1.25,,
AF Milne,"Eden Gardens, Kolkata",1.0,7.0,6.0,0.0,1.0,6.0,116.67,1.17,1.0,25.0,47.0,25.0,11.28,1.88,Kolkata,
AF Milne,Eden Park,1.0,2.0,2.0,0.0,0.0,2.0,100.0,1.0,5.0,108.0,161.0,108.0,8.94,1.49,Auckland,
AF Milne,"Eden Park, Auckland",3.0,13.0,18.0,0.0,1.0,18.0,72.22,0.72,4.0,93.0,165.0,93.0,10.65,1.77,Auckland,
AF Milne,Feroz Shah Kotla,,0.0,,0.0,0.0,0.0,,,1.0,18.0,27.0,18.0,9.0,1.5,Delhi,
AF Milne,"Gaddafi Stadium, Lahore",1.0,3.0,5.0,0.0,0.0,5.0,60.0,0.6,2.0,52.0,89.0,52.0,10.27,1.71,Lahore,
AF Milne,"Hagley Oval, Christchurch",,0.0,,0.0,0.0,0.0,,,3.0,65.0,86.0,65.0,7.94,1.32,Christchurch,
AF Milne,Harare Sports Club,,0.0,,0.0,0.0,0.0,,,4.0,96.0,89.0,96.0,5.56,0.93,,
AF Milne,Himachal Pradesh Cricket Association Stadium,1.0,2.0,2.0,0.0,0.0,2.0,100.0,1.0,1.0,14.0,23.0,14.0,9.86,1.64,Dharamsala,
AF Milne,"JSCA International Stadium Complex, Ranchi",1.0,5.0,4.0,0.0,0.0,4.0,125.0,1.25,1.0,19.0,39.0,19.0,12.32,2.05,Ranchi,
AF Milne,"John Davies Oval, Queenstown",1.0,0.0,1.0,0.0,0.0,1.0,0.0,0.0,1.0,26.0,31.0,26.0,7.15,1.19,Queenstown,
AF Milne,Kingsmead,1.0,2.0,2.0,0.0,0.0,2.0,100.0,1.0,1.0,24.0,24.0,24.0,6.0,1.0,Durban,
AF Milne,"MA Chidambaram Stadium, Chepauk",,0.0,,0.0,0.0,0.0,,,1.0,18.0,36.0,18.0,12.0,2.0,Chennai,
AF Milne,McLean Park,,0.0,,0.0,0.0,0.0,,,1.0,20.0,34.0,20.0,10.2,1.7,Napier,
AF Milne,"McLean Park, Napier",2.0,16.0,13.0,0.0,2.0,13.0,123.08,1.23,2.0,35.0,62.0,35.0,10.63,1.77,Napier,
AF Milne,"Old Trafford, Manchester",1.0,2.0,3.0,0.0,0.0,3.0,66.67,0.67,1.0,24.0,23.0,24.0,5.75,0.96,Manchester,
AF Milne,Pallekele International Cricket Stadium,,0.0,,0.0,0.0,0.0,,,1.0,6.0,12.0,6.0,12.0,2.0,Kandy,
AF Milne,"Punjab Cricket Association IS Bindra Stadium, Mohali",,0.0,,0.0,0.0,0.0,,,1.0,24.0,26.0,24.0,6.5,1.08,Chandigarh,
AF Milne,Rawalpindi Cricket Stadium,,0.0,,0.0,0.0,0.0,,,1.0,24.0,31.0,24.0,7.75,1.29,,
AF Milne,"Riverside Ground, Chester-le-Street",1.0,10.0,9.0,0.0,1.0,9.0,111.11,1.11,1.0,21.0,30.0,21.0,8.57,1.43,Chester-le-Street,
AF Milne,Saurashtra Cricket Association Stadium,,0.0,,0.0,0.0,0.0,,,1.0,25.0,30.0,25.0,7.2,1.2,Rajkot,
AF Milne,Seddon Park,,0.0,,0.0,0.0,0.0,,,1.0,25.0,37.0,25.0,8.88,1.48,Hamilton,
AF Milne,"Seddon Park, Hamilton",1.0,0.0,1.0,0.0,0.0,1.0,0.0,0.0,1.0,25.0,33.0,25.0,7.92,1.32,Hamilton,
AF Milne,Sharjah Cricket Stadium,,0.0,,0.0,0.0,0.0,,,1.0,24.0,27.0,24.0,6.75,1.12,Sharjah,
AF Milne,Sheikh Zayed Stadium,,0.0,,0.0,0.0,0.0,,,1.0,25.0,29.0,25.0,6.96,1.16,Abu Dhabi,
AF Milne,"Sky Stadium, Wellington",,0.0,,0.0,0.0,0.0,,,1.0,24.0,54.0,24.0,13.5,2.25,Wellington,
AF Milne,SuperSport Park,1.0,10.0,7.0,1.0,0.0,7.0,142.86,1.43,1.0,26.0,27.0,26.0,6.23,1.04,Centurion,
AF Milne,"University Oval, Dunedin",,0.0,,0.0,0.0,0.0,,,1.0,26.0,27.0,26.0,6.23,1.04,Dunedin,
AF Milne,"Vidarbha Cricket Association Stadium, Jamtha",,0.0,,0.0,0.0,0.0,,,1.0,14.0,8.0,14.0,3.43,0.57,Nagpur,
AF Milne,Westpac Stadium,,0.0,,0.0,0.0,0.0,,,2.0,43.0,32.0,43.0,4.47,0.74,Wellington,
AF Milne,"Zayed Cricket Stadium, Abu Dhabi",,0.0,,0.0,0.0,0.0,,,1.0,25.0,32.0,25.0,7.68,1.28,Abu Dhabi,
AG Cremer,Harare Sports Club,1.0,0.0,3.0,0.0,0.0,3.0,0.0,0.0,3.0,24.0,25.0,24.0,6.25,1.04,,
AG Cremer,Sheikh Abu Naser Stadium,1.0,2.0,5.0,0.0,0.0,5.0,40.0,0.4,3.0,25.0,17.0,25.0,4.08,0.68,Khulna,
AG Cremer,Shere Bangla National Stadium,,0.0,,0.0,0.0,0.0,,,1.0,5.0,8.0,5.0,9.6,1.6,Mirpur,
AGS Gous,Al Amerat Cricket Ground Oman Cricket (Ministry Turf 1),2.0,12.0,10.0,0.0,1.0,10.0,120.0,1.2,,,,,0.0,0.0,Al Amarat,
AGS Gous,"Grand Prairie Stadium, Dallas",5.0,87.0,73.0,9.0,3.0,73.0,119.18,1.19,,,,,0.0,0.0,Dallas,
AGS Gous,"Nassau County International Cricket Stadium, New York",1.0,2.0,6.0,0.0,0.0,6.0,33.33,0.33,,,,,0.0,0.0,New York,
AGS Gous,Prairie View Cricket Complex,5.0,53.0,43.0,9.0,0.0,43.0,123.26,1.23,,,,,0.0,0.0,Houston,
AGS Gous,"Sportpark Westvliet, The Hague",1.0,10.0,9.0,1.0,0.0,9.0,111.11,1.11,,,,,0.0,0.0,The Hague,
AJ Finch,"Brisbane Cricket Ground, Woolloongabba",1.0,2.0,6.0,0.0,0.0,6.0,33.33,0.33,,,,,0.0,0.0,Brisbane,
AJ Finch,"Brisbane Cricket Ground, Woolloongabba, Brisbane",1.0,12.0,10.0,0.0,1.0,10.0,120.0,1.2,,,,,0.0,0.0,Brisbane,
AJ Finch,Dubai International Cricket Stadium,4.0,43.0,30.0,2.0,4.0,30.0,143.33,1.43,,,,,0.0,0.0,,
AJ Finch,"Gaddafi Stadium, Lahore",1.0,33.0,26.0,5.0,0.0,26.0,126.92,1.27,,,,,0.0,0.0,Lahore,
AJ Finch,Harare Sports Club,3.0,96.0,52.0,7.0,7.0,52.0,184.62,1.85,,,,,0.0,0.0,,
AJ Finch,JSCA International Stadium Complex,1.0,4.0,6.0,0.0,0.0,6.0,66.67,0.67,,,,,0.0,0.0,Ranchi,
AJ Finch,Manuka Oval,1.0,8.0,10.0,1.0,0.0,10.0,80.0,0.8,,,,,0.0,0.0,Canberra,
AJ Finch,Perth Stadium,1.0,20.0,15.0,0.0,2.0,15.0,133.33,1.33,,,,,0.0,0.0,Perth,
AJ Finch,Shere Bangla National Stadium,1.0,13.0,11.0,2.0,0.0,11.0,118.18,1.18,,,,,0.0,0.0,Mirpur,
AJ Finch,Sydney Cricket Ground,2.0,1.0,6.0,0.0,0.0,6.0,16.67,0.17,,,,,0.0,0.0,,
AJ Hosein,"Arnos Vale Ground, Kingstown, St Vincent",2.0,31.0,34.0,0.0,2.0,34.0,91.18,0.91,2.0,38.0,17.0,38.0,2.68,0.45,Kingstown,
AJ Hosein,"Bir Sreshtho Flight Lieutenant Matiur Rahman Stadium, Chattogram",1.0,1.0,1.0,0.0,0.0,1.0,100.0,1.0,3.0,73.0,72.0,73.0,5.92,0.99,Chattogram,
AJ Hosein,"Bready Cricket Club, Magheramason, Bready",,0.0,,0.0,0.0,0.0,,,1.0,5.0,10.0,5.0,12.0,2.0,Bready,
AJ Hosein,"Brian Lara Stadium, Tarouba, Trinidad",2.0,10.0,10.0,0.0,1.0,10.0,100.0,1.0,1.0,11.0,5.0,11.0,2.73,0.45,Tarouba,
AJ Hosein,"Central Broward Regional Park Stadium Turf Ground, Lauderhill",2.0,6.0,8.0,1.0,0.0,8.0,75.0,0.75,5.0,84.0,93.0,84.0,6.64,1.11,Lauderhill,
AJ Hosein,"Daren Sammy National Cricket Stadium, Gros Islet, St Lucia",,0.0,,0.0,0.0,0.0,,,1.0,3.0,1.0,3.0,2.0,0.33,Gros Islet,
AJ Hosein,"Eden Gardens, Kolkata",1.0,1.0,7.0,0.0,0.0,7.0,14.29,0.14,2.0,18.0,25.0,18.0,8.33,1.39,Kolkata,
AJ Hosein,"National Stadium, Karachi",,0.0,,0.0,0.0,0.0,,,2.0,32.0,28.0,32.0,5.25,0.88,Karachi,
AJ Hosein,"Providence Stadium, Guyana",2.0,17.0,11.0,2.0,0.0,11.0,154.55,1.55,5.0,66.0,80.0,66.0,7.27,1.21,Providence,
AJ Hosein,Sharjah Cricket Stadium,1.0,12.0,6.0,1.0,1.0,6.0,200.0,2.0,4.0,46.0,48.0,46.0,6.26,1.04,Sharjah,
AJ Hosein,"Windsor Park, Roseau, Dominica",,0.0,,0.0,0.0,0.0,,,2.0,14.0,17.0,14.0,7.29,1.21,Roseau,
AJ Mosca,"Simar Cricket Ground, Rome",1.0,9.0,7.0,0.0,1.0,7.0,128.57,1.29,,,,,0.0,0.0,Rome,
AJ Staal,Al Amerat Cricket Ground Oman Cricket (Ministry Turf 1),2.0,24.0,21.0,2.0,1.0,21.0,114.29,1.14,,,,,0.0,0.0,Al Amarat,
AJ Staal,"The Village, Malahide",1.0,0.0,2.0,0.0,0.0,2.0,0.0,0.0,,,,,0.0,0.0,Dublin,
AJ Staal,"Tribhuvan University International Cricket Ground, Kirtipur",3.0,5.0,4.0,1.0,0.0,4.0,125.0,1.25,,,,,0.0,0.0,Kirtipur,
AJ Turner,Manuka Oval,1.0,4.0,9.0,0.0,0.0,9.0,44.44,0.44,,,,,0.0,0.0,Canberra,
AJ Turner,"Shere Bangla National Stadium, Mirpur",4.0,19.0,31.0,1.0,0.0,31.0,61.29,0.61,3.0,40.0,34.0,40.0,5.1,0.85,Dhaka,
AJ Tye,Barsapara Cricket Stadium,,0.0,,0.0,0.0,0.0,,,1.0,8.0,7.0,8.0,5.25,0.88,Guwahati,
AJ Tye,"Brisbane Cricket Ground, Woolloongabba",,0.0,,0.0,0.0,0.0,,,1.0,2.0,2.0,2.0,6.0,1.0,Brisbane,
AJ Tye,Dubai International Cricket Stadium,2.0,6.0,7.0,0.0,0.0,7.0,85.71,0.86,2.0,18.0,29.0,18.0,9.67,1.61,,
AJ Tye,Harare Sports Club,1.0,11.0,7.0,0.0,1.0,7.0,157.14,1.57,3.0,34.0,60.0,34.0,10.59,1.76,,
AJ Tye,Sheikh Zayed Stadium,1.0,6.0,3.0,1.0,0.0,3.0,200.0,2.0,1.0,20.0,22.0,20.0,6.6,1.1,Abu Dhabi,
AJ Tye,"Shere Bangla National Stadium, Mirpur",3.0,7.0,13.0,0.0,0.0,13.0,53.85,0.54,3.0,44.0,55.0,44.0,7.5,1.25,Dhaka,
AJ Tye,Sydney Cricket Ground,,0.0,,0.0,0.0,0.0,,,2.0,9.0,12.0,9.0,8.0,1.33,,
AK Kitchen,Bay Oval,1.0,13.0,12.0,2.0,0.0,12.0,108.33,1.08,,,,,0.0,0.0,Mount Maunganui,
AK Kitchen,Westpac Stadium,,0.0,,0.0,0.0,0.0,,,1.0,2.0,2.0,2.0,6.0,1.0,Wellington,
AK Markram,"Arnos Vale Ground, Kingstown, St Vincent",1.0,6.0,6.0,1.0,0.0,6.0,100.0,1.0,1.0,7.0,4.0,7.0,3.43,0.57,Kingstown,
AK Markram,"Barsapara Cricket Stadium, Guwahati",1.0,14.0,6.0,1.0,1.0,6.0,233.33,2.33,1.0,4.0,8.0,4.0,12.0,2.0,Guwahati,
AK Markram,"Civil Service Cricket Club, Stormont, Belfast",,0.0,,0.0,0.0,0.0,,,1.0,2.0,2.0,2.0,6.0,1.0,Belfast,
AK Markram,"County Ground, Bristol",1.0,2.0,2.0,0.0,0.0,2.0,100.0,1.0,,,,,0.0,0.0,Bristol,
AK Markram,"Greenfield International Stadium, Thiruvananthapuram",1.0,11.0,15.0,2.0,0.0,15.0,73.33,0.73,,,,,0.0,0.0,Thiruvananthapuram,
AK Markram,"Kensington Oval, Bridgetown, Barbados",1.0,0.0,2.0,0.0,0.0,2.0,0.0,0.0,,,,,0.0,0.0,Bridgetown,
AK Markram,"Kingsmead, Durban",1.0,8.0,4.0,2.0,0.0,4.0,200.0,2.0,1.0,3.0,5.0,3.0,10.0,1.67,Durban,
AK Markram,"Nassau County International Cricket Stadium, New York",1.0,4.0,8.0,1.0,0.0,8.0,50.0,0.5,,,,,0.0,0.0,New York,
AK Markram,Perth Stadium,1.0,15.0,13.0,3.0,0.0,13.0,115.38,1.15,,,,,0.0,0.0,Perth,
AK Markram,"Sir Vivian Richards Stadium, North Sound, Antigua",1.0,13.0,12.0,1.0,0.0,12.0,108.33,1.08,,,,,0.0,0.0,North Sound,
AK Markram,"St George's Park, Gqeberha",2.0,24.0,14.0,3.0,1.0,14.0,171.43,1.71,1.0,3.0,2.0,3.0,4.0,0.67,Gqeberha,
AK Markram,"SuperSport Park, Centurion",1.0,48.0,21.0,6.0,2.0,21.0,228.57,2.29,1.0,10.0,18.0,10.0,10.8,1.8,Centurion,
AK Markram,Sydney Cricket Ground,2.0,27.0,22.0,5.0,0.0,22.0,122.73,1.23,,,,,0.0,0.0,,
AK Markram,"The Village, Malahide, Dublin",1.0,4.0,5.0,0.0,0.0,5.0,80.0,0.8,,,,,0.0,0.0,Dublin,
AK Markram,"The Wanderers Stadium, Johannesburg",4.0,82.0,54.0,11.0,4.0,54.0,151.85,1.52,1.0,6.0,22.0,6.0,22.0,3.67,Johannesburg,
AK Markram,"Zayed Cricket Stadium, Abu Dhabi",1.0,0.0,4.0,0.0,0.0,4.0,0.0,0.0,,,,,0.0,0.0,Abu Dhabi,
AK Perera,Gaddafi Stadium,1.0,7.0,5.0,1.0,0.0,5.0,140.0,1.4,,,,,0.0,0.0,Lahore,
AK Sah,"Arnos Vale Ground, Kingstown, St Vincent",1.0,0.0,2.0,0.0,0.0,2.0,0.0,0.0,,,,,0.0,0.0,Kingstown,
AK Sah,"Grand Prairie Stadium, Dallas",2.0,17.0,17.0,1.0,1.0,17.0,100.0,1.0,,,,,0.0,0.0,Dallas,
AK Sah,"Maple Leaf North-West Ground, King City",4.0,58.0,41.0,6.0,3.0,41.0,141.46,1.41,,,,,0.0,0.0,King City,
AL Phehlukwayo,Gaddafi Stadium,1.0,14.0,8.0,1.0,1.0,8.0,175.0,1.75,3.0,46.0,86.0,46.0,11.22,1.87,Lahore,
AL Phehlukwayo,Mangaung Oval,,0.0,,0.0,0.0,0.0,,,1.0,11.0,10.0,11.0,5.45,0.91,Bloemfontein,
AL Phehlukwayo,Newlands,1.0,5.0,2.0,1.0,0.0,2.0,250.0,2.5,1.0,19.0,16.0,19.0,5.05,0.84,Cape Town,
AL Phehlukwayo,Senwes Park,,0.0,,0.0,0.0,0.0,,,1.0,17.0,19.0,17.0,6.71,1.12,Potchefstroom,
AL Phehlukwayo,"St George's Park, Gqeberha",1.0,1.0,1.0,0.0,0.0,1.0,100.0,1.0,,,,,0.0,0.0,Gqeberha,
AL Phehlukwayo,SuperSport Park,1.0,10.0,11.0,2.0,0.0,11.0,90.91,0.91,1.0,13.0,26.0,13.0,12.0,2.0,Centurion,
AL Phehlukwayo,"SuperSport Park, Centurion",2.0,12.0,11.0,1.0,0.0,11.0,109.09,1.09,1.0,2.0,2.0,2.0,6.0,1.0,Centurion,
AL Phehlukwayo,The Wanderers Stadium,,0.0,,0.0,0.0,0.0,,,1.0,20.0,30.0,20.0,9.0,1.5,Johannesburg,
AL Phehlukwayo,"The Wanderers Stadium, Johannesburg",1.0,9.0,5.0,1.0,0.0,5.0,180.0,1.8,1.0,6.0,6.0,6.0,6.0,1.0,Johannesburg,
AM Fernando,Dubai International Cricket Stadium,1.0,6.0,2.0,1.0,0.0,2.0,300.0,3.0,1.0,8.0,20.0,8.0,15.0,2.5,,
AM Fernando,Pallekele International Cricket Stadium,1.0,0.0,1.0,0.0,0.0,1.0,0.0,0.0,2.0,7.0,12.0,7.0,10.29,1.71,Kandy,
AM Guruge,Sheikh Zayed Stadium,,0.0,,0.0,0.0,0.0,,,1.0,5.0,5.0,5.0,6.0,1.0,Abu Dhabi,
AM Guruge,Sylhet Stadium,,0.0,,0.0,0.0,0.0,,,1.0,3.0,1.0,3.0,2.0,0.33,,
AM Hardie,"Barsapara Cricket Stadium, Guwahati",1.0,16.0,14.0,3.0,0.0,14.0,114.29,1.14,1.0,5.0,7.0,5.0,8.4,1.4,Guwahati,
AM Hardie,"Bellerive Oval, Hobart",,0.0,,0.0,0.0,0.0,,,1.0,27.0,21.0,27.0,4.67,0.78,Hobart,
AM Hardie,"M Chinnaswamy Stadium, Bengaluru",1.0,5.0,6.0,1.0,0.0,6.0,83.33,0.83,,,,,0.0,0.0,Bengaluru,
AM Hardie,"Shaheed Veer Narayan Singh International Stadium, Raipur",1.0,7.0,5.0,1.0,0.0,5.0,140.0,1.4,,,,,0.0,0.0,Raipur,
AM Hardie,Sydney Cricket Ground,1.0,28.0,24.0,1.0,1.0,24.0,116.67,1.17,,,,,0.0,0.0,,
AM Kimote,"Achimota Senior Secondary School B Field, Accra",,0.0,,0.0,0.0,0.0,,,1.0,10.0,12.0,10.0,7.2,1.2,Accra,
AM Kimote,Harare Sports Club,,0.0,,0.0,0.0,0.0,,,2.0,15.0,34.0,15.0,13.6,2.27,,
AM Kimote,"United Cricket Club Ground, Windhoek",1.0,5.0,5.0,0.0,0.0,5.0,100.0,1.0,,,,,0.0,0.0,Windhoek,
AM Kimote,"Wanderers Cricket Ground, Windhoek",,0.0,,0.0,0.0,0.0,,,2.0,10.0,13.0,10.0,7.8,1.3,Windhoek,
AM Kimote,"Willowmoore Park, Benoni",,0.0,,0.0,0.0,0.0,,,1.0,13.0,29.0,13.0,13.38,2.23,Benoni,
AM McCarthy,National Stadium,1.0,2.0,4.0,0.0,0.0,4.0,50.0,0.5,1.0,12.0,12.0,12.0,6.0,1.0,Karachi,
AM Oyede,Tolerance Oval,1.0,1.0,10.0,0.0,0.0,10.0,10.0,0.1,,,,,0.0,0.0,Abu Dhabi,
AM Phangiso,Mangaung Oval,,0.0,,0.0,0.0,0.0,,,1.0,8.0,13.0,8.0,9.75,1.62,Bloemfontein,
AM Phangiso,Senwes Park,,0.0,,0.0,0.0,0.0,,,1.0,14.0,17.0,14.0,7.29,1.21,Potchefstroom,
AM Phangiso,Shere Bangla National Stadium,,0.0,,0.0,0.0,0.0,,,2.0,10.0,6.0,10.0,3.6,0.6,Mirpur,
AM Rajpurohit,"Ruaraka Sports Club Ground, Nairobi",,0.0,,0.0,0.0,0.0,,,1.0,5.0,15.0,5.0,18.0,3.0,Nairobi,
AM Tribe,Bulawayo Athletic Club,1.0,12.0,8.0,0.0,1.0,8.0,150.0,1.5,,,,,0.0,0.0,Bulawayo,
AM Tribe,"Goldenacre, Edinburgh",1.0,1.0,3.0,0.0,0.0,3.0,33.33,0.33,,,,,0.0,0.0,Edinburgh,
AN Kervezee,Dubai International Cricket Stadium,2.0,14.0,16.0,0.0,0.0,16.0,87.5,0.88,,,,,0.0,0.0,,
AP Rajeevan,Harare Sports Club,1.0,5.0,9.0,0.0,0.0,9.0,55.56,0.56,,,,,0.0,0.0,,
AP Rajeevan,"Wanderers Cricket Ground, Windhoek",2.0,4.0,6.0,0.0,0.0,6.0,66.67,0.67,,,,,0.0,0.0,Windhoek,
AP Yadav,Sano International Cricket Ground,2.0,3.0,8.0,0.0,0.0,8.0,37.5,0.38,,,,,0.0,0.0,Sano,
AR Bisht,Al Amerat Cricket Ground Oman Cricket (Ministry Turf 1),1.0,8.0,10.0,0.0,0.0,10.0,80.0,0.8,,,,,0.0,0.0,Al Amarat,
AR Cusack,Sylhet Stadium,,0.0,,0.0,0.0,0.0,,,1.0,5.0,10.0,5.0,12.0,2.0,,
AR Gandhi,Dubai International Cricket Stadium,1.0,5.0,5.0,0.0,0.0,5.0,100.0,1.0,,,,,0.0,0.0,,
AR McBrine,Al Amerat Cricket Ground Oman Cricket (Ministry Turf 1),,0.0,,0.0,0.0,0.0,,,2.0,8.0,3.0,8.0,2.25,0.38,Al Amarat,
AR McBrine,Al Amerat Cricket Ground Oman Cricket (Ministry Turf 2),1.0,21.0,13.0,3.0,0.0,13.0,161.54,1.62,1.0,20.0,22.0,20.0,6.6,1.1,Al Amarat,
AR McBrine,Himachal Pradesh Cricket Association Stadium,,0.0,,0.0,0.0,0.0,,,2.0,6.0,3.0,6.0,3.0,0.5,Dharamsala,
AR Naidoo,"Maple Leaf North-East Ground, King City",1.0,1.0,3.0,0.0,0.0,3.0,33.33,0.33,1.0,5.0,12.0,5.0,14.4,2.4,King City,
AR Naidoo,"Maple Leaf North-West Ground, King City",2.0,8.0,9.0,1.0,0.0,9.0,88.89,0.89,,,,,0.0,0.0,King City,
AR Naidoo,"National Stadium, Hamilton",1.0,0.0,6.0,0.0,0.0,6.0,0.0,0.0,,,,,0.0,0.0,Hamilton,
AR Nurse,Central Broward Regional Park Stadium Turf Ground,1.0,11.0,3.0,1.0,1.0,3.0,366.67,3.67,2.0,12.0,24.0,12.0,12.0,2.0,Lauderhill,
AR Nurse,"Warner Park, Basseterre",,0.0,,0.0,0.0,0.0,,,1.0,4.0,5.0,4.0,7.5,1.25,St Kitts,
AR Patel,Adelaide Oval,1.0,7.0,6.0,1.0,0.0,6.0,116.67,1.17,1.0,2.0,3.0,2.0,9.0,1.5,Adelaide,
AR Patel,Dubai International Cricket Stadium,1.0,10.0,15.0,0.0,0.0,15.0,66.67,0.67,4.0,77.0,88.0,77.0,6.86,1.14,,
AR Patel,"Eden Gardens, Kolkata",1.0,1.0,1.0,0.0,0.0,1.0,100.0,1.0,,,,,0.0,0.0,Kolkata,
AR Patel,Harare Sports Club,1.0,4.0,5.0,0.0,0.0,5.0,80.0,0.8,2.0,8.0,4.0,8.0,3.0,0.5,,
AR Patel,Melbourne Cricket Ground,1.0,2.0,3.0,0.0,0.0,3.0,66.67,0.67,1.0,11.0,20.0,11.0,10.91,1.82,,
AR Patel,"Nassau County International Cricket Stadium, New York",1.0,13.0,10.0,1.0,1.0,10.0,130.0,1.3,1.0,8.0,10.0,8.0,7.5,1.25,New York,
AR Patel,"Sir Vivian Richards Stadium, North Sound, Antigua",1.0,3.0,5.0,0.0,0.0,5.0,60.0,0.6,1.0,10.0,24.0,10.0,14.4,2.4,North Sound,
AR Patel,"Zayed Cricket Stadium, Abu Dhabi",1.0,10.0,5.0,2.0,0.0,5.0,200.0,2.0,,,,,0.0,0.0,Abu Dhabi,
AR Patwa,Harare Sports Club,1.0,1.0,2.0,0.0,0.0,2.0,50.0,0.5,,,,,0.0,0.0,,
AR Patwa,"United Cricket Club Ground, Windhoek",1.0,1.0,7.0,0.0,0.0,7.0,14.29,0.14,,,,,0.0,0.0,Windhoek,
AR Patwa,"Wanderers Cricket Ground, Windhoek",2.0,17.0,21.0,2.0,1.0,21.0,80.95,0.81,,,,,0.0,0.0,Windhoek,
AR Puri,Bulawayo Athletic Club,1.0,0.0,2.0,0.0,0.0,2.0,0.0,0.0,1.0,5.0,5.0,5.0,6.0,1.0,Bulawayo,
AR Puri,"Queens Sports Club, Bulawayo",,0.0,,0.0,0.0,0.0,,,1.0,7.0,17.0,7.0,14.57,2.43,Bulawayo,
AR Puri,"Tribhuvan University International Cricket Ground, Kirtipur",1.0,7.0,4.0,1.0,0.0,4.0,175.0,1.75,2.0,12.0,16.0,12.0,8.0,1.33,Kirtipur,
AR Ramjani,"Achimota Senior Secondary School A Field, Accra",,0.0,,0.0,0.0,0.0,,,1.0,3.0,2.0,3.0,4.0,0.67,Accra,
AR Ramjani,Harare Sports Club,1.0,6.0,7.0,0.0,0.0,7.0,85.71,0.86,,,,,0.0,0.0,,
AR Ramjani,"United Cricket Club Ground, Windhoek",1.0,16.0,7.0,1.0,1.0,7.0,228.57,2.29,1.0,4.0,6.0,4.0,9.0,1.5,Windhoek,
AR Ramjani,"Wanderers Cricket Ground, Windhoek",,0.0,,0.0,0.0,0.0,,,1.0,1.0,0.0,1.0,0.0,0.0,Windhoek,
AS Hansra,Dubai International Cricket Stadium,1.0,0.0,1.0,0.0,0.0,1.0,0.0,0.0,,,,,0.0,0.0,,
AS Hansra,Sheikh Zayed Stadium,1.0,2.0,2.0,0.0,0.0,2.0,100.0,1.0,,,,,0.0,0.0,Abu Dhabi,
AS Hundal,"Namibia Cricket Ground, Windhoek",1.0,0.0,1.0,0.0,0.0,1.0,0.0,0.0,,,,,0.0,0.0,Windhoek,
AS Joseph,"Arnos Vale Ground, Kingstown, St Vincent",3.0,10.0,15.0,1.0,0.0,15.0,66.67,0.67,3.0,64.0,99.0,64.0,9.28,1.55,Kingstown,
AS Joseph,"Brian Lara Stadium, Tarouba, Trinidad",1.0,4.0,6.0,0.0,0.0,6.0,66.67,0.67,1.0,7.0,18.0,7.0,15.43,2.57,Tarouba,
AS Joseph,"Central Broward Regional Park Stadium Turf Ground, Lauderhill",1.0,2.0,5.0,0.0,0.0,5.0,40.0,0.4,1.0,6.0,19.0,6.0,19.0,3.17,Lauderhill,
AS Joseph,"Kensington Oval, Bridgetown, Barbados",,0.0,,0.0,0.0,0.0,,,1.0,8.0,11.0,8.0,8.25,1.38,Bridgetown,
AS Joseph,"Providence Stadium, Guyana",1.0,10.0,8.0,0.0,1.0,8.0,125.0,1.25,2.0,29.0,30.0,29.0,6.21,1.03,Providence,
AT Carey,Dubai International Cricket Stadium,2.0,1.0,3.0,0.0,0.0,3.0,33.33,0.33,,,,,0.0,0.0,,
AT Carey,Harare Sports Club,2.0,19.0,15.0,1.0,1.0,15.0,126.67,1.27,,,,,0.0,0.0,,
AT Carey,Melbourne Cricket Ground,1.0,1.0,3.0,0.0,0.0,3.0,33.33,0.33,,,,,0.0,0.0,,
AT Carey,"Shere Bangla National Stadium, Mirpur",5.0,33.0,35.0,3.0,1.0,35.0,94.29,0.94,,,,,0.0,0.0,Dhaka,
AT Carey,Sydney Cricket Ground,1.0,5.0,5.0,0.0,0.0,5.0,100.0,1.0,,,,,0.0,0.0,,
AT Nidamanuru,Al Amerat Cricket Ground Oman Cricket (Ministry Turf 1),2.0,12.0,14.0,1.0,0.0,14.0,85.71,0.86,,,,,0.0,0.0,Al Amarat,
AT Nidamanuru,"Queens Sports Club, Bulawayo",1.0,1.0,7.0,0.0,0.0,7.0,14.29,0.14,,,,,0.0,0.0,Bulawayo,
AT Nidamanuru,Sylhet International Cricket Stadium,2.0,26.0,27.0,3.0,1.0,27.0,96.3,0.96,,,,,0.0,0.0,,
AT Nidamanuru,"Tribhuvan University International Cricket Ground, Kirtipur",3.0,26.0,30.0,3.0,0.0,30.0,86.67,0.87,,,,,0.0,0.0,Kirtipur,
AU Rashid,"Eden Gardens, Kolkata",1.0,5.0,3.0,1.0,0.0,3.0,166.67,1.67,1.0,11.0,25.0,11.0,13.64,2.27,Kolkata,
AU Rashid,"Edgbaston, Birmingham",,0.0,,0.0,0.0,0.0,,,1.0,10.0,5.0,10.0,3.0,0.5,Birmingham,
AU Rashid,"Gaddafi Stadium, Lahore",,0.0,,0.0,0.0,0.0,,,3.0,30.0,43.0,30.0,8.6,1.43,Lahore,
AU Rashid,"Headingley, Leeds",1.0,2.0,4.0,0.0,0.0,4.0,50.0,0.5,1.0,17.0,25.0,17.0,8.82,1.47,Leeds,
AU Rashid,"Kennington Oval, London",,0.0,,0.0,0.0,0.0,,,1.0,16.0,24.0,16.0,9.0,1.5,London,
AU Rashid,"Kensington Oval, Bridgetown, Barbados",,0.0,,0.0,0.0,0.0,,,1.0,12.0,3.0,12.0,1.5,0.25,Bridgetown,
AU Rashid,"MA Chidambaram Stadium, Chepauk, Chennai",1.0,8.0,7.0,1.0,0.0,7.0,114.29,1.14,1.0,21.0,13.0,21.0,3.71,0.62,Chennai,
AU Rashid,"Maharashtra Cricket Association Stadium, Pune",1.0,10.0,6.0,0.0,1.0,6.0,166.67,1.67,1.0,2.0,4.0,2.0,12.0,2.0,Pune,
AU Rashid,Melbourne Cricket Ground,,0.0,,0.0,0.0,0.0,,,1.0,10.0,12.0,10.0,7.2,1.2,,
AU Rashid,Narendra Modi Stadium,,0.0,,0.0,0.0,0.0,,,4.0,16.0,25.0,16.0,9.38,1.56,Ahmedabad,
AU Rashid,"National Stadium, Karachi",1.0,3.0,3.0,0.0,0.0,3.0,100.0,1.0,4.0,66.0,86.0,66.0,7.82,1.3,Karachi,
AU Rashid,Old Trafford,1.0,3.0,3.0,0.0,0.0,3.0,100.0,1.0,3.0,29.0,41.0,29.0,8.48,1.41,Manchester,
AU Rashid,"Old Trafford, Manchester",,0.0,,0.0,0.0,0.0,,,2.0,21.0,28.0,21.0,8.0,1.33,Manchester,
AU Rashid,"Riverside Ground, Chester-le-Street",,0.0,,0.0,0.0,0.0,,,1.0,2.0,0.0,2.0,0.0,0.0,Chester-le-Street,
AU Rashid,"Saurashtra Cricket Association Stadium, Rajkot",1.0,0.0,1.0,0.0,0.0,1.0,0.0,0.0,1.0,14.0,11.0,14.0,4.71,0.79,Rajkot,
AU Rashid,Sharjah Cricket Stadium,,0.0,,0.0,0.0,0.0,,,1.0,4.0,2.0,4.0,3.0,0.5,Sharjah,
AU Rashid,"Shere Bangla National Stadium, Mirpur",1.0,1.0,2.0,0.0,0.0,2.0,50.0,0.5,2.0,23.0,26.0,23.0,6.78,1.13,Dhaka,
AU Rashid,"Sir Vivian Richards Stadium, North Sound, Antigua",,0.0,,0.0,0.0,0.0,,,1.0,25.0,11.0,25.0,2.64,0.44,North Sound,
AU Rashid,Sophia Gardens,,0.0,,0.0,0.0,0.0,,,1.0,14.0,20.0,14.0,8.57,1.43,Cardiff,
AU Rashid,"Vidarbha Cricket Association Stadium, Jamtha",,0.0,,0.0,0.0,0.0,,,1.0,9.0,19.0,9.0,12.67,2.11,Nagpur,
AU Rashid,"Wankhede Stadium, Mumbai",,0.0,,0.0,0.0,0.0,,,1.0,17.0,38.0,17.0,13.41,2.24,Mumbai,
AU Rashid,"Zahur Ahmed Chowdhury Stadium, Chattogram",,0.0,,0.0,0.0,0.0,,,1.0,6.0,12.0,6.0,12.0,2.0,Chattogram,
AU Rashid,"Zayed Cricket Stadium, Abu Dhabi",,0.0,,0.0,0.0,0.0,,,1.0,12.0,25.0,12.0,12.5,2.08,Abu Dhabi,
AV Lalcheta,Himachal Pradesh Cricket Association Stadium,,0.0,,0.0,0.0,0.0,,,1.0,4.0,0.0,4.0,0.0,0.0,Dharamsala,
AV Lazarus,Sano International Cricket Ground,2.0,16.0,13.0,1.0,1.0,13.0,123.08,1.23,,,,,0.0,0.0,Sano,
AW Hawkins-Kay,Sheikh Zayed Stadium,1.0,7.0,5.0,0.0,0.0,5.0,140.0,1.4,1.0,8.0,11.0,8.0,8.25,1.38,Abu Dhabi,
AW Hawkins-Kay,Tolerance Oval,1.0,7.0,5.0,1.0,0.0,5.0,140.0,1.4,1.0,4.0,5.0,4.0,7.5,1.25,Abu Dhabi,
AWJ Auguste,"Bir Sreshtho Flight Lieutenant Matiur Rahman Stadium, Chattogram",1.0,50.0,25.0,1.0,5.0,25.0,200.0,2.0,,,,,0.0,0.0,Chattogram,
AWJ Auguste,Sharjah Cricket Stadium,3.0,35.0,27.0,4.0,2.0,27.0,129.63,1.3,,,,,0.0,0.0,Sharjah,
AY Patel,Dubai International Cricket Stadium,,0.0,,0.0,0.0,0.0,,,1.0,10.0,15.0,10.0,9.0,1.5,,
AY Patel,Sheikh Zayed Stadium,,0.0,,0.0,0.0,0.0,,,1.0,7.0,5.0,7.0,4.29,0.71,Abu Dhabi,
AY Patel,"Shere Bangla National Stadium, Mirpur",2.0,2.0,7.0,0.0,0.0,7.0,28.57,0.29,5.0,84.0,60.0,84.0,4.29,0.71,Dhaka,
Aamer Jamal,"Eden Park, Auckland",1.0,10.0,3.0,1.0,1.0,3.0,333.33,3.33,,,,,0.0,0.0,Auckland,
Aamir Kaleem,Al Amerat Cricket Ground Oman Cricket (Ministry Turf 1),6.0,63.0,46.0,9.0,0.0,46.0,136.96,1.37,4.0,33.0,54.0,33.0,9.82,1.64,Al Amarat,
Aamir Kaleem,Al Amerat Cricket Ground Oman Cricket (Ministry Turf 2),1.0,2.0,2.0,0.0,0.0,2.0,100.0,1.0,,,,,0.0,0.0,Al Amarat,
Aamir Kaleem,Dubai International Cricket Stadium,1.0,13.0,11.0,1.0,1.0,11.0,118.18,1.18,2.0,30.0,50.0,30.0,10.0,1.67,,
Aamir Kaleem,Sheikh Zayed Stadium,,0.0,,0.0,0.0,0.0,,,1.0,7.0,7.0,7.0,6.0,1.0,Abu Dhabi,
Aamir Kaleem,Tolerance Oval,1.0,9.0,5.0,0.0,1.0,5.0,180.0,1.8,,,,,0.0,0.0,Abu Dhabi,
Aamir Kaleem,"Zayed Cricket Stadium, Abu Dhabi",1.0,36.0,31.0,4.0,1.0,31.0,116.13,1.16,1.0,8.0,15.0,8.0,11.25,1.88,Abu Dhabi,
Aarif Sheikh,Al Amerat Cricket Ground Oman Cricket (Ministry Turf 1),4.0,57.0,41.0,7.0,1.0,41.0,139.02,1.39,1.0,3.0,1.0,3.0,2.0,0.33,Al Amarat,
Aarif Sheikh,Al Amerat Cricket Ground Oman Cricket (Ministry Turf 2),1.0,6.0,10.0,0.0,0.0,10.0,60.0,0.6,1.0,15.0,13.0,15.0,5.2,0.87,Al Amarat,
Aarif Sheikh,"Grand Prairie Stadium, Dallas",1.0,1.0,2.0,0.0,0.0,2.0,50.0,0.5,1.0,2.0,5.0,2.0,15.0,2.5,Dallas,
Aarif Sheikh,"Titwood, Glasgow",1.0,17.0,6.0,2.0,1.0,6.0,283.33,2.83,,,,,0.0,0.0,Glasgow,
Aaron Jones,Al Amerat Cricket Ground Oman Cricket (Ministry Turf 1),3.0,80.0,65.0,4.0,4.0,65.0,123.08,1.23,,,,,0.0,0.0,Al Amarat,
Aaron Jones,Bermuda National Stadium,1.0,4.0,5.0,0.0,0.0,5.0,80.0,0.8,,,,,0.0,0.0,Hamilton,
Aaron Jones,Bulawayo Athletic Club,4.0,71.0,71.0,5.0,1.0,71.0,100.0,1.0,3.0,26.0,35.0,26.0,8.08,1.35,Bulawayo,
Aaron Jones,"Coolidge Cricket Ground, Antigua",2.0,49.0,51.0,4.0,1.0,51.0,96.08,0.96,1.0,6.0,5.0,6.0,5.0,0.83,Coolidge,
Aaron Jones,"Grand Prairie Stadium, Dallas",5.0,164.0,112.0,9.0,12.0,112.0,146.43,1.46,,,,,0.0,0.0,Dallas,
Aaron Jones,ICC Academy,2.0,2.0,2.0,0.0,0.0,2.0,100.0,1.0,,,,,0.0,0.0,Dubai,
Aaron Jones,"Jimmy Powell Oval, Cayman Islands",4.0,69.0,52.0,2.0,4.0,52.0,132.69,1.33,,,,,0.0,0.0,George Town,
Aaron Jones,"Kensington Oval, Bridgetown, Barbados",2.0,21.0,28.0,2.0,1.0,28.0,75.0,0.75,,,,,0.0,0.0,Bridgetown,
Aaron Jones,"Nassau County International Cricket Stadium, New York",1.0,11.0,22.0,0.0,1.0,22.0,50.0,0.5,,,,,0.0,0.0,New York,
Aaron Jones,National Stadium,1.0,16.0,19.0,0.0,0.0,19.0,84.21,0.84,1.0,12.0,6.0,12.0,3.0,0.5,Karachi,
Aaron Jones,Prairie View Cricket Complex,7.0,95.0,100.0,5.0,5.0,100.0,95.0,0.95,,,,,0.0,0.0,Houston,
Aaron Jones,"Queens Sports Club, Bulawayo",1.0,7.0,10.0,1.0,0.0,10.0,70.0,0.7,1.0,13.0,37.0,13.0,17.08,2.85,Bulawayo,
Aaron Jones,"Sir Vivian Richards Stadium, North Sound, Antigua",3.0,67.0,60.0,3.0,4.0,60.0,111.67,1.12,1.0,12.0,13.0,12.0,6.5,1.08,North Sound,
Aaron Jones,"Sportpark Maarschalkerweerd, Utrecht",1.0,34.0,18.0,2.0,3.0,18.0,188.89,1.89,,,,,0.0,0.0,Utrecht,
Aaron Jones,"Sportpark Westvliet, The Hague",2.0,18.0,22.0,0.0,1.0,22.0,81.82,0.82,2.0,18.0,20.0,18.0,6.67,1.11,The Hague,
Aaron Jones,"White Hill Field, Sandys Parish",3.0,59.0,60.0,3.0,2.0,60.0,98.33,0.98,2.0,30.0,23.0,30.0,4.6,0.77,Hamilton,
Aasif Sheikh,Al Amerat Cricket Ground Oman Cricket (Ministry Turf 1),17.0,424.0,360.0,38.0,17.0,360.0,117.78,1.18,,,,,0.0,0.0,Al Amarat,
Aasif Sheikh,Al Amerat Cricket Ground Oman Cricket (Ministry Turf 2),3.0,15.0,23.0,1.0,0.0,23.0,65.22,0.65,,,,,0.0,0.0,Al Amarat,
Aasif Sheikh,"Arnos Vale Ground, Kingstown, St Vincent",2.0,59.0,66.0,8.0,1.0,66.0,89.39,0.89,,,,,0.0,0.0,Kingstown,
Aasif Sheikh,"Grand Prairie Stadium, Dallas",4.0,82.0,80.0,10.0,2.0,80.0,102.5,1.02,,,,,0.0,0.0,Dallas,
Aasif Sheikh,"Gymkhana Club Ground, Nairobi",1.0,19.0,29.0,3.0,0.0,29.0,65.52,0.66,,,,,0.0,0.0,Nairobi,
Aasif Sheikh,"Maple Leaf North-West Ground, King City",4.0,81.0,77.0,5.0,5.0,77.0,105.19,1.05,,,,,0.0,0.0,King City,
Aasif Sheikh,"Mission Road Ground, Mong Kok, Hong Kong",3.0,107.0,74.0,5.0,9.0,74.0,144.59,1.45,,,,,0.0,0.0,Mong Kok,
Aasif Sheikh,Mulpani Cricket Ground,5.0,211.0,180.0,25.0,4.0,180.0,117.22,1.17,,,,,0.0,0.0,Kathmandu,
Aasif Sheikh,Sharjah Cricket Stadium,2.0,71.0,55.0,8.0,2.0,55.0,129.09,1.29,,,,,0.0,0.0,Sharjah,
Aasif Sheikh,"Titwood, Glasgow",2.0,21.0,14.0,2.0,1.0,14.0,150.0,1.5,,,,,0.0,0.0,Glasgow,
Aasif Sheikh,"Tribhuvan University International Cricket Ground, Kirtipur",20.0,512.0,421.0,42.0,22.0,421.0,121.62,1.22,,,,,0.0,0.0,Kirtipur,
Aasif Sheikh,Zhejiang University of Technology Cricket Field,2.0,26.0,25.0,3.0,1.0,25.0,104.0,1.04,,,,,0.0,0.0,Hangzhou,
Aayan Afzal Khan,Al Amerat Cricket Ground Oman Cricket (Ministry Turf 1),1.0,1.0,1.0,0.0,0.0,1.0,100.0,1.0,3.0,19.0,26.0,19.0,8.21,1.37,Al Amarat,
Aayan Afzal Khan,Dubai International Cricket Stadium,2.0,28.0,20.0,3.0,0.0,20.0,140.0,1.4,2.0,25.0,28.0,25.0,6.72,1.12,,
Aayan Afzal Khan,Mulpani Cricket Ground,1.0,0.0,1.0,0.0,0.0,1.0,0.0,0.0,1.0,11.0,7.0,11.0,3.82,0.64,Kathmandu,
Aayan Afzal Khan,"Tribhuvan University International Cricket Ground, Kirtipur",1.0,1.0,2.0,0.0,0.0,2.0,50.0,0.5,1.0,11.0,5.0,11.0,2.73,0.45,Kirtipur,
Aayan Afzal Khan,"Wanderers Cricket Ground, Windhoek",1.0,3.0,2.0,0.0,0.0,2.0,150.0,1.5,2.0,18.0,19.0,18.0,6.33,1.06,Windhoek,
Aayan Afzal Khan,"West End Park International Cricket Stadium, Doha",,0.0,,0.0,0.0,0.0,,,1.0,12.0,21.0,12.0,10.5,1.75,Doha,
Abbas Afridi,"Bay Oval, Mount Maunganui",1.0,1.0,4.0,0.0,0.0,4.0,25.0,0.25,1.0,20.0,39.0,20.0,11.7,1.95,Mount Maunganui,
Abbas Afridi,"Bellerive Oval, Hobart",1.0,1.0,8.0,0.0,0.0,8.0,12.5,0.12,1.0,9.0,14.0,9.0,9.33,1.56,Hobart,
Abbas Afridi,"Brisbane Cricket Ground, Woolloongabba, Brisbane",1.0,20.0,10.0,2.0,1.0,10.0,200.0,2.0,1.0,6.0,9.0,6.0,9.0,1.5,Brisbane,
Abbas Afridi,"Castle Avenue, Dublin",,0.0,,0.0,0.0,0.0,,,3.0,73.0,117.0,73.0,9.62,1.6,Dublin,
Abbas Afridi,"Central Broward Regional Park Stadium Turf Ground, Lauderhill",1.0,17.0,21.0,1.0,1.0,21.0,80.95,0.81,1.0,20.0,32.0,20.0,9.6,1.6,Lauderhill,
Abbas Afridi,"Eden Park, Auckland",1.0,1.0,2.0,0.0,0.0,2.0,50.0,0.5,2.0,43.0,60.0,43.0,8.37,1.4,Auckland,
Abbas Afridi,"Gaddafi Stadium, Lahore",1.0,1.0,2.0,0.0,0.0,2.0,50.0,0.5,3.0,57.0,71.0,57.0,7.47,1.25,Lahore,
Abbas Afridi,"Hagley Oval, Christchurch",1.0,15.0,6.0,0.0,2.0,6.0,250.0,2.5,1.0,6.0,5.0,6.0,5.0,0.83,Christchurch,
Abbas Afridi,"Kingsmead, Durban",1.0,0.0,1.0,0.0,0.0,1.0,0.0,0.0,1.0,24.0,30.0,24.0,7.5,1.25,Durban,
Abbas Afridi,"Queens Sports Club, Bulawayo",1.0,15.0,14.0,3.0,0.0,14.0,107.14,1.07,3.0,50.0,38.0,50.0,4.56,0.76,Bulawayo,
Abbas Afridi,Rawalpindi Cricket Stadium,,0.0,,0.0,0.0,0.0,,,1.0,20.0,27.0,20.0,8.1,1.35,,
Abbas Afridi,"Seddon Park, Hamilton",1.0,7.0,5.0,0.0,1.0,5.0,140.0,1.4,1.0,26.0,43.0,26.0,9.92,1.65,Hamilton,
Abbas Afridi,"Shere Bangla National Stadium, Mirpur",3.0,42.0,40.0,2.0,4.0,40.0,105.0,1.05,2.0,36.0,53.0,36.0,8.83,1.47,Dhaka,
Abbas Afridi,"SuperSport Park, Centurion",1.0,11.0,4.0,1.0,1.0,4.0,275.0,2.75,1.0,22.0,46.0,22.0,12.55,2.09,Centurion,
Abbas Afridi,Sydney Cricket Ground,1.0,4.0,2.0,1.0,0.0,2.0,200.0,2.0,1.0,26.0,18.0,26.0,4.15,0.69,,
Abdul Majid Abbasi,Al Amerat Cricket Ground Oman Cricket (Ministry Turf 1),1.0,1.0,1.0,0.0,0.0,1.0,100.0,1.0,1.0,9.0,10.0,9.0,6.67,1.11,Al Amarat,
Abdul Majid Abbasi,"ICC Academy, Dubai",,0.0,,0.0,0.0,0.0,,,1.0,10.0,7.0,10.0,4.2,0.7,Dubai,
Abdul Majid Abbasi,"Tribhuvan University International Cricket Ground, Kirtipur",1.0,7.0,10.0,0.0,0.0,10.0,70.0,0.7,,,,,0.0,0.0,Kirtipur,
Abdul Razzaq,AMI Stadium,1.0,18.0,5.0,3.0,1.0,5.0,360.0,3.6,,,,,0.0,0.0,Christchurch,
Abdul Samad,Al Amerat Cricket Ground Oman Cricket (Ministry Turf 1),1.0,11.0,13.0,1.0,0.0,13.0,84.62,0.85,2.0,24.0,39.0,24.0,9.75,1.62,Al Amarat,
Abdul Samad,Al Amerat Cricket Ground Oman Cricket (Ministry Turf 2),1.0,2.0,6.0,0.0,0.0,6.0,33.33,0.33,1.0,24.0,21.0,24.0,5.25,0.88,Al Amarat,
Abdul Samad,"Bay Oval, Mount Maunganui",1.0,44.0,31.0,4.0,2.0,31.0,141.94,1.42,,,,,0.0,0.0,Mount Maunganui,
Abdul Samad,"Hagley Oval, Christchurch",1.0,7.0,13.0,0.0,0.0,13.0,53.85,0.54,,,,,0.0,0.0,Christchurch,
Abdul Samad,Sano International Cricket Ground,2.0,5.0,9.0,0.0,0.0,9.0,55.56,0.56,8.0,109.0,59.0,109.0,3.25,0.54,Sano,
Abdul Samad,"Sky Stadium, Wellington",1.0,4.0,9.0,0.0,0.0,9.0,44.44,0.44,,,,,0.0,0.0,Wellington,
Abdul Samad,"University Oval, Dunedin",1.0,11.0,7.0,0.0,1.0,7.0,157.14,1.57,,,,,0.0,0.0,Dunedin,
Abdul Waheed,Al Amerat Cricket Ground Oman Cricket (Ministry Turf 1),3.0,18.0,23.0,1.0,0.0,23.0,78.26,0.78,,,,,0.0,0.0,Al Amarat,
Abdul Waheed,Al Amerat Cricket Ground Oman Cricket (Ministry Turf 2),1.0,14.0,5.0,0.0,2.0,5.0,280.0,2.8,,,,,0.0,0.0,Al Amarat,
Abdul Waheed,"ICC Academy, Dubai",1.0,8.0,9.0,0.0,0.0,9.0,88.89,0.89,,,,,0.0,0.0,Dubai,
Abdul-Shakoor Rahimzei,Bayer Uerdingen Cricket Ground,1.0,2.0,3.0,0.0,0.0,3.0,66.67,0.67,,,,,0.0,0.0,Krefeld,
Abdullah Akbarjan,Bayer Uerdingen Cricket Ground,,0.0,,0.0,0.0,0.0,,,1.0,3.0,4.0,3.0,8.0,1.33,Krefeld,
Abdullah Akbarjan,"Simar Cricket Ground, Rome",,0.0,,0.0,0.0,0.0,,,1.0,3.0,2.0,3.0,4.0,0.67,Rome,
Abdullah Jasat,"Coolidge Cricket Ground, Antigua",1.0,0.0,1.0,0.0,0.0,1.0,0.0,0.0,,,,,0.0,0.0,Coolidge,
Abdullah Khan Lodhi,Roma Cricket Ground,1.0,1.0,5.0,0.0,0.0,5.0,20.0,0.2,,,,,0.0,0.0,Spinaceto,
Abdullah Rana,Marsa Sports Club,1.0,5.0,2.0,1.0,0.0,2.0,250.0,2.5,1.0,9.0,16.0,9.0,10.67,1.78,Marsa,
Abdur Razzak,Queens Sports Club,,0.0,,0.0,0.0,0.0,,,1.0,5.0,5.0,5.0,6.0,1.0,Bulawayo,
Abdur Rehman,AMI Stadium,,0.0,,0.0,0.0,0.0,,,1.0,5.0,1.0,5.0,1.2,0.2,Christchurch,
Abhishek Anand,Al Amerat Cricket Ground Oman Cricket (Ministry Turf 1),1.0,0.0,6.0,0.0,0.0,6.0,0.0,0.0,,,,,0.0,0.0,Al Amarat,
Abhishek Sharma,"Arun Jaitley Stadium, Delhi",1.0,15.0,11.0,3.0,0.0,11.0,136.36,1.36,1.0,12.0,10.0,12.0,5.0,0.83,Delhi,
Abhishek Sharma,"Bellerive Oval, Hobart",1.0,25.0,16.0,2.0,2.0,16.0,156.25,1.56,1.0,6.0,13.0,6.0,13.0,2.17,Hobart,
Abhishek Sharma,"Brisbane Cricket Ground, Woolloongabba, Brisbane",1.0,23.0,13.0,1.0,1.0,13.0,176.92,1.77,,,,,0.0,0.0,Brisbane,
Abhishek Sharma,Carrara Oval,1.0,28.0,21.0,3.0,1.0,21.0,133.33,1.33,,,,,0.0,0.0,Carrara,
Abhishek Sharma,Dubai International Cricket Stadium,6.0,276.0,145.0,27.0,17.0,145.0,190.34,1.9,1.0,6.0,5.0,6.0,5.0,0.83,,
Abhishek Sharma,"Eden Gardens, Kolkata",1.0,79.0,34.0,5.0,8.0,34.0,232.35,2.32,,,,,0.0,0.0,Kolkata,
Abhishek Sharma,Harare Sports Club,4.0,124.0,72.0,9.0,9.0,72.0,172.22,1.72,5.0,79.0,116.0,79.0,8.81,1.47,,
Abhishek Sharma,"Kingsmead, Durban",1.0,7.0,8.0,1.0,0.0,8.0,87.5,0.88,,,,,0.0,0.0,Durban,
Abhishek Sharma,"MA Chidambaram Stadium, Chepauk, Chennai",1.0,12.0,7.0,3.0,0.0,7.0,171.43,1.71,1.0,6.0,12.0,6.0,12.0,2.0,Chennai,
Abhishek Sharma,"Maharashtra Cricket Association Stadium, Pune",1.0,29.0,19.0,4.0,1.0,19.0,152.63,1.53,,,,,0.0,0.0,Pune,
Abhishek Sharma,"Manuka Oval, Canberra",1.0,19.0,14.0,4.0,0.0,14.0,135.71,1.36,,,,,0.0,0.0,Canberra,
Abhishek Sharma,Melbourne Cricket Ground,1.0,68.0,37.0,8.0,2.0,37.0,183.78,1.84,,,,,0.0,0.0,,
Abhishek Sharma,"Rajiv Gandhi International Stadium, Uppal, Hyderabad",1.0,4.0,4.0,1.0,0.0,4.0,100.0,1.0,1.0,6.0,8.0,6.0,8.0,1.33,Hyderabad,
Abhishek Sharma,"Saurashtra Cricket Association Stadium, Rajkot",1.0,24.0,15.0,5.0,0.0,15.0,160.0,1.6,1.0,6.0,4.0,6.0,4.0,0.67,Rajkot,
Abhishek Sharma,"Shrimant Madhavrao Scindia Cricket Stadium, Gwalior",1.0,16.0,7.0,2.0,1.0,7.0,228.57,2.29,,,,,0.0,0.0,Gwalior,
Abhishek Sharma,"St George's Park, Gqeberha",1.0,4.0,6.0,1.0,0.0,6.0,66.67,0.67,,,,,0.0,0.0,Gqeberha,
Abhishek Sharma,"SuperSport Park, Centurion",1.0,50.0,28.0,3.0,5.0,28.0,178.57,1.79,,,,,0.0,0.0,Centurion,
Abhishek Sharma,"The Wanderers Stadium, Johannesburg",1.0,36.0,21.0,2.0,4.0,21.0,171.43,1.71,,,,,0.0,0.0,Johannesburg,
Abhishek Sharma,"Wankhede Stadium, Mumbai",1.0,135.0,57.0,7.0,13.0,57.0,236.84,2.37,1.0,7.0,3.0,7.0,2.57,0.43,Mumbai,
Abhishek Sharma,"Zayed Cricket Stadium, Abu Dhabi",1.0,38.0,16.0,5.0,2.0,16.0,237.5,2.38,1.0,6.0,12.0,6.0,12.0,2.0,Abu Dhabi,
Abraash Khan,Sheikh Zayed Stadium,1.0,10.0,9.0,0.0,0.0,9.0,111.11,1.11,,,,,0.0,0.0,Abu Dhabi,
Abrar Ahmed,"Bay Oval, Mount Maunganui",1.0,1.0,4.0,0.0,0.0,4.0,25.0,0.25,1.0,24.0,41.0,24.0,10.25,1.71,Mount Maunganui,
Abrar Ahmed,Dubai International Cricket Stadium,1.0,1.0,2.0,0.0,0.0,2.0,50.0,0.5,6.0,137.0,139.0,137.0,6.09,1.01,,
Abrar Ahmed,"Eden Park, Auckland",,0.0,,0.0,0.0,0.0,,,1.0,18.0,43.0,18.0,14.33,2.39,Auckland,
Abrar Ahmed,"Gaddafi Stadium, Lahore",,0.0,,0.0,0.0,0.0,,,4.0,84.0,107.0,84.0,7.64,1.27,Lahore,
Abrar Ahmed,"Hagley Oval, Christchurch",1.0,2.0,5.0,0.0,0.0,5.0,40.0,0.4,1.0,13.0,15.0,13.0,6.92,1.15,Christchurch,
Abrar Ahmed,"Kingsmead, Durban",,0.0,,0.0,0.0,0.0,,,1.0,25.0,37.0,25.0,8.88,1.48,Durban,
Abrar Ahmed,"Queens Sports Club, Bulawayo",,0.0,,0.0,0.0,0.0,,,2.0,39.0,49.0,39.0,7.54,1.26,Bulawayo,
Abrar Ahmed,Rawalpindi Cricket Stadium,1.0,0.0,1.0,0.0,0.0,1.0,0.0,0.0,3.0,75.0,88.0,75.0,7.04,1.17,,
Abrar Ahmed,Sharjah Cricket Stadium,,0.0,,0.0,0.0,0.0,,,1.0,24.0,10.0,24.0,2.5,0.42,Sharjah,
Abrar Ahmed,"Shere Bangla National Stadium, Mirpur",,0.0,,0.0,0.0,0.0,,,1.0,24.0,20.0,24.0,5.0,0.83,Dhaka,
Abrar Ahmed,"SuperSport Park, Centurion",,0.0,,0.0,0.0,0.0,,,1.0,25.0,30.0,25.0,7.2,1.2,Centurion,
Abrar Ahmed,"Zayed Cricket Stadium, Abu Dhabi",,0.0,,0.0,0.0,0.0,,,1.0,24.0,8.0,24.0,2.0,0.33,Abu Dhabi,
Abu Hider,Sheikh Abu Naser Stadium,,0.0,,0.0,0.0,0.0,,,1.0,1.0,0.0,1.0,0.0,0.0,Khulna,
Abubacarr Kuyateh,"Ruaraka Sports Club Ground, Nairobi",,0.0,,0.0,0.0,0.0,,,1.0,4.0,7.0,4.0,10.5,1.75,Nairobi,
Adnan Idrees,Al Amerat Cricket Ground Oman Cricket (Ministry Turf 2),1.0,0.0,2.0,0.0,0.0,2.0,0.0,0.0,1.0,24.0,31.0,24.0,7.75,1.29,Al Amarat,
Adnan Idrees,"ICC Academy, Dubai",1.0,4.0,6.0,0.0,0.0,6.0,66.67,0.67,1.0,1.0,1.0,1.0,6.0,1.0,Dubai,
Adnan Idrees,Indian Association Ground,1.0,17.0,10.0,4.0,0.0,10.0,170.0,1.7,,,,,0.0,0.0,Singapore,
Adnan Idrees,"West End Park International Cricket Stadium, Doha",1.0,0.0,4.0,0.0,0.0,4.0,0.0,0.0,1.0,2.0,2.0,2.0,6.0,1.0,Doha,
Adnan Mirza,Al Amerat Cricket Ground Oman Cricket (Ministry Turf 1),1.0,5.0,2.0,1.0,0.0,2.0,250.0,2.5,1.0,13.0,20.0,13.0,9.23,1.54,Al Amarat,
Adnan Razzaq,Dreux Sport Cricket Club,,0.0,,0.0,0.0,0.0,,,1.0,2.0,2.0,2.0,6.0,1.0,Dreux,
Afif Hossain,Adelaide Oval,2.0,27.0,26.0,3.0,0.0,26.0,103.85,1.04,,,,,0.0,0.0,Adelaide,
Afif Hossain,Al Amerat Cricket Ground Oman Cricket (Ministry Turf 1),3.0,40.0,33.0,5.0,0.0,33.0,121.21,1.21,1.0,6.0,10.0,6.0,10.0,1.67,Al Amarat,
Afif Hossain,"Arnos Vale Ground, Kingstown, St Vincent",1.0,8.0,11.0,2.0,0.0,11.0,72.73,0.73,,,,,0.0,0.0,Kingstown,
Afif Hossain,Arun Jaitley Stadium,,0.0,,0.0,0.0,0.0,,,1.0,18.0,11.0,18.0,3.67,0.61,Delhi,
Afif Hossain,"Bay Oval, Mount Maunganui",1.0,14.0,14.0,2.0,0.0,14.0,100.0,1.0,,,,,0.0,0.0,Mount Maunganui,
Afif Hossain,"Bellerive Oval, Hobart",1.0,38.0,28.0,2.0,2.0,28.0,135.71,1.36,,,,,0.0,0.0,Hobart,
Afif Hossain,"Brisbane Cricket Ground, Woolloongabba, Brisbane",1.0,29.0,21.0,1.0,1.0,21.0,138.1,1.38,,,,,0.0,0.0,Brisbane,
Afif Hossain,Dubai International Cricket Stadium,4.0,134.0,93.0,13.0,6.0,93.0,144.09,1.44,,,,,0.0,0.0,,
Afif Hossain,Eden Park,1.0,8.0,6.0,0.0,1.0,6.0,133.33,1.33,,,,,0.0,0.0,Auckland,
Afif Hossain,Gaddafi Stadium,2.0,30.0,32.0,1.0,1.0,32.0,93.75,0.94,2.0,12.0,22.0,12.0,11.0,1.83,Lahore,
Afif Hossain,"Hagley Oval, Christchurch",4.0,64.0,65.0,2.0,1.0,65.0,98.46,0.98,,,,,0.0,0.0,Christchurch,
Afif Hossain,Harare Sports Club,5.0,117.0,99.0,7.0,4.0,99.0,118.18,1.18,2.0,12.0,18.0,12.0,9.0,1.5,,
Afif Hossain,McLean Park,1.0,2.0,4.0,0.0,0.0,4.0,50.0,0.5,,,,,0.0,0.0,Napier,
Afif Hossain,"McLean Park, Napier",1.0,1.0,6.0,0.0,0.0,6.0,16.67,0.17,1.0,6.0,9.0,6.0,9.0,1.5,Napier,
Afif Hossain,"Providence Stadium, Guyana",1.0,50.0,40.0,2.0,2.0,40.0,125.0,1.25,1.0,7.0,10.0,7.0,8.57,1.43,Providence,
Afif Hossain,Saurashtra Cricket Association Stadium,1.0,6.0,9.0,0.0,0.0,9.0,66.67,0.67,1.0,8.0,13.0,8.0,9.75,1.62,Rajkot,
Afif Hossain,Seddon Park,1.0,45.0,34.0,5.0,1.0,34.0,132.35,1.32,,,,,0.0,0.0,Hamilton,
Afif Hossain,Sharjah Cricket Stadium,2.0,9.0,8.0,1.0,0.0,8.0,112.5,1.12,1.0,6.0,15.0,6.0,15.0,2.5,Sharjah,
Afif Hossain,"Shere Bangla National Stadium, Mirpur",15.0,297.0,253.0,22.0,13.0,253.0,117.39,1.17,6.0,63.0,78.0,63.0,7.43,1.24,Dhaka,
Afif Hossain,Sydney Cricket Ground,1.0,1.0,6.0,0.0,0.0,6.0,16.67,0.17,1.0,6.0,11.0,6.0,11.0,1.83,,
Afif Hossain,"Vidarbha Cricket Association Stadium, Jamtha",1.0,0.0,1.0,0.0,0.0,1.0,0.0,0.0,1.0,6.0,20.0,6.0,20.0,3.33,Nagpur,
Afif Hossain,"Windsor Park, Roseau, Dominica",2.0,34.0,29.0,3.0,1.0,29.0,117.24,1.17,,,,,0.0,0.0,Roseau,
Afif Hossain,Zahur Ahmed Chowdhury Stadium,1.0,7.0,8.0,0.0,0.0,8.0,87.5,0.88,,,,,0.0,0.0,Chattogram,
Afif Hossain,"Zahur Ahmed Chowdhury Stadium, Chattogram",1.0,15.0,13.0,2.0,0.0,13.0,115.38,1.15,,,,,0.0,0.0,Chattogram,
Afif Hossain,"Zayed Cricket Stadium, Abu Dhabi",2.0,5.0,7.0,1.0,0.0,7.0,71.43,0.71,,,,,0.0,0.0,Abu Dhabi,
Afif Hossain,Zhejiang University of Technology Cricket Field,3.0,50.0,42.0,5.0,3.0,42.0,119.05,1.19,3.0,43.0,35.0,43.0,4.88,0.81,Hangzhou,
Aftab Hussain,"Queens Sports Club, Bulawayo",,0.0,,0.0,0.0,0.0,,,1.0,2.0,2.0,2.0,6.0,1.0,Bulawayo,
Aftab Hussain,Terdthai Cricket Ground,,0.0,,0.0,0.0,0.0,,,1.0,3.0,0.0,3.0,0.0,0.0,Bangkok,
Agha Salman,"Bay Oval, Mount Maunganui",1.0,1.0,5.0,0.0,0.0,5.0,20.0,0.2,,,,,0.0,0.0,Mount Maunganui,
Agha Salman,"Bellerive Oval, Hobart",1.0,1.0,9.0,0.0,0.0,9.0,11.11,0.11,,,,,0.0,0.0,Hobart,
Agha Salman,"Brisbane Cricket Ground, Woolloongabba, Brisbane",1.0,4.0,2.0,1.0,0.0,2.0,200.0,2.0,,,,,0.0,0.0,Brisbane,
Agha Salman,"Central Broward Regional Park Stadium Turf Ground, Lauderhill",2.0,49.0,46.0,3.0,1.0,46.0,106.52,1.07,,,,,0.0,0.0,Lauderhill,
Agha Salman,Dubai International Cricket Stadium,6.0,67.0,84.0,4.0,1.0,84.0,79.76,0.8,1.0,6.0,9.0,6.0,9.0,1.5,,
Agha Salman,"Eden Park, Auckland",1.0,51.0,31.0,6.0,2.0,31.0,164.52,1.65,1.0,7.0,17.0,7.0,14.57,2.43,Auckland,
Agha Salman,"Gaddafi Stadium, Lahore",4.0,123.0,84.0,15.0,1.0,84.0,146.43,1.46,3.0,26.0,43.0,26.0,9.92,1.65,Lahore,
Agha Salman,"Hagley Oval, Christchurch",1.0,18.0,21.0,2.0,0.0,21.0,85.71,0.86,,,,,0.0,0.0,Christchurch,
Agha Salman,"Queens Sports Club, Bulawayo",2.0,45.0,52.0,3.0,0.0,52.0,86.54,0.87,2.0,30.0,26.0,30.0,5.2,0.87,Bulawayo,
Agha Salman,Rawalpindi Cricket Stadium,1.0,2.0,7.0,0.0,0.0,7.0,28.57,0.29,1.0,6.0,15.0,6.0,15.0,2.5,,
Agha Salman,Sharjah Cricket Stadium,2.0,12.0,14.0,1.0,0.0,14.0,85.71,0.86,1.0,6.0,5.0,6.0,5.0,0.83,Sharjah,
Agha Salman,"Shere Bangla National Stadium, Mirpur",3.0,24.0,43.0,0.0,1.0,43.0,55.81,0.56,1.0,12.0,12.0,12.0,6.0,1.0,Dhaka,
Agha Salman,"Sky Stadium, Wellington",1.0,51.0,39.0,6.0,1.0,39.0,130.77,1.31,,,,,0.0,0.0,Wellington,
Agha Salman,Sydney Cricket Ground,1.0,0.0,1.0,0.0,0.0,1.0,0.0,0.0,,,,,0.0,0.0,,
Agha Salman,"University Oval, Dunedin",1.0,46.0,28.0,4.0,3.0,28.0,164.29,1.64,,,,,0.0,0.0,Dunedin,
Agha Salman,"Zayed Cricket Stadium, Abu Dhabi",1.0,5.0,6.0,0.0,0.0,6.0,83.33,0.83,1.0,6.0,5.0,6.0,5.0,0.83,Abu Dhabi,
Ahmed Daniyal,"Shere Bangla National Stadium, Mirpur",1.0,17.0,11.0,3.0,0.0,11.0,154.55,1.55,2.0,44.0,40.0,44.0,5.45,0.91,Dhaka,
Ahmed Faiz,Indian Association Ground,1.0,2.0,3.0,0.0,0.0,3.0,66.67,0.67,,,,,0.0,0.0,Singapore,
Ahmed Faiz,Kinrara Academy Oval,2.0,13.0,12.0,0.0,1.0,12.0,108.33,1.08,,,,,0.0,0.0,Kuala Lumpur,
Ahmed Faiz,"Tribhuvan University International Cricket Ground, Kirtipur",5.0,57.0,43.0,9.0,1.0,43.0,132.56,1.33,1.0,4.0,11.0,4.0,16.5,2.75,Kirtipur,
Ahmed Faiz,Zhejiang University of Technology Cricket Field,1.0,0.0,1.0,0.0,0.0,1.0,0.0,0.0,,,,,0.0,0.0,Hangzhou,
Ahmed Hassan,Marsa Sports Club,1.0,6.0,6.0,0.0,0.0,6.0,100.0,1.0,,,,,0.0,0.0,Marsa,
Ahmed Hassan,Tribhuvan University International Cricket Ground,1.0,1.0,1.0,0.0,0.0,1.0,100.0,1.0,,,,,0.0,0.0,Kirtipur,
Ahmed Raza,Al Amerat Cricket Ground Oman Cricket (Ministry Turf 1),1.0,0.0,1.0,0.0,0.0,1.0,0.0,0.0,3.0,11.0,16.0,11.0,8.73,1.45,Al Amarat,
Ahmed Raza,Dubai International Cricket Stadium,1.0,5.0,10.0,0.0,0.0,10.0,50.0,0.5,,,,,0.0,0.0,,
Ahmed Raza,"ICC Academy, Dubai",,0.0,,0.0,0.0,0.0,,,1.0,5.0,5.0,5.0,6.0,1.0,Dubai,
Ahmed Raza,Sheikh Zayed Stadium,1.0,2.0,2.0,0.0,0.0,2.0,100.0,1.0,2.0,25.0,24.0,25.0,5.76,0.96,Abu Dhabi,
Ahmed Raza,Shere Bangla National Stadium,1.0,1.0,6.0,0.0,0.0,6.0,16.67,0.17,1.0,3.0,3.0,3.0,6.0,1.0,Mirpur,
Ahmed Raza,Sylhet Stadium,,0.0,,0.0,0.0,0.0,,,1.0,2.0,1.0,2.0,3.0,0.5,,
Ahmed Shehzad,AMI Stadium,1.0,19.0,11.0,4.0,0.0,11.0,172.73,1.73,,,,,0.0,0.0,Christchurch,
Ahmed Shehzad,Eden Gardens,1.0,10.0,8.0,2.0,0.0,8.0,125.0,1.25,,,,,0.0,0.0,Kolkata,
Ahmed Shehzad,Eden Park,2.0,24.0,10.0,3.0,2.0,10.0,240.0,2.4,,,,,0.0,0.0,Auckland,
Ahmed Shehzad,Gaddafi Stadium,2.0,13.0,8.0,2.0,0.0,8.0,162.5,1.62,,,,,0.0,0.0,Lahore,
Ahmed Shehzad,"Grange Cricket Club, Raeburn Place",1.0,9.0,3.0,2.0,0.0,3.0,300.0,3.0,,,,,0.0,0.0,Edinburgh,
Ahmed Shehzad,"Punjab Cricket Association IS Bindra Stadium, Mohali",1.0,1.0,3.0,0.0,0.0,3.0,33.33,0.33,,,,,0.0,0.0,Chandigarh,
Ahmed Shehzad,Seddon Park,1.0,6.0,4.0,1.0,0.0,4.0,150.0,1.5,,,,,0.0,0.0,Hamilton,
Ahmed Shehzad,Shere Bangla National Stadium,1.0,3.0,14.0,0.0,0.0,14.0,21.43,0.21,,,,,0.0,0.0,Mirpur,
Ahmer Bin Nisar,Al Amerat Cricket Ground Oman Cricket (Ministry Turf 1),5.0,71.0,51.0,9.0,1.0,51.0,139.22,1.39,,,,,0.0,0.0,Al Amarat,
Ahmer Bin Nisar,"Tribhuvan University International Cricket Ground, Kirtipur",1.0,21.0,21.0,2.0,0.0,21.0,100.0,1.0,,,,,0.0,0.0,Kirtipur,
Ahmer Bin Nisar,"West End Park International Cricket Stadium, Doha",1.0,13.0,11.0,1.0,0.0,11.0,118.18,1.18,,,,,0.0,0.0,Doha,
Ahsan Abbasi,Al Amerat Cricket Ground Oman Cricket (Ministry Turf 1),1.0,13.0,12.0,2.0,0.0,12.0,108.33,1.08,,,,,0.0,0.0,Al Amarat,
Ahsan Ali,Gaddafi Stadium,2.0,17.0,19.0,2.0,0.0,19.0,89.47,0.89,,,,,0.0,0.0,Lahore,
Ahsan Malik,Hazelaarweg,,0.0,,0.0,0.0,0.0,,,1.0,4.0,4.0,4.0,6.0,1.0,Rotterdam,
Ahsan Malik,Sheikh Zayed Stadium,,0.0,,0.0,0.0,0.0,,,1.0,15.0,25.0,15.0,10.0,1.67,Abu Dhabi,
Ahsan Malik,Sylhet Stadium,,0.0,,0.0,0.0,0.0,,,1.0,7.0,7.0,7.0,6.0,1.0,,
Ahsan Malik,VRA Ground,,0.0,,0.0,0.0,0.0,,,1.0,4.0,5.0,4.0,7.5,1.25,Amstelveen,
Ainool Hafizs,"Tribhuvan University International Cricket Ground, Kirtipur",3.0,6.0,7.0,0.0,0.0,7.0,85.71,0.86,,,,,0.0,0.0,Kirtipur,
Ainool Hafizs,Zhejiang University of Technology Cricket Field,1.0,1.0,6.0,0.0,0.0,6.0,16.67,0.17,,,,,0.0,0.0,Hangzhou,
Aizaz Khan,Al Amerat Cricket Ground Oman Cricket (Ministry Turf 1),3.0,8.0,9.0,1.0,0.0,9.0,88.89,0.89,2.0,25.0,14.0,25.0,3.36,0.56,Al Amarat,
Aizaz Khan,Bulawayo Athletic Club,,0.0,,0.0,0.0,0.0,,,1.0,6.0,5.0,6.0,5.0,0.83,Bulawayo,
Aizaz Khan,"Civil Service Cricket Club, Stormont",1.0,5.0,2.0,1.0,0.0,2.0,250.0,2.5,,,,,0.0,0.0,Belfast,
Aizaz Khan,Dubai International Cricket Stadium,2.0,17.0,15.0,2.0,0.0,15.0,113.33,1.13,2.0,16.0,25.0,16.0,9.38,1.56,,
Aizaz Khan,Khan Shaheb Osman Ali Stadium,1.0,4.0,4.0,0.0,0.0,4.0,100.0,1.0,,,,,0.0,0.0,Fatullah,
Aizaz Khan,"Mission Road Ground, Mong Kok, Hong Kong",1.0,5.0,3.0,1.0,0.0,3.0,166.67,1.67,,,,,0.0,0.0,Mong Kok,
Aizaz Khan,Mulpani Cricket Ground,2.0,11.0,14.0,1.0,0.0,14.0,78.57,0.79,2.0,20.0,33.0,20.0,9.9,1.65,Kathmandu,
Aizaz Khan,P Sara Oval,,0.0,,0.0,0.0,0.0,,,1.0,4.0,1.0,4.0,1.5,0.25,Colombo,
Aizaz Khan,"Queens Sports Club, Bulawayo",,0.0,,0.0,0.0,0.0,,,1.0,2.0,1.0,2.0,3.0,0.5,Bulawayo,
Aizaz Khan,Sharjah Cricket Stadium,1.0,1.0,5.0,0.0,0.0,5.0,20.0,0.2,1.0,21.0,44.0,21.0,12.57,2.1,Sharjah,
Aizaz Khan,Sheikh Zayed Stadium,3.0,33.0,32.0,4.0,0.0,32.0,103.12,1.03,3.0,20.0,21.0,20.0,6.3,1.05,Abu Dhabi,
Aizaz Khan,Terdthai Cricket Ground,1.0,18.0,12.0,0.0,1.0,12.0,150.0,1.5,1.0,6.0,11.0,6.0,11.0,1.83,Bangkok,
Aizaz Khan,"The Village, Malahide",1.0,1.0,3.0,0.0,0.0,3.0,33.33,0.33,,,,,0.0,0.0,Dublin,
Aizaz Khan,Tolerance Oval,1.0,0.0,2.0,0.0,0.0,2.0,0.0,0.0,1.0,7.0,8.0,7.0,6.86,1.14,Abu Dhabi,
Aizaz Khan,"Zayed Cricket Stadium, Abu Dhabi",1.0,5.0,6.0,0.0,0.0,6.0,83.33,0.83,1.0,21.0,15.0,21.0,4.29,0.71,Abu Dhabi,
Akbar Khan,Zhejiang University of Technology Cricket Field,1.0,6.0,11.0,1.0,0.0,11.0,54.55,0.55,,,,,0.0,0.0,Hangzhou,
Akhil Anil,"United Cricket Club Ground, Windhoek",1.0,2.0,4.0,0.0,0.0,4.0,50.0,0.5,,,,,0.0,0.0,Windhoek,
Akhil Anil,"Wanderers Cricket Ground, Windhoek",,0.0,,0.0,0.0,0.0,,,2.0,11.0,17.0,11.0,9.27,1.55,Windhoek,
Akhil Anil,"Willowmoore Park, Benoni",,0.0,,0.0,0.0,0.0,,,1.0,8.0,19.0,8.0,14.25,2.38,Benoni,
Akhil Kumar,"Jimmy Powell Oval, Cayman Islands",,0.0,,0.0,0.0,0.0,,,2.0,26.0,28.0,26.0,6.46,1.08,George Town,
Akhil Kumar,"Maple Leaf North-West Ground, King City",2.0,21.0,12.0,2.0,1.0,12.0,175.0,1.75,3.0,26.0,23.0,26.0,5.31,0.88,King City,
Akhil Kumar,"Namibia Cricket Ground, Windhoek",,0.0,,0.0,0.0,0.0,,,2.0,5.0,6.0,5.0,7.2,1.2,Windhoek,
Akhil Kumar,"Sportpark Maarschalkerweerd, Utrecht",1.0,3.0,4.0,0.0,0.0,4.0,75.0,0.75,1.0,4.0,5.0,4.0,7.5,1.25,Utrecht,
Akhil Kumar,"Sportpark Westvliet, The Hague",,0.0,,0.0,0.0,0.0,,,1.0,5.0,8.0,5.0,9.6,1.6,The Hague,
Akif Raja,Al Amerat Cricket Ground Oman Cricket (Ministry Turf 1),,0.0,,0.0,0.0,0.0,,,2.0,9.0,20.0,9.0,13.33,2.22,Al Amarat,
Akif Raja,Mulpani Cricket Ground,1.0,5.0,2.0,1.0,0.0,2.0,250.0,2.5,1.0,13.0,9.0,13.0,4.15,0.69,Kathmandu,
Akif Raja,Sharjah Cricket Stadium,,0.0,,0.0,0.0,0.0,,,1.0,24.0,27.0,24.0,6.75,1.12,Sharjah,
Al-Amin Hossain,Arun Jaitley Stadium,,0.0,,0.0,0.0,0.0,,,1.0,8.0,11.0,8.0,8.25,1.38,Delhi,
Al-Amin Hossain,Gaddafi Stadium,,0.0,,0.0,0.0,0.0,,,2.0,9.0,9.0,9.0,6.0,1.0,Lahore,
Al-Amin Hossain,Saurashtra Cricket Association Stadium,,0.0,,0.0,0.0,0.0,,,1.0,4.0,3.0,4.0,4.5,0.75,Rajkot,
Al-Amin Hossain,Sheikh Abu Naser Stadium,,0.0,,0.0,0.0,0.0,,,1.0,3.0,1.0,3.0,2.0,0.33,Khulna,
Al-Amin Hossain,Shere Bangla National Stadium,,0.0,,0.0,0.0,0.0,,,1.0,1.0,0.0,1.0,0.0,0.0,Mirpur,
Al-Amin Hossain,"Vidarbha Cricket Association Stadium, Jamtha",,0.0,,0.0,0.0,0.0,,,1.0,2.0,1.0,2.0,3.0,0.5,Nagpur,
Ali Dawood,Al Amerat Cricket Ground Oman Cricket (Ministry Turf 1),1.0,2.0,4.0,0.0,0.0,4.0,50.0,0.5,1.0,17.0,17.0,17.0,6.0,1.0,Al Amarat,
Ali Dawood,Jinja Cricket Ground,,0.0,,0.0,0.0,0.0,,,1.0,2.0,2.0,2.0,6.0,1.0,Jinja,
Ali Dawood,"Tribhuvan University International Cricket Ground, Kirtipur",1.0,2.0,4.0,0.0,0.0,4.0,50.0,0.5,,,,,0.0,0.0,Kirtipur,
Ali Dawood,"West End Park International Cricket Stadium, Doha",,0.0,,0.0,0.0,0.0,,,1.0,5.0,1.0,5.0,1.2,0.2,Doha,
Ali Ivan,Tribhuvan University International Cricket Ground,1.0,2.0,8.0,0.0,0.0,8.0,25.0,0.25,,,,,0.0,0.0,Kirtipur,
Ali Khan,Al Amerat Cricket Ground Oman Cricket (Ministry Turf 1),,0.0,,0.0,0.0,0.0,,,2.0,51.0,67.0,51.0,7.88,1.31,Al Amarat,
Ali Khan,Bulawayo Athletic Club,,0.0,,0.0,0.0,0.0,,,1.0,21.0,25.0,21.0,7.14,1.19,Bulawayo,
Ali Khan,"Central Broward Regional Park Stadium Turf Ground, Lauderhill",,0.0,,0.0,0.0,0.0,,,2.0,43.0,67.0,43.0,9.35,1.56,Lauderhill,
Ali Khan,"Coolidge Cricket Ground, Antigua",1.0,0.0,1.0,0.0,0.0,1.0,0.0,0.0,1.0,32.0,48.0,32.0,9.0,1.5,Coolidge,
Ali Khan,"Grand Prairie Stadium, Dallas",1.0,1.0,1.0,0.0,0.0,1.0,100.0,1.0,4.0,104.0,159.0,104.0,9.17,1.53,Dallas,
Ali Khan,"Kensington Oval, Bridgetown, Barbados",2.0,14.0,9.0,1.0,1.0,9.0,155.56,1.56,2.0,28.0,44.0,28.0,9.43,1.57,Bridgetown,
Ali Khan,"Nassau County International Cricket Stadium, New York",,0.0,,0.0,0.0,0.0,,,1.0,21.0,22.0,21.0,6.29,1.05,New York,
Ali Khan,Prairie View Cricket Complex,,0.0,,0.0,0.0,0.0,,,2.0,49.0,76.0,49.0,9.31,1.55,Houston,
Ali Khan,"Sir Vivian Richards Stadium, North Sound, Antigua",1.0,0.0,1.0,0.0,0.0,1.0,0.0,0.0,2.0,52.0,60.0,52.0,6.92,1.15,North Sound,
Ali Naseer,Al Amerat Cricket Ground Oman Cricket (Ministry Turf 1),1.0,2.0,2.0,0.0,0.0,2.0,100.0,1.0,3.0,24.0,37.0,24.0,9.25,1.54,Al Amarat,
Ali Naseer,"ICC Academy, Dubai",1.0,3.0,3.0,0.0,0.0,3.0,100.0,1.0,1.0,2.0,1.0,2.0,3.0,0.5,Dubai,
Ali Naseer,Mulpani Cricket Ground,3.0,4.0,7.0,0.0,0.0,7.0,57.14,0.57,3.0,24.0,33.0,24.0,8.25,1.38,Kathmandu,
Ali Naseer,"Tribhuvan University International Cricket Ground, Kirtipur",1.0,7.0,5.0,1.0,0.0,5.0,140.0,1.4,,,,,0.0,0.0,Kirtipur,
Ali Naseer,"Wanderers Cricket Ground, Windhoek",1.0,1.0,1.0,0.0,0.0,1.0,100.0,1.0,4.0,40.0,57.0,40.0,8.55,1.42,Windhoek,
Ali Naseer,"West End Park International Cricket Stadium, Doha",1.0,20.0,11.0,1.0,2.0,11.0,181.82,1.82,1.0,10.0,22.0,10.0,13.2,2.2,Doha,
Ali Nawaz,"Moara Vlasiei Cricket Ground, Ilfov County",1.0,14.0,4.0,0.0,2.0,4.0,350.0,3.5,,,,,0.0,0.0,Ilfov County,
Ali Nayyer,Marsa Sports Club,,0.0,,0.0,0.0,0.0,,,1.0,4.0,8.0,4.0,12.0,2.0,Marsa,
Ali Sheikh,Al Amerat Cricket Ground Oman Cricket (Ministry Turf 1),,0.0,,0.0,0.0,0.0,,,1.0,5.0,14.0,5.0,16.8,2.8,Al Amarat,
Ali Sheikh,"Jimmy Powell Oval, Cayman Islands",1.0,6.0,4.0,1.0,0.0,4.0,150.0,1.5,,,,,0.0,0.0,George Town,
Ali Zaheer,Al Amerat Cricket Ground Oman Cricket (Ministry Turf 1),1.0,2.0,2.0,0.0,0.0,2.0,100.0,1.0,,,,,0.0,0.0,Al Amarat,
Ali Zaheer,"West End Park International Cricket Stadium, Doha",1.0,6.0,11.0,1.0,0.0,11.0,54.55,0.55,,,,,0.0,0.0,Doha,
Amar Naeem,"Simar Cricket Ground, Rome",1.0,0.0,5.0,0.0,0.0,5.0,0.0,0.0,,,,,0.0,0.0,Rome,
Ameel Mauroof,Tribhuvan University International Cricket Ground,1.0,1.0,3.0,0.0,0.0,3.0,33.33,0.33,,,,,0.0,0.0,Kirtipur,
Ameer Saiyed,"Gymkhana Club Ground, Nairobi",1.0,6.0,10.0,0.0,0.0,10.0,60.0,0.6,1.0,1.0,0.0,1.0,0.0,0.0,Nairobi,
Ameer Saiyed,United Cricket Club Ground,,0.0,,0.0,0.0,0.0,,,1.0,8.0,17.0,8.0,12.75,2.12,Windhoek,
Aminuddin Ramly,Indian Association Ground,1.0,0.0,1.0,0.0,0.0,1.0,0.0,0.0,,,,,0.0,0.0,Singapore,
Aminuddin Ramly,Kinrara Academy Oval,1.0,0.0,2.0,0.0,0.0,2.0,0.0,0.0,,,,,0.0,0.0,Kuala Lumpur,
Aminuddin Ramly,"Tribhuvan University International Cricket Ground, Kirtipur",1.0,7.0,3.0,0.0,1.0,3.0,233.33,2.33,,,,,0.0,0.0,Kirtipur,
Aminul Islam,Arun Jaitley Stadium,,0.0,,0.0,0.0,0.0,,,1.0,1.0,0.0,1.0,0.0,0.0,Delhi,
Aminul Islam,Gaddafi Stadium,1.0,8.0,4.0,2.0,0.0,4.0,200.0,2.0,1.0,6.0,4.0,6.0,4.0,0.67,Lahore,
Aminul Islam,Saurashtra Cricket Association Stadium,,0.0,,0.0,0.0,0.0,,,1.0,3.0,2.0,3.0,4.0,0.67,Rajkot,
Aminul Islam,"Shere Bangla National Stadium, Mirpur",3.0,13.0,23.0,0.0,0.0,23.0,56.52,0.57,4.0,43.0,53.0,43.0,7.4,1.23,Dhaka,
Aminul Islam,"Vidarbha Cricket Association Stadium, Jamtha",,0.0,,0.0,0.0,0.0,,,1.0,9.0,15.0,9.0,10.0,1.67,Nagpur,
Amir Ali,Himachal Pradesh Cricket Association Stadium,,0.0,,0.0,0.0,0.0,,,1.0,11.0,8.0,11.0,4.36,0.73,Dharamsala,
Amir Farooq,Al Amerat Cricket Ground Oman Cricket (Ministry Turf 1),1.0,2.0,4.0,0.0,0.0,4.0,50.0,0.5,2.0,9.0,12.0,9.0,8.0,1.33,Al Amarat,
Amir Farooq,"ICC Academy, Dubai",1.0,3.0,3.0,0.0,0.0,3.0,100.0,1.0,,,,,0.0,0.0,Dubai,
Amir Hayat,ICC Academy,1.0,1.0,1.0,0.0,0.0,1.0,100.0,1.0,3.0,14.0,33.0,14.0,14.14,2.36,Dubai,
Amjad Ali,Sheikh Zayed Stadium,1.0,1.0,1.0,0.0,0.0,1.0,100.0,1.0,,,,,0.0,0.0,Abu Dhabi,
Amjad Ali,Sylhet Stadium,1.0,1.0,2.0,0.0,0.0,2.0,50.0,0.5,,,,,0.0,0.0,,
Amjad Gul,Sheikh Zayed Stadium,1.0,10.0,11.0,0.0,1.0,11.0,90.91,0.91,,,,,0.0,0.0,Abu Dhabi,
Amjad Javed,Dubai International Cricket Stadium,1.0,6.0,10.0,0.0,0.0,10.0,60.0,0.6,,,,,0.0,0.0,,
Amjad Javed,Sheikh Zayed Stadium,1.0,15.0,7.0,0.0,2.0,7.0,214.29,2.14,1.0,2.0,2.0,2.0,6.0,1.0,Abu Dhabi,
Amjad Javed,Shere Bangla National Stadium,2.0,3.0,6.0,0.0,0.0,6.0,50.0,0.5,2.0,6.0,6.0,6.0,6.0,1.0,Mirpur,
Amjad Javed,Sylhet Stadium,1.0,4.0,5.0,0.0,0.0,5.0,80.0,0.8,,,,,0.0,0.0,,
Amjad Mahboob,Dubai International Cricket Stadium,1.0,0.0,2.0,0.0,0.0,2.0,0.0,0.0,1.0,3.0,9.0,3.0,18.0,3.0,,
Amjad Mahboob,"Queens Sports Club, Bulawayo",,0.0,,0.0,0.0,0.0,,,1.0,7.0,14.0,7.0,12.0,2.0,Bulawayo,
Ammar Khalid,Al Amerat Cricket Ground Oman Cricket (Ministry Turf 1),,0.0,,0.0,0.0,0.0,,,3.0,43.0,31.0,43.0,4.33,0.72,Al Amarat,
Ammar Zuhdi Hazalan,"Tribhuvan University International Cricket Ground, Kirtipur",1.0,0.0,3.0,0.0,0.0,3.0,0.0,0.0,,,,,0.0,0.0,Kirtipur,
Anamul Haque,Harare Sports Club,2.0,12.0,9.0,0.0,1.0,9.0,133.33,1.33,,,,,0.0,0.0,,
Anamul Haque,Zahur Ahmed Chowdhury Stadium,1.0,17.0,8.0,1.0,2.0,8.0,212.5,2.12,,,,,0.0,0.0,Chattogram,
Anas Khan,P Sara Oval,1.0,5.0,3.0,1.0,0.0,3.0,166.67,1.67,,,,,0.0,0.0,Colombo,
Anas Khan,Zhejiang University of Technology Cricket Field,1.0,0.0,2.0,0.0,0.0,2.0,0.0,0.0,1.0,14.0,17.0,14.0,7.29,1.21,Hangzhou,
Andre Jarju,"Ruaraka Sports Club Ground, Nairobi",,0.0,,0.0,0.0,0.0,,,1.0,6.0,18.0,6.0,18.0,3.0,Nairobi,
Anoop Orsu,Marsa Sports Club,1.0,17.0,9.0,1.0,1.0,9.0,188.89,1.89,,,,,0.0,0.0,Marsa,
Anoop Orsu,"Simar Cricket Ground, Rome",1.0,5.0,4.0,1.0,0.0,4.0,125.0,1.25,,,,,0.0,0.0,Rome,
Ansh Patel,"Maple Leaf North-West Ground, King City",,0.0,,0.0,0.0,0.0,,,1.0,5.0,10.0,5.0,12.0,2.0,King City,
Ansh Tandon,"West End Park International Cricket Stadium, Doha",1.0,3.0,7.0,0.0,0.0,7.0,42.86,0.43,,,,,0.0,0.0,Doha,
Anshuman Rath,Al Amerat Cricket Ground Oman Cricket (Ministry Turf 1),3.0,47.0,42.0,5.0,2.0,42.0,111.9,1.12,,,,,0.0,0.0,Al Amarat,
Anshuman Rath,"Civil Service Cricket Club, Stormont",1.0,9.0,6.0,0.0,1.0,6.0,150.0,1.5,,,,,0.0,0.0,Belfast,
Anshuman Rath,Khan Shaheb Osman Ali Stadium,1.0,5.0,5.0,1.0,0.0,5.0,100.0,1.0,,,,,0.0,0.0,Fatullah,
Anshuman Rath,"Mission Road Ground, Mong Kok, Hong Kong",3.0,35.0,33.0,3.0,1.0,33.0,106.06,1.06,,,,,0.0,0.0,Mong Kok,
Anshuman Rath,Mulpani Cricket Ground,2.0,34.0,34.0,6.0,0.0,34.0,100.0,1.0,,,,,0.0,0.0,Kathmandu,
Anshuman Rath,Sheikh Zayed Stadium,4.0,23.0,23.0,4.0,0.0,23.0,100.0,1.0,,,,,0.0,0.0,Abu Dhabi,
Anshuman Rath,"The Village, Malahide",1.0,1.0,4.0,0.0,0.0,4.0,25.0,0.25,,,,,0.0,0.0,Dublin,
Anshuman Rath,"Vidarbha Cricket Association Stadium, Jamtha",1.0,1.0,2.0,0.0,0.0,2.0,50.0,0.5,,,,,0.0,0.0,Nagpur,
Anshuman Rath,"Zayed Cricket Stadium, Abu Dhabi",1.0,4.0,5.0,1.0,0.0,5.0,80.0,0.8,,,,,0.0,0.0,Abu Dhabi,
Anwar Ali,Gaddafi Stadium,,0.0,,0.0,0.0,0.0,,,1.0,3.0,2.0,3.0,4.0,0.67,Lahore,
Anwar Ali,Shere Bangla National Stadium,1.0,6.0,3.0,1.0,0.0,3.0,200.0,2.0,1.0,9.0,16.0,9.0,10.67,1.78,Mirpur,
Anwar Ali,Westpac Stadium,1.0,4.0,2.0,1.0,0.0,2.0,200.0,2.0,,,,,0.0,0.0,Wellington,
Anwar Arudin,Indian Association Ground,1.0,0.0,1.0,0.0,0.0,1.0,0.0,0.0,,,,,0.0,0.0,Singapore,
Anwar Arudin,"Tribhuvan University International Cricket Ground, Kirtipur",2.0,8.0,7.0,2.0,0.0,7.0,114.29,1.14,,,,,0.0,0.0,Kirtipur,
Anwar Rahman,Kinrara Academy Oval,1.0,0.0,1.0,0.0,0.0,1.0,0.0,0.0,1.0,1.0,1.0,1.0,6.0,1.0,Kuala Lumpur,
Anwar Rahman,"Tribhuvan University International Cricket Ground, Kirtipur",2.0,3.0,6.0,0.0,0.0,6.0,50.0,0.5,2.0,16.0,17.0,16.0,6.38,1.06,Kirtipur,
Anwar Rahman,Zhejiang University of Technology Cricket Field,1.0,1.0,2.0,0.0,0.0,2.0,50.0,0.5,1.0,14.0,13.0,14.0,5.57,0.93,Hangzhou,
Aqib Ilyas,Al Amerat Cricket Ground Oman Cricket (Ministry Turf 1),17.0,478.0,415.0,38.0,18.0,415.0,115.18,1.15,14.0,279.0,289.0,279.0,6.22,1.04,Al Amarat,
Aqib Ilyas,Al Amerat Cricket Ground Oman Cricket (Ministry Turf 2),2.0,44.0,38.0,3.0,3.0,38.0,115.79,1.16,2.0,42.0,32.0,42.0,4.57,0.76,Al Amarat,
Aqib Ilyas,Dubai International Cricket Stadium,3.0,41.0,41.0,5.0,0.0,41.0,100.0,1.0,1.0,6.0,9.0,6.0,9.0,1.5,,
Aqib Ilyas,ICC Academy,1.0,23.0,24.0,1.0,1.0,24.0,95.83,0.96,1.0,13.0,14.0,13.0,6.46,1.08,Dubai,
Aqib Ilyas,"Kensington Oval, Bridgetown, Barbados",2.0,25.0,23.0,2.0,2.0,23.0,108.7,1.09,2.0,48.0,36.0,48.0,4.5,0.75,Bridgetown,
Aqib Ilyas,"Maple Leaf North-West Ground, King City",4.0,112.0,124.0,10.0,2.0,124.0,90.32,0.9,4.0,91.0,95.0,91.0,6.26,1.04,King City,
Aqib Ilyas,Sheikh Zayed Stadium,6.0,206.0,162.0,26.0,2.0,162.0,127.16,1.27,2.0,36.0,36.0,36.0,6.0,1.0,Abu Dhabi,
Aqib Ilyas,"Sir Vivian Richards Stadium, North Sound, Antigua",2.0,24.0,16.0,3.0,1.0,16.0,150.0,1.5,1.0,18.0,41.0,18.0,13.67,2.28,North Sound,
Aqib Ilyas,Tolerance Oval,2.0,10.0,8.0,2.0,0.0,8.0,125.0,1.25,,,,,0.0,0.0,Abu Dhabi,
Aqib Ilyas,"Tribhuvan University International Cricket Ground, Kirtipur",4.0,107.0,74.0,6.0,7.0,74.0,144.59,1.45,5.0,109.0,102.0,109.0,5.61,0.94,Kirtipur,
Aqib Ilyas,"West End Park International Cricket Stadium, Doha",3.0,111.0,73.0,12.0,5.0,73.0,152.05,1.52,3.0,60.0,54.0,60.0,5.4,0.9,Doha,
Aqib Iqbal,"Grange Cricket Club Ground, Raeburn Place, Edinburgh",,0.0,,0.0,0.0,0.0,,,1.0,3.0,9.0,3.0,18.0,3.0,Edinburgh,
Aqib Iqbal,"Simar Cricket Ground, Rome",1.0,1.0,2.0,0.0,0.0,2.0,50.0,0.5,1.0,1.0,0.0,1.0,0.0,0.0,Rome,
Aqif Farooq,Al Amerat Cricket Ground Oman Cricket (Ministry Turf 1),,0.0,,0.0,0.0,0.0,,,1.0,3.0,1.0,3.0,2.0,0.33,Al Amarat,
Arafat Minhas,"Queens Sports Club, Bulawayo",1.0,22.0,27.0,2.0,0.0,27.0,81.48,0.81,1.0,24.0,17.0,24.0,4.25,0.71,Bulawayo,
Arafat Minhas,Zhejiang University of Technology Cricket Field,1.0,25.0,16.0,2.0,2.0,16.0,156.25,1.56,2.0,32.0,39.0,32.0,7.31,1.22,Hangzhou,
Aritra Dutta,ICC Academy,1.0,0.0,1.0,0.0,0.0,1.0,0.0,0.0,,,,,0.0,0.0,Dubai,
Aritra Dutta,"Tribhuvan University International Cricket Ground, Kirtipur",2.0,13.0,12.0,1.0,1.0,12.0,108.33,1.08,,,,,0.0,0.0,Kirtipur,
Arjun Vinod,Marsa Sports Club,1.0,6.0,10.0,0.0,0.0,10.0,60.0,0.6,1.0,5.0,7.0,5.0,8.4,1.4,Marsa,
Arshad Iqbal,Zhejiang University of Technology Cricket Field,,0.0,,0.0,0.0,0.0,,,1.0,6.0,10.0,6.0,10.0,1.67,Hangzhou,
Arshdeep Singh,Adelaide Oval,,0.0,,0.0,0.0,0.0,,,2.0,37.0,55.0,37.0,8.92,1.49,Adelaide,
Arshdeep Singh,"Arun Jaitley Stadium, Delhi",1.0,6.0,2.0,0.0,1.0,2.0,300.0,3.0,1.0,18.0,28.0,18.0,9.33,1.56,Delhi,
Arshdeep Singh,"Barsapara Cricket Stadium, Guwahati",,0.0,,0.0,0.0,0.0,,,2.0,53.0,106.0,53.0,12.0,2.0,Guwahati,
Arshdeep Singh,"Bay Oval, Mount Maunganui",,0.0,,0.0,0.0,0.0,,,1.0,20.0,29.0,20.0,8.7,1.45,Mount Maunganui,
Arshdeep Singh,"Bellerive Oval, Hobart",,0.0,,0.0,0.0,0.0,,,1.0,24.0,36.0,24.0,9.0,1.5,Hobart,
Arshdeep Singh,"Bharat Ratna Shri Atal Bihari Vajpayee Ekana Cricket Stadium, Lucknow",,0.0,,0.0,0.0,0.0,,,1.0,12.0,8.0,12.0,4.0,0.67,Lucknow,
Arshdeep Singh,"Brian Lara Stadium, Tarouba, Trinidad",1.0,12.0,8.0,2.0,0.0,8.0,150.0,1.5,2.0,54.0,56.0,54.0,6.22,1.04,Tarouba,
Arshdeep Singh,Carrara Oval,1.0,0.0,4.0,0.0,0.0,4.0,0.0,0.0,1.0,18.0,22.0,18.0,7.33,1.22,Carrara,
Arshdeep Singh,"Central Broward Regional Park Stadium Turf Ground, Lauderhill",1.0,8.0,4.0,0.0,1.0,4.0,200.0,2.0,4.0,68.0,90.0,68.0,7.94,1.32,Lauderhill,
Arshdeep Singh,"Daren Sammy National Cricket Stadium, Gros Islet, St Lucia",,0.0,,0.0,0.0,0.0,,,1.0,26.0,41.0,26.0,9.46,1.58,Gros Islet,
Arshdeep Singh,"Dr. Y.S. Rajasekhara Reddy ACA-VDCA Cricket Stadium, Visakhapatnam",,0.0,,0.0,0.0,0.0,,,1.0,28.0,43.0,28.0,9.21,1.54,Visakhapatnam,
Arshdeep Singh,Dubai International Cricket Stadium,1.0,1.0,1.0,0.0,0.0,1.0,100.0,1.0,5.0,130.0,195.0,130.0,9.0,1.5,,
Arshdeep Singh,"Eden Gardens, Kolkata",,0.0,,0.0,0.0,0.0,,,1.0,24.0,18.0,24.0,4.5,0.75,Kolkata,
Arshdeep Singh,"Greenfield International Stadium, Thiruvananthapuram",,0.0,,0.0,0.0,0.0,,,2.0,51.0,78.0,51.0,9.18,1.53,Thiruvananthapuram,
Arshdeep Singh,"JSCA International Stadium Complex, Ranchi",1.0,0.0,6.0,0.0,0.0,6.0,0.0,0.0,1.0,27.0,51.0,27.0,11.33,1.89,Ranchi,
Arshdeep Singh,"Kensington Oval, Bridgetown, Barbados",,0.0,,0.0,0.0,0.0,,,1.0,24.0,21.0,24.0,5.25,0.88,Bridgetown,
Arshdeep Singh,"Kingsmead, Durban",1.0,5.0,4.0,1.0,0.0,4.0,125.0,1.25,1.0,21.0,25.0,21.0,7.14,1.19,Durban,
Arshdeep Singh,"M Chinnaswamy Stadium, Bengaluru",1.0,2.0,2.0,0.0,0.0,2.0,100.0,1.0,1.0,25.0,40.0,25.0,9.6,1.6,Bengaluru,
Arshdeep Singh,"MA Chidambaram Stadium, Chepauk, Chennai",1.0,6.0,4.0,1.0,0.0,4.0,150.0,1.5,1.0,25.0,41.0,25.0,9.84,1.64,Chennai,
Arshdeep Singh,"Maharashtra Cricket Association Stadium, Pune",1.0,0.0,1.0,0.0,0.0,1.0,0.0,0.0,2.0,39.0,72.0,39.0,11.08,1.85,Pune,
Arshdeep Singh,"Malahide, Dublin",,0.0,,0.0,0.0,0.0,,,2.0,53.0,64.0,53.0,7.25,1.21,Dublin,
Arshdeep Singh,"McLean Park, Napier",,0.0,,0.0,0.0,0.0,,,1.0,26.0,42.0,26.0,9.69,1.62,Napier,
Arshdeep Singh,Melbourne Cricket Ground,,0.0,,0.0,0.0,0.0,,,2.0,39.0,42.0,39.0,6.46,1.08,,
Arshdeep Singh,"Narendra Modi Stadium, Ahmedabad",,0.0,,0.0,0.0,0.0,,,1.0,18.0,17.0,18.0,5.67,0.94,Ahmedabad,
Arshdeep Singh,"Nassau County International Cricket Stadium, New York",1.0,9.0,13.0,1.0,0.0,13.0,69.23,0.69,3.0,80.0,77.0,80.0,5.78,0.96,New York,
Arshdeep Singh,Pallekele International Cricket Stadium,1.0,1.0,1.0,0.0,0.0,1.0,100.0,1.0,2.0,37.0,48.0,37.0,7.78,1.3,Kandy,
Arshdeep Singh,Perth Stadium,1.0,2.0,1.0,0.0,0.0,1.0,200.0,2.0,1.0,25.0,25.0,25.0,6.0,1.0,Perth,
Arshdeep Singh,"Providence Stadium, Guyana",2.0,7.0,4.0,1.0,0.0,4.0,175.0,1.75,3.0,57.0,85.0,57.0,8.95,1.49,Providence,
Arshdeep Singh,"Saurashtra Cricket Association Stadium, Rajkot",,0.0,,0.0,0.0,0.0,,,1.0,20.0,20.0,20.0,6.0,1.0,Rajkot,
Arshdeep Singh,"Shrimant Madhavrao Scindia Cricket Stadium, Gwalior",,0.0,,0.0,0.0,0.0,,,1.0,23.0,18.0,23.0,4.7,0.78,Gwalior,
Arshdeep Singh,"Sir Vivian Richards Stadium, North Sound, Antigua",,0.0,,0.0,0.0,0.0,,,1.0,25.0,30.0,25.0,7.2,1.2,North Sound,
Arshdeep Singh,"St George's Park, Gqeberha",2.0,7.0,7.0,0.0,1.0,7.0,100.0,1.0,2.0,37.0,76.0,37.0,12.32,2.05,Gqeberha,
Arshdeep Singh,"SuperSport Park, Centurion",,0.0,,0.0,0.0,0.0,,,1.0,24.0,38.0,24.0,9.5,1.58,Centurion,
Arshdeep Singh,Sydney Cricket Ground,,0.0,,0.0,0.0,0.0,,,1.0,26.0,39.0,26.0,9.0,1.5,,
Arshdeep Singh,"The Rose Bowl, Southampton",1.0,2.0,1.0,0.0,0.0,1.0,200.0,2.0,1.0,23.0,20.0,23.0,5.22,0.87,Southampton,
Arshdeep Singh,"The Wanderers Stadium, Johannesburg",,0.0,,0.0,0.0,0.0,,,2.0,31.0,34.0,31.0,6.58,1.1,Johannesburg,
Arshdeep Singh,"Warner Park, Basseterre, St Kitts",1.0,1.0,2.0,0.0,0.0,2.0,50.0,0.5,2.0,49.0,59.0,49.0,7.22,1.2,Basseterre,
Arshdeep Singh,"Zayed Cricket Stadium, Abu Dhabi",1.0,1.0,1.0,0.0,0.0,1.0,100.0,1.0,1.0,25.0,37.0,25.0,8.88,1.48,Abu Dhabi,
Arshdeep Singh,Zhejiang University of Technology Cricket Field,,0.0,,0.0,0.0,0.0,,,2.0,45.0,53.0,45.0,7.07,1.18,Hangzhou,
Arun Yadav,Harare Sports Club,1.0,5.0,7.0,1.0,0.0,7.0,71.43,0.71,,,,,0.0,0.0,,
Aryan Lakra,Dubai International Cricket Stadium,2.0,13.0,13.0,0.0,1.0,13.0,100.0,1.0,1.0,7.0,7.0,7.0,6.0,1.0,,
Ashfaq Ahmed,ICC Academy,3.0,14.0,12.0,2.0,0.0,12.0,116.67,1.17,,,,,0.0,0.0,Dubai,
Ashfaq Ahmed,Sheikh Zayed Stadium,2.0,5.0,6.0,1.0,0.0,6.0,83.33,0.83,,,,,0.0,0.0,Abu Dhabi,
Asif Ali,Dubai International Cricket Stadium,2.0,6.0,8.0,1.0,0.0,8.0,75.0,0.75,,,,,0.0,0.0,,
Asif Ali,"Hagley Oval, Christchurch",2.0,6.0,6.0,0.0,0.0,6.0,100.0,1.0,,,,,0.0,0.0,Christchurch,
Asif Ali,"ICC Academy, Dubai",1.0,9.0,11.0,0.0,1.0,11.0,81.82,0.82,,,,,0.0,0.0,Dubai,
Asif Ali,Melbourne Cricket Ground,1.0,1.0,2.0,0.0,0.0,2.0,50.0,0.5,,,,,0.0,0.0,,
Asif Ali,Sheikh Zayed Stadium,1.0,7.0,6.0,1.0,0.0,6.0,116.67,1.17,,,,,0.0,0.0,Abu Dhabi,
Asif Khan,Al Amerat Cricket Ground Oman Cricket (Ministry Turf 1),2.0,72.0,47.0,9.0,2.0,47.0,153.19,1.53,,,,,0.0,0.0,Al Amarat,
Asif Khan,Dubai International Cricket Stadium,2.0,1.0,5.0,0.0,0.0,5.0,20.0,0.2,,,,,0.0,0.0,,
Asif Khan,Mulpani Cricket Ground,3.0,30.0,28.0,3.0,1.0,28.0,107.14,1.07,,,,,0.0,0.0,Kathmandu,
Asif Khan,Sharjah Cricket Stadium,5.0,186.0,103.0,9.0,18.0,103.0,180.58,1.81,,,,,0.0,0.0,Sharjah,
Asif Khan,"Tribhuvan University International Cricket Ground, Kirtipur",1.0,0.0,3.0,0.0,0.0,3.0,0.0,0.0,,,,,0.0,0.0,Kirtipur,
Asif Khan,"Wanderers Cricket Ground, Windhoek",2.0,2.0,8.0,0.0,0.0,8.0,25.0,0.25,,,,,0.0,0.0,Windhoek,
Asif Khan,"West End Park International Cricket Stadium, Doha",1.0,31.0,27.0,1.0,2.0,27.0,114.81,1.15,,,,,0.0,0.0,Doha,
Asim Ashraf,"Ruaraka Sports Club Ground, Nairobi",,0.0,,0.0,0.0,0.0,,,1.0,16.0,42.0,16.0,15.75,2.62,Nairobi,
Ateeq Iqbal,Al Amerat Cricket Ground Oman Cricket (Ministry Turf 1),1.0,1.0,2.0,0.0,0.0,2.0,50.0,0.5,2.0,23.0,38.0,23.0,9.91,1.65,Al Amarat,
Ateeq Iqbal,"Zayed Cricket Stadium, Abu Dhabi",,0.0,,0.0,0.0,0.0,,,1.0,23.0,19.0,23.0,4.96,0.83,Abu Dhabi,
Atif-Ur-Rehman,Al Amerat Cricket Ground Oman Cricket (Ministry Turf 1),2.0,8.0,8.0,0.0,0.0,8.0,100.0,1.0,1.0,5.0,6.0,5.0,7.2,1.2,Al Amarat,
Avesh Khan,"Arun Jaitley Stadium, Delhi",,0.0,,0.0,0.0,0.0,,,1.0,27.0,36.0,27.0,8.0,1.33,Delhi,
Avesh Khan,"Barabati Stadium, Cuttack",,0.0,,0.0,0.0,0.0,,,1.0,18.0,18.0,18.0,6.0,1.0,Cuttack,
Avesh Khan,"Barsapara Cricket Stadium, Guwahati",,0.0,,0.0,0.0,0.0,,,1.0,26.0,37.0,26.0,8.54,1.42,Guwahati,
Avesh Khan,"Central Broward Regional Park Stadium Turf Ground, Lauderhill",1.0,1.0,2.0,0.0,0.0,2.0,50.0,0.5,2.0,38.0,37.0,38.0,5.84,0.97,Lauderhill,
Avesh Khan,"Dr. Y.S. Rajasekhara Reddy ACA-VDCA Cricket Stadium, Visakhapatnam",,0.0,,0.0,0.0,0.0,,,1.0,24.0,35.0,24.0,8.75,1.46,Visakhapatnam,
Avesh Khan,Dubai International Cricket Stadium,,0.0,,0.0,0.0,0.0,,,2.0,36.0,73.0,36.0,12.17,2.03,,
Avesh Khan,"Eden Gardens, Kolkata",,0.0,,0.0,0.0,0.0,,,1.0,25.0,43.0,25.0,10.32,1.72,Kolkata,
Avesh Khan,Harare Sports Club,1.0,16.0,12.0,3.0,0.0,12.0,133.33,1.33,3.0,69.0,86.0,69.0,7.48,1.25,,
Avesh Khan,"Himachal Pradesh Cricket Association Stadium, Dharamsala",,0.0,,0.0,0.0,0.0,,,1.0,26.0,28.0,26.0,6.46,1.08,Dharamsala,
Avesh Khan,"Kingsmead, Durban",,0.0,,0.0,0.0,0.0,,,1.0,17.0,28.0,17.0,9.88,1.65,Durban,
Avesh Khan,"M Chinnaswamy Stadium, Bengaluru",,0.0,,0.0,0.0,0.0,,,1.0,24.0,39.0,24.0,9.75,1.62,Bengaluru,
Avesh Khan,"Saurashtra Cricket Association Stadium, Rajkot",,0.0,,0.0,0.0,0.0,,,1.0,24.0,23.0,24.0,5.75,0.96,Rajkot,
Avesh Khan,"Shaheed Veer Narayan Singh International Stadium, Raipur",1.0,1.0,1.0,0.0,0.0,1.0,100.0,1.0,1.0,26.0,33.0,26.0,7.62,1.27,Raipur,
Avesh Khan,"St George's Park, Gqeberha",,0.0,,0.0,0.0,0.0,,,1.0,18.0,23.0,18.0,7.67,1.28,Gqeberha,
Avesh Khan,"The Village, Malahide, Dublin",,0.0,,0.0,0.0,0.0,,,1.0,13.0,22.0,13.0,10.15,1.69,Dublin,
Avesh Khan,"Trent Bridge, Nottingham",1.0,1.0,1.0,0.0,0.0,1.0,100.0,1.0,1.0,26.0,45.0,26.0,10.38,1.73,Nottingham,
Avesh Khan,"Warner Park, Basseterre, St Kitts",1.0,8.0,4.0,0.0,1.0,4.0,200.0,2.0,2.0,35.0,78.0,35.0,13.37,2.23,Basseterre,
Avesh Khan,Zhejiang University of Technology Cricket Field,,0.0,,0.0,0.0,0.0,,,1.0,25.0,36.0,25.0,8.64,1.44,Hangzhou,
Awais Zia,Dubai International Cricket Stadium,1.0,5.0,3.0,1.0,0.0,3.0,166.67,1.67,,,,,0.0,0.0,,
Ayan Khan,Al Amerat Cricket Ground Oman Cricket (Ministry Turf 1),2.0,9.0,14.0,0.0,0.0,14.0,64.29,0.64,1.0,5.0,9.0,5.0,10.8,1.8,Al Amarat,
Ayan Khan,"Kensington Oval, Bridgetown, Barbados",,0.0,,0.0,0.0,0.0,,,1.0,1.0,1.0,1.0,6.0,1.0,Bridgetown,
Ayan Khan,"Maple Leaf North-West Ground, King City",1.0,1.0,4.0,0.0,0.0,4.0,25.0,0.25,1.0,6.0,14.0,6.0,14.0,2.33,King City,
Ayan Khan,"Tribhuvan University International Cricket Ground, Kirtipur",1.0,6.0,7.0,1.0,0.0,7.0,85.71,0.86,,,,,0.0,0.0,Kirtipur,
Azam Khalil,Bayer Uerdingen Cricket Ground,,0.0,,0.0,0.0,0.0,,,1.0,4.0,7.0,4.0,10.5,1.75,Krefeld,
Azam Khan,"Eden Park, Auckland",1.0,3.0,4.0,0.0,0.0,4.0,75.0,0.75,,,,,0.0,0.0,Auckland,
Aziz Sualley,"Willowmoore Park, Benoni",1.0,4.0,1.0,1.0,0.0,1.0,400.0,4.0,1.0,1.0,4.0,1.0,24.0,4.0,Benoni,
B Akhilesh Reddy,"Jimmy Powell Oval, Cayman Islands",,0.0,,0.0,0.0,0.0,,,1.0,2.0,2.0,2.0,6.0,1.0,George Town,
B Arora,Dreux Sport Cricket Club,2.0,5.0,8.0,0.0,0.0,8.0,62.5,0.62,,,,,0.0,0.0,Dreux,
B Arora,Marsa Sports Club,2.0,5.0,6.0,1.0,0.0,6.0,83.33,0.83,2.0,10.0,13.0,10.0,7.8,1.3,Marsa,
B Balala,Harare Sports Club,1.0,1.0,3.0,0.0,0.0,3.0,33.33,0.33,,,,,0.0,0.0,,
B Bhandari,Al Amerat Cricket Ground Oman Cricket (Ministry Turf 1),1.0,1.0,1.0,0.0,0.0,1.0,100.0,1.0,,,,,0.0,0.0,Al Amarat,
B Evans,"Brisbane Cricket Ground, Woolloongabba, Brisbane",,0.0,,0.0,0.0,0.0,,,1.0,1.0,1.0,1.0,6.0,1.0,Brisbane,
B Evans,Harare Sports Club,2.0,7.0,6.0,0.0,0.0,6.0,116.67,1.17,4.0,19.0,28.0,19.0,8.84,1.47,,
B Evans,Perth Stadium,1.0,12.0,11.0,0.0,0.0,11.0,109.09,1.09,1.0,11.0,13.0,11.0,7.09,1.18,Perth,
B Evans,"Queens Sports Club, Bulawayo",,0.0,,0.0,0.0,0.0,,,2.0,4.0,2.0,4.0,3.0,0.5,Bulawayo,
B Fernando,"GMHBA Stadium, South Geelong, Victoria",,0.0,,0.0,0.0,0.0,,,1.0,5.0,1.0,5.0,1.2,0.2,Geelong,
B Fernando,Harare Sports Club,,0.0,,0.0,0.0,0.0,,,1.0,3.0,6.0,3.0,12.0,2.0,,
B Fernando,"Himachal Pradesh Cricket Association Stadium, Dharamsala",,0.0,,0.0,0.0,0.0,,,1.0,5.0,6.0,5.0,7.2,1.2,Dharamsala,
B Fernando,Pallekele International Cricket Stadium,,0.0,,0.0,0.0,0.0,,,1.0,19.0,22.0,19.0,6.95,1.16,Kandy,
B Fernando,"R Premadasa Stadium, Colombo",,0.0,,0.0,0.0,0.0,,,1.0,12.0,12.0,12.0,6.0,1.0,Colombo,
B Fernando,Rangiri Dambulla International Stadium,1.0,6.0,10.0,1.0,0.0,10.0,60.0,0.6,1.0,22.0,30.0,22.0,8.18,1.36,Dambulla,
B Fernando,Sharjah Cricket Stadium,,0.0,,0.0,0.0,0.0,,,1.0,11.0,13.0,11.0,7.09,1.18,Sharjah,
B Fernando,Sylhet International Cricket Stadium,,0.0,,0.0,0.0,0.0,,,3.0,54.0,85.0,54.0,9.44,1.57,,
B George,Dreux Sport Cricket Club,1.0,1.0,3.0,0.0,0.0,3.0,33.33,0.33,,,,,0.0,0.0,Dreux,
B Ito-Davis,Al Amerat Cricket Ground Oman Cricket (Ministry Turf 1),1.0,9.0,3.0,0.0,1.0,3.0,300.0,3.0,,,,,0.0,0.0,Al Amarat,
B Kgosiemang,"Gahanga International Cricket Stadium, Rwanda",,0.0,,0.0,0.0,0.0,,,1.0,5.0,8.0,5.0,9.6,1.6,Kigali City,
B Kgosiemang,Harare Sports Club,,0.0,,0.0,0.0,0.0,,,1.0,5.0,17.0,5.0,20.4,3.4,,
B Khumalo,"Gahanga International Cricket Stadium, Rwanda",,0.0,,0.0,0.0,0.0,,,1.0,7.0,11.0,7.0,9.43,1.57,Kigali City,
B Khumalo,United Cricket Club Ground,,0.0,,0.0,0.0,0.0,,,2.0,4.0,5.0,4.0,7.5,1.25,Windhoek,
B Kumar,Adelaide Oval,,0.0,,0.0,0.0,0.0,,,1.0,10.0,24.0,10.0,14.4,2.4,Adelaide,
B Kumar,Dubai International Cricket Stadium,1.0,5.0,4.0,0.0,0.0,4.0,125.0,1.25,3.0,63.0,71.0,63.0,6.76,1.13,,
B Kumar,Melbourne Cricket Ground,,0.0,,0.0,0.0,0.0,,,1.0,13.0,9.0,13.0,4.15,0.69,,
B Kumar,Sydney Cricket Ground,,0.0,,0.0,0.0,0.0,,,1.0,11.0,7.0,11.0,3.82,0.64,,
B Kumar,"The Village, Malahide, Dublin",,0.0,,0.0,0.0,0.0,,,2.0,5.0,7.0,5.0,8.4,1.4,Dublin,
B Masaba,"United Cricket Club Ground, Windhoek",1.0,0.0,2.0,0.0,0.0,2.0,0.0,0.0,1.0,9.0,6.0,9.0,4.0,0.67,Windhoek,
B Masaba,"Wanderers Cricket Ground, Windhoek",1.0,0.0,1.0,0.0,0.0,1.0,0.0,0.0,,,,,0.0,0.0,Windhoek,
B Mavuta,Harare Sports Club,1.0,2.0,2.0,0.0,0.0,2.0,100.0,1.0,1.0,5.0,11.0,5.0,13.2,2.2,,
B Muzarabani,"Bellerive Oval, Hobart",,0.0,,0.0,0.0,0.0,,,1.0,5.0,3.0,5.0,3.6,0.6,Hobart,
B Muzarabani,"Bready Cricket Club, Magheramason, Bready",,0.0,,0.0,0.0,0.0,,,1.0,2.0,4.0,2.0,12.0,2.0,Bready,
B Muzarabani,"Brisbane Cricket Ground, Woolloongabba, Brisbane",,0.0,,0.0,0.0,0.0,,,1.0,7.0,8.0,7.0,6.86,1.14,Brisbane,
B Muzarabani,Harare Sports Club,5.0,12.0,13.0,2.0,0.0,13.0,92.31,0.92,18.0,200.0,204.0,200.0,6.12,1.02,,
B Muzarabani,Melbourne Cricket Ground,,0.0,,0.0,0.0,0.0,,,1.0,4.0,6.0,4.0,9.0,1.5,,
B Muzarabani,Perth Stadium,,0.0,,0.0,0.0,0.0,,,1.0,14.0,9.0,14.0,3.86,0.64,Perth,
B Muzarabani,"Queens Sports Club, Bulawayo",2.0,0.0,2.0,0.0,0.0,2.0,0.0,0.0,3.0,58.0,93.0,58.0,9.62,1.6,Bulawayo,
B Muzarabani,Rawalpindi Cricket Stadium,1.0,5.0,6.0,1.0,0.0,6.0,83.33,0.83,3.0,43.0,46.0,43.0,6.42,1.07,,
B Muzarabani,"Shere Bangla National Stadium, Mirpur",1.0,2.0,3.0,0.0,0.0,3.0,66.67,0.67,2.0,36.0,45.0,36.0,7.5,1.25,Dhaka,
B Muzarabani,"United Cricket Club Ground, Windhoek",,0.0,,0.0,0.0,0.0,,,1.0,5.0,3.0,5.0,3.6,0.6,Windhoek,
B Muzarabani,"Wanderers Cricket Ground, Windhoek",,0.0,,0.0,0.0,0.0,,,1.0,5.0,2.0,5.0,2.4,0.4,Windhoek,
B Muzarabani,"Zahur Ahmed Chowdhury Stadium, Chattogram",2.0,10.0,6.0,2.0,0.0,6.0,166.67,1.67,3.0,57.0,53.0,57.0,5.58,0.93,Chattogram,
B Namsrai,Sano International Cricket Ground,2.0,1.0,6.0,0.0,0.0,6.0,16.67,0.17,,,,,0.0,0.0,Sano,
B Niaz,"Moara Vlasiei Cricket Ground, Ilfov County",1.0,7.0,4.0,1.0,0.0,4.0,175.0,1.75,,,,,0.0,0.0,Ilfov County,
B Shikongo,Al Amerat Cricket Ground Oman Cricket (Ministry Turf 1),1.0,1.0,1.0,0.0,0.0,1.0,100.0,1.0,,,,,0.0,0.0,Al Amarat,
B Shikongo,"GMHBA Stadium, South Geelong, Victoria",,0.0,,0.0,0.0,0.0,,,1.0,6.0,17.0,6.0,17.0,2.83,Geelong,
B Shikongo,"Queens Sports Club, Bulawayo",,0.0,,0.0,0.0,0.0,,,2.0,5.0,2.0,5.0,2.4,0.4,Bulawayo,
B Shikongo,"Tribhuvan University International Cricket Ground, Kirtipur",,0.0,,0.0,0.0,0.0,,,1.0,10.0,11.0,10.0,6.6,1.1,Kirtipur,
B Shikongo,Wanderers,,0.0,,0.0,0.0,0.0,,,1.0,5.0,8.0,5.0,9.6,1.6,Windhoek,
B Shikongo,"Wanderers Cricket Ground, Windhoek",,0.0,,0.0,0.0,0.0,,,1.0,3.0,9.0,3.0,18.0,3.0,Windhoek,
B Shikongo,"Zayed Cricket Stadium, Abu Dhabi",,0.0,,0.0,0.0,0.0,,,1.0,12.0,19.0,12.0,9.5,1.58,Abu Dhabi,
B Siddharth,Al Amerat Cricket Ground Oman Cricket (Ministry Turf 1),,0.0,,0.0,0.0,0.0,,,1.0,7.0,7.0,7.0,6.0,1.0,Al Amarat,
B Siddharth,"Maple Leaf North-West Ground, King City",1.0,0.0,4.0,0.0,0.0,4.0,0.0,0.0,1.0,2.0,7.0,2.0,21.0,3.5,King City,
B Stanlake,Dubai International Cricket Stadium,,0.0,,0.0,0.0,0.0,,,1.0,12.0,17.0,12.0,8.5,1.42,,
B Stanlake,Harare Sports Club,,0.0,,0.0,0.0,0.0,,,3.0,34.0,41.0,34.0,7.24,1.21,,
B Stanlake,Perth Stadium,,0.0,,0.0,0.0,0.0,,,1.0,6.0,3.0,6.0,3.0,0.5,Perth,
B Stanlake,Sheikh Zayed Stadium,1.0,2.0,7.0,0.0,0.0,7.0,28.57,0.29,1.0,17.0,17.0,17.0,6.0,1.0,Abu Dhabi,
B Terbish,Zhejiang University of Technology Cricket Field,1.0,0.0,2.0,0.0,0.0,2.0,0.0,0.0,1.0,7.0,27.0,7.0,23.14,3.86,Hangzhou,
B Ward,Bulawayo Athletic Club,1.0,14.0,7.0,1.0,1.0,7.0,200.0,2.0,1.0,11.0,11.0,11.0,6.0,1.0,Bulawayo,
B Ward,"Queens Sports Club, Bulawayo",,0.0,,0.0,0.0,0.0,,,2.0,11.0,13.0,11.0,7.09,1.18,Bulawayo,
B Ward,Sheikh Zayed Stadium,1.0,11.0,9.0,0.0,1.0,9.0,122.22,1.22,1.0,14.0,17.0,14.0,7.29,1.21,Abu Dhabi,
B Ward,Tolerance Oval,2.0,7.0,4.0,0.0,1.0,4.0,175.0,1.75,,,,,0.0,0.0,Abu Dhabi,
B White,"Castle Avenue, Dublin",,0.0,,0.0,0.0,0.0,,,3.0,60.0,114.0,60.0,11.4,1.9,Dublin,
B White,"Central Broward Regional Park Stadium Turf Ground, Lauderhill",2.0,4.0,10.0,0.0,0.0,10.0,40.0,0.4,1.0,12.0,11.0,12.0,5.5,0.92,Lauderhill,
B White,Harare Sports Club,,0.0,,0.0,0.0,0.0,,,1.0,3.0,2.0,3.0,4.0,0.67,,
B White,"Nassau County International Cricket Stadium, New York",1.0,1.0,2.0,0.0,0.0,2.0,50.0,0.5,,,,,0.0,0.0,New York,
B White,"The Village, Malahide, Dublin",,0.0,,0.0,0.0,0.0,,,1.0,4.0,4.0,4.0,6.0,1.0,Dublin,
B White,"Zahur Ahmed Chowdhury Stadium, Chattogram",1.0,2.0,3.0,0.0,0.0,3.0,66.67,0.67,3.0,37.0,51.0,37.0,8.27,1.38,Chattogram,
B Yadav,Al Amerat Cricket Ground Oman Cricket (Ministry Turf 1),,0.0,,0.0,0.0,0.0,,,1.0,6.0,5.0,6.0,5.0,0.83,Al Amarat,
B Yadav,"Tribhuvan University International Cricket Ground, Kirtipur",2.0,40.0,28.0,0.0,5.0,28.0,142.86,1.43,1.0,4.0,7.0,4.0,10.5,1.75,Kirtipur,
BA Carse,"MA Chidambaram Stadium, Chepauk, Chennai",1.0,5.0,7.0,0.0,0.0,7.0,71.43,0.71,1.0,20.0,22.0,20.0,6.6,1.1,Chennai,
BA Carse,"Maharashtra Cricket Association Stadium, Pune",,0.0,,0.0,0.0,0.0,,,1.0,1.0,1.0,1.0,6.0,1.0,Pune,
BA Carse,"Riverside Ground, Chester-le-Street",,0.0,,0.0,0.0,0.0,,,1.0,1.0,0.0,1.0,0.0,0.0,Chester-le-Street,
BA Carse,"Saurashtra Cricket Association Stadium, Rajkot",1.0,1.0,1.0,0.0,0.0,1.0,100.0,1.0,1.0,11.0,17.0,11.0,9.27,1.55,Rajkot,
BA Carse,"Wankhede Stadium, Mumbai",1.0,0.0,1.0,0.0,0.0,1.0,0.0,0.0,1.0,15.0,25.0,15.0,10.0,1.67,Mumbai,
BA King,"Arnos Vale Ground, Kingstown, St Vincent",3.0,9.0,13.0,1.0,0.0,13.0,69.23,0.69,,,,,0.0,0.0,Kingstown,
BA King,"Bir Sreshtho Flight Lieutenant Matiur Rahman Stadium, Chattogram",3.0,42.0,47.0,3.0,2.0,47.0,89.36,0.89,,,,,0.0,0.0,Chattogram,
BA King,"Brian Lara Stadium, Tarouba, Trinidad",1.0,21.0,13.0,4.0,0.0,13.0,161.54,1.62,,,,,0.0,0.0,Tarouba,
BA King,"Central Broward Regional Park Stadium Turf Ground, Lauderhill",3.0,49.0,38.0,4.0,3.0,38.0,128.95,1.29,,,,,0.0,0.0,Lauderhill,
BA King,"Eden Gardens, Kolkata",1.0,0.0,3.0,0.0,0.0,3.0,0.0,0.0,,,,,0.0,0.0,Kolkata,
BA King,"National Cricket Stadium, St George's, Grenada",1.0,43.0,17.0,5.0,3.0,17.0,252.94,2.53,,,,,0.0,0.0,St George's,
BA King,"National Stadium, Karachi",3.0,96.0,57.0,12.0,4.0,57.0,168.42,1.68,,,,,0.0,0.0,Karachi,
BA King,"Providence Stadium, Guyana",2.0,22.0,21.0,1.0,2.0,21.0,104.76,1.05,,,,,0.0,0.0,Providence,
BA King,"Rajiv Gandhi International Stadium, Uppal",1.0,10.0,6.0,2.0,0.0,6.0,166.67,1.67,,,,,0.0,0.0,Hyderabad,
BA King,"Warner Park, Basseterre, St Kitts",2.0,23.0,17.0,3.0,1.0,17.0,135.29,1.35,,,,,0.0,0.0,Basseterre,
BA King,"Windsor Park, Roseau, Dominica",1.0,48.0,34.0,6.0,1.0,34.0,141.18,1.41,,,,,0.0,0.0,Roseau,
BA Stokes,Adelaide Oval,,0.0,,0.0,0.0,0.0,,,1.0,4.0,5.0,4.0,7.5,1.25,Adelaide,
BA Stokes,M Chinnaswamy Stadium,,0.0,,0.0,0.0,0.0,,,1.0,2.0,1.0,2.0,3.0,0.5,Bangalore,
BA Stokes,Melbourne Cricket Ground,1.0,24.0,35.0,2.0,0.0,35.0,68.57,0.69,1.0,21.0,27.0,21.0,7.71,1.29,,
BA Stokes,Narendra Modi Stadium,1.0,15.0,8.0,1.0,1.0,8.0,187.5,1.88,2.0,5.0,7.0,5.0,8.4,1.4,Ahmedabad,
BA Stokes,Old Trafford,1.0,3.0,4.0,0.0,0.0,4.0,75.0,0.75,,,,,0.0,0.0,Manchester,
BA Stokes,"Vidarbha Cricket Association Stadium, Jamtha",,0.0,,0.0,0.0,0.0,,,1.0,9.0,14.0,9.0,9.33,1.56,Nagpur,
BB Chari,Indian Association Ground,1.0,17.0,13.0,4.0,0.0,13.0,130.77,1.31,,,,,0.0,0.0,Singapore,
BB Sran,Harare Sports Club,,0.0,,0.0,0.0,0.0,,,1.0,2.0,1.0,2.0,3.0,0.5,,
BC Fortuin,Gaddafi Stadium,2.0,20.0,16.0,3.0,0.0,16.0,125.0,1.25,2.0,29.0,32.0,29.0,6.62,1.1,Lahore,
BC Fortuin,"Namibia Cricket Ground, Windhoek",1.0,4.0,5.0,0.0,0.0,5.0,80.0,0.8,1.0,4.0,2.0,4.0,3.0,0.5,Windhoek,
BC Fortuin,"SuperSport Park, Centurion",1.0,8.0,6.0,1.0,0.0,6.0,133.33,1.33,1.0,19.0,26.0,19.0,8.21,1.37,Centurion,
BC Fortuin,"Zayed Cricket Stadium, Abu Dhabi",,0.0,,0.0,0.0,0.0,,,1.0,2.0,3.0,2.0,9.0,1.5,Abu Dhabi,
BCJ Cutting,Gaddafi Stadium,1.0,4.0,2.0,1.0,0.0,2.0,200.0,2.0,3.0,30.0,46.0,30.0,9.2,1.53,Lahore,
BD Glover,Adelaide Oval,,0.0,,0.0,0.0,0.0,,,1.0,12.0,27.0,12.0,13.5,2.25,Adelaide,
BD Glover,Al Amerat Cricket Ground Oman Cricket (Ministry Turf 1),1.0,0.0,4.0,0.0,0.0,4.0,0.0,0.0,2.0,12.0,20.0,12.0,10.0,1.67,Al Amarat,
BD Glover,Dubai International Cricket Stadium,,0.0,,0.0,0.0,0.0,,,1.0,3.0,4.0,3.0,8.0,1.33,,
BD Glover,Hazelaarweg,,0.0,,0.0,0.0,0.0,,,1.0,1.0,0.0,1.0,0.0,0.0,Rotterdam,
BD Glover,Perth Stadium,,0.0,,0.0,0.0,0.0,,,1.0,11.0,16.0,11.0,8.73,1.45,Perth,
BD Glover,"Sportpark Maarschalkerweerd, Utrecht",,0.0,,0.0,0.0,0.0,,,1.0,2.0,3.0,2.0,9.0,1.5,Utrecht,
BDH Stevens,Bulawayo Athletic Club,,0.0,,0.0,0.0,0.0,,,1.0,2.0,4.0,2.0,12.0,2.0,Bulawayo,
BDH Stevens,Sheikh Zayed Stadium,1.0,0.0,3.0,0.0,0.0,3.0,0.0,0.0,1.0,4.0,4.0,4.0,6.0,1.0,Abu Dhabi,
BDH Stevens,Tolerance Oval,,0.0,,0.0,0.0,0.0,,,1.0,3.0,1.0,3.0,2.0,0.33,Abu Dhabi,
BE Fletcher,"Titwood, Glasgow",,0.0,,0.0,0.0,0.0,,,1.0,5.0,6.0,5.0,7.2,1.2,Glasgow,
BE Hendricks,"Civil Service Cricket Club, Stormont, Belfast",,0.0,,0.0,0.0,0.0,,,1.0,6.0,4.0,6.0,4.0,0.67,Belfast,
BE Hendricks,Mangaung Oval,,0.0,,0.0,0.0,0.0,,,1.0,11.0,31.0,11.0,16.91,2.82,Bloemfontein,
BE Hendricks,Newlands,,0.0,,0.0,0.0,0.0,,,1.0,26.0,40.0,26.0,9.23,1.54,Cape Town,
BE Hendricks,Senwes Park,,0.0,,0.0,0.0,0.0,,,1.0,9.0,15.0,9.0,10.0,1.67,Potchefstroom,
BE Hendricks,SuperSport Park,1.0,3.0,4.0,0.0,0.0,4.0,75.0,0.75,1.0,16.0,5.0,16.0,1.88,0.31,Centurion,
BE Hendricks,"SuperSport Park, Centurion",,0.0,,0.0,0.0,0.0,,,1.0,24.0,56.0,24.0,14.0,2.33,Centurion,
BE Hendricks,The Wanderers Stadium,,0.0,,0.0,0.0,0.0,,,1.0,18.0,27.0,18.0,9.0,1.5,Johannesburg,
BE Hendricks,"The Wanderers Stadium, Johannesburg",,0.0,,0.0,0.0,0.0,,,2.0,36.0,48.0,36.0,8.0,1.33,Johannesburg,
BF Calitz,"The Village, Malahide, Dublin",1.0,4.0,5.0,0.0,0.0,5.0,80.0,0.8,,,,,0.0,0.0,Dublin,
BF Mailata,Al Amerat Cricket Ground Oman Cricket (Ministry Turf 1),1.0,3.0,7.0,0.0,0.0,7.0,42.86,0.43,,,,,0.0,0.0,Al Amarat,
BF Mailata,Al Amerat Cricket Ground Oman Cricket (Ministry Turf 2),1.0,3.0,4.0,0.0,0.0,4.0,75.0,0.75,,,,,0.0,0.0,Al Amarat,
BFW de Leede,Adelaide Oval,,0.0,,0.0,0.0,0.0,,,1.0,5.0,1.0,5.0,1.2,0.2,Adelaide,
BFW de Leede,Al Amerat Cricket Ground Oman Cricket (Ministry Turf 1),2.0,5.0,6.0,0.0,0.0,6.0,83.33,0.83,1.0,7.0,9.0,7.0,7.71,1.29,Al Amarat,
BFW de Leede,"Arnos Vale Ground, Kingstown, St Vincent",1.0,0.0,2.0,0.0,0.0,2.0,0.0,0.0,1.0,5.0,11.0,5.0,13.2,2.2,Kingstown,
BFW de Leede,"Bellerive Oval, Hobart",1.0,0.0,1.0,0.0,0.0,1.0,0.0,0.0,1.0,2.0,0.0,2.0,0.0,0.0,Hobart,
BFW de Leede,Bulawayo Athletic Club,1.0,4.0,3.0,0.0,0.0,3.0,133.33,1.33,1.0,2.0,1.0,2.0,3.0,0.5,Bulawayo,
BFW de Leede,"GMHBA Stadium, South Geelong, Victoria",1.0,4.0,5.0,0.0,0.0,5.0,80.0,0.8,1.0,2.0,4.0,2.0,12.0,2.0,Geelong,
BFW de Leede,"Grand Prairie Stadium, Dallas",1.0,3.0,3.0,0.0,0.0,3.0,100.0,1.0,1.0,10.0,12.0,10.0,7.2,1.2,Dallas,
BFW de Leede,Hazelaarweg,3.0,5.0,12.0,0.0,0.0,12.0,41.67,0.42,,,,,0.0,0.0,Rotterdam,
BFW de Leede,Perth Stadium,1.0,1.0,11.0,0.0,0.0,11.0,9.09,0.09,,,,,0.0,0.0,Perth,
BFW de Leede,"Queens Sports Club, Bulawayo",1.0,1.0,4.0,0.0,0.0,4.0,25.0,0.25,2.0,8.0,9.0,8.0,6.75,1.12,Bulawayo,
BFW de Leede,"Sportpark Westvliet, The Hague",1.0,5.0,6.0,0.0,0.0,6.0,83.33,0.83,1.0,10.0,27.0,10.0,16.2,2.7,The Hague,
BFW de Leede,"The Village, Malahide",1.0,12.0,7.0,0.0,1.0,7.0,171.43,1.71,,,,,0.0,0.0,Dublin,
BFW de Leede,"Tribhuvan University International Cricket Ground, Kirtipur",3.0,35.0,41.0,6.0,0.0,41.0,85.37,0.85,3.0,16.0,25.0,16.0,9.38,1.56,Kirtipur,
BFW de Leede,VRA Ground,1.0,3.0,4.0,0.0,0.0,4.0,75.0,0.75,,,,,0.0,0.0,Amstelveen,
BG Lister,"Gaddafi Stadium, Lahore",1.0,0.0,1.0,0.0,0.0,1.0,0.0,0.0,3.0,51.0,69.0,51.0,8.12,1.35,Lahore,
BG Lister,"Narendra Modi Stadium, Ahmedabad",,0.0,,0.0,0.0,0.0,,,1.0,17.0,38.0,17.0,13.41,2.24,Ahmedabad,
BG Lister,Rawalpindi Cricket Stadium,1.0,1.0,2.0,0.0,0.0,2.0,50.0,0.5,1.0,12.0,10.0,12.0,5.0,0.83,,
BJ Bennett,Harare Sports Club,7.0,69.0,51.0,7.0,4.0,51.0,135.29,1.35,4.0,22.0,32.0,22.0,8.73,1.45,,
BJ Bennett,"Queens Sports Club, Bulawayo",5.0,92.0,70.0,13.0,2.0,70.0,131.43,1.31,1.0,6.0,2.0,6.0,2.0,0.33,Bulawayo,
BJ Bennett,"Shere Bangla National Stadium, Mirpur",2.0,65.0,41.0,5.0,5.0,41.0,158.54,1.59,2.0,21.0,20.0,21.0,5.71,0.95,Dhaka,
BJ Bennett,"Zahur Ahmed Chowdhury Stadium, Chattogram",3.0,65.0,52.0,5.0,3.0,52.0,125.0,1.25,1.0,2.0,2.0,2.0,6.0,1.0,Chattogram,
BJ Currie,"Kensington Oval, Bridgetown, Barbados",,0.0,,0.0,0.0,0.0,,,1.0,4.0,2.0,4.0,3.0,0.5,Bridgetown,
BJ Currie,"Sportpark Westvliet, The Hague",,0.0,,0.0,0.0,0.0,,,2.0,3.0,3.0,3.0,6.0,1.0,The Hague,
BJ Dwarshuis,"Brisbane Cricket Ground, Woolloongabba, Brisbane",,0.0,,0.0,0.0,0.0,,,1.0,12.0,27.0,12.0,13.5,2.25,Brisbane,
BJ Dwarshuis,Carrara Oval,1.0,1.0,2.0,0.0,0.0,2.0,50.0,0.5,1.0,18.0,19.0,18.0,6.33,1.06,Carrara,
BJ Dwarshuis,"Gaddafi Stadium, Lahore",1.0,0.0,2.0,0.0,0.0,2.0,0.0,0.0,1.0,12.0,24.0,12.0,12.0,2.0,Lahore,
BJ Dwarshuis,"M Chinnaswamy Stadium, Bengaluru",1.0,0.0,1.0,0.0,0.0,1.0,0.0,0.0,,,,,0.0,0.0,Bengaluru,
BJ Dwarshuis,"Shaheed Veer Narayan Singh International Stadium, Raipur",1.0,0.0,1.0,0.0,0.0,1.0,0.0,0.0,,,,,0.0,0.0,Raipur,
BJ McCarthy,Al Amerat Cricket Ground Oman Cricket (Ministry Turf 1),,0.0,,0.0,0.0,0.0,,,1.0,8.0,2.0,8.0,1.5,0.25,Al Amarat,
BJ McCarthy,"Bellerive Oval, Hobart",,0.0,,0.0,0.0,0.0,,,1.0,8.0,6.0,8.0,4.5,0.75,Hobart,
BJ McCarthy,"Castle Avenue, Dublin",,0.0,,0.0,0.0,0.0,,,1.0,22.0,32.0,22.0,8.73,1.45,Dublin,
BJ McCarthy,"Central Broward Regional Park Stadium Turf Ground, Lauderhill",1.0,2.0,3.0,0.0,0.0,3.0,66.67,0.67,1.0,22.0,15.0,22.0,4.09,0.68,Lauderhill,
BJ McCarthy,Harare Sports Club,,0.0,,0.0,0.0,0.0,,,1.0,5.0,9.0,5.0,10.8,1.8,,
BJ McCarthy,"Malahide, Dublin",2.0,31.0,23.0,1.0,3.0,23.0,134.78,1.35,1.0,1.0,0.0,1.0,0.0,0.0,Dublin,
BJ McCarthy,"Nassau County International Cricket Stadium, New York",,0.0,,0.0,0.0,0.0,,,1.0,3.0,9.0,3.0,18.0,3.0,New York,
BJ McCarthy,"Sportpark Westvliet, The Hague",,0.0,,0.0,0.0,0.0,,,1.0,5.0,5.0,5.0,6.0,1.0,The Hague,
BJ McMullen,"Grange Cricket Club Ground, Raeburn Place, Edinburgh",1.0,7.0,3.0,0.0,1.0,3.0,233.33,2.33,,,,,0.0,0.0,Edinburgh,
BJ McMullen,"Sir Vivian Richards Stadium, North Sound, Antigua",1.0,53.0,28.0,9.0,1.0,28.0,189.29,1.89,,,,,0.0,0.0,North Sound,
BJ McMullen,"Titwood, Glasgow",2.0,17.0,6.0,4.0,0.0,6.0,283.33,2.83,1.0,4.0,11.0,4.0,16.5,2.75,Glasgow,
BKB Corbin,"Maple Leaf North-East Ground, King City",1.0,10.0,9.0,0.0,1.0,9.0,111.11,1.11,,,,,0.0,0.0,King City,
BKB Corbin,"White Hill Field, Sandys Parish",1.0,10.0,6.0,1.0,1.0,6.0,166.67,1.67,,,,,0.0,0.0,Hamilton,
BKG Mendis,Dubai International Cricket Stadium,5.0,69.0,49.0,5.0,4.0,49.0,140.82,1.41,,,,,0.0,0.0,,
BKG Mendis,"Eden Park, Auckland",1.0,26.0,9.0,3.0,2.0,9.0,288.89,2.89,,,,,0.0,0.0,Auckland,
BKG Mendis,"Grand Prairie Stadium, Dallas",1.0,8.0,5.0,2.0,0.0,5.0,160.0,1.6,,,,,0.0,0.0,Dallas,
BKG Mendis,Harare Sports Club,1.0,6.0,7.0,0.0,0.0,7.0,85.71,0.86,,,,,0.0,0.0,,
BKG Mendis,"John Davies Oval, Queenstown",1.0,13.0,13.0,1.0,1.0,13.0,100.0,1.0,,,,,0.0,0.0,Queenstown,
BKG Mendis,"Maharashtra Cricket Association Stadium, Pune",1.0,11.0,5.0,1.0,1.0,5.0,220.0,2.2,,,,,0.0,0.0,Pune,
BKG Mendis,Pallekele International Cricket Stadium,4.0,135.0,99.0,13.0,4.0,99.0,136.36,1.36,,,,,0.0,0.0,Kandy,
BKG Mendis,"R Premadasa Stadium, Colombo",2.0,8.0,7.0,1.0,0.0,7.0,114.29,1.14,,,,,0.0,0.0,Colombo,
BKG Mendis,"R.Premadasa Stadium, Khettarama",4.0,48.0,30.0,4.0,3.0,30.0,160.0,1.6,,,,,0.0,0.0,Colombo,
BKG Mendis,Rangiri Dambulla International Stadium,1.0,8.0,5.0,2.0,0.0,5.0,160.0,1.6,,,,,0.0,0.0,Dambulla,
BKG Mendis,"Shere Bangla National Stadium, Mirpur",1.0,29.0,12.0,5.0,1.0,12.0,241.67,2.42,,,,,0.0,0.0,Dhaka,
BKG Mendis,Sylhet International Cricket Stadium,4.0,223.0,141.0,17.0,14.0,141.0,158.16,1.58,,,,,0.0,0.0,,
BKG Mendis,"Zayed Cricket Stadium, Abu Dhabi",2.0,3.0,8.0,0.0,0.0,8.0,37.5,0.38,,,,,0.0,0.0,Abu Dhabi,
BM Duckett,"Eden Gardens, Kolkata",1.0,4.0,4.0,1.0,0.0,4.0,100.0,1.0,,,,,0.0,0.0,Kolkata,
BM Duckett,"Gaddafi Stadium, Lahore",3.0,52.0,32.0,7.0,1.0,32.0,162.5,1.62,,,,,0.0,0.0,Lahore,
BM Duckett,"MA Chidambaram Stadium, Chepauk, Chennai",1.0,2.0,3.0,0.0,0.0,3.0,66.67,0.67,,,,,0.0,0.0,Chennai,
BM Duckett,"Maharashtra Cricket Association Stadium, Pune",1.0,15.0,7.0,3.0,0.0,7.0,214.29,2.14,,,,,0.0,0.0,Pune,
BM Duckett,"National Stadium, Karachi",4.0,84.0,56.0,9.0,1.0,56.0,150.0,1.5,,,,,0.0,0.0,Karachi,
BM Duckett,"Saurashtra Cricket Association Stadium, Rajkot",1.0,15.0,7.0,2.0,1.0,7.0,214.29,2.14,,,,,0.0,0.0,Rajkot,
BM Duckett,"Shere Bangla National Stadium, Mirpur",2.0,17.0,20.0,2.0,0.0,20.0,85.0,0.85,,,,,0.0,0.0,Dhaka,
BM Duckett,Sophia Gardens,1.0,7.0,4.0,1.0,0.0,4.0,175.0,1.75,,,,,0.0,0.0,Cardiff,
BM Duckett,"Zahur Ahmed Chowdhury Stadium, Chattogram",1.0,13.0,10.0,2.0,0.0,10.0,130.0,1.3,,,,,0.0,0.0,Chattogram,
BM Scholtz,Al Amerat Cricket Ground Oman Cricket (Ministry Turf 1),2.0,16.0,11.0,2.0,0.0,11.0,145.45,1.45,5.0,57.0,67.0,57.0,7.05,1.18,Al Amarat,
BM Scholtz,Dubai International Cricket Stadium,,0.0,,0.0,0.0,0.0,,,1.0,5.0,1.0,5.0,1.2,0.2,,
BM Scholtz,"GMHBA Stadium, South Geelong, Victoria",,0.0,,0.0,0.0,0.0,,,1.0,5.0,3.0,5.0,3.6,0.6,Geelong,
BM Scholtz,Harare Sports Club,,0.0,,0.0,0.0,0.0,,,1.0,1.0,0.0,1.0,0.0,0.0,,
BM Scholtz,"Kensington Oval, Bridgetown, Barbados",,0.0,,0.0,0.0,0.0,,,1.0,17.0,11.0,17.0,3.88,0.65,Bridgetown,
BM Scholtz,Kyambogo Cricket Oval,,0.0,,0.0,0.0,0.0,,,1.0,3.0,13.0,3.0,26.0,4.33,Kampala,
BM Scholtz,"Namibia Cricket Ground, Windhoek",,0.0,,0.0,0.0,0.0,,,1.0,10.0,7.0,10.0,4.2,0.7,Windhoek,
BM Scholtz,"Queens Sports Club, Bulawayo",,0.0,,0.0,0.0,0.0,,,5.0,23.0,13.0,23.0,3.39,0.57,Bulawayo,
BM Scholtz,"Tribhuvan University International Cricket Ground, Kirtipur",1.0,4.0,1.0,1.0,0.0,1.0,400.0,4.0,2.0,14.0,18.0,14.0,7.71,1.29,Kirtipur,
BM Scholtz,"United Cricket Club Ground, Windhoek",2.0,6.0,3.0,1.0,0.0,3.0,200.0,2.0,4.0,27.0,22.0,27.0,4.89,0.81,Windhoek,
BM Scholtz,"Wanderers Cricket Ground, Windhoek",,0.0,,0.0,0.0,0.0,,,6.0,41.0,58.0,41.0,8.49,1.41,Windhoek,
BM Tickner,Eden Park,,0.0,,0.0,0.0,0.0,,,3.0,35.0,57.0,35.0,9.77,1.63,Auckland,
BM Tickner,"Hagley Oval, Christchurch",,0.0,,0.0,0.0,0.0,,,3.0,43.0,66.0,43.0,9.21,1.53,Christchurch,
BM Tickner,"JSCA International Stadium Complex, Ranchi",,0.0,,0.0,0.0,0.0,,,1.0,5.0,12.0,5.0,14.4,2.4,Ranchi,
BM Tickner,"Narendra Modi Stadium, Ahmedabad",,0.0,,0.0,0.0,0.0,,,1.0,13.0,33.0,13.0,15.23,2.54,Ahmedabad,
BM Tickner,Rawalpindi Cricket Stadium,,0.0,,0.0,0.0,0.0,,,1.0,17.0,19.0,17.0,6.71,1.12,,
BM Tickner,"Shere Bangla National Stadium, Mirpur",2.0,4.0,9.0,0.0,0.0,9.0,44.44,0.44,1.0,5.0,3.0,5.0,3.6,0.6,Dhaka,
BM Tickner,"Sportpark Westvliet, The Hague",,0.0,,0.0,0.0,0.0,,,1.0,4.0,0.0,4.0,0.0,0.0,The Hague,
BM Wheeler,Bay Oval,,0.0,,0.0,0.0,0.0,,,2.0,10.0,12.0,10.0,7.2,1.2,Mount Maunganui,
BM Wheeler,Eden Park,1.0,21.0,17.0,2.0,1.0,17.0,123.53,1.24,1.0,12.0,18.0,12.0,9.0,1.5,Auckland,
BM Wheeler,McLean Park,,0.0,,0.0,0.0,0.0,,,1.0,1.0,1.0,1.0,6.0,1.0,Napier,
BMAJ Mendis,"R.Premadasa Stadium, Khettarama",3.0,6.0,6.0,0.0,1.0,6.0,100.0,1.0,3.0,14.0,16.0,14.0,6.86,1.14,Colombo,
BMAJ Mendis,"Shere Bangla National Stadium, Mirpur",,0.0,,0.0,0.0,0.0,,,1.0,3.0,0.0,3.0,0.0,0.0,Dhaka,
BMAJ Mendis,Sylhet International Cricket Stadium,,0.0,,0.0,0.0,0.0,,,1.0,2.0,1.0,2.0,3.0,0.5,,
BN Cooper,Al Amerat Cricket Ground Oman Cricket (Ministry Turf 1),2.0,23.0,16.0,4.0,0.0,16.0,143.75,1.44,,,,,0.0,0.0,Al Amarat,
BN Cooper,Dubai International Cricket Stadium,1.0,11.0,7.0,0.0,1.0,7.0,157.14,1.57,,,,,0.0,0.0,,
BN Cooper,Hazelaarweg,5.0,30.0,20.0,1.0,2.0,20.0,150.0,1.5,,,,,0.0,0.0,Rotterdam,
BN Cooper,ICC Academy,1.0,0.0,1.0,0.0,0.0,1.0,0.0,0.0,,,,,0.0,0.0,Dubai,
BN Cooper,Sheikh Zayed Stadium,1.0,0.0,1.0,0.0,0.0,1.0,0.0,0.0,,,,,0.0,0.0,Abu Dhabi,
BN Cooper,"The Village, Malahide",3.0,27.0,18.0,2.0,2.0,18.0,150.0,1.5,,,,,0.0,0.0,Dublin,
BN Cooper,"Tribhuvan University International Cricket Ground, Kirtipur",2.0,19.0,12.0,4.0,0.0,12.0,158.33,1.58,,,,,0.0,0.0,Kirtipur,
BN Cooper,VRA Ground,1.0,9.0,7.0,1.0,0.0,7.0,128.57,1.29,,,,,0.0,0.0,Amstelveen,
BOP Fernando,Gaddafi Stadium,1.0,20.0,12.0,3.0,0.0,12.0,166.67,1.67,,,,,0.0,0.0,Lahore,
BOP Fernando,Holkar Cricket Stadium,1.0,7.0,5.0,1.0,0.0,5.0,140.0,1.4,,,,,0.0,0.0,Indore,
BR McDermott,Dubai International Cricket Stadium,2.0,11.0,14.0,1.0,1.0,14.0,78.57,0.79,,,,,0.0,0.0,,
BR McDermott,"Gaddafi Stadium, Lahore",1.0,20.0,15.0,3.0,0.0,15.0,133.33,1.33,,,,,0.0,0.0,Lahore,
BR McDermott,"M Chinnaswamy Stadium, Bengaluru",1.0,45.0,25.0,0.0,5.0,25.0,180.0,1.8,,,,,0.0,0.0,Bengaluru,
BR McDermott,Manuka Oval,1.0,4.0,4.0,0.0,0.0,4.0,100.0,1.0,,,,,0.0,0.0,Canberra,
BR McDermott,Melbourne Cricket Ground,1.0,10.0,14.0,1.0,0.0,14.0,71.43,0.71,,,,,0.0,0.0,,
BR McDermott,"Shaheed Veer Narayan Singh International Stadium, Raipur",1.0,10.0,14.0,0.0,0.0,14.0,71.43,0.71,,,,,0.0,0.0,Raipur,
BR McDermott,Sheikh Zayed Stadium,1.0,0.0,2.0,0.0,0.0,2.0,0.0,0.0,,,,,0.0,0.0,Abu Dhabi,
BR McDermott,"Shere Bangla National Stadium, Mirpur",3.0,32.0,46.0,0.0,1.0,46.0,69.57,0.7,,,,,0.0,0.0,Dhaka,
BRM Taylor,Bready,1.0,6.0,3.0,1.0,0.0,3.0,200.0,2.0,,,,,0.0,0.0,Derry,
BRM Taylor,Harare Sports Club,2.0,24.0,28.0,2.0,0.0,28.0,85.71,0.86,,,,,0.0,0.0,,
BRM Taylor,"Queens Sports Club, Bulawayo",2.0,3.0,5.0,0.0,0.0,5.0,60.0,0.6,,,,,0.0,0.0,Bulawayo,
BRM Taylor,Rawalpindi Cricket Stadium,3.0,30.0,28.0,4.0,0.0,28.0,107.14,1.07,,,,,0.0,0.0,,
BRM Taylor,"Shere Bangla National Stadium, Mirpur",1.0,48.0,37.0,5.0,1.0,37.0,129.73,1.3,,,,,0.0,0.0,Dhaka,
BRM Taylor,Sylhet Stadium,1.0,13.0,16.0,1.0,0.0,16.0,81.25,0.81,,,,,0.0,0.0,,
BRM Taylor,Zahur Ahmed Chowdhury Stadium,1.0,0.0,5.0,0.0,0.0,5.0,0.0,0.0,,,,,0.0,0.0,Chattogram,
BTJ Wheal,Al Amerat Cricket Ground Oman Cricket (Ministry Turf 1),1.0,1.0,1.0,0.0,0.0,1.0,100.0,1.0,2.0,26.0,36.0,26.0,8.31,1.38,Al Amarat,
BTJ Wheal,"Bellerive Oval, Hobart",,0.0,,0.0,0.0,0.0,,,1.0,8.0,11.0,8.0,8.25,1.38,Hobart,
BTJ Wheal,Dubai International Cricket Stadium,,0.0,,0.0,0.0,0.0,,,1.0,10.0,27.0,10.0,16.2,2.7,,
BTJ Wheal,"Kensington Oval, Bridgetown, Barbados",,0.0,,0.0,0.0,0.0,,,1.0,7.0,9.0,7.0,7.71,1.29,Bridgetown,
BTJ Wheal,Sharjah Cricket Stadium,,0.0,,0.0,0.0,0.0,,,1.0,12.0,20.0,12.0,10.0,1.67,Sharjah,
BTJ Wheal,"Sir Vivian Richards Stadium, North Sound, Antigua",,0.0,,0.0,0.0,0.0,,,1.0,5.0,3.0,5.0,3.6,0.6,North Sound,
BTJ Wheal,"Zayed Cricket Stadium, Abu Dhabi",,0.0,,0.0,0.0,0.0,,,1.0,2.0,5.0,2.0,15.0,2.5,Abu Dhabi,
BV Sears,"Bay Oval, Mount Maunganui",,0.0,,0.0,0.0,0.0,,,1.0,18.0,24.0,18.0,8.0,1.33,Mount Maunganui,
BV Sears,"Eden Park, Auckland",1.0,7.0,4.0,1.0,0.0,4.0,175.0,1.75,2.0,23.0,50.0,23.0,13.04,2.17,Auckland,
BV Sears,"Gaddafi Stadium, Lahore",1.0,2.0,6.0,0.0,0.0,6.0,33.33,0.33,2.0,45.0,64.0,45.0,8.53,1.42,Lahore,
BV Sears,"Grange Cricket Club Ground, Raeburn Place, Edinburgh",,0.0,,0.0,0.0,0.0,,,1.0,4.0,2.0,4.0,3.0,0.5,Edinburgh,
BV Sears,"McLean Park, Napier",1.0,1.0,1.0,0.0,0.0,1.0,100.0,1.0,1.0,24.0,36.0,24.0,9.0,1.5,Napier,
BV Sears,Rawalpindi Cricket Stadium,1.0,0.0,1.0,0.0,0.0,1.0,0.0,0.0,1.0,18.0,30.0,18.0,10.0,1.67,,
BV Sears,"Seddon Park, Hamilton",1.0,1.0,1.0,0.0,0.0,1.0,100.0,1.0,1.0,21.0,26.0,21.0,7.43,1.24,Hamilton,
BV Sears,"Shere Bangla National Stadium, Mirpur",,0.0,,0.0,0.0,0.0,,,2.0,13.0,24.0,13.0,11.08,1.85,Dhaka,
BV Sears,"Sky Stadium, Wellington",,0.0,,0.0,0.0,0.0,,,1.0,25.0,25.0,25.0,6.0,1.0,Wellington,
BV Sears,"Sportpark Westvliet, The Hague",,0.0,,0.0,0.0,0.0,,,2.0,4.0,6.0,4.0,9.0,1.5,The Hague,
BV Sears,"University Oval, Dunedin",,0.0,,0.0,0.0,0.0,,,1.0,18.0,23.0,18.0,7.67,1.28,Dunedin,
BV Vitori,Gaddafi Stadium,,0.0,,0.0,0.0,0.0,,,1.0,2.0,1.0,2.0,3.0,0.5,Lahore,
BV Vitori,Sheikh Abu Naser Stadium,,0.0,,0.0,0.0,0.0,,,3.0,23.0,44.0,23.0,11.48,1.91,Khulna,
Babar Azam,Adelaide Oval,1.0,25.0,33.0,2.0,0.0,33.0,75.76,0.76,,,,,0.0,0.0,Adelaide,
Babar Azam,Bay Oval,1.0,18.0,17.0,1.0,0.0,17.0,105.88,1.06,,,,,0.0,0.0,Mount Maunganui,
Babar Azam,"Bellerive Oval, Hobart",1.0,41.0,29.0,4.0,0.0,29.0,141.38,1.41,,,,,0.0,0.0,Hobart,
Babar Azam,"Brisbane Cricket Ground, Woolloongabba, Brisbane",1.0,3.0,2.0,0.0,0.0,2.0,150.0,1.5,,,,,0.0,0.0,Brisbane,
Babar Azam,"Castle Avenue, Dublin",3.0,132.0,96.0,14.0,6.0,96.0,137.5,1.38,,,,,0.0,0.0,Dublin,
Babar Azam,"Central Broward Regional Park Stadium Turf Ground, Lauderhill",1.0,32.0,34.0,2.0,0.0,34.0,94.12,0.94,,,,,0.0,0.0,Lauderhill,
Babar Azam,Dubai International Cricket Stadium,12.0,454.0,393.0,44.0,7.0,393.0,115.52,1.16,,,,,0.0,0.0,,
Babar Azam,Eden Park,1.0,50.0,34.0,5.0,1.0,34.0,147.06,1.47,,,,,0.0,0.0,Auckland,
Babar Azam,"Eden Park, Auckland",1.0,57.0,35.0,6.0,2.0,35.0,162.86,1.63,,,,,0.0,0.0,Auckland,
Babar Azam,"Edgbaston, Birmingham",1.0,32.0,27.0,4.0,0.0,27.0,118.52,1.19,,,,,0.0,0.0,Birmingham,
Babar Azam,Gaddafi Stadium,12.0,371.0,292.0,38.0,4.0,292.0,127.05,1.27,,,,,0.0,0.0,Lahore,
Babar Azam,"Gaddafi Stadium, Lahore",11.0,430.0,316.0,45.0,10.0,316.0,136.08,1.36,,,,,0.0,0.0,Lahore,
Babar Azam,"Grand Prairie Stadium, Dallas",1.0,44.0,44.0,3.0,2.0,44.0,100.0,1.0,,,,,0.0,0.0,Dallas,
Babar Azam,"Hagley Oval, Christchurch",7.0,224.0,196.0,33.0,1.0,196.0,114.29,1.14,,,,,0.0,0.0,Christchurch,
Babar Azam,Harare Sports Club,3.0,95.0,95.0,10.0,0.0,95.0,100.0,1.0,,,,,0.0,0.0,,
Babar Azam,"Headingley, Leeds",1.0,22.0,17.0,3.0,0.0,17.0,129.41,1.29,,,,,0.0,0.0,Leeds,
Babar Azam,"Kennington Oval, London",1.0,36.0,23.0,5.0,1.0,23.0,156.52,1.57,,,,,0.0,0.0,London,
Babar Azam,"Kensington Oval, Bridgetown",1.0,29.0,32.0,3.0,0.0,32.0,90.62,0.91,,,,,0.0,0.0,Barbados,
Babar Azam,"Kingsmead, Durban",1.0,0.0,4.0,0.0,0.0,4.0,0.0,0.0,,,,,0.0,0.0,Durban,
Babar Azam,Manuka Oval,1.0,50.0,38.0,6.0,0.0,38.0,131.58,1.32,,,,,0.0,0.0,Canberra,
Babar Azam,Melbourne Cricket Ground,2.0,32.0,30.0,2.0,0.0,30.0,106.67,1.07,,,,,0.0,0.0,,
Babar Azam,"Nassau County International Cricket Stadium, New York",2.0,46.0,46.0,3.0,1.0,46.0,100.0,1.0,,,,,0.0,0.0,New York,
Babar Azam,National Stadium,3.0,165.0,113.0,22.0,1.0,113.0,146.02,1.46,,,,,0.0,0.0,Karachi,
Babar Azam,"National Stadium, Karachi",7.0,271.0,191.0,28.0,7.0,191.0,141.88,1.42,,,,,0.0,0.0,Karachi,
Babar Azam,Newlands,1.0,38.0,30.0,3.0,1.0,30.0,126.67,1.27,,,,,0.0,0.0,Cape Town,
Babar Azam,Old Trafford,3.0,92.0,73.0,12.0,0.0,73.0,126.03,1.26,,,,,0.0,0.0,Manchester,
Babar Azam,"Old Trafford, Manchester",1.0,11.0,15.0,1.0,0.0,15.0,73.33,0.73,,,,,0.0,0.0,Manchester,
Babar Azam,Perth Stadium,3.0,14.0,24.0,3.0,0.0,24.0,58.33,0.58,,,,,0.0,0.0,Perth,
Babar Azam,"Providence Stadium, Guyana",1.0,51.0,40.0,4.0,2.0,40.0,127.5,1.27,,,,,0.0,0.0,Providence,
Babar Azam,"Queen's Park Oval, Port of Spain",3.0,108.0,103.0,8.0,2.0,103.0,104.85,1.05,,,,,0.0,0.0,Trinidad,
Babar Azam,Rawalpindi Cricket Stadium,6.0,203.0,149.0,27.0,3.0,149.0,136.24,1.36,,,,,0.0,0.0,,
Babar Azam,"Seddon Park, Hamilton",1.0,66.0,43.0,7.0,2.0,43.0,153.49,1.53,,,,,0.0,0.0,Hamilton,
Babar Azam,Sharjah Cricket Stadium,3.0,84.0,72.0,7.0,3.0,72.0,116.67,1.17,,,,,0.0,0.0,Sharjah,
Babar Azam,Sheikh Zayed Stadium,5.0,104.0,101.0,7.0,1.0,101.0,102.97,1.03,,,,,0.0,0.0,Abu Dhabi,
Babar Azam,"Shere Bangla National Stadium, Mirpur",3.0,27.0,42.0,3.0,0.0,42.0,64.29,0.64,,,,,0.0,0.0,Dhaka,
Babar Azam,Sophia Gardens,1.0,65.0,43.0,5.0,3.0,43.0,151.16,1.51,,,,,0.0,0.0,Cardiff,
Babar Azam,SuperSport Park,1.0,23.0,11.0,5.0,0.0,11.0,209.09,2.09,,,,,0.0,0.0,Centurion,
Babar Azam,"SuperSport Park, Centurion",3.0,177.0,105.0,21.0,5.0,105.0,168.57,1.69,,,,,0.0,0.0,Centurion,
Babar Azam,Sydney Cricket Ground,4.0,121.0,99.0,12.0,2.0,99.0,122.22,1.22,,,,,0.0,0.0,,
Babar Azam,The Wanderers Stadium,1.0,90.0,59.0,13.0,1.0,59.0,152.54,1.53,,,,,0.0,0.0,Johannesburg,
Babar Azam,"The Wanderers Stadium, Johannesburg",2.0,64.0,66.0,8.0,0.0,66.0,96.97,0.97,,,,,0.0,0.0,Johannesburg,
Babar Azam,"Trent Bridge, Nottingham",1.0,85.0,50.0,8.0,3.0,50.0,170.0,1.7,,,,,0.0,0.0,Nottingham,
Babar Azam,"University Oval, Dunedin",1.0,58.0,37.0,8.0,1.0,37.0,156.76,1.57,,,,,0.0,0.0,Dunedin,
Babar Azam,Westpac Stadium,1.0,41.0,41.0,1.0,1.0,41.0,100.0,1.0,,,,,0.0,0.0,Wellington,
Babar Azam,"Zayed Cricket Stadium, Abu Dhabi",1.0,70.0,49.0,7.0,0.0,49.0,142.86,1.43,,,,,0.0,0.0,Abu Dhabi,
Babar Hayat,Al Amerat Cricket Ground Oman Cricket (Ministry Turf 1),3.0,37.0,40.0,1.0,2.0,40.0,92.5,0.92,,,,,0.0,0.0,Al Amarat,
Babar Hayat,"Civil Service Cricket Club, Stormont",1.0,5.0,4.0,0.0,0.0,4.0,125.0,1.25,,,,,0.0,0.0,Belfast,
Babar Hayat,Dubai International Cricket Stadium,1.0,21.0,9.0,3.0,1.0,9.0,233.33,2.33,,,,,0.0,0.0,,
Babar Hayat,Khan Shaheb Osman Ali Stadium,1.0,63.0,27.0,5.0,4.0,27.0,233.33,2.33,,,,,0.0,0.0,Fatullah,
Babar Hayat,"Mission Road Ground, Mong Kok, Hong Kong",1.0,11.0,9.0,0.0,1.0,9.0,122.22,1.22,,,,,0.0,0.0,Mong Kok,
Babar Hayat,Mulpani Cricket Ground,2.0,13.0,16.0,1.0,0.0,16.0,81.25,0.81,,,,,0.0,0.0,Kathmandu,
Babar Hayat,P Sara Oval,1.0,0.0,2.0,0.0,0.0,2.0,0.0,0.0,,,,,0.0,0.0,Colombo,
Babar Hayat,Sharjah Cricket Stadium,1.0,0.0,4.0,0.0,0.0,4.0,0.0,0.0,,,,,0.0,0.0,Sharjah,
Babar Hayat,Sheikh Zayed Stadium,4.0,37.0,33.0,4.0,1.0,33.0,112.12,1.12,,,,,0.0,0.0,Abu Dhabi,
Babar Hayat,"The Village, Malahide",1.0,6.0,5.0,0.0,1.0,5.0,120.0,1.2,,,,,0.0,0.0,Dublin,
Babar Hayat,Zahur Ahmed Chowdhury Stadium,1.0,1.0,2.0,0.0,0.0,2.0,50.0,0.5,,,,,0.0,0.0,Chattogram,
Babar Hayat,"Zayed Cricket Stadium, Abu Dhabi",1.0,14.0,12.0,0.0,1.0,12.0,116.67,1.17,,,,,0.0,0.0,Abu Dhabi,
Babar Hayat,Zhejiang University of Technology Cricket Field,1.0,12.0,16.0,2.0,0.0,16.0,75.0,0.75,,,,,0.0,0.0,Hangzhou,
Basil Hameed,Al Amerat Cricket Ground Oman Cricket (Ministry Turf 1),3.0,6.0,9.0,1.0,0.0,9.0,66.67,0.67,4.0,28.0,27.0,28.0,5.79,0.96,Al Amarat,
Basil Hameed,Dubai International Cricket Stadium,3.0,25.0,25.0,3.0,0.0,25.0,100.0,1.0,1.0,13.0,16.0,13.0,7.38,1.23,,
Basil Hameed,"GMHBA Stadium, South Geelong, Victoria",1.0,13.0,8.0,1.0,1.0,8.0,162.5,1.62,1.0,3.0,2.0,3.0,4.0,0.67,Geelong,
Basil Hameed,"ICC Academy, Dubai",,0.0,,0.0,0.0,0.0,,,1.0,4.0,5.0,4.0,7.5,1.25,Dubai,
Basil Hameed,Mulpani Cricket Ground,2.0,29.0,15.0,2.0,2.0,15.0,193.33,1.93,1.0,4.0,5.0,4.0,7.5,1.25,Kathmandu,
Basil Hameed,"Tribhuvan University International Cricket Ground, Kirtipur",1.0,16.0,9.0,0.0,2.0,9.0,177.78,1.78,,,,,0.0,0.0,Kirtipur,
Basil Hameed,"Wanderers Cricket Ground, Windhoek",1.0,12.0,4.0,1.0,1.0,4.0,300.0,3.0,4.0,34.0,54.0,34.0,9.53,1.59,Windhoek,
Basil Hameed,"West End Park International Cricket Stadium, Doha",1.0,36.0,23.0,1.0,3.0,23.0,156.52,1.57,1.0,3.0,3.0,3.0,6.0,1.0,Doha,
Bilal Hassun,"Achimota Senior Secondary School A Field, Accra",,0.0,,0.0,0.0,0.0,,,1.0,4.0,1.0,4.0,1.5,0.25,Accra,
Bilal Hassun,"United Cricket Club Ground, Windhoek",,0.0,,0.0,0.0,0.0,,,1.0,5.0,17.0,5.0,20.4,3.4,Windhoek,
Bilal Hassun,"Wanderers Cricket Ground, Windhoek",1.0,2.0,2.0,0.0,0.0,2.0,100.0,1.0,,,,,0.0,0.0,Windhoek,
Bilal Khan,Al Amerat Cricket Ground Oman Cricket (Ministry Turf 1),7.0,6.0,14.0,0.0,0.0,14.0,42.86,0.43,31.0,695.0,757.0,695.0,6.54,1.09,Al Amarat,
Bilal Khan,Al Amerat Cricket Ground Oman Cricket (Ministry Turf 2),2.0,5.0,9.0,0.0,0.0,9.0,55.56,0.56,5.0,97.0,107.0,97.0,6.62,1.1,Al Amarat,
Bilal Khan,Dubai International Cricket Stadium,2.0,6.0,11.0,1.0,0.0,11.0,54.55,0.55,3.0,70.0,75.0,70.0,6.43,1.07,,
Bilal Khan,Himachal Pradesh Cricket Association Stadium,1.0,1.0,1.0,0.0,0.0,1.0,100.0,1.0,2.0,48.0,48.0,48.0,6.0,1.0,Dharamsala,
Bilal Khan,ICC Academy,,0.0,,0.0,0.0,0.0,,,1.0,24.0,38.0,24.0,9.5,1.58,Dubai,
Bilal Khan,"Kensington Oval, Bridgetown, Barbados",2.0,2.0,3.0,0.0,0.0,3.0,66.67,0.67,2.0,57.0,82.0,57.0,8.63,1.44,Bridgetown,
Bilal Khan,Khan Shaheb Osman Ali Stadium,,0.0,,0.0,0.0,0.0,,,1.0,24.0,28.0,24.0,7.0,1.17,Fatullah,
Bilal Khan,Sheikh Zayed Stadium,1.0,1.0,1.0,0.0,0.0,1.0,100.0,1.0,10.0,218.0,245.0,218.0,6.74,1.12,Abu Dhabi,
Bilal Khan,Shere Bangla National Stadium,,0.0,,0.0,0.0,0.0,,,1.0,19.0,34.0,19.0,10.74,1.79,Mirpur,
Bilal Khan,"Sir Vivian Richards Stadium, North Sound, Antigua",1.0,0.0,1.0,0.0,0.0,1.0,0.0,0.0,2.0,25.0,48.0,25.0,11.52,1.92,North Sound,
Bilal Khan,Tolerance Oval,1.0,6.0,9.0,0.0,0.0,9.0,66.67,0.67,2.0,48.0,53.0,48.0,6.62,1.1,Abu Dhabi,
Bilal Khan,"Tribhuvan University International Cricket Ground, Kirtipur",1.0,0.0,1.0,0.0,0.0,1.0,0.0,0.0,5.0,132.0,159.0,132.0,7.23,1.2,Kirtipur,
Bilal Khan,"West End Park International Cricket Stadium, Doha",,0.0,,0.0,0.0,0.0,,,3.0,67.0,64.0,67.0,5.73,0.96,Doha,
Bilal Safdar,Bayer Uerdingen Cricket Ground,1.0,4.0,4.0,0.0,0.0,4.0,100.0,1.0,,,,,0.0,0.0,Krefeld,
Bilal Shah,Al Amerat Cricket Ground Oman Cricket (Ministry Turf 1),,0.0,,0.0,0.0,0.0,,,1.0,4.0,4.0,4.0,6.0,1.0,Al Amarat,
Bilal Tahir,Al Amerat Cricket Ground Oman Cricket (Ministry Turf 1),1.0,2.0,3.0,0.0,0.0,3.0,66.67,0.67,,,,,0.0,0.0,Al Amarat,
Bilal Tahir,Al Amerat Cricket Ground Oman Cricket (Ministry Turf 2),1.0,18.0,22.0,1.0,0.0,22.0,81.82,0.82,,,,,0.0,0.0,Al Amarat,
Bilal Tahir,"ICC Academy, Dubai",1.0,1.0,3.0,0.0,0.0,3.0,33.33,0.33,,,,,0.0,0.0,Dubai,
Bilal Tahir,"Mission Road Ground, Mong Kok, Hong Kong",2.0,24.0,11.0,2.0,2.0,11.0,218.18,2.18,,,,,0.0,0.0,Mong Kok,
Bilal Zalmai,"Simar Cricket Ground, Rome",1.0,3.0,5.0,0.0,0.0,5.0,60.0,0.6,,,,,0.0,0.0,Rome,
Bilawal Bhatti,Gaddafi Stadium,,0.0,,0.0,0.0,0.0,,,1.0,1.0,1.0,1.0,6.0,1.0,Lahore,
Bipin Kumar,"Mission Road Ground, Mong Kok, Hong Kong",,0.0,,0.0,0.0,0.0,,,1.0,7.0,14.0,7.0,12.0,2.0,Mong Kok,
Boio Ray,Al Amerat Cricket Ground Oman Cricket (Ministry Turf 1),1.0,0.0,1.0,0.0,0.0,1.0,0.0,0.0,,,,,0.0,0.0,Al Amarat,
Bukhar Illikkal,"Mission Road Ground, Mong Kok, Hong Kong",,0.0,,0.0,0.0,0.0,,,1.0,3.0,2.0,3.0,4.0,0.67,Mong Kok,
C Bisson,Sheikh Zayed Stadium,1.0,9.0,7.0,1.0,0.0,7.0,128.57,1.29,,,,,0.0,0.0,Abu Dhabi,
C Bosch,"Gaddafi Stadium, Lahore",2.0,41.0,38.0,3.0,0.0,38.0,107.89,1.08,2.0,35.0,40.0,35.0,6.86,1.14,Lahore,
C Bosch,Harare Sports Club,1.0,3.0,2.0,0.0,0.0,2.0,150.0,1.5,2.0,12.0,12.0,12.0,6.0,1.0,,
C Bosch,Rawalpindi Cricket Stadium,1.0,7.0,5.0,1.0,0.0,5.0,140.0,1.4,1.0,25.0,15.0,25.0,3.6,0.6,,
C Brown,"Coolidge Cricket Ground, Antigua",1.0,11.0,7.0,2.0,0.0,7.0,157.14,1.57,,,,,0.0,0.0,Coolidge,
C Campher,Al Amerat Cricket Ground Oman Cricket (Ministry Turf 1),1.0,3.0,5.0,0.0,0.0,5.0,60.0,0.6,2.0,22.0,27.0,22.0,7.36,1.23,Al Amarat,
C Campher,"Bellerive Oval, Hobart",1.0,6.0,4.0,0.0,0.0,4.0,150.0,1.5,1.0,8.0,14.0,8.0,10.5,1.75,Hobart,
C Campher,"Castle Avenue, Dublin",3.0,33.0,17.0,4.0,2.0,17.0,194.12,1.94,3.0,59.0,94.0,59.0,9.56,1.59,Dublin,
C Campher,"Central Broward Regional Park Stadium Turf Ground, Lauderhill",2.0,2.0,8.0,0.0,0.0,8.0,25.0,0.25,1.0,21.0,20.0,21.0,5.71,0.95,Lauderhill,
C Campher,Harare Sports Club,2.0,18.0,15.0,1.0,0.0,15.0,120.0,1.2,1.0,3.0,2.0,3.0,4.0,0.67,,
C Campher,"Malahide, Dublin",2.0,41.0,39.0,2.0,1.0,39.0,105.13,1.05,,,,,0.0,0.0,Dublin,
C Campher,"Nassau County International Cricket Stadium, New York",1.0,2.0,3.0,0.0,0.0,3.0,66.67,0.67,,,,,0.0,0.0,New York,
C Campher,"Sportpark Westvliet, The Hague",,0.0,,0.0,0.0,0.0,,,1.0,1.0,2.0,1.0,12.0,2.0,The Hague,
C Campher,"The Village, Malahide, Dublin",,0.0,,0.0,0.0,0.0,,,1.0,4.0,7.0,4.0,10.5,1.75,Dublin,
C Campher,"Zahur Ahmed Chowdhury Stadium, Chattogram",3.0,53.0,33.0,3.0,4.0,33.0,160.61,1.61,2.0,23.0,24.0,23.0,6.26,1.04,Chattogram,
C Carter,Sheikh Zayed Stadium,3.0,18.0,19.0,1.0,0.0,19.0,94.74,0.95,,,,,0.0,0.0,Abu Dhabi,
C Dickson,Sano International Cricket Ground,1.0,0.0,3.0,0.0,0.0,3.0,0.0,0.0,1.0,4.0,1.0,4.0,1.5,0.25,Sano,
C Floyd,"The Village, Malahide",1.0,0.0,2.0,0.0,0.0,2.0,0.0,0.0,,,,,0.0,0.0,Dublin,
C Green,"Gaddafi Stadium, Lahore",,0.0,,0.0,0.0,0.0,,,1.0,15.0,14.0,15.0,5.6,0.93,Lahore,
C Green,"Punjab Cricket Association IS Bindra Stadium, Mohali, Chandigarh",,0.0,,0.0,0.0,0.0,,,1.0,5.0,12.0,5.0,14.4,2.4,Chandigarh,
C Hauptfleisch,"White Hill Field, Sandys Parish",1.0,1.0,1.0,0.0,0.0,1.0,100.0,1.0,,,,,0.0,0.0,Hamilton,
C Hinze,Al Amerat Cricket Ground Oman Cricket (Ministry Turf 1),,0.0,,0.0,0.0,0.0,,,1.0,5.0,10.0,5.0,12.0,2.0,Al Amarat,
C Hinze,Al Amerat Cricket Ground Oman Cricket (Ministry Turf 2),1.0,10.0,4.0,1.0,1.0,4.0,250.0,2.5,,,,,0.0,0.0,Al Amarat,
C Karunaratne,"Bellerive Oval, Hobart",,0.0,,0.0,0.0,0.0,,,1.0,3.0,2.0,3.0,4.0,0.67,Hobart,
C Karunaratne,"Bharat Ratna Shri Atal Bihari Vajpayee Ekana Cricket Stadium, Lucknow",,0.0,,0.0,0.0,0.0,,,1.0,12.0,16.0,12.0,8.0,1.33,Lucknow,
C Karunaratne,Dubai International Cricket Stadium,2.0,20.0,19.0,0.0,1.0,19.0,105.26,1.05,4.0,34.0,44.0,34.0,7.76,1.29,,
C Karunaratne,"Eden Park, Auckland",,0.0,,0.0,0.0,0.0,,,1.0,1.0,1.0,1.0,6.0,1.0,Auckland,
C Karunaratne,"GMHBA Stadium, South Geelong, Victoria",1.0,0.0,1.0,0.0,0.0,1.0,0.0,0.0,1.0,5.0,11.0,5.0,13.2,2.2,Geelong,
C Karunaratne,"Himachal Pradesh Cricket Association Stadium, Dharamsala",1.0,7.0,13.0,0.0,0.0,13.0,53.85,0.54,,,,,0.0,0.0,Dharamsala,
C Karunaratne,"Maharashtra Cricket Association Stadium, Pune",1.0,3.0,3.0,0.0,0.0,3.0,100.0,1.0,,,,,0.0,0.0,Pune,
C Karunaratne,Pallekele International Cricket Stadium,,0.0,,0.0,0.0,0.0,,,1.0,6.0,8.0,6.0,8.0,1.33,Kandy,
C Karunaratne,"R Premadasa Stadium, Colombo",,0.0,,0.0,0.0,0.0,,,2.0,7.0,9.0,7.0,7.71,1.29,Colombo,
C Karunaratne,Rangiri Dambulla International Stadium,1.0,0.0,2.0,0.0,0.0,2.0,0.0,0.0,1.0,12.0,18.0,12.0,9.0,1.5,Dambulla,
C Karunaratne,"Saurashtra Cricket Association Stadium, Rajkot",,0.0,,0.0,0.0,0.0,,,1.0,5.0,4.0,5.0,4.8,0.8,Rajkot,
C Karunaratne,Sharjah Cricket Stadium,,0.0,,0.0,0.0,0.0,,,1.0,13.0,10.0,13.0,4.62,0.77,Sharjah,
C Karunaratne,"Wankhede Stadium, Mumbai",,0.0,,0.0,0.0,0.0,,,1.0,3.0,1.0,3.0,2.0,0.33,Mumbai,
C Karunaratne,"Zayed Cricket Stadium, Abu Dhabi",1.0,17.0,21.0,2.0,0.0,21.0,80.95,0.81,2.0,11.0,14.0,11.0,7.64,1.27,Abu Dhabi,
C Kyewuta,"United Cricket Club Ground, Windhoek",1.0,2.0,4.0,0.0,0.0,4.0,50.0,0.5,3.0,22.0,6.0,22.0,1.64,0.27,Windhoek,
C Kyewuta,Wanderers,,0.0,,0.0,0.0,0.0,,,1.0,3.0,4.0,3.0,8.0,1.33,Windhoek,
C Kyewuta,"Wanderers Cricket Ground, Windhoek",,0.0,,0.0,0.0,0.0,,,1.0,4.0,2.0,4.0,3.0,0.5,Windhoek,
C Madande,Harare Sports Club,7.0,56.0,58.0,6.0,0.0,58.0,96.55,0.97,,,,,0.0,0.0,,
C Madande,"Queens Sports Club, Bulawayo",2.0,14.0,21.0,0.0,0.0,21.0,66.67,0.67,,,,,0.0,0.0,Bulawayo,
C Madande,"Shere Bangla National Stadium, Mirpur",1.0,11.0,16.0,1.0,0.0,16.0,68.75,0.69,,,,,0.0,0.0,Dhaka,
C Madande,"Zahur Ahmed Chowdhury Stadium, Chattogram",3.0,53.0,57.0,7.0,0.0,57.0,92.98,0.93,,,,,0.0,0.0,Chattogram,
C Munro,Bay Oval,2.0,19.0,13.0,2.0,1.0,13.0,146.15,1.46,,,,,0.0,0.0,Mount Maunganui,
C Munro,Dubai International Cricket Stadium,2.0,26.0,19.0,3.0,1.0,19.0,136.84,1.37,1.0,9.0,18.0,9.0,12.0,2.0,,
C Munro,Eden Gardens,1.0,1.0,2.0,0.0,0.0,2.0,50.0,0.5,,,,,0.0,0.0,Kolkata,
C Munro,McLean Park,1.0,0.0,2.0,0.0,0.0,2.0,0.0,0.0,,,,,0.0,0.0,Napier,
C Munro,Saurashtra Cricket Association Stadium,1.0,36.0,15.0,2.0,3.0,15.0,240.0,2.4,,,,,0.0,0.0,Rajkot,
C Munro,Seddon Park,1.0,11.0,9.0,0.0,1.0,9.0,122.22,1.22,,,,,0.0,0.0,Hamilton,
C Munro,Sheikh Zayed Stadium,1.0,28.0,18.0,4.0,1.0,18.0,155.56,1.56,,,,,0.0,0.0,Abu Dhabi,
C Munro,Westpac Stadium,2.0,37.0,34.0,4.0,1.0,34.0,108.82,1.09,1.0,4.0,12.0,4.0,18.0,3.0,Wellington,
C Outerbridge,"National Stadium, Hamilton",1.0,0.0,4.0,0.0,0.0,4.0,0.0,0.0,1.0,4.0,3.0,4.0,4.5,0.75,Hamilton,
C Outerbridge,"White Hill Field, Sandys Parish",,0.0,,0.0,0.0,0.0,,,1.0,8.0,8.0,8.0,6.0,1.0,Hamilton,
C Pengkumta,Terdthai Cricket Ground,1.0,2.0,7.0,0.0,0.0,7.0,28.57,0.29,,,,,0.0,0.0,Bangkok,
C Rububagumya,"Gymkhana Club Ground, Nairobi",,0.0,,0.0,0.0,0.0,,,2.0,6.0,5.0,6.0,5.0,0.83,Nairobi,
C Rububagumya,Integrated Polytechnic Regional Centre,,0.0,,0.0,0.0,0.0,,,1.0,1.0,0.0,1.0,0.0,0.0,Kigali City,
C Rububagumya,"Ruaraka Sports Club Ground, Nairobi",1.0,0.0,2.0,0.0,0.0,2.0,0.0,0.0,1.0,2.0,2.0,2.0,6.0,1.0,Nairobi,
C Rububagumya,"Wanderers Cricket Ground, Windhoek",1.0,2.0,5.0,0.0,0.0,5.0,40.0,0.4,2.0,9.0,20.0,9.0,13.33,2.22,Windhoek,
C Sudarsanan,Marsa Sports Club,2.0,4.0,9.0,0.0,0.0,9.0,44.44,0.44,,,,,0.0,0.0,Marsa,
C Trott,"National Stadium, Hamilton",1.0,1.0,3.0,0.0,0.0,3.0,33.33,0.33,,,,,0.0,0.0,Hamilton,
C Trott,"White Hill Field, Sandys Parish",1.0,0.0,2.0,0.0,0.0,2.0,0.0,0.0,,,,,0.0,0.0,Hamilton,
C Udekwe,"Achimota Senior Secondary School B Field, Accra",,0.0,,0.0,0.0,0.0,,,1.0,9.0,7.0,9.0,4.67,0.78,Accra,
C Udekwe,"United Cricket Club Ground, Windhoek",,0.0,,0.0,0.0,0.0,,,1.0,11.0,11.0,11.0,6.0,1.0,Windhoek,
C Udekwe,"Wanderers Cricket Ground, Windhoek",1.0,0.0,1.0,0.0,0.0,1.0,0.0,0.0,1.0,6.0,5.0,6.0,5.0,0.83,Windhoek,
C Viljoen,Dubai International Cricket Stadium,1.0,6.0,3.0,1.0,0.0,3.0,200.0,2.0,1.0,2.0,5.0,2.0,15.0,2.5,,
C Viljoen,Kyambogo Cricket Oval,1.0,2.0,3.0,0.0,0.0,3.0,66.67,0.67,1.0,1.0,0.0,1.0,0.0,0.0,Kampala,
C Waiswa,Kyambogo Cricket Oval,,0.0,,0.0,0.0,0.0,,,1.0,3.0,1.0,3.0,2.0,0.33,Kampala,
C Wickramasinghe,Pallekele International Cricket Stadium,,0.0,,0.0,0.0,0.0,,,1.0,9.0,10.0,9.0,6.67,1.11,Kandy,
C Wright,"Jimmy Powell Oval, Cayman Islands",2.0,4.0,8.0,0.0,0.0,8.0,50.0,0.5,2.0,15.0,19.0,15.0,7.6,1.27,George Town,
C Wright,"Maple Leaf North-East Ground, King City",,0.0,,0.0,0.0,0.0,,,1.0,7.0,18.0,7.0,15.43,2.57,King City,
C Wright,"Maple Leaf North-West Ground, King City",1.0,0.0,2.0,0.0,0.0,2.0,0.0,0.0,1.0,1.0,1.0,1.0,6.0,1.0,King City,
C Wright,"National Stadium, Hamilton",1.0,0.0,1.0,0.0,0.0,1.0,0.0,0.0,1.0,8.0,12.0,8.0,9.0,1.5,Hamilton,
C Wright,"White Hill Field, Sandys Parish",2.0,2.0,7.0,0.0,0.0,7.0,28.57,0.29,2.0,13.0,24.0,13.0,11.08,1.85,Hamilton,
C Zhuwao,Harare Sports Club,1.0,12.0,15.0,2.0,0.0,15.0,80.0,0.8,,,,,0.0,0.0,,
C de Grandhomme,Bay Oval,1.0,1.0,1.0,0.0,0.0,1.0,100.0,1.0,3.0,18.0,30.0,18.0,10.0,1.67,Mount Maunganui,
C de Grandhomme,Dubai International Cricket Stadium,2.0,2.0,8.0,0.0,0.0,8.0,25.0,0.25,2.0,22.0,26.0,22.0,7.09,1.18,,
C de Grandhomme,Eden Park,1.0,10.0,3.0,1.0,1.0,3.0,333.33,3.33,1.0,8.0,11.0,8.0,8.25,1.38,Auckland,
C de Grandhomme,Greenfield International Stadium,1.0,8.0,2.0,0.0,1.0,2.0,400.0,4.0,,,,,0.0,0.0,Thiruvananthapuram,
C de Grandhomme,McLean Park,1.0,13.0,7.0,2.0,0.0,7.0,185.71,1.86,,,,,0.0,0.0,Napier,
C de Grandhomme,Seddon Park,1.0,3.0,2.0,0.0,0.0,2.0,150.0,1.5,1.0,2.0,1.0,2.0,3.0,0.5,Hamilton,
C de Grandhomme,Sheikh Zayed Stadium,1.0,5.0,4.0,0.0,0.0,4.0,125.0,1.25,,,,,0.0,0.0,Abu Dhabi,
C de Grandhomme,"Shere Bangla National Stadium, Mirpur",5.0,17.0,24.0,0.0,1.0,24.0,70.83,0.71,2.0,12.0,9.0,12.0,4.5,0.75,Dhaka,
C de Grandhomme,Westpac Stadium,,0.0,,0.0,0.0,0.0,,,1.0,8.0,6.0,8.0,4.5,0.75,Wellington,
CA Lynn,"Brisbane Cricket Ground, Woolloongabba",1.0,3.0,5.0,0.0,0.0,5.0,60.0,0.6,,,,,0.0,0.0,Brisbane,
CA Lynn,Dubai International Cricket Stadium,2.0,14.0,10.0,1.0,1.0,10.0,140.0,1.4,,,,,0.0,0.0,,
CA Lynn,Sheikh Zayed Stadium,1.0,5.0,8.0,1.0,0.0,8.0,62.5,0.62,,,,,0.0,0.0,Abu Dhabi,
CA Soper,Al Amerat Cricket Ground Oman Cricket (Ministry Turf 1),3.0,36.0,36.0,2.0,1.0,36.0,100.0,1.0,3.0,36.0,56.0,36.0,9.33,1.56,Al Amarat,
CA Soper,Bulawayo Athletic Club,,0.0,,0.0,0.0,0.0,,,1.0,1.0,0.0,1.0,0.0,0.0,Bulawayo,
CA Soper,"ICC Academy, Dubai",,0.0,,0.0,0.0,0.0,,,1.0,12.0,7.0,12.0,3.5,0.58,Dubai,
CA Soper,"Mission Road Ground, Mong Kok, Hong Kong",1.0,2.0,3.0,0.0,0.0,3.0,66.67,0.67,1.0,2.0,2.0,2.0,6.0,1.0,Mong Kok,
CA Soper,"Providence Stadium, Guyana",,0.0,,0.0,0.0,0.0,,,1.0,15.0,9.0,15.0,3.6,0.6,Providence,
CA Soper,"Tribhuvan University International Cricket Ground, Kirtipur",2.0,7.0,9.0,1.0,0.0,9.0,77.78,0.78,3.0,9.0,10.0,9.0,6.67,1.11,Kirtipur,
CA Young,Al Amerat Cricket Ground Oman Cricket (Ministry Turf 1),,0.0,,0.0,0.0,0.0,,,2.0,21.0,31.0,21.0,8.86,1.48,Al Amarat,
CA Young,Al Amerat Cricket Ground Oman Cricket (Ministry Turf 2),,0.0,,0.0,0.0,0.0,,,1.0,17.0,21.0,17.0,7.41,1.24,Al Amarat,
CA Young,"Castle Avenue, Dublin",,0.0,,0.0,0.0,0.0,,,3.0,59.0,112.0,59.0,11.39,1.9,Dublin,
CA Young,Dubai International Cricket Stadium,,0.0,,0.0,0.0,0.0,,,1.0,3.0,7.0,3.0,14.0,2.33,,
CA Young,Harare Sports Club,,0.0,,0.0,0.0,0.0,,,4.0,19.0,21.0,19.0,6.63,1.11,,
CA Young,Himachal Pradesh Cricket Association Stadium,,0.0,,0.0,0.0,0.0,,,1.0,4.0,6.0,4.0,9.0,1.5,Dharamsala,
CA Young,"Malahide, Dublin",2.0,1.0,6.0,0.0,0.0,6.0,16.67,0.17,2.0,2.0,1.0,2.0,3.0,0.5,Dublin,
CA Young,"Nassau County International Cricket Stadium, New York",,0.0,,0.0,0.0,0.0,,,1.0,6.0,5.0,6.0,5.0,0.83,New York,
CA Young,"Sportpark Westvliet, The Hague",,0.0,,0.0,0.0,0.0,,,1.0,1.0,1.0,1.0,6.0,1.0,The Hague,
CA Young,"The Village, Malahide, Dublin",,0.0,,0.0,0.0,0.0,,,1.0,4.0,10.0,4.0,15.0,2.5,Dublin,
CA Young,"Zahur Ahmed Chowdhury Stadium, Chattogram",,0.0,,0.0,0.0,0.0,,,1.0,14.0,30.0,14.0,12.86,2.14,Chattogram,
CAH Stevenson,"Queens Sports Club, Bulawayo",,0.0,,0.0,0.0,0.0,,,1.0,9.0,21.0,9.0,14.0,2.33,Bulawayo,
CAK Rajitha,Gaddafi Stadium,,0.0,,0.0,0.0,0.0,,,3.0,18.0,12.0,18.0,4.0,0.67,Lahore,
CAK Rajitha,"Maharashtra Cricket Association Stadium, Pune",,0.0,,0.0,0.0,0.0,,,1.0,2.0,0.0,2.0,0.0,0.0,Pune,
CAK Rajitha,"Saurashtra Cricket Association Stadium, Rajkot",1.0,1.0,1.0,0.0,0.0,1.0,100.0,1.0,1.0,10.0,3.0,10.0,1.8,0.3,Rajkot,
CAK Rajitha,"University Oval, Dunedin",1.0,1.0,1.0,0.0,0.0,1.0,100.0,1.0,,,,,0.0,0.0,Dunedin,
CAK Rajitha,"Wankhede Stadium, Mumbai",,0.0,,0.0,0.0,0.0,,,1.0,12.0,28.0,12.0,14.0,2.33,Mumbai,
CAK Walton,Central Broward Regional Park Stadium Turf Ground,1.0,1.0,5.0,0.0,0.0,5.0,20.0,0.2,,,,,0.0,0.0,Lauderhill,
CAK Walton,"Kensington Oval, Bridgetown",1.0,8.0,8.0,0.0,1.0,8.0,100.0,1.0,,,,,0.0,0.0,Barbados,
CAK Walton,National Stadium,1.0,24.0,13.0,2.0,2.0,13.0,184.62,1.85,,,,,0.0,0.0,Karachi,
CAK Walton,"Queen's Park Oval, Port of Spain",2.0,18.0,18.0,2.0,1.0,18.0,100.0,1.0,,,,,0.0,0.0,Trinidad,
CAK Walton,Westpac Stadium,1.0,0.0,1.0,0.0,0.0,1.0,0.0,0.0,,,,,0.0,0.0,Wellington,
CB Mpofu,Gaddafi Stadium,,0.0,,0.0,0.0,0.0,,,1.0,2.0,2.0,2.0,6.0,1.0,Lahore,
CB Mpofu,Harare Sports Club,,0.0,,0.0,0.0,0.0,,,1.0,11.0,9.0,11.0,4.91,0.82,,
CB Mpofu,"Shere Bangla National Stadium, Mirpur",1.0,1.0,1.0,0.0,0.0,1.0,100.0,1.0,2.0,41.0,68.0,41.0,9.95,1.66,Dhaka,
CB Mpofu,Zahur Ahmed Chowdhury Stadium,,0.0,,0.0,0.0,0.0,,,1.0,5.0,3.0,5.0,3.6,0.6,Chattogram,
CB Roposo,"Gymkhana Club Ground, Nairobi",1.0,1.0,5.0,0.0,0.0,5.0,20.0,0.2,,,,,0.0,0.0,Nairobi,
CB Sole,Dubai International Cricket Stadium,,0.0,,0.0,0.0,0.0,,,1.0,11.0,5.0,11.0,2.73,0.45,,
CB Sole,"Grange Cricket Club, Raeburn Place",1.0,4.0,2.0,1.0,0.0,2.0,200.0,2.0,1.0,14.0,19.0,14.0,8.14,1.36,Edinburgh,
CB Sole,"Sir Vivian Richards Stadium, North Sound, Antigua",,0.0,,0.0,0.0,0.0,,,1.0,8.0,19.0,8.0,14.25,2.38,North Sound,
CB Sole,"Sportpark Westvliet, The Hague",,0.0,,0.0,0.0,0.0,,,2.0,6.0,16.0,6.0,16.0,2.67,The Hague,
CBRLS Kumara,"Bharat Ratna Shri Atal Bihari Vajpayee Ekana Cricket Stadium, Lucknow",,0.0,,0.0,0.0,0.0,,,1.0,14.0,31.0,14.0,13.29,2.21,Lucknow,
CBRLS Kumara,"GMHBA Stadium, South Geelong, Victoria",,0.0,,0.0,0.0,0.0,,,1.0,3.0,1.0,3.0,2.0,0.33,Geelong,
CBRLS Kumara,Gaddafi Stadium,,0.0,,0.0,0.0,0.0,,,1.0,9.0,6.0,9.0,4.0,0.67,Lahore,
CBRLS Kumara,"Himachal Pradesh Cricket Association Stadium, Dharamsala",,0.0,,0.0,0.0,0.0,,,1.0,4.0,1.0,4.0,1.5,0.25,Dharamsala,
CBRLS Kumara,Holkar Cricket Stadium,,0.0,,0.0,0.0,0.0,,,1.0,8.0,15.0,8.0,11.25,1.88,Indore,
CBRLS Kumara,"John Davies Oval, Queenstown",,0.0,,0.0,0.0,0.0,,,1.0,1.0,1.0,1.0,6.0,1.0,Queenstown,
CBRLS Kumara,Maharashtra Cricket Association Stadium,,0.0,,0.0,0.0,0.0,,,1.0,4.0,2.0,4.0,3.0,0.5,Pune,
CBRLS Kumara,Sharjah Cricket Stadium,,0.0,,0.0,0.0,0.0,,,1.0,17.0,19.0,17.0,6.71,1.12,Sharjah,
CD Wallace,Al Amerat Cricket Ground Oman Cricket (Ministry Turf 1),1.0,2.0,2.0,0.0,0.0,2.0,100.0,1.0,,,,,0.0,0.0,Al Amarat,
CD Wallace,Dubai International Cricket Stadium,1.0,2.0,2.0,0.0,0.0,2.0,100.0,1.0,,,,,0.0,0.0,,
CD Wallace,"ICC Academy, Dubai",1.0,1.0,2.0,0.0,0.0,2.0,50.0,0.5,,,,,0.0,0.0,Dubai,
CD Wallace,"Zayed Cricket Stadium, Abu Dhabi",1.0,1.0,1.0,0.0,0.0,1.0,100.0,1.0,,,,,0.0,0.0,Abu Dhabi,
CD de Lange,Dubai International Cricket Stadium,,0.0,,0.0,0.0,0.0,,,1.0,7.0,2.0,7.0,1.71,0.29,,
CE McConchie,"Gaddafi Stadium, Lahore",2.0,13.0,8.0,2.0,0.0,8.0,162.5,1.62,1.0,6.0,13.0,6.0,13.0,2.17,Lahore,
CE McConchie,Rawalpindi Cricket Stadium,1.0,15.0,19.0,1.0,0.0,19.0,78.95,0.79,1.0,1.0,4.0,1.0,24.0,4.0,,
CE McConchie,"Shere Bangla National Stadium, Mirpur",3.0,27.0,23.0,3.0,0.0,23.0,117.39,1.17,5.0,58.0,55.0,58.0,5.69,0.95,Dhaka,
CG Williams,Dubai International Cricket Stadium,1.0,24.0,25.0,2.0,1.0,25.0,96.0,0.96,1.0,9.0,4.0,9.0,2.67,0.44,,
CG Williams,ICC Academy,1.0,6.0,7.0,0.0,0.0,7.0,85.71,0.86,,,,,0.0,0.0,Dubai,
CG Williams,"Queens Sports Club, Bulawayo",3.0,15.0,15.0,1.0,0.0,15.0,100.0,1.0,,,,,0.0,0.0,Bulawayo,
CG Williams,"United Cricket Club Ground, Windhoek",2.0,15.0,11.0,1.0,1.0,11.0,136.36,1.36,,,,,0.0,0.0,Windhoek,
CG Williams,Wanderers,1.0,1.0,4.0,0.0,0.0,4.0,25.0,0.25,,,,,0.0,0.0,Windhoek,
CG Williams,"Wanderers Cricket Ground, Windhoek",1.0,13.0,8.0,3.0,0.0,8.0,162.5,1.62,1.0,6.0,10.0,6.0,10.0,1.67,Windhoek,
CG Williams,"Zayed Cricket Stadium, Abu Dhabi",1.0,22.0,23.0,3.0,0.0,23.0,95.65,0.96,,,,,0.0,0.0,Abu Dhabi,
CH Gayle,"Kensington Oval, Bridgetown, Barbados",1.0,7.0,5.0,0.0,1.0,5.0,140.0,1.4,,,,,0.0,0.0,Bridgetown,
CH Gayle,"Providence Stadium, Guyana",1.0,14.0,13.0,0.0,1.0,13.0,107.69,1.08,1.0,5.0,7.0,5.0,8.4,1.4,Providence,
CH Gayle,"Sabina Park, Kingston",1.0,0.0,4.0,0.0,0.0,4.0,0.0,0.0,,,,,0.0,0.0,Jamaica,
CH Gayle,Sharjah Cricket Stadium,1.0,4.0,11.0,0.0,0.0,11.0,36.36,0.36,,,,,0.0,0.0,Sharjah,
CH Morris,Newlands,1.0,0.0,1.0,0.0,0.0,1.0,0.0,0.0,1.0,13.0,28.0,13.0,12.92,2.15,Cape Town,
CH Morris,SuperSport Park,1.0,47.0,23.0,4.0,3.0,23.0,204.35,2.04,1.0,15.0,9.0,15.0,3.6,0.6,Centurion,
CH Morris,The Wanderers Stadium,,0.0,,0.0,0.0,0.0,,,1.0,16.0,30.0,16.0,11.25,1.88,Johannesburg,
CJ Anderson,Bay Oval,1.0,36.0,12.0,0.0,5.0,12.0,300.0,3.0,,,,,0.0,0.0,Mount Maunganui,
CJ Anderson,Dubai International Cricket Stadium,1.0,44.0,26.0,4.0,2.0,26.0,169.23,1.69,,,,,0.0,0.0,,
CJ Anderson,"Grand Prairie Stadium, Dallas",1.0,2.0,3.0,0.0,0.0,3.0,66.67,0.67,1.0,3.0,1.0,3.0,2.0,0.33,Dallas,
CJ Anderson,McLean Park,1.0,9.0,10.0,1.0,0.0,10.0,90.0,0.9,,,,,0.0,0.0,Napier,
CJ Anderson,"Nassau County International Cricket Stadium, New York",1.0,1.0,1.0,0.0,0.0,1.0,100.0,1.0,,,,,0.0,0.0,New York,
CJ Anderson,Prairie View Cricket Complex,5.0,74.0,60.0,3.0,4.0,60.0,123.33,1.23,2.0,14.0,13.0,14.0,5.57,0.93,Houston,
CJ Anderson,Sheikh Zayed Stadium,1.0,9.0,12.0,0.0,0.0,12.0,75.0,0.75,,,,,0.0,0.0,Abu Dhabi,
CJ Anderson,Westpac Stadium,,0.0,,0.0,0.0,0.0,,,1.0,1.0,0.0,1.0,0.0,0.0,Wellington,
CJ Bowes,"Gaddafi Stadium, Lahore",3.0,27.0,26.0,4.0,0.0,26.0,103.85,1.04,,,,,0.0,0.0,Lahore,
CJ Bowes,Rawalpindi Cricket Stadium,2.0,52.0,28.0,9.0,1.0,28.0,185.71,1.86,,,,,0.0,0.0,,
CJ Chibhabha,Harare Sports Club,1.0,0.0,1.0,0.0,0.0,1.0,0.0,0.0,2.0,14.0,19.0,14.0,8.14,1.36,,
CJ Chibhabha,Rawalpindi Cricket Stadium,3.0,28.0,24.0,5.0,0.0,24.0,116.67,1.17,,,,,0.0,0.0,,
CJ Dala,Gaddafi Stadium,,0.0,,0.0,0.0,0.0,,,1.0,12.0,25.0,12.0,12.5,2.08,Lahore,
CJ Dala,Newlands,,0.0,,0.0,0.0,0.0,,,1.0,13.0,18.0,13.0,8.31,1.38,Cape Town,
CJ Dala,SuperSport Park,1.0,4.0,3.0,0.0,0.0,3.0,133.33,1.33,1.0,7.0,18.0,7.0,15.43,2.57,Centurion,
CJ Dala,The Wanderers Stadium,,0.0,,0.0,0.0,0.0,,,1.0,13.0,25.0,13.0,11.54,1.92,Johannesburg,
CJ Green,"Shaheed Veer Narayan Singh International Stadium, Raipur",1.0,2.0,3.0,0.0,0.0,3.0,66.67,0.67,,,,,0.0,0.0,Raipur,
CJ Jordan,"Edgbaston, Birmingham",1.0,3.0,3.0,0.0,0.0,3.0,100.0,1.0,1.0,16.0,18.0,16.0,6.75,1.12,Birmingham,
CJ Jordan,Green Park,,0.0,,0.0,0.0,0.0,,,1.0,2.0,0.0,2.0,0.0,0.0,Kanpur,
CJ Jordan,"Headingley, Leeds",1.0,14.0,8.0,1.0,1.0,8.0,175.0,1.75,1.0,7.0,12.0,7.0,10.29,1.71,Leeds,
CJ Jordan,"Kennington Oval, London",,0.0,,0.0,0.0,0.0,,,1.0,13.0,17.0,13.0,7.85,1.31,London,
CJ Jordan,"Kensington Oval, Bridgetown, Barbados",,0.0,,0.0,0.0,0.0,,,1.0,8.0,4.0,8.0,3.0,0.5,Bridgetown,
CJ Jordan,M Chinnaswamy Stadium,,0.0,,0.0,0.0,0.0,,,1.0,4.0,2.0,4.0,3.0,0.5,Bangalore,
CJ Jordan,Melbourne Cricket Ground,,0.0,,0.0,0.0,0.0,,,1.0,11.0,15.0,11.0,8.18,1.36,,
CJ Jordan,Narendra Modi Stadium,,0.0,,0.0,0.0,0.0,,,4.0,8.0,9.0,8.0,6.75,1.12,Ahmedabad,
CJ Jordan,Old Trafford,1.0,1.0,1.0,0.0,0.0,1.0,100.0,1.0,3.0,31.0,39.0,31.0,7.55,1.26,Manchester,
CJ Jordan,"Old Trafford, Manchester",1.0,4.0,2.0,0.0,0.0,2.0,200.0,2.0,1.0,20.0,24.0,20.0,7.2,1.2,Manchester,
CJ Jordan,"Providence Stadium, Guyana",1.0,0.0,3.0,0.0,0.0,3.0,0.0,0.0,1.0,1.0,1.0,1.0,6.0,1.0,Providence,
CJ Jordan,Sharjah Cricket Stadium,,0.0,,0.0,0.0,0.0,,,1.0,6.0,14.0,6.0,14.0,2.33,Sharjah,
CJ Jordan,"Shere Bangla National Stadium, Mirpur",1.0,0.0,1.0,0.0,0.0,1.0,0.0,0.0,2.0,10.0,17.0,10.0,10.2,1.7,Dhaka,
CJ Jordan,Sophia Gardens,,0.0,,0.0,0.0,0.0,,,1.0,6.0,13.0,6.0,13.0,2.17,Cardiff,
CJ Jordan,"The Rose Bowl, Southampton",1.0,2.0,4.0,0.0,0.0,4.0,50.0,0.5,,,,,0.0,0.0,Southampton,
CJ Jordan,"Trent Bridge, Nottingham",,0.0,,0.0,0.0,0.0,,,1.0,3.0,3.0,3.0,6.0,1.0,Nottingham,
CJ Jordan,"Vidarbha Cricket Association Stadium, Jamtha",,0.0,,0.0,0.0,0.0,,,1.0,7.0,10.0,7.0,8.57,1.43,Nagpur,
CJ Jordan,"Zahur Ahmed Chowdhury Stadium, Chattogram",1.0,5.0,3.0,1.0,0.0,3.0,166.67,1.67,1.0,3.0,2.0,3.0,4.0,0.67,Chattogram,
CJ Jordan,"Zayed Cricket Stadium, Abu Dhabi",,0.0,,0.0,0.0,0.0,,,1.0,4.0,3.0,4.0,4.5,0.75,Abu Dhabi,
CJ Langford,Roma Cricket Ground,1.0,18.0,12.0,2.0,1.0,12.0,150.0,1.5,1.0,3.0,3.0,3.0,6.0,1.0,Spinaceto,
CJA Amini,Al Amerat Cricket Ground Oman Cricket (Ministry Turf 1),4.0,50.0,41.0,5.0,1.0,41.0,121.95,1.22,1.0,11.0,16.0,11.0,8.73,1.45,Al Amarat,
CJA Amini,Bulawayo Athletic Club,,0.0,,0.0,0.0,0.0,,,2.0,11.0,3.0,11.0,1.64,0.27,Bulawayo,
CJA Amini,Dubai International Cricket Stadium,1.0,2.0,4.0,0.0,0.0,4.0,50.0,0.5,1.0,4.0,5.0,4.0,7.5,1.25,,
CJA Amini,ICC Academy,1.0,4.0,3.0,0.0,0.0,3.0,133.33,1.33,,,,,0.0,0.0,Dubai,
CJA Amini,ICC Academy Ground No 2,,0.0,,0.0,0.0,0.0,,,1.0,1.0,1.0,1.0,6.0,1.0,Dubai,
CJA Amini,"ICC Academy, Dubai",2.0,2.0,5.0,0.0,0.0,5.0,40.0,0.4,1.0,11.0,11.0,11.0,6.0,1.0,Dubai,
CJA Amini,"Mission Road Ground, Mong Kok, Hong Kong",1.0,5.0,3.0,1.0,0.0,3.0,166.67,1.67,,,,,0.0,0.0,Mong Kok,
CJA Amini,"Queens Sports Club, Bulawayo",2.0,7.0,7.0,0.0,0.0,7.0,100.0,1.0,1.0,6.0,6.0,6.0,6.0,1.0,Bulawayo,
CJA Amini,Tony Ireland Stadium,2.0,3.0,6.0,0.0,0.0,6.0,50.0,0.5,,,,,0.0,0.0,Townsville,
CJA Amini,"Tribhuvan University International Cricket Ground, Kirtipur",3.0,56.0,28.0,9.0,1.0,28.0,200.0,2.0,1.0,14.0,23.0,14.0,9.86,1.64,Kirtipur,
CK Jasmat,Al Amerat Cricket Ground Oman Cricket (Ministry Turf 1),,0.0,,0.0,0.0,0.0,,,1.0,5.0,15.0,5.0,18.0,3.0,Al Amarat,
CK Jasmat,Al Amerat Cricket Ground Oman Cricket (Ministry Turf 2),1.0,0.0,3.0,0.0,0.0,3.0,0.0,0.0,1.0,3.0,5.0,3.0,10.0,1.67,Al Amarat,
CK Kapugedera,R Premadasa Stadium,1.0,20.0,13.0,3.0,0.0,13.0,153.85,1.54,,,,,0.0,0.0,Colombo,
CK Kapugedera,Shere Bangla National Stadium,1.0,3.0,2.0,0.0,0.0,2.0,150.0,1.5,,,,,0.0,0.0,Mirpur,
CK Tshuma,"Shere Bangla National Stadium, Mirpur",,0.0,,0.0,0.0,0.0,,,1.0,7.0,10.0,7.0,8.57,1.43,Dhaka,
CL White,R Premadasa Stadium,1.0,4.0,1.0,1.0,0.0,1.0,400.0,4.0,,,,,0.0,0.0,Colombo,
CL White,Shere Bangla National Stadium,1.0,4.0,3.0,1.0,0.0,3.0,133.33,1.33,,,,,0.0,0.0,Mirpur,
CM Akachukwu,Tolerance Oval,1.0,1.0,2.0,0.0,0.0,2.0,50.0,0.5,,,,,0.0,0.0,Abu Dhabi,
CN Ackermann,Al Amerat Cricket Ground Oman Cricket (Ministry Turf 1),3.0,19.0,18.0,2.0,0.0,18.0,105.56,1.06,3.0,20.0,23.0,20.0,6.9,1.15,Al Amarat,
CN Ackermann,"Bellerive Oval, Hobart",1.0,37.0,33.0,6.0,0.0,33.0,112.12,1.12,1.0,4.0,2.0,4.0,3.0,0.5,Hobart,
CN Ackermann,"GMHBA Stadium, South Geelong, Victoria",1.0,0.0,2.0,0.0,0.0,2.0,0.0,0.0,,,,,0.0,0.0,Geelong,
CN Ackermann,Perth Stadium,1.0,25.0,25.0,2.0,0.0,25.0,100.0,1.0,,,,,0.0,0.0,Perth,
CN Ackermann,"Zayed Cricket Stadium, Abu Dhabi",1.0,9.0,10.0,0.0,0.0,10.0,90.0,0.9,,,,,0.0,0.0,Abu Dhabi,
CN Greaves,Al Amerat Cricket Ground Oman Cricket (Ministry Turf 1),1.0,44.0,28.0,4.0,2.0,28.0,157.14,1.57,2.0,15.0,13.0,15.0,5.2,0.87,Al Amarat,
CN Greaves,"Bellerive Oval, Hobart",,0.0,,0.0,0.0,0.0,,,1.0,5.0,10.0,5.0,12.0,2.0,Hobart,
CN Greaves,Dubai International Cricket Stadium,1.0,2.0,2.0,0.0,0.0,2.0,100.0,1.0,,,,,0.0,0.0,,
CN Greaves,"Grange Cricket Club Ground, Raeburn Place, Edinburgh",,0.0,,0.0,0.0,0.0,,,1.0,1.0,0.0,1.0,0.0,0.0,Edinburgh,
CN Greaves,Sharjah Cricket Stadium,1.0,4.0,13.0,0.0,0.0,13.0,30.77,0.31,1.0,9.0,10.0,9.0,6.67,1.11,Sharjah,
CN Greaves,"Zayed Cricket Stadium, Abu Dhabi",1.0,6.0,6.0,0.0,0.0,6.0,100.0,1.0,1.0,10.0,11.0,10.0,6.6,1.1,Abu Dhabi,
CN Onwuzulike,Sheikh Zayed Stadium,2.0,12.0,12.0,1.0,0.0,12.0,100.0,1.0,,,,,0.0,0.0,Abu Dhabi,
CO Obuya,Dubai International Cricket Stadium,2.0,4.0,7.0,0.0,0.0,7.0,57.14,0.57,1.0,7.0,11.0,7.0,9.43,1.57,,
CO Obuya,Gahanga International Cricket Stadium. Rwanda,1.0,6.0,7.0,0.0,0.0,7.0,85.71,0.86,1.0,3.0,2.0,3.0,4.0,0.67,Kigali City,
CO Obuya,"Gymkhana Club Ground, Nairobi",7.0,88.0,81.0,7.0,4.0,81.0,108.64,1.09,1.0,2.0,2.0,2.0,6.0,1.0,Nairobi,
CO Obuya,ICC Academy Ground No 2,1.0,8.0,3.0,0.0,1.0,3.0,266.67,2.67,,,,,0.0,0.0,Dubai,
CO Obuya,Integrated Polytechnic Regional Centre,1.0,10.0,7.0,2.0,0.0,7.0,142.86,1.43,,,,,0.0,0.0,Kigali City,
CO Obuya,Lugogo Cricket Oval,1.0,2.0,4.0,0.0,0.0,4.0,50.0,0.5,1.0,4.0,3.0,4.0,4.5,0.75,Kampala,
CO Obuya,Mombasa Sports Club Ground,3.0,8.0,9.0,0.0,0.0,9.0,88.89,0.89,,,,,0.0,0.0,,
CO Obuya,Sharjah Cricket Stadium,1.0,1.0,2.0,0.0,0.0,2.0,50.0,0.5,,,,,0.0,0.0,Sharjah,
CO Obuya,"United Cricket Club Ground, Windhoek",1.0,7.0,11.0,1.0,0.0,11.0,63.64,0.64,,,,,0.0,0.0,Windhoek,
CO Obuya,"Wanderers Cricket Ground, Windhoek",1.0,2.0,4.0,0.0,0.0,4.0,50.0,0.5,,,,,0.0,0.0,Windhoek,
CP Rizwan,Dubai International Cricket Stadium,2.0,27.0,22.0,2.0,1.0,22.0,122.73,1.23,,,,,0.0,0.0,,
CP Rizwan,"GMHBA Stadium, South Geelong, Victoria",1.0,11.0,5.0,0.0,1.0,5.0,220.0,2.2,,,,,0.0,0.0,Geelong,
CP Rizwan,ICC Academy,3.0,36.0,33.0,4.0,1.0,33.0,109.09,1.09,,,,,0.0,0.0,Dubai,
CR Brathwaite,Bharat Ratna Shri Atal Bihari Vajpayee Ekana Cricket Stadium,1.0,8.0,7.0,0.0,1.0,7.0,114.29,1.14,1.0,5.0,11.0,5.0,13.2,2.2,Lucknow,
CR Brathwaite,Central Broward Regional Park Stadium Turf Ground,2.0,9.0,5.0,0.0,1.0,5.0,180.0,1.8,3.0,26.0,51.0,26.0,11.77,1.96,Lauderhill,
CR Brathwaite,Dubai International Cricket Stadium,1.0,6.0,4.0,1.0,0.0,4.0,150.0,1.5,2.0,13.0,27.0,13.0,12.46,2.08,,
CR Brathwaite,Eden Gardens,1.0,3.0,6.0,0.0,0.0,6.0,50.0,0.5,1.0,5.0,1.0,5.0,1.2,0.2,Kolkata,
CR Brathwaite,"Kensington Oval, Bridgetown",1.0,8.0,13.0,0.0,0.0,13.0,61.54,0.62,1.0,3.0,3.0,3.0,6.0,1.0,Barbados,
CR Brathwaite,"Queen's Park Oval, Port of Spain",2.0,9.0,13.0,1.0,0.0,13.0,69.23,0.69,3.0,22.0,21.0,22.0,5.73,0.95,Trinidad,
CR Brathwaite,"Shere Bangla National Stadium, Mirpur",1.0,7.0,7.0,1.0,0.0,7.0,100.0,1.0,2.0,14.0,27.0,14.0,11.57,1.93,Dhaka,
CR Brathwaite,Sylhet International Cricket Stadium,,0.0,,0.0,0.0,0.0,,,1.0,1.0,0.0,1.0,0.0,0.0,,
CR Brathwaite,"Warner Park, Basseterre",,0.0,,0.0,0.0,0.0,,,1.0,3.0,2.0,3.0,4.0,0.67,St Kitts,
CR Ervine,Bready,1.0,3.0,3.0,0.0,0.0,3.0,100.0,1.0,,,,,0.0,0.0,Derry,
CR Ervine,"Brisbane Cricket Ground, Woolloongabba, Brisbane",1.0,8.0,9.0,2.0,0.0,9.0,88.89,0.89,,,,,0.0,0.0,Brisbane,
CR Ervine,Harare Sports Club,6.0,48.0,51.0,3.0,1.0,51.0,94.12,0.94,,,,,0.0,0.0,,
CR Ervine,Melbourne Cricket Ground,1.0,4.0,7.0,1.0,0.0,7.0,57.14,0.57,,,,,0.0,0.0,,
CR Ervine,Perth Stadium,1.0,18.0,16.0,2.0,0.0,16.0,112.5,1.12,,,,,0.0,0.0,Perth,
CR Ervine,Rawalpindi Cricket Stadium,1.0,0.0,1.0,0.0,0.0,1.0,0.0,0.0,,,,,0.0,0.0,,
CR Ervine,Shere Bangla National Stadium,2.0,3.0,7.0,0.0,0.0,7.0,42.86,0.43,,,,,0.0,0.0,Mirpur,
CR Ervine,"Shere Bangla National Stadium, Mirpur",3.0,29.0,36.0,3.0,0.0,36.0,80.56,0.81,,,,,0.0,0.0,Dhaka,
CR Ervine,"United Cricket Club Ground, Windhoek",3.0,11.0,12.0,1.0,0.0,12.0,91.67,0.92,,,,,0.0,0.0,Windhoek,
CR Ervine,"Wanderers Cricket Ground, Windhoek",2.0,13.0,11.0,2.0,0.0,11.0,118.18,1.18,,,,,0.0,0.0,Windhoek,
CR Ervine,"Zahur Ahmed Chowdhury Stadium, Chattogram",3.0,20.0,25.0,2.0,0.0,25.0,80.0,0.8,,,,,0.0,0.0,Chattogram,
CR Woakes,Adelaide Oval,,0.0,,0.0,0.0,0.0,,,1.0,1.0,0.0,1.0,0.0,0.0,Adelaide,
CR Woakes,"Gaddafi Stadium, Lahore",1.0,6.0,5.0,1.0,0.0,5.0,120.0,1.2,2.0,23.0,28.0,23.0,7.3,1.22,Lahore,
CR Woakes,Melbourne Cricket Ground,,0.0,,0.0,0.0,0.0,,,1.0,20.0,26.0,20.0,7.8,1.3,,
CR Woakes,Sharjah Cricket Stadium,,0.0,,0.0,0.0,0.0,,,1.0,4.0,2.0,4.0,3.0,0.5,Sharjah,
CR Woakes,"Shere Bangla National Stadium, Mirpur",1.0,11.0,8.0,2.0,0.0,8.0,137.5,1.38,2.0,9.0,14.0,9.0,9.33,1.56,Dhaka,
CR Woakes,"Zahur Ahmed Chowdhury Stadium, Chattogram",1.0,1.0,2.0,0.0,0.0,2.0,50.0,0.5,1.0,5.0,9.0,5.0,10.8,1.8,Chattogram,
CR Woakes,"Zayed Cricket Stadium, Abu Dhabi",,0.0,,0.0,0.0,0.0,,,1.0,8.0,4.0,8.0,3.0,0.5,Abu Dhabi,
CS MacLeod,Al Amerat Cricket Ground Oman Cricket (Ministry Turf 1),3.0,34.0,36.0,6.0,0.0,36.0,94.44,0.94,,,,,0.0,0.0,Al Amarat,
CS MacLeod,"Bellerive Oval, Hobart",1.0,6.0,7.0,0.0,0.0,7.0,85.71,0.86,1.0,3.0,8.0,3.0,16.0,2.67,Hobart,
CS MacLeod,Dubai International Cricket Stadium,2.0,17.0,14.0,0.0,1.0,14.0,121.43,1.21,,,,,0.0,0.0,,
CS MacLeod,"Grange Cricket Club, Raeburn Place",2.0,18.0,27.0,1.0,0.0,27.0,66.67,0.67,,,,,0.0,0.0,Edinburgh,
CS MacLeod,ICC Academy,2.0,15.0,18.0,1.0,1.0,18.0,83.33,0.83,1.0,9.0,15.0,9.0,10.0,1.67,Dubai,
CS MacLeod,Sportpark Het Schootsveld,2.0,15.0,11.0,2.0,0.0,11.0,136.36,1.36,,,,,0.0,0.0,Deventer,
CT Mumba,"Shere Bangla National Stadium, Mirpur",2.0,20.0,16.0,2.0,1.0,16.0,125.0,1.25,2.0,22.0,32.0,22.0,8.73,1.45,Dhaka,
CT Mumba,"United Cricket Club Ground, Windhoek",,0.0,,0.0,0.0,0.0,,,1.0,4.0,4.0,4.0,6.0,1.0,Windhoek,
CT Mumba,"Wanderers Cricket Ground, Windhoek",1.0,0.0,1.0,0.0,0.0,1.0,0.0,0.0,1.0,4.0,12.0,4.0,18.0,3.0,Windhoek,
CT Mutombodzi,Harare Sports Club,1.0,0.0,1.0,0.0,0.0,1.0,0.0,0.0,,,,,0.0,0.0,,
CT Mutombodzi,Indian Association Ground,1.0,15.0,15.0,2.0,0.0,15.0,100.0,1.0,2.0,7.0,3.0,7.0,2.57,0.43,Singapore,
CT Mutombodzi,"Shere Bangla National Stadium, Mirpur",3.0,23.0,22.0,1.0,1.0,22.0,104.55,1.05,,,,,0.0,0.0,Dhaka,
CT Mutombodzi,Zahur Ahmed Chowdhury Stadium,1.0,9.0,4.0,0.0,1.0,4.0,225.0,2.25,1.0,2.0,2.0,2.0,6.0,1.0,Chattogram,
CV Anto,Al Amerat Cricket Ground Oman Cricket (Ministry Turf 1),3.0,25.0,17.0,2.0,2.0,17.0,147.06,1.47,,,,,0.0,0.0,Al Amarat,
CV Anto,Al Amerat Cricket Ground Oman Cricket (Ministry Turf 2),1.0,34.0,15.0,3.0,3.0,15.0,226.67,2.27,,,,,0.0,0.0,Al Amarat,
CV Anto,"ICC Academy, Dubai",1.0,6.0,3.0,0.0,1.0,3.0,200.0,2.0,,,,,0.0,0.0,Dubai,
CV Anto,"Mission Road Ground, Mong Kok, Hong Kong",2.0,24.0,15.0,2.0,2.0,15.0,160.0,1.6,,,,,0.0,0.0,Mong Kok,
CV Anto,"West End Park International Cricket Stadium, Doha",1.0,1.0,3.0,0.0,0.0,3.0,33.33,0.33,,,,,0.0,0.0,Doha,
CV Varun,"Arun Jaitley Stadium, Delhi",1.0,0.0,2.0,0.0,0.0,2.0,0.0,0.0,1.0,10.0,2.0,10.0,1.2,0.2,Delhi,
CV Varun,Dubai International Cricket Stadium,,0.0,,0.0,0.0,0.0,,,5.0,121.0,141.0,121.0,6.99,1.17,,
CV Varun,"Rajiv Gandhi International Stadium, Uppal, Hyderabad",,0.0,,0.0,0.0,0.0,,,1.0,21.0,21.0,21.0,6.0,1.0,Hyderabad,
CV Varun,"Shrimant Madhavrao Scindia Cricket Stadium, Gwalior",,0.0,,0.0,0.0,0.0,,,1.0,10.0,12.0,10.0,7.2,1.2,Gwalior,
CW Perchard,Bulawayo Athletic Club,,0.0,,0.0,0.0,0.0,,,1.0,6.0,11.0,6.0,11.0,1.83,Bulawayo,
CW Perchard,"Goldenacre, Edinburgh",1.0,2.0,3.0,0.0,0.0,3.0,66.67,0.67,,,,,0.0,0.0,Edinburgh,
CW Perchard,"Queens Sports Club, Bulawayo",,0.0,,0.0,0.0,0.0,,,1.0,3.0,1.0,3.0,2.0,0.33,Bulawayo,
CW Perchard,Sheikh Zayed Stadium,,0.0,,0.0,0.0,0.0,,,1.0,10.0,13.0,10.0,7.8,1.3,Abu Dhabi,
CW Perchard,Tolerance Oval,1.0,5.0,4.0,0.0,0.0,4.0,125.0,1.25,1.0,4.0,5.0,4.0,7.5,1.25,Abu Dhabi,
Chare Smith,"Maple Leaf North-West Ground, King City",1.0,1.0,2.0,0.0,0.0,2.0,50.0,0.5,1.0,7.0,12.0,7.0,10.29,1.71,King City,
Chirag Suri,Al Amerat Cricket Ground Oman Cricket (Ministry Turf 1),1.0,10.0,17.0,1.0,0.0,17.0,58.82,0.59,,,,,0.0,0.0,Al Amarat,
Chirag Suri,Dubai International Cricket Stadium,2.0,37.0,30.0,7.0,0.0,30.0,123.33,1.23,,,,,0.0,0.0,,
Chirag Suri,Sheikh Zayed Stadium,1.0,15.0,11.0,3.0,0.0,11.0,136.36,1.36,,,,,0.0,0.0,Abu Dhabi,
D Abeyrathna,Bayer Uerdingen Cricket Ground,1.0,6.0,7.0,1.0,0.0,7.0,85.71,0.86,,,,,0.0,0.0,Krefeld,
D Ahir,"Coolidge Cricket Ground, Antigua",1.0,0.0,4.0,0.0,0.0,4.0,0.0,0.0,,,,,0.0,0.0,Coolidge,
D Ajekun,Sheikh Zayed Stadium,,0.0,,0.0,0.0,0.0,,,1.0,4.0,4.0,4.0,6.0,1.0,Abu Dhabi,
D Ajekun,Tolerance Oval,1.0,15.0,20.0,2.0,0.0,20.0,75.0,0.75,,,,,0.0,0.0,Abu Dhabi,
D Ajekun,"Wanderers Cricket Ground, Windhoek",1.0,8.0,6.0,2.0,0.0,6.0,133.33,1.33,,,,,0.0,0.0,Windhoek,
D Brevis,"Gaddafi Stadium, Lahore",2.0,46.0,39.0,0.0,5.0,39.0,117.95,1.18,,,,,0.0,0.0,Lahore,
D Brevis,Harare Sports Club,2.0,18.0,11.0,0.0,2.0,11.0,163.64,1.64,,,,,0.0,0.0,,
D Brevis,Rawalpindi Cricket Stadium,1.0,9.0,5.0,0.0,1.0,5.0,180.0,1.8,,,,,0.0,0.0,,
D Cleaver,"Civil Service Cricket Club, Stormont, Belfast",1.0,17.0,12.0,2.0,0.0,12.0,141.67,1.42,,,,,0.0,0.0,Belfast,
D Cleaver,"Grange Cricket Club Ground, Raeburn Place, Edinburgh",1.0,5.0,4.0,1.0,0.0,4.0,125.0,1.25,,,,,0.0,0.0,Edinburgh,
D Dewald,Dreux Sport Cricket Club,,0.0,,0.0,0.0,0.0,,,2.0,23.0,22.0,23.0,5.74,0.96,Dreux,
D Ferreira,"Gaddafi Stadium, Lahore",2.0,44.0,30.0,3.0,3.0,30.0,146.67,1.47,2.0,43.0,52.0,43.0,7.26,1.21,Lahore,
D Ferreira,"Kingsmead, Durban",1.0,7.0,6.0,0.0,0.0,6.0,116.67,1.17,,,,,0.0,0.0,Durban,
D Ferreira,"Namibia Cricket Ground, Windhoek",,0.0,,0.0,0.0,0.0,,,1.0,4.0,7.0,4.0,10.5,1.75,Windhoek,
D Ferreira,Rawalpindi Cricket Stadium,1.0,10.0,15.0,1.0,0.0,15.0,66.67,0.67,,,,,0.0,0.0,,
D Ferreira,"SuperSport Park, Centurion",,0.0,,0.0,0.0,0.0,,,1.0,21.0,37.0,21.0,10.57,1.76,Centurion,
D Ferreira,"The Wanderers Stadium, Johannesburg",1.0,8.0,8.0,0.0,1.0,8.0,100.0,1.0,,,,,0.0,0.0,Johannesburg,
D Foxcroft,"Gaddafi Stadium, Lahore",1.0,0.0,1.0,0.0,0.0,1.0,0.0,0.0,,,,,0.0,0.0,Lahore,
D Foxcroft,Rawalpindi Cricket Stadium,2.0,31.0,31.0,2.0,1.0,31.0,100.0,1.0,,,,,0.0,0.0,,
D Gim,Integrated Polytechnic Regional Centre,1.0,3.0,7.0,0.0,0.0,7.0,42.86,0.43,,,,,0.0,0.0,Kigali City,
D Gim,Sheikh Zayed Stadium,1.0,3.0,2.0,0.0,0.0,2.0,150.0,1.5,,,,,0.0,0.0,Abu Dhabi,
D Gumyusenge,"Ruaraka Sports Club Ground, Nairobi",1.0,0.0,2.0,0.0,0.0,2.0,0.0,0.0,,,,,0.0,0.0,Nairobi,
D Heyliger,Al Amerat Cricket Ground Oman Cricket (Ministry Turf 1),3.0,43.0,24.0,5.0,2.0,24.0,179.17,1.79,5.0,49.0,89.0,49.0,10.9,1.82,Al Amarat,
D Heyliger,"Coolidge Cricket Ground, Antigua",1.0,6.0,3.0,1.0,0.0,3.0,200.0,2.0,,,,,0.0,0.0,Coolidge,
D Heyliger,"Grand Prairie Stadium, Dallas",1.0,1.0,1.0,0.0,0.0,1.0,100.0,1.0,1.0,6.0,10.0,6.0,10.0,1.67,Dallas,
D Heyliger,"Maple Leaf North-West Ground, King City",1.0,9.0,12.0,1.0,0.0,12.0,75.0,0.75,2.0,21.0,27.0,21.0,7.71,1.29,King City,
D Heyliger,"Namibia Cricket Ground, Windhoek",1.0,0.0,2.0,0.0,0.0,2.0,0.0,0.0,2.0,8.0,18.0,8.0,13.5,2.25,Windhoek,
D Heyliger,"Nassau County International Cricket Stadium, New York",1.0,3.0,5.0,0.0,0.0,5.0,60.0,0.6,2.0,36.0,31.0,36.0,5.17,0.86,New York,
D Heyliger,Prairie View Cricket Complex,,0.0,,0.0,0.0,0.0,,,3.0,23.0,34.0,23.0,8.87,1.48,Houston,
D Heyliger,Sheikh Zayed Stadium,2.0,3.0,3.0,0.0,0.0,3.0,100.0,1.0,2.0,14.0,17.0,14.0,7.29,1.21,Abu Dhabi,
D Heyliger,"Sportpark Maarschalkerweerd, Utrecht",,0.0,,0.0,0.0,0.0,,,2.0,12.0,23.0,12.0,11.5,1.92,Utrecht,
D Heyliger,"Sportpark Westvliet, The Hague",1.0,2.0,3.0,0.0,0.0,3.0,66.67,0.67,1.0,7.0,12.0,7.0,10.29,1.71,The Hague,
D Jakiel,Indian Association Ground,,0.0,,0.0,0.0,0.0,,,1.0,7.0,7.0,7.0,6.0,1.0,Singapore,
D Jakiel,"Takashinga Sports Club, Highfield, Harare",,0.0,,0.0,0.0,0.0,,,1.0,3.0,7.0,3.0,14.0,2.33,Harare,
D Jamyansuren,Zhejiang University of Technology Cricket Field,1.0,0.0,2.0,0.0,0.0,2.0,0.0,0.0,1.0,14.0,34.0,14.0,14.57,2.43,Hangzhou,
D Johnson,"Jimmy Powell Oval, Cayman Islands",1.0,7.0,5.0,0.0,1.0,5.0,140.0,1.4,2.0,10.0,25.0,10.0,15.0,2.5,George Town,
D Kansonkho,Integrated Polytechnic Regional Centre,1.0,2.0,2.0,0.0,0.0,2.0,100.0,1.0,,,,,0.0,0.0,Kigali City,
D Kegasitswe,United Cricket Club Ground,,0.0,,0.0,0.0,0.0,,,1.0,10.0,21.0,10.0,12.6,2.1,Windhoek,
D Khanal,"Maple Leaf North-West Ground, King City",2.0,20.0,27.0,3.0,0.0,27.0,74.07,0.74,,,,,0.0,0.0,King City,
D Klein,Al Amerat Cricket Ground Oman Cricket (Ministry Turf 1),1.0,1.0,1.0,0.0,0.0,1.0,100.0,1.0,1.0,4.0,0.0,4.0,0.0,0.0,Al Amarat,
D Madushanka,Dubai International Cricket Stadium,,0.0,,0.0,0.0,0.0,,,4.0,55.0,64.0,55.0,6.98,1.16,,
D Madushanka,"Maharashtra Cricket Association Stadium, Pune",,0.0,,0.0,0.0,0.0,,,1.0,7.0,12.0,7.0,10.29,1.71,Pune,
D Madushanka,Pallekele International Cricket Stadium,,0.0,,0.0,0.0,0.0,,,1.0,9.0,22.0,9.0,14.67,2.44,Kandy,
D Madushanka,"R Premadasa Stadium, Colombo",,0.0,,0.0,0.0,0.0,,,1.0,1.0,0.0,1.0,0.0,0.0,Colombo,
D Madushanka,"Saurashtra Cricket Association Stadium, Rajkot",1.0,1.0,2.0,0.0,0.0,2.0,50.0,0.5,1.0,9.0,14.0,9.0,9.33,1.56,Rajkot,
D Madushanka,Sylhet International Cricket Stadium,,0.0,,0.0,0.0,0.0,,,1.0,19.0,34.0,19.0,10.74,1.79,,
D Madushanka,"University Oval, Dunedin",1.0,0.0,2.0,0.0,0.0,2.0,0.0,0.0,,,,,0.0,0.0,Dunedin,
D Madushanka,"Wankhede Stadium, Mumbai",,0.0,,0.0,0.0,0.0,,,1.0,8.0,10.0,8.0,7.5,1.25,Mumbai,
D Maisuria,"Gymkhana Club Ground, Nairobi",,0.0,,0.0,0.0,0.0,,,1.0,6.0,14.0,6.0,14.0,2.33,Nairobi,
D Maisuria,Harare Sports Club,1.0,0.0,5.0,0.0,0.0,5.0,0.0,0.0,1.0,3.0,2.0,3.0,4.0,0.67,,
D Maisuria,United Cricket Club Ground,,0.0,,0.0,0.0,0.0,,,1.0,8.0,7.0,8.0,5.25,0.88,Windhoek,
D Maisuria,"Willowmoore Park, Benoni",,0.0,,0.0,0.0,0.0,,,1.0,5.0,5.0,5.0,6.0,1.0,Benoni,
D Mogan,"Tribhuvan University International Cricket Ground, Kirtipur",1.0,1.0,6.0,0.0,0.0,6.0,16.67,0.17,1.0,9.0,34.0,9.0,22.67,3.78,Kirtipur,
D Muhumuza,"United Cricket Club Ground, Windhoek",1.0,1.0,2.0,0.0,0.0,2.0,50.0,0.5,,,,,0.0,0.0,Windhoek,
D Myers,"Castle Avenue, Dublin",,0.0,,0.0,0.0,0.0,,,1.0,2.0,2.0,2.0,6.0,1.0,Dublin,
D Myers,Harare Sports Club,9.0,168.0,137.0,17.0,2.0,137.0,122.63,1.23,2.0,25.0,59.0,25.0,14.16,2.36,,
D Myers,"Queens Sports Club, Bulawayo",3.0,22.0,33.0,0.0,1.0,33.0,66.67,0.67,,,,,0.0,0.0,Bulawayo,
D Ndikubwimana,"Gymkhana Club Ground, Nairobi",1.0,3.0,6.0,0.0,0.0,6.0,50.0,0.5,,,,,0.0,0.0,Nairobi,
D Ndikubwimana,"Ruaraka Sports Club Ground, Nairobi",1.0,6.0,6.0,1.0,0.0,6.0,100.0,1.0,,,,,0.0,0.0,Nairobi,
D Ndikubwimana,"Wanderers Cricket Ground, Windhoek",1.0,1.0,3.0,0.0,0.0,3.0,33.33,0.33,,,,,0.0,0.0,Windhoek,
D Parashar,Al Amerat Cricket Ground Oman Cricket (Ministry Turf 1),1.0,13.0,4.0,1.0,1.0,4.0,325.0,3.25,2.0,15.0,12.0,15.0,4.8,0.8,Al Amarat,
D Parashar,Dubai International Cricket Stadium,1.0,20.0,24.0,1.0,0.0,24.0,83.33,0.83,2.0,29.0,44.0,29.0,9.1,1.52,,
D Parashar,"ICC Academy, Dubai",1.0,3.0,4.0,0.0,0.0,4.0,75.0,0.75,,,,,0.0,0.0,Dubai,
D Parashar,Sharjah Cricket Stadium,4.0,47.0,50.0,2.0,2.0,50.0,94.0,0.94,5.0,104.0,145.0,104.0,8.37,1.39,Sharjah,
D Paterson,Mangaung Oval,,0.0,,0.0,0.0,0.0,,,1.0,16.0,21.0,16.0,7.88,1.31,Bloemfontein,
D Pretorius,"Arun Jaitley Stadium, Delhi",,0.0,,0.0,0.0,0.0,,,1.0,8.0,13.0,8.0,9.75,1.62,Delhi,
D Pretorius,"Barabati Stadium, Cuttack",,0.0,,0.0,0.0,0.0,,,1.0,4.0,10.0,4.0,15.0,2.5,Cuttack,
D Pretorius,"County Ground, Bristol",,0.0,,0.0,0.0,0.0,,,2.0,11.0,14.0,11.0,7.64,1.27,Bristol,
D Pretorius,"Dr. Y.S. Rajasekhara Reddy ACA-VDCA Cricket Stadium, Visakhapatnam",,0.0,,0.0,0.0,0.0,,,1.0,9.0,7.0,9.0,4.67,0.78,Visakhapatnam,
D Pretorius,Gaddafi Stadium,1.0,15.0,6.0,1.0,1.0,6.0,250.0,2.5,3.0,38.0,49.0,38.0,7.74,1.29,Lahore,
D Pretorius,"Holkar Cricket Stadium, Indore",,0.0,,0.0,0.0,0.0,,,1.0,3.0,1.0,3.0,2.0,0.33,Indore,
D Pretorius,"Saurashtra Cricket Association Stadium, Rajkot",1.0,0.0,5.0,0.0,0.0,5.0,0.0,0.0,1.0,4.0,1.0,4.0,1.5,0.25,Rajkot,
D Pretorius,Senwes Park,,0.0,,0.0,0.0,0.0,,,1.0,12.0,22.0,12.0,11.0,1.83,Potchefstroom,
D Pretorius,"Zayed Cricket Stadium, Abu Dhabi",,0.0,,0.0,0.0,0.0,,,1.0,15.0,10.0,15.0,4.0,0.67,Abu Dhabi,
D Ramdin,Bharat Ratna Shri Atal Bihari Vajpayee Ekana Cricket Stadium,1.0,3.0,4.0,0.0,0.0,4.0,75.0,0.75,,,,,0.0,0.0,Lucknow,
D Ramdin,Central Broward Regional Park Stadium Turf Ground,1.0,13.0,12.0,0.0,1.0,12.0,108.33,1.08,,,,,0.0,0.0,Lauderhill,
D Ramdin,"MA Chidambaram Stadium, Chepauk",1.0,6.0,6.0,0.0,1.0,6.0,100.0,1.0,,,,,0.0,0.0,Chennai,
D Ramdin,National Stadium,3.0,42.0,33.0,3.0,3.0,33.0,127.27,1.27,,,,,0.0,0.0,Karachi,
D Ramdin,Westpac Stadium,1.0,7.0,5.0,1.0,0.0,5.0,140.0,1.4,,,,,0.0,0.0,Wellington,
D Ravu,Al Amerat Cricket Ground Oman Cricket (Ministry Turf 1),3.0,7.0,11.0,1.0,0.0,11.0,63.64,0.64,3.0,35.0,40.0,35.0,6.86,1.14,Al Amarat,
D Ravu,Bulawayo Athletic Club,,0.0,,0.0,0.0,0.0,,,1.0,8.0,18.0,8.0,13.5,2.25,Bulawayo,
D Ravu,Dubai International Cricket Stadium,,0.0,,0.0,0.0,0.0,,,1.0,6.0,11.0,6.0,11.0,1.83,,
D Ravu,ICC Academy Ground No 2,,0.0,,0.0,0.0,0.0,,,1.0,5.0,7.0,5.0,8.4,1.4,Dubai,
D Ravu,"ICC Academy, Dubai",,0.0,,0.0,0.0,0.0,,,1.0,3.0,11.0,3.0,22.0,3.67,Dubai,
D Sabir,"Jimmy Powell Oval, Cayman Islands",1.0,7.0,4.0,1.0,0.0,4.0,175.0,1.75,2.0,8.0,8.0,8.0,6.0,1.0,George Town,
D Sabir,"Maple Leaf North-West Ground, King City",1.0,11.0,11.0,1.0,0.0,11.0,100.0,1.0,1.0,5.0,7.0,5.0,8.4,1.4,King City,
D Sabir,"National Stadium, Hamilton",1.0,0.0,2.0,0.0,0.0,2.0,0.0,0.0,1.0,1.0,0.0,1.0,0.0,0.0,Hamilton,
D Sabir,"White Hill Field, Sandys Parish",1.0,0.0,1.0,0.0,0.0,1.0,0.0,0.0,,,,,0.0,0.0,Hamilton,
D Siva Kumar,Bulawayo Athletic Club,1.0,2.0,4.0,0.0,0.0,4.0,50.0,0.5,,,,,0.0,0.0,Bulawayo,
D Suzuki,Al Amerat Cricket Ground Oman Cricket (Ministry Turf 1),,0.0,,0.0,0.0,0.0,,,1.0,3.0,2.0,3.0,4.0,0.67,Al Amarat,
D Visser,Al Amerat Cricket Ground Oman Cricket (Ministry Turf 1),1.0,0.0,4.0,0.0,0.0,4.0,0.0,0.0,1.0,6.0,15.0,6.0,15.0,2.5,Al Amarat,
D Visser,Al Amerat Cricket Ground Oman Cricket (Ministry Turf 2),1.0,1.0,3.0,0.0,0.0,3.0,33.33,0.33,,,,,0.0,0.0,Al Amarat,
D Wheatley,"Jimmy Powell Oval, Cayman Islands",1.0,0.0,1.0,0.0,0.0,1.0,0.0,0.0,,,,,0.0,0.0,George Town,
D Wiese,Al Amerat Cricket Ground Oman Cricket (Ministry Turf 1),5.0,84.0,65.0,3.0,6.0,65.0,129.23,1.29,5.0,53.0,77.0,53.0,8.72,1.45,Al Amarat,
D Wiese,Dubai International Cricket Stadium,,0.0,,0.0,0.0,0.0,,,1.0,5.0,6.0,5.0,7.2,1.2,,
D Wiese,"GMHBA Stadium, South Geelong, Victoria",,0.0,,0.0,0.0,0.0,,,1.0,5.0,9.0,5.0,10.8,1.8,Geelong,
D Wiese,"Kensington Oval, Bridgetown, Barbados",1.0,20.0,7.0,1.0,2.0,7.0,285.71,2.86,1.0,27.0,38.0,27.0,8.44,1.41,Bridgetown,
D Wiese,"Queens Sports Club, Bulawayo",4.0,7.0,10.0,1.0,0.0,10.0,70.0,0.7,3.0,14.0,15.0,14.0,6.43,1.07,Bulawayo,
D Wiese,Shere Bangla National Stadium,,0.0,,0.0,0.0,0.0,,,2.0,9.0,11.0,9.0,7.33,1.22,Mirpur,
D Wiese,"Wanderers Cricket Ground, Windhoek",,0.0,,0.0,0.0,0.0,,,1.0,2.0,1.0,2.0,3.0,0.5,Windhoek,
D Wiese,"Zayed Cricket Stadium, Abu Dhabi",1.0,42.0,28.0,3.0,2.0,28.0,150.0,1.5,1.0,21.0,27.0,21.0,7.71,1.29,Abu Dhabi,
D la Cock,"Queens Sports Club, Bulawayo",1.0,17.0,8.0,0.0,2.0,8.0,212.5,2.12,1.0,4.0,9.0,4.0,13.5,2.25,Bulawayo,
DA Mehta,Harare Sports Club,1.0,0.0,2.0,0.0,0.0,2.0,0.0,0.0,,,,,0.0,0.0,,
DA Miller,"Arun Jaitley Stadium, Delhi",1.0,10.0,8.0,1.0,0.0,8.0,125.0,1.25,,,,,0.0,0.0,Delhi,
DA Miller,"Barabati Stadium, Cuttack",1.0,0.0,2.0,0.0,0.0,2.0,0.0,0.0,,,,,0.0,0.0,Cuttack,
DA Miller,"Barsapara Cricket Stadium, Guwahati",1.0,31.0,10.0,2.0,3.0,10.0,310.0,3.1,,,,,0.0,0.0,Guwahati,
DA Miller,Gaddafi Stadium,5.0,83.0,51.0,5.0,6.0,51.0,162.75,1.63,,,,,0.0,0.0,Lahore,
DA Miller,"Greenfield International Stadium, Thiruvananthapuram",1.0,0.0,1.0,0.0,0.0,1.0,0.0,0.0,,,,,0.0,0.0,Thiruvananthapuram,
DA Miller,"Kensington Oval, Bridgetown, Barbados",1.0,17.0,9.0,1.0,1.0,9.0,188.89,1.89,,,,,0.0,0.0,Bridgetown,
DA Miller,Kingsmead,1.0,1.0,2.0,0.0,0.0,2.0,50.0,0.5,,,,,0.0,0.0,Durban,
DA Miller,"Kingsmead, Durban",2.0,85.0,50.0,4.0,8.0,50.0,170.0,1.7,,,,,0.0,0.0,Durban,
DA Miller,Mangaung Oval,1.0,5.0,5.0,0.0,0.0,5.0,100.0,1.0,,,,,0.0,0.0,Bloemfontein,
DA Miller,"Nassau County International Cricket Stadium, New York",2.0,23.0,28.0,1.0,1.0,28.0,82.14,0.82,,,,,0.0,0.0,New York,
DA Miller,Newlands,1.0,8.0,9.0,0.0,0.0,9.0,88.89,0.89,,,,,0.0,0.0,Cape Town,
DA Miller,Perth Stadium,1.0,4.0,5.0,0.0,0.0,5.0,80.0,0.8,,,,,0.0,0.0,Perth,
DA Miller,"Punjab Cricket Association IS Bindra Stadium, Mohali",1.0,10.0,4.0,0.0,1.0,4.0,250.0,2.5,,,,,0.0,0.0,Chandigarh,
DA Miller,Senwes Park,1.0,54.0,18.0,3.0,6.0,18.0,300.0,3.0,,,,,0.0,0.0,Potchefstroom,
DA Miller,Shere Bangla National Stadium,1.0,11.0,7.0,0.0,1.0,7.0,157.14,1.57,,,,,0.0,0.0,Mirpur,
DA Miller,"Sir Vivian Richards Stadium, North Sound, Antigua",1.0,0.0,1.0,0.0,0.0,1.0,0.0,0.0,,,,,0.0,0.0,North Sound,
DA Miller,"St George's Park, Gqeberha",1.0,17.0,12.0,1.0,1.0,12.0,141.67,1.42,,,,,0.0,0.0,Gqeberha,
DA Miller,SuperSport Park,2.0,3.0,4.0,0.0,0.0,4.0,75.0,0.75,,,,,0.0,0.0,Centurion,
DA Miller,"SuperSport Park, Centurion",1.0,10.0,11.0,1.0,0.0,11.0,90.91,0.91,,,,,0.0,0.0,Centurion,
DA Miller,Sydney Cricket Ground,1.0,1.0,1.0,0.0,0.0,1.0,100.0,1.0,,,,,0.0,0.0,,
DA Miller,The Wanderers Stadium,1.0,24.0,16.0,0.0,2.0,16.0,150.0,1.5,,,,,0.0,0.0,Johannesburg,
DA Miller,"The Wanderers Stadium, Johannesburg",2.0,23.0,27.0,2.0,0.0,27.0,85.19,0.85,,,,,0.0,0.0,Johannesburg,
DA Miller,"Zayed Cricket Stadium, Abu Dhabi",1.0,5.0,2.0,1.0,0.0,2.0,250.0,2.5,,,,,0.0,0.0,Abu Dhabi,
DA Warner,"Daren Sammy National Cricket Stadium, Gros Islet, St Lucia",1.0,6.0,6.0,1.0,0.0,6.0,100.0,1.0,,,,,0.0,0.0,Gros Islet,
DA Warner,Dubai International Cricket Stadium,3.0,41.0,38.0,4.0,1.0,38.0,107.89,1.08,,,,,0.0,0.0,,
DA Warner,"Kensington Oval, Bridgetown, Barbados",1.0,49.0,43.0,5.0,1.0,43.0,113.95,1.14,,,,,0.0,0.0,Bridgetown,
DA Warner,M Chinnaswamy Stadium,1.0,1.0,1.0,0.0,0.0,1.0,100.0,1.0,,,,,0.0,0.0,Bangalore,
DA Warner,Perth Stadium,1.0,8.0,12.0,0.0,0.0,12.0,66.67,0.67,,,,,0.0,0.0,Perth,
DA Warner,R Premadasa Stadium,1.0,8.0,4.0,1.0,0.0,4.0,200.0,2.0,,,,,0.0,0.0,Colombo,
DA Warner,Shere Bangla National Stadium,1.0,1.0,5.0,0.0,0.0,5.0,20.0,0.2,,,,,0.0,0.0,Mirpur,
DA Warner,"Sir Vivian Richards Stadium, North Sound, Antigua",1.0,53.0,35.0,5.0,3.0,35.0,151.43,1.51,,,,,0.0,0.0,North Sound,
DA Warner,"Sky Stadium, Wellington",1.0,1.0,1.0,0.0,0.0,1.0,100.0,1.0,,,,,0.0,0.0,Wellington,
DAJ Bracewell,"Shere Bangla National Stadium, Mirpur",1.0,4.0,4.0,0.0,0.0,4.0,100.0,1.0,1.0,8.0,8.0,8.0,6.0,1.0,Dhaka,
DAP Darrell,National Stadium,1.0,6.0,3.0,0.0,1.0,3.0,200.0,2.0,,,,,0.0,0.0,Karachi,
DAS Gunaratne,Barabati Stadium,1.0,2.0,2.0,0.0,0.0,2.0,100.0,1.0,,,,,0.0,0.0,Cuttack,
DAS Gunaratne,Holkar Cricket Stadium,1.0,0.0,1.0,0.0,0.0,1.0,0.0,0.0,1.0,2.0,1.0,2.0,3.0,0.5,Indore,
DAS Gunaratne,R Premadasa Stadium,2.0,5.0,8.0,0.0,0.0,8.0,62.5,0.62,1.0,1.0,0.0,1.0,0.0,0.0,Colombo,
DAS Gunaratne,Wankhede Stadium,1.0,30.0,28.0,3.0,0.0,28.0,107.14,1.07,,,,,0.0,0.0,Mumbai,
DC Delany,Sheikh Zayed Stadium,,0.0,,0.0,0.0,0.0,,,1.0,5.0,6.0,5.0,7.2,1.2,Abu Dhabi,
DC Drakes,"Central Broward Regional Park Stadium Turf Ground, Lauderhill",2.0,2.0,5.0,0.0,0.0,5.0,40.0,0.4,1.0,4.0,3.0,4.0,4.5,0.75,Lauderhill,
DC Drakes,"National Stadium, Karachi",2.0,5.0,7.0,1.0,0.0,7.0,71.43,0.71,3.0,48.0,73.0,48.0,9.12,1.52,Karachi,
DC Drakes,"Providence Stadium, Guyana",,0.0,,0.0,0.0,0.0,,,1.0,6.0,6.0,6.0,6.0,1.0,Providence,
DC Smith,Al Amerat Cricket Ground Oman Cricket (Ministry Turf 2),3.0,24.0,33.0,2.0,0.0,33.0,72.73,0.73,1.0,9.0,12.0,9.0,8.0,1.33,Al Amarat,
DC Stovell,"Sir Vivian Richards Stadium, North Sound, Antigua",,0.0,,0.0,0.0,0.0,,,1.0,4.0,14.0,4.0,21.0,3.5,North Sound,
DC Thomas,"Central Broward Regional Park Stadium Turf Ground, Lauderhill",2.0,10.0,8.0,2.0,0.0,8.0,125.0,1.25,,,,,0.0,0.0,Lauderhill,
DC Thomas,"National Stadium, Karachi",1.0,2.0,2.0,0.0,0.0,2.0,100.0,1.0,,,,,0.0,0.0,Karachi,
DC Thomas,"Warner Park, Basseterre, St Kitts",1.0,15.0,8.0,1.0,1.0,8.0,187.5,1.88,,,,,0.0,0.0,Basseterre,
DDP D'Silva,Sheikh Zayed Stadium,1.0,1.0,7.0,0.0,0.0,7.0,14.29,0.14,,,,,0.0,0.0,Abu Dhabi,
DE Budge,"Grange Cricket Club, Raeburn Place",2.0,24.0,18.0,0.0,2.0,18.0,133.33,1.33,,,,,0.0,0.0,Edinburgh,
DE Budge,Sharjah Cricket Stadium,1.0,0.0,2.0,0.0,0.0,2.0,0.0,0.0,,,,,0.0,0.0,Sharjah,
DE Burgess,Al Amerat Cricket Ground Oman Cricket (Ministry Turf 1),1.0,1.0,2.0,0.0,0.0,2.0,50.0,0.5,1.0,7.0,4.0,7.0,3.43,0.57,Al Amarat,
DE Burgess,Al Amerat Cricket Ground Oman Cricket (Ministry Turf 2),,0.0,,0.0,0.0,0.0,,,1.0,10.0,9.0,10.0,5.4,0.9,Al Amarat,
DF Watts,Dubai International Cricket Stadium,2.0,15.0,8.0,1.0,1.0,8.0,187.5,1.88,,,,,0.0,0.0,,
DG Blampied,Bulawayo Athletic Club,,0.0,,0.0,0.0,0.0,,,1.0,1.0,0.0,1.0,0.0,0.0,Bulawayo,
DG Blampied,"Queens Sports Club, Bulawayo",,0.0,,0.0,0.0,0.0,,,1.0,2.0,2.0,2.0,6.0,1.0,Bulawayo,
DG Blampied,Sheikh Zayed Stadium,1.0,8.0,5.0,0.0,0.0,5.0,160.0,1.6,1.0,13.0,17.0,13.0,7.85,1.31,Abu Dhabi,
DG Blampied,Tolerance Oval,2.0,5.0,10.0,0.0,0.0,10.0,50.0,0.5,,,,,0.0,0.0,Abu Dhabi,
DG Weakley,"Maple Leaf North-East Ground, King City",,0.0,,0.0,0.0,0.0,,,1.0,1.0,0.0,1.0,0.0,0.0,King City,
DI Allan,Mombasa Sports Club Ground,2.0,0.0,7.0,0.0,0.0,7.0,0.0,0.0,,,,,0.0,0.0,,
DJ Bravo,Central Broward Regional Park Stadium Turf Ground,,0.0,,0.0,0.0,0.0,,,1.0,8.0,12.0,8.0,9.0,1.5,Lauderhill,
DJ Bravo,Dubai International Cricket Stadium,2.0,27.0,14.0,3.0,1.0,14.0,192.86,1.93,2.0,8.0,14.0,8.0,10.5,1.75,,
DJ Bravo,"National Cricket Stadium, Grenada",,0.0,,0.0,0.0,0.0,,,1.0,2.0,2.0,2.0,6.0,1.0,St George's,
DJ Bravo,"Providence Stadium, Guyana",,0.0,,0.0,0.0,0.0,,,1.0,19.0,20.0,19.0,6.32,1.05,Providence,
DJ Bravo,"Sabina Park, Kingston",2.0,8.0,10.0,1.0,0.0,10.0,80.0,0.8,,,,,0.0,0.0,Jamaica,
DJ Bravo,Sharjah Cricket Stadium,1.0,1.0,3.0,0.0,0.0,3.0,33.33,0.33,1.0,18.0,25.0,18.0,8.33,1.39,Sharjah,
DJ Bravo,Sheikh Zayed Stadium,,0.0,,0.0,0.0,0.0,,,1.0,7.0,10.0,7.0,8.57,1.43,Abu Dhabi,
DJ Hooda,"Bay Oval, Mount Maunganui",,0.0,,0.0,0.0,0.0,,,1.0,1.0,0.0,1.0,0.0,0.0,Mount Maunganui,
DJ Hooda,Dubai International Cricket Stadium,1.0,16.0,15.0,2.0,0.0,15.0,106.67,1.07,,,,,0.0,0.0,,
DJ Malan,"Gaddafi Stadium, Lahore",3.0,71.0,57.0,9.0,2.0,57.0,124.56,1.25,,,,,0.0,0.0,Lahore,
DJ Malan,"Headingley, Leeds",1.0,1.0,3.0,0.0,0.0,3.0,33.33,0.33,,,,,0.0,0.0,Leeds,
DJ Malan,Melbourne Cricket Ground,1.0,3.0,3.0,0.0,0.0,3.0,100.0,1.0,,,,,0.0,0.0,,
DJ Malan,Narendra Modi Stadium,5.0,19.0,19.0,1.0,1.0,19.0,100.0,1.0,,,,,0.0,0.0,Ahmedabad,
DJ Malan,"National Stadium, Karachi",2.0,5.0,13.0,0.0,0.0,13.0,38.46,0.38,,,,,0.0,0.0,Karachi,
DJ Malan,Old Trafford,3.0,46.0,40.0,4.0,1.0,40.0,115.0,1.15,,,,,0.0,0.0,Manchester,
DJ Malan,"Old Trafford, Manchester",1.0,6.0,8.0,0.0,0.0,8.0,75.0,0.75,,,,,0.0,0.0,Manchester,
DJ Malan,"Riverside Ground, Chester-le-Street",1.0,10.0,13.0,1.0,0.0,13.0,76.92,0.77,,,,,0.0,0.0,Chester-le-Street,
DJ Malan,"Shere Bangla National Stadium, Mirpur",2.0,40.0,44.0,6.0,1.0,44.0,90.91,0.91,,,,,0.0,0.0,Dhaka,
DJ Malan,"The Rose Bowl, Southampton",1.0,11.0,6.0,2.0,0.0,6.0,183.33,1.83,,,,,0.0,0.0,Southampton,
DJ Malan,"Trent Bridge, Nottingham",2.0,23.0,18.0,2.0,1.0,18.0,127.78,1.28,,,,,0.0,0.0,Nottingham,
DJ Malan,"Zahur Ahmed Chowdhury Stadium, Chattogram",1.0,2.0,4.0,0.0,0.0,4.0,50.0,0.5,,,,,0.0,0.0,Chattogram,
DJ Malan,"Zayed Cricket Stadium, Abu Dhabi",2.0,35.0,31.0,3.0,0.0,31.0,112.9,1.13,,,,,0.0,0.0,Abu Dhabi,
DJ Mitchell,"Bay Oval, Mount Maunganui",3.0,48.0,53.0,2.0,1.0,53.0,90.57,0.91,,,,,0.0,0.0,Mount Maunganui,
DJ Mitchell,"Bharat Ratna Shri Atal Bihari Vajpayee Ekana Cricket Stadium, Lucknow",1.0,5.0,9.0,1.0,0.0,9.0,55.56,0.56,,,,,0.0,0.0,Lucknow,
DJ Mitchell,"Civil Service Cricket Club, Stormont, Belfast",2.0,4.0,8.0,0.0,0.0,8.0,50.0,0.5,2.0,5.0,11.0,5.0,13.2,2.2,Belfast,
DJ Mitchell,Eden Park,1.0,11.0,6.0,1.0,0.0,6.0,183.33,1.83,,,,,0.0,0.0,Auckland,
DJ Mitchell,"Eden Park, Auckland",2.0,25.0,20.0,1.0,1.0,20.0,125.0,1.25,,,,,0.0,0.0,Auckland,
DJ Mitchell,"Gaddafi Stadium, Lahore",3.0,39.0,26.0,4.0,1.0,26.0,150.0,1.5,,,,,0.0,0.0,Lahore,
DJ Mitchell,"Grange Cricket Club Ground, Raeburn Place, Edinburgh",1.0,14.0,8.0,0.0,2.0,8.0,175.0,1.75,,,,,0.0,0.0,Edinburgh,
DJ Mitchell,"Hagley Oval, Christchurch",1.0,40.0,23.0,4.0,1.0,23.0,173.91,1.74,,,,,0.0,0.0,Christchurch,
DJ Mitchell,Harare Sports Club,1.0,5.0,7.0,0.0,0.0,7.0,71.43,0.71,,,,,0.0,0.0,,
DJ Mitchell,"JSCA International Stadium Complex, Ranchi",1.0,32.0,18.0,1.0,3.0,18.0,177.78,1.78,,,,,0.0,0.0,Ranchi,
DJ Mitchell,McLean Park,1.0,34.0,16.0,6.0,0.0,16.0,212.5,2.12,,,,,0.0,0.0,Napier,
DJ Mitchell,"McLean Park, Napier",2.0,24.0,22.0,4.0,0.0,22.0,109.09,1.09,,,,,0.0,0.0,Napier,
DJ Mitchell,"Narendra Modi Stadium, Ahmedabad",1.0,20.0,11.0,1.0,2.0,11.0,181.82,1.82,1.0,4.0,4.0,4.0,6.0,1.0,Ahmedabad,
DJ Mitchell,Rawalpindi Cricket Stadium,1.0,3.0,5.0,0.0,0.0,5.0,60.0,0.6,,,,,0.0,0.0,,
DJ Mitchell,Seddon Park,,0.0,,0.0,0.0,0.0,,,1.0,12.0,22.0,12.0,11.0,1.83,Hamilton,
DJ Mitchell,"Seddon Park, Hamilton",1.0,15.0,8.0,1.0,1.0,8.0,187.5,1.88,,,,,0.0,0.0,Hamilton,
DJ Mitchell,Sharjah Cricket Stadium,2.0,22.0,14.0,2.0,1.0,14.0,157.14,1.57,,,,,0.0,0.0,Sharjah,
DJ Mitchell,"Sky Stadium, Wellington",1.0,2.0,4.0,0.0,0.0,4.0,50.0,0.5,,,,,0.0,0.0,Wellington,
DJ Mitchell,"Sportpark Westvliet, The Hague",2.0,7.0,8.0,0.0,0.0,8.0,87.5,0.88,,,,,0.0,0.0,The Hague,
DJ Mitchell,Sydney Cricket Ground,1.0,52.0,33.0,3.0,1.0,33.0,157.58,1.58,,,,,0.0,0.0,,
DJ Mitchell,"Trent Bridge, Nottingham",1.0,1.0,1.0,0.0,0.0,1.0,100.0,1.0,,,,,0.0,0.0,Nottingham,
DJ Mitchell,"University Oval, Dunedin",2.0,15.0,18.0,1.0,0.0,18.0,83.33,0.83,,,,,0.0,0.0,Dunedin,
DJ Willey,County Ground,,0.0,,0.0,0.0,0.0,,,1.0,4.0,5.0,4.0,7.5,1.25,Bristol,
DJ Willey,"Gaddafi Stadium, Lahore",,0.0,,0.0,0.0,0.0,,,3.0,43.0,58.0,43.0,8.09,1.35,Lahore,
DJ Willey,"National Stadium, Karachi",1.0,10.0,8.0,2.0,0.0,8.0,125.0,1.25,3.0,57.0,100.0,57.0,10.53,1.75,Karachi,
DJ Willey,Old Trafford,1.0,7.0,2.0,0.0,1.0,2.0,350.0,3.5,1.0,12.0,16.0,12.0,8.0,1.33,Manchester,
DJ Willey,"Old Trafford, Manchester",,0.0,,0.0,0.0,0.0,,,1.0,12.0,12.0,12.0,6.0,1.0,Manchester,
DJ Willey,Sharjah Cricket Stadium,,0.0,,0.0,0.0,0.0,,,1.0,4.0,4.0,4.0,6.0,1.0,Sharjah,
DJ Willey,Sophia Gardens,,0.0,,0.0,0.0,0.0,,,2.0,17.0,20.0,17.0,7.06,1.18,Cardiff,
DJ Willey,"Trent Bridge, Nottingham",1.0,16.0,12.0,2.0,1.0,12.0,133.33,1.33,1.0,23.0,34.0,23.0,8.87,1.48,Nottingham,
DJG Sammy,Gaddafi Stadium,2.0,27.0,16.0,2.0,2.0,16.0,168.75,1.69,2.0,17.0,28.0,17.0,9.88,1.65,Lahore,
DJG Sammy,Providence Stadium,1.0,3.0,7.0,0.0,0.0,7.0,42.86,0.43,1.0,3.0,0.0,3.0,0.0,0.0,Guyana,
DJG Sammy,"Sabina Park, Kingston",1.0,1.0,2.0,0.0,0.0,2.0,50.0,0.5,,,,,0.0,0.0,Jamaica,
DJM Short,Dr. Y.S. Rajasekhara Reddy ACA-VDCA Cricket Stadium,,0.0,,0.0,0.0,0.0,,,1.0,5.0,4.0,5.0,4.8,0.8,Visakhapatnam,
DJM Short,Dubai International Cricket Stadium,2.0,9.0,15.0,1.0,0.0,15.0,60.0,0.6,2.0,29.0,26.0,29.0,5.38,0.9,,
DJM Short,Harare Sports Club,3.0,80.0,68.0,4.0,4.0,68.0,117.65,1.18,,,,,0.0,0.0,,
DJM Short,Manuka Oval,1.0,3.0,5.0,0.0,0.0,5.0,60.0,0.6,,,,,0.0,0.0,Canberra,
DJM Short,Sheikh Zayed Stadium,,0.0,,0.0,0.0,0.0,,,1.0,6.0,8.0,6.0,8.0,1.33,Abu Dhabi,
DJM Short,Sydney Cricket Ground,2.0,11.0,11.0,1.0,0.0,11.0,100.0,1.0,,,,,0.0,0.0,,
DK Anefie,Gahanga International Cricket Stadium. Rwanda,,0.0,,0.0,0.0,0.0,,,1.0,2.0,4.0,2.0,12.0,2.0,Kigali City,
DK Anefie,Kyambogo Cricket Oval,1.0,2.0,2.0,0.0,0.0,2.0,100.0,1.0,1.0,12.0,10.0,12.0,5.0,0.83,Kampala,
DK Anefie,"Willowmoore Park, Benoni",1.0,12.0,5.0,1.0,1.0,5.0,240.0,2.4,,,,,0.0,0.0,Benoni,
DK Mathias,Al Amerat Cricket Ground Oman Cricket (Ministry Turf 1),5.0,68.0,64.0,6.0,3.0,64.0,106.25,1.06,3.0,28.0,31.0,28.0,6.64,1.11,Al Amarat,
DL Brangman,ICC Academy Ground No 2,1.0,11.0,10.0,1.0,1.0,10.0,110.0,1.1,,,,,0.0,0.0,Dubai,
DL Brangman,"Jimmy Powell Oval, Cayman Islands",1.0,1.0,3.0,0.0,0.0,3.0,33.33,0.33,1.0,12.0,12.0,12.0,6.0,1.0,George Town,
DL Brangman,"Maple Leaf North-West Ground, King City",1.0,12.0,15.0,1.0,0.0,15.0,80.0,0.8,1.0,3.0,6.0,3.0,12.0,2.0,King City,
DL Brangman,National Stadium,,0.0,,0.0,0.0,0.0,,,1.0,2.0,7.0,2.0,21.0,3.5,Karachi,
DL Brangman,"White Hill Field, Sandys Parish",,0.0,,0.0,0.0,0.0,,,1.0,1.0,1.0,1.0,6.0,1.0,Hamilton,
DL Chahar,Arun Jaitley Stadium,,0.0,,0.0,0.0,0.0,,,1.0,19.0,24.0,19.0,7.58,1.26,Delhi,
DL Chahar,"Eden Gardens, Kolkata",1.0,19.0,6.0,2.0,1.0,6.0,316.67,3.17,,,,,0.0,0.0,Kolkata,
DL Chahar,"JSCA International Stadium Complex, Ranchi",,0.0,,0.0,0.0,0.0,,,1.0,3.0,5.0,3.0,10.0,1.67,Ranchi,
DL Chahar,Saurashtra Cricket Association Stadium,,0.0,,0.0,0.0,0.0,,,1.0,14.0,13.0,14.0,5.57,0.93,Rajkot,
DL Chahar,"Vidarbha Cricket Association Stadium, Jamtha",,0.0,,0.0,0.0,0.0,,,1.0,7.0,2.0,7.0,1.71,0.29,Nagpur,
DLS van Bunge,Dubai International Cricket Stadium,1.0,0.0,1.0,0.0,0.0,1.0,0.0,0.0,,,,,0.0,0.0,,
DM Bravo,Bharat Ratna Shri Atal Bihari Vajpayee Ekana Cricket Stadium,1.0,0.0,1.0,0.0,0.0,1.0,0.0,0.0,,,,,0.0,0.0,Lucknow,
DM Bravo,Eden Gardens,1.0,1.0,3.0,0.0,0.0,3.0,33.33,0.33,,,,,0.0,0.0,Kolkata,
DM Bravo,"MA Chidambaram Stadium, Chepauk",1.0,3.0,5.0,0.0,0.0,5.0,60.0,0.6,,,,,0.0,0.0,Chennai,
DM Bravo,"National Stadium, Karachi",1.0,17.0,13.0,2.0,0.0,13.0,130.77,1.31,,,,,0.0,0.0,Karachi,
DM Gondaria,Dubai International Cricket Stadium,1.0,1.0,1.0,0.0,0.0,1.0,100.0,1.0,,,,,0.0,0.0,,
DM Gondaria,Harare Sports Club,1.0,1.0,3.0,0.0,0.0,3.0,33.33,0.33,1.0,10.0,4.0,10.0,2.4,0.4,,
DM Gondaria,ICC Academy Ground No 2,1.0,10.0,5.0,0.0,1.0,5.0,200.0,2.0,,,,,0.0,0.0,Dubai,
DM Nakrani,Kyambogo Cricket Oval,,0.0,,0.0,0.0,0.0,,,1.0,3.0,2.0,3.0,4.0,0.67,Kampala,
DM Nakrani,"Queens Sports Club, Bulawayo",1.0,4.0,8.0,0.0,0.0,8.0,50.0,0.5,,,,,0.0,0.0,Bulawayo,
DM Nakrani,"United Cricket Club Ground, Windhoek",2.0,29.0,16.0,4.0,1.0,16.0,181.25,1.81,4.0,37.0,58.0,37.0,9.41,1.57,Windhoek,
DM Nakrani,"Wanderers Cricket Ground, Windhoek",2.0,3.0,4.0,0.0,0.0,4.0,75.0,0.75,3.0,15.0,12.0,15.0,4.8,0.8,Windhoek,
DM de Silva,"Bellerive Oval, Hobart",,0.0,,0.0,0.0,0.0,,,1.0,2.0,2.0,2.0,6.0,1.0,Hobart,
DM de Silva,Dubai International Cricket Stadium,2.0,36.0,32.0,5.0,0.0,32.0,112.5,1.12,2.0,23.0,18.0,23.0,4.7,0.78,,
DM de Silva,"GMHBA Stadium, South Geelong, Victoria",1.0,3.0,3.0,0.0,0.0,3.0,100.0,1.0,1.0,2.0,2.0,2.0,6.0,1.0,Geelong,
DM de Silva,"Grand Prairie Stadium, Dallas",1.0,15.0,21.0,1.0,0.0,21.0,71.43,0.71,1.0,6.0,3.0,6.0,3.0,0.5,Dallas,
DM de Silva,Holkar Cricket Stadium,1.0,15.0,8.0,2.0,0.0,8.0,187.5,1.88,1.0,8.0,12.0,8.0,9.0,1.5,Indore,
DM de Silva,Maharashtra Cricket Association Stadium,1.0,13.0,11.0,1.0,0.0,11.0,118.18,1.18,1.0,4.0,8.0,4.0,12.0,2.0,Pune,
DM de Silva,"R Premadasa Stadium, Colombo",3.0,24.0,22.0,1.0,1.0,22.0,109.09,1.09,,,,,0.0,0.0,Colombo,
DM de Silva,"Saurashtra Cricket Association Stadium, Rajkot",1.0,5.0,3.0,1.0,0.0,3.0,166.67,1.67,,,,,0.0,0.0,Rajkot,
DM de Silva,Sylhet International Cricket Stadium,1.0,8.0,12.0,1.0,0.0,12.0,66.67,0.67,1.0,1.0,0.0,1.0,0.0,0.0,,
DM de Silva,"University Oval, Dunedin",1.0,8.0,6.0,0.0,1.0,6.0,133.33,1.33,,,,,0.0,0.0,Dunedin,
DM de Silva,"Wankhede Stadium, Mumbai",,0.0,,0.0,0.0,0.0,,,1.0,2.0,1.0,2.0,3.0,0.5,Mumbai,
DMW Rawlins,Bermuda National Stadium,,0.0,,0.0,0.0,0.0,,,1.0,4.0,3.0,4.0,4.5,0.75,Hamilton,
DMW Rawlins,Dubai International Cricket Stadium,1.0,15.0,7.0,3.0,0.0,7.0,214.29,2.14,,,,,0.0,0.0,,
DMW Rawlins,ICC Academy Ground No 2,1.0,1.0,3.0,0.0,0.0,3.0,33.33,0.33,,,,,0.0,0.0,Dubai,
DMW Rawlins,"Jimmy Powell Oval, Cayman Islands",2.0,4.0,15.0,0.0,0.0,15.0,26.67,0.27,1.0,1.0,1.0,1.0,6.0,1.0,George Town,
DMW Rawlins,National Stadium,1.0,0.0,1.0,0.0,0.0,1.0,0.0,0.0,1.0,2.0,2.0,2.0,6.0,1.0,Karachi,
DMW Rawlins,"National Stadium, Hamilton",,0.0,,0.0,0.0,0.0,,,1.0,10.0,3.0,10.0,1.8,0.3,Hamilton,
DMW Rawlins,"Sir Vivian Richards Stadium, North Sound, Antigua",1.0,3.0,4.0,0.0,0.0,4.0,75.0,0.75,1.0,8.0,4.0,8.0,3.0,0.5,North Sound,
DMW Rawlins,"White Hill Field, Sandys Parish",1.0,18.0,11.0,2.0,1.0,11.0,163.64,1.64,2.0,14.0,10.0,14.0,4.29,0.71,Hamilton,
DN Wellalage,Dubai International Cricket Stadium,,0.0,,0.0,0.0,0.0,,,1.0,24.0,36.0,24.0,9.0,1.5,,
DNA Ankrah,Kyambogo Cricket Oval,,0.0,,0.0,0.0,0.0,,,1.0,2.0,3.0,2.0,9.0,1.5,Kampala,
DO Leicher,Al Amerat Cricket Ground Oman Cricket (Ministry Turf 1),3.0,20.0,29.0,2.0,0.0,29.0,68.97,0.69,2.0,15.0,21.0,15.0,8.4,1.4,Al Amarat,
DO Leicher,"United Cricket Club Ground, Windhoek",,0.0,,0.0,0.0,0.0,,,2.0,12.0,32.0,12.0,16.0,2.67,Windhoek,
DO Leicher,"Wanderers Cricket Ground, Windhoek",1.0,1.0,3.0,0.0,0.0,3.0,33.33,0.33,,,,,0.0,0.0,Windhoek,
DO Obuya,Dubai International Cricket Stadium,1.0,4.0,7.0,0.0,0.0,7.0,57.14,0.57,,,,,0.0,0.0,,
DO Obuya,Mombasa Sports Club Ground,2.0,6.0,11.0,0.0,0.0,11.0,54.55,0.55,,,,,0.0,0.0,,
DP Conway,Adelaide Oval,1.0,2.0,6.0,0.0,0.0,6.0,33.33,0.33,,,,,0.0,0.0,Adelaide,
DP Conway,"Bay Oval, Mount Maunganui",1.0,13.0,11.0,2.0,0.0,11.0,118.18,1.18,,,,,0.0,0.0,Mount Maunganui,
DP Conway,"Bharat Ratna Shri Atal Bihari Vajpayee Ekana Cricket Stadium, Lucknow",1.0,5.0,10.0,0.0,0.0,10.0,50.0,0.5,,,,,0.0,0.0,Lucknow,
DP Conway,"Brian Lara Stadium, Tarouba, Trinidad",1.0,5.0,6.0,1.0,0.0,6.0,83.33,0.83,,,,,0.0,0.0,Tarouba,
DP Conway,Eden Park,1.0,5.0,4.0,1.0,0.0,4.0,125.0,1.25,,,,,0.0,0.0,Auckland,
DP Conway,"Eden Park, Auckland",1.0,0.0,1.0,0.0,0.0,1.0,0.0,0.0,,,,,0.0,0.0,Auckland,
DP Conway,"Hagley Oval, Christchurch",5.0,137.0,116.0,14.0,3.0,116.0,118.1,1.18,,,,,0.0,0.0,Christchurch,
DP Conway,Harare Sports Club,1.0,17.0,10.0,0.0,1.0,10.0,170.0,1.7,,,,,0.0,0.0,,
DP Conway,"JSCA International Stadium Complex, Ranchi",1.0,26.0,18.0,4.0,0.0,18.0,144.44,1.44,,,,,0.0,0.0,Ranchi,
DP Conway,McLean Park,2.0,78.0,55.0,9.0,1.0,55.0,141.82,1.42,,,,,0.0,0.0,Napier,
DP Conway,"McLean Park, Napier",1.0,22.0,12.0,3.0,1.0,12.0,183.33,1.83,,,,,0.0,0.0,Napier,
DP Conway,"Narendra Modi Stadium, Ahmedabad",1.0,0.0,1.0,0.0,0.0,1.0,0.0,0.0,,,,,0.0,0.0,Ahmedabad,
DP Conway,Seddon Park,1.0,92.0,55.0,11.0,3.0,55.0,167.27,1.67,,,,,0.0,0.0,Hamilton,
DP Conway,"Seddon Park, Hamilton",1.0,20.0,14.0,3.0,0.0,14.0,142.86,1.43,,,,,0.0,0.0,Hamilton,
DP Conway,Sharjah Cricket Stadium,1.0,25.0,21.0,3.0,0.0,21.0,119.05,1.19,,,,,0.0,0.0,Sharjah,
DP Conway,Sydney Cricket Ground,1.0,18.0,17.0,3.0,0.0,17.0,105.88,1.06,,,,,0.0,0.0,,
DP Conway,"University Oval, Dunedin",1.0,1.0,4.0,0.0,0.0,4.0,25.0,0.25,,,,,0.0,0.0,Dunedin,
DR Sams,"Rajiv Gandhi International Stadium, Uppal, Hyderabad",,0.0,,0.0,0.0,0.0,,,1.0,5.0,3.0,5.0,3.6,0.6,Hyderabad,
DR Sams,Sydney Cricket Ground,,0.0,,0.0,0.0,0.0,,,1.0,6.0,5.0,6.0,5.0,0.83,,
DR Smith,"Sabina Park, Kingston",1.0,4.0,7.0,0.0,0.0,7.0,57.14,0.57,,,,,0.0,0.0,Jamaica,
DS Airee,Al Amerat Cricket Ground Oman Cricket (Ministry Turf 1),6.0,86.0,86.0,10.0,0.0,86.0,100.0,1.0,5.0,57.0,40.0,57.0,4.21,0.7,Al Amarat,
DS Airee,Al Amerat Cricket Ground Oman Cricket (Ministry Turf 2),,0.0,,0.0,0.0,0.0,,,1.0,12.0,8.0,12.0,4.0,0.67,Al Amarat,
DS Airee,"Arnos Vale Ground, Kingstown, St Vincent",1.0,19.0,22.0,2.0,1.0,22.0,86.36,0.86,1.0,15.0,16.0,15.0,6.4,1.07,Kingstown,
DS Airee,"Grand Prairie Stadium, Dallas",2.0,17.0,12.0,2.0,0.0,12.0,141.67,1.42,3.0,24.0,32.0,24.0,8.0,1.33,Dallas,
DS Airee,Indian Association Ground,1.0,1.0,1.0,0.0,0.0,1.0,100.0,1.0,,,,,0.0,0.0,Singapore,
DS Airee,"Maple Leaf North-West Ground, King City",4.0,30.0,18.0,2.0,2.0,18.0,166.67,1.67,4.0,42.0,29.0,42.0,4.14,0.69,King City,
DS Airee,"Titwood, Glasgow",,0.0,,0.0,0.0,0.0,,,1.0,13.0,16.0,13.0,7.38,1.23,Glasgow,
DS Airee,"Tribhuvan University International Cricket Ground, Kirtipur",1.0,1.0,1.0,0.0,0.0,1.0,100.0,1.0,2.0,13.0,9.0,13.0,4.15,0.69,Kirtipur,
DS Airee,Zhejiang University of Technology Cricket Field,1.0,3.0,3.0,0.0,0.0,3.0,100.0,1.0,1.0,1.0,1.0,1.0,6.0,1.0,Hangzhou,
DS Bajwa,"Grand Prairie Stadium, Dallas",1.0,0.0,1.0,0.0,0.0,1.0,0.0,0.0,,,,,0.0,0.0,Dallas,
DS Bajwa,"Maple Leaf North-West Ground, King City",4.0,33.0,34.0,4.0,0.0,34.0,97.06,0.97,1.0,2.0,7.0,2.0,21.0,3.5,King City,
DS Bajwa,Prairie View Cricket Complex,2.0,8.0,14.0,1.0,0.0,14.0,57.14,0.57,,,,,0.0,0.0,Houston,
DS Bajwa,"Sportpark Westvliet, The Hague",1.0,6.0,11.0,0.0,0.0,11.0,54.55,0.55,,,,,0.0,0.0,The Hague,
DSK Madushanka,"Shere Bangla National Stadium, Mirpur",,0.0,,0.0,0.0,0.0,,,1.0,7.0,13.0,7.0,11.14,1.86,Dhaka,
DT Christian,JSCA International Stadium Complex,1.0,3.0,5.0,0.0,0.0,5.0,60.0,0.6,,,,,0.0,0.0,Ranchi,
DT Christian,"Shere Bangla National Stadium, Mirpur",3.0,18.0,21.0,2.0,0.0,21.0,85.71,0.86,2.0,22.0,18.0,22.0,4.91,0.82,Dhaka,
DT Doram,"Sportpark Maarschalkerweerd, Utrecht",,0.0,,0.0,0.0,0.0,,,3.0,32.0,42.0,32.0,7.88,1.31,Utrecht,
DT Doram,"Sportpark Westvliet, The Hague",,0.0,,0.0,0.0,0.0,,,2.0,10.0,7.0,10.0,4.2,0.7,The Hague,
DT Doram,Sylhet International Cricket Stadium,1.0,2.0,5.0,0.0,0.0,5.0,40.0,0.4,3.0,54.0,81.0,54.0,9.0,1.5,,
DT Doram,"Titwood, Glasgow",,0.0,,0.0,0.0,0.0,,,1.0,1.0,1.0,1.0,6.0,1.0,Glasgow,
DT Johnston,Sheikh Zayed Stadium,1.0,8.0,8.0,1.0,0.0,8.0,100.0,1.0,,,,,0.0,0.0,Abu Dhabi,
DT Tiripano,Harare Sports Club,,0.0,,0.0,0.0,0.0,,,3.0,17.0,7.0,17.0,2.47,0.41,,
DT Tiripano,Rawalpindi Cricket Stadium,2.0,19.0,21.0,1.0,0.0,21.0,90.48,0.9,2.0,14.0,18.0,14.0,7.71,1.29,,
DT Tiripano,"Shere Bangla National Stadium, Mirpur",1.0,20.0,14.0,0.0,3.0,14.0,142.86,1.43,1.0,12.0,26.0,12.0,13.0,2.17,Dhaka,
DV Macome,"Gymkhana Club Ground, Nairobi",1.0,0.0,2.0,0.0,0.0,2.0,0.0,0.0,,,,,0.0,0.0,Nairobi,
Davion Codner,"Jimmy Powell Oval, Cayman Islands",1.0,3.0,7.0,0.0,0.0,7.0,42.86,0.43,1.0,3.0,5.0,3.0,10.0,1.67,George Town,
Dayyaan Galiem,"SuperSport Park, Centurion",,0.0,,0.0,0.0,0.0,,,1.0,27.0,21.0,27.0,4.67,0.78,Centurion,
Dhruv Jurel,Harare Sports Club,1.0,6.0,14.0,1.0,0.0,14.0,42.86,0.43,,,,,0.0,0.0,,
Dhruv Jurel,"MA Chidambaram Stadium, Chepauk, Chennai",1.0,4.0,5.0,0.0,0.0,5.0,80.0,0.8,,,,,0.0,0.0,Chennai,
Dhruv Jurel,"Saurashtra Cricket Association Stadium, Rajkot",1.0,2.0,4.0,0.0,0.0,4.0,50.0,0.5,,,,,0.0,0.0,Rajkot,
E Beukes,Al Amerat Cricket Ground Oman Cricket (Ministry Turf 2),1.0,0.0,1.0,0.0,0.0,1.0,0.0,0.0,,,,,0.0,0.0,Al Amarat,
E Chigumbura,Harare Sports Club,2.0,14.0,9.0,1.0,1.0,9.0,155.56,1.56,,,,,0.0,0.0,,
E Chigumbura,Rawalpindi Cricket Stadium,2.0,10.0,13.0,1.0,0.0,13.0,76.92,0.77,,,,,0.0,0.0,,
E Chigumbura,Sheikh Abu Naser Stadium,2.0,1.0,2.0,0.0,0.0,2.0,50.0,0.5,1.0,1.0,1.0,1.0,6.0,1.0,Khulna,
E Chigumbura,Sylhet Stadium,1.0,2.0,3.0,0.0,0.0,3.0,66.67,0.67,,,,,0.0,0.0,,
E Duff,"Maple Leaf North-East Ground, King City",1.0,0.0,2.0,0.0,0.0,2.0,0.0,0.0,,,,,0.0,0.0,King City,
E Duff,"Maple Leaf North-West Ground, King City",1.0,0.0,1.0,0.0,0.0,1.0,0.0,0.0,,,,,0.0,0.0,King City,
E Dusingizimana,"Gymkhana Club Ground, Nairobi",1.0,5.0,4.0,0.0,0.0,4.0,125.0,1.25,,,,,0.0,0.0,Nairobi,
E Dusingizimana,"Wanderers Cricket Ground, Windhoek",1.0,3.0,5.0,0.0,0.0,5.0,60.0,0.6,,,,,0.0,0.0,Windhoek,
E Jabarkhel,Marsa Sports Club,2.0,2.0,6.0,0.0,0.0,6.0,33.33,0.33,1.0,2.0,2.0,2.0,6.0,1.0,Marsa,
E Kubwimana,"Gahanga International Cricket Stadium, Rwanda",,0.0,,0.0,0.0,0.0,,,1.0,1.0,1.0,1.0,6.0,1.0,Kigali City,
E Kubwimana,"Gymkhana Club Ground, Nairobi",,0.0,,0.0,0.0,0.0,,,1.0,1.0,1.0,1.0,6.0,1.0,Nairobi,
E Leie,Shere Bangla National Stadium,,0.0,,0.0,0.0,0.0,,,1.0,3.0,1.0,3.0,2.0,0.33,Mirpur,
E Lewis,"Bellerive Oval, Hobart",1.0,4.0,5.0,0.0,0.0,5.0,80.0,0.8,,,,,0.0,0.0,Hobart,
E Lewis,Central Broward Regional Park Stadium Turf Ground,2.0,0.0,8.0,0.0,0.0,8.0,0.0,0.0,,,,,0.0,0.0,Lauderhill,
E Lewis,"Daren Sammy National Cricket Stadium, Gros Islet, St Lucia",1.0,2.0,3.0,0.0,0.0,3.0,66.67,0.67,,,,,0.0,0.0,Gros Islet,
E Lewis,Greenfield International Stadium,1.0,15.0,18.0,0.0,2.0,18.0,83.33,0.83,,,,,0.0,0.0,Thiruvananthapuram,
E Lewis,"Kensington Oval, Bridgetown, Barbados",1.0,1.0,2.0,0.0,0.0,2.0,50.0,0.5,,,,,0.0,0.0,Bridgetown,
E Lewis,"National Cricket Stadium, Grenada",1.0,13.0,5.0,0.0,2.0,5.0,260.0,2.6,,,,,0.0,0.0,St George's,
E Lewis,"Providence Stadium, Guyana",1.0,16.0,15.0,2.0,0.0,15.0,106.67,1.07,,,,,0.0,0.0,Providence,
E Lewis,"Queen's Park Oval, Port of Spain",2.0,44.0,23.0,2.0,5.0,23.0,191.3,1.91,,,,,0.0,0.0,Trinidad,
E Lewis,"Rajiv Gandhi International Stadium, Uppal",1.0,17.0,7.0,1.0,2.0,7.0,242.86,2.43,,,,,0.0,0.0,Hyderabad,
E Lewis,"Sabina Park, Kingston",1.0,23.0,15.0,1.0,2.0,15.0,153.33,1.53,,,,,0.0,0.0,Jamaica,
E Lewis,Sharjah Cricket Stadium,1.0,6.0,9.0,1.0,0.0,9.0,66.67,0.67,,,,,0.0,0.0,Sharjah,
E Lewis,"Shere Bangla National Stadium, Mirpur",1.0,31.0,17.0,3.0,2.0,17.0,182.35,1.82,,,,,0.0,0.0,Dhaka,
E Lewis,Sylhet International Cricket Stadium,1.0,6.0,2.0,0.0,1.0,2.0,300.0,3.0,,,,,0.0,0.0,,
E Lewis,"Warner Park, Basseterre",1.0,0.0,2.0,0.0,0.0,2.0,0.0,0.0,,,,,0.0,0.0,St Kitts,
E Mathew,Marsa Sports Club,2.0,4.0,6.0,0.0,0.0,6.0,66.67,0.67,1.0,2.0,2.0,2.0,6.0,1.0,Marsa,
E Otgonbayar,Sano International Cricket Ground,1.0,1.0,2.0,0.0,0.0,2.0,50.0,0.5,,,,,0.0,0.0,Sano,
E Otgonbayar,Zhejiang University of Technology Cricket Field,1.0,2.0,10.0,0.0,0.0,10.0,20.0,0.2,,,,,0.0,0.0,Hangzhou,
E Otieno,Dubai International Cricket Stadium,1.0,0.0,1.0,0.0,0.0,1.0,0.0,0.0,1.0,4.0,1.0,4.0,1.5,0.25,,
E Otieno,Gahanga International Cricket Stadium. Rwanda,,0.0,,0.0,0.0,0.0,,,1.0,5.0,9.0,5.0,10.8,1.8,Kigali City,
E Otieno,"Gymkhana Club Ground, Nairobi",,0.0,,0.0,0.0,0.0,,,1.0,2.0,1.0,2.0,3.0,0.5,Nairobi,
E Otieno,ICC Global Cricket Academy,1.0,1.0,1.0,0.0,0.0,1.0,100.0,1.0,,,,,0.0,0.0,Dubai,
E Otieno,Integrated Polytechnic Regional Centre,,0.0,,0.0,0.0,0.0,,,1.0,1.0,0.0,1.0,0.0,0.0,Kigali City,
E Otieno,Lugogo Cricket Oval,,0.0,,0.0,0.0,0.0,,,1.0,7.0,15.0,7.0,12.86,2.14,Kampala,
E Otieno,Mombasa Sports Club Ground,1.0,1.0,3.0,0.0,0.0,3.0,33.33,0.33,,,,,0.0,0.0,,
E Rukiriza,"Gahanga International Cricket Stadium, Rwanda",,0.0,,0.0,0.0,0.0,,,2.0,9.0,20.0,9.0,13.33,2.22,Kigali City,
E Rukiriza,"Gymkhana Club Ground, Nairobi",,0.0,,0.0,0.0,0.0,,,2.0,20.0,19.0,20.0,5.7,0.95,Nairobi,
E Rukiriza,"Ruaraka Sports Club Ground, Nairobi",1.0,0.0,2.0,0.0,0.0,2.0,0.0,0.0,,,,,0.0,0.0,Nairobi,
E Rukiriza,"Wanderers Cricket Ground, Windhoek",1.0,0.0,1.0,0.0,0.0,1.0,0.0,0.0,1.0,4.0,12.0,4.0,18.0,3.0,Windhoek,
E Schiferli,Dubai International Cricket Stadium,,0.0,,0.0,0.0,0.0,,,1.0,3.0,4.0,3.0,8.0,1.33,,
E Sebareme,"Wanderers Cricket Ground, Windhoek",1.0,2.0,4.0,0.0,0.0,4.0,50.0,0.5,1.0,3.0,6.0,3.0,12.0,2.0,Windhoek,
E Ul Haq,Bayer Uerdingen Cricket Ground,1.0,0.0,2.0,0.0,0.0,2.0,0.0,0.0,,,,,0.0,0.0,Krefeld,
EB Ringera,Entebbe Cricket Oval,,0.0,,0.0,0.0,0.0,,,2.0,11.0,12.0,11.0,6.55,1.09,Entebbe,
EB Ringera,"Wanderers Cricket Ground, Windhoek",,0.0,,0.0,0.0,0.0,,,1.0,1.0,1.0,1.0,6.0,1.0,Windhoek,
EF Beard,Roma Cricket Ground,1.0,4.0,5.0,1.0,0.0,5.0,80.0,0.8,,,,,0.0,0.0,Spinaceto,
EHSN Silva,Sylhet Stadium,1.0,6.0,5.0,1.0,0.0,5.0,120.0,1.2,1.0,9.0,7.0,9.0,4.67,0.78,,
EJB Miles,Bulawayo Athletic Club,,0.0,,0.0,0.0,0.0,,,1.0,3.0,2.0,3.0,4.0,0.67,Bulawayo,
EJB Miles,"Queens Sports Club, Bulawayo",,0.0,,0.0,0.0,0.0,,,2.0,4.0,1.0,4.0,1.5,0.25,Bulawayo,
EJB Miles,Sheikh Zayed Stadium,,0.0,,0.0,0.0,0.0,,,1.0,8.0,10.0,8.0,7.5,1.25,Abu Dhabi,
EJG Morgan,Narendra Modi Stadium,1.0,7.0,5.0,1.0,0.0,5.0,140.0,1.4,,,,,0.0,0.0,Ahmedabad,
EJG Morgan,Old Trafford,5.0,69.0,39.0,6.0,4.0,39.0,176.92,1.77,,,,,0.0,0.0,Manchester,
EJG Morgan,"Old Trafford, Manchester",1.0,15.0,8.0,0.0,2.0,8.0,187.5,1.88,,,,,0.0,0.0,Manchester,
EJG Morgan,Providence Stadium,1.0,13.0,11.0,2.0,0.0,11.0,118.18,1.18,,,,,0.0,0.0,Guyana,
EJG Morgan,Sophia Gardens,2.0,62.0,33.0,6.0,3.0,33.0,187.88,1.88,,,,,0.0,0.0,Cardiff,
EJG Morgan,"Trent Bridge, Nottingham",1.0,5.0,9.0,0.0,0.0,9.0,55.56,0.56,,,,,0.0,0.0,Nottingham,
EMDY Munaweera,Gaddafi Stadium,,0.0,,0.0,0.0,0.0,,,1.0,12.0,12.0,12.0,6.0,1.0,Lahore,
EMDY Munaweera,R Premadasa Stadium,1.0,6.0,3.0,1.0,0.0,3.0,200.0,2.0,1.0,7.0,11.0,7.0,9.43,1.57,Colombo,
EMDY Munaweera,"R.Premadasa Stadium, Khettarama",1.0,1.0,3.0,0.0,0.0,3.0,33.33,0.33,,,,,0.0,0.0,Colombo,
EMDY Munaweera,Sheikh Zayed Stadium,1.0,1.0,6.0,0.0,0.0,6.0,16.67,0.17,2.0,9.0,7.0,9.0,4.67,0.78,Abu Dhabi,
Ebadat Hossain,Adelaide Oval,,0.0,,0.0,0.0,0.0,,,1.0,19.0,27.0,19.0,8.53,1.42,Adelaide,
Ehsan Khan,Al Amerat Cricket Ground Oman Cricket (Ministry Turf 1),2.0,2.0,6.0,0.0,0.0,6.0,33.33,0.33,4.0,34.0,37.0,34.0,6.53,1.09,Al Amarat,
Ehsan Khan,Bulawayo Athletic Club,1.0,3.0,3.0,0.0,0.0,3.0,100.0,1.0,1.0,6.0,4.0,6.0,4.0,0.67,Bulawayo,
Ehsan Khan,Dubai International Cricket Stadium,,0.0,,0.0,0.0,0.0,,,1.0,4.0,4.0,4.0,6.0,1.0,,
Ehsan Khan,"Mission Road Ground, Mong Kok, Hong Kong",,0.0,,0.0,0.0,0.0,,,1.0,1.0,0.0,1.0,0.0,0.0,Mong Kok,
Ehsan Khan,Mulpani Cricket Ground,2.0,2.0,5.0,0.0,0.0,5.0,40.0,0.4,2.0,22.0,27.0,22.0,7.36,1.23,Kathmandu,
Ehsan Khan,"Queens Sports Club, Bulawayo",,0.0,,0.0,0.0,0.0,,,1.0,2.0,2.0,2.0,6.0,1.0,Bulawayo,
Ehsan Khan,Sharjah Cricket Stadium,1.0,0.0,1.0,0.0,0.0,1.0,0.0,0.0,1.0,24.0,28.0,24.0,7.0,1.17,Sharjah,
Ehsan Khan,Sheikh Zayed Stadium,1.0,7.0,11.0,1.0,0.0,11.0,63.64,0.64,2.0,19.0,32.0,19.0,10.11,1.68,Abu Dhabi,
Ehsan Khan,Tolerance Oval,,0.0,,0.0,0.0,0.0,,,1.0,9.0,9.0,9.0,6.0,1.0,Abu Dhabi,
Ehsan Khan,"Zayed Cricket Stadium, Abu Dhabi",1.0,2.0,2.0,0.0,0.0,2.0,100.0,1.0,1.0,19.0,28.0,19.0,8.84,1.47,Abu Dhabi,
Ehsan Khan,Zhejiang University of Technology Cricket Field,1.0,12.0,18.0,1.0,0.0,18.0,66.67,0.67,1.0,14.0,14.0,14.0,6.0,1.0,Hangzhou,
Ehsan Nawaz,Sheikh Zayed Stadium,1.0,0.0,2.0,0.0,0.0,2.0,0.0,0.0,1.0,3.0,6.0,3.0,12.0,2.0,Abu Dhabi,
Esam Rahman,Al Amerat Cricket Ground Oman Cricket (Ministry Turf 1),1.0,5.0,9.0,0.0,0.0,9.0,55.56,0.56,1.0,4.0,8.0,4.0,12.0,2.0,Al Amarat,
Ethan D'Souza,Sharjah Cricket Stadium,2.0,12.0,18.0,0.0,0.0,18.0,66.67,0.67,1.0,6.0,5.0,6.0,5.0,0.83,Sharjah,
F Achelam,"United Cricket Club Ground, Windhoek",1.0,1.0,2.0,0.0,0.0,2.0,50.0,0.5,,,,,0.0,0.0,Windhoek,
F Akankwasa,"Queens Sports Club, Bulawayo",1.0,2.0,2.0,0.0,0.0,2.0,100.0,1.0,,,,,0.0,0.0,Bulawayo,
F Akankwasa,"United Cricket Club Ground, Windhoek",2.0,1.0,4.0,0.0,0.0,4.0,25.0,0.25,1.0,1.0,0.0,1.0,0.0,0.0,Windhoek,
F Baleri,Kyambogo Cricket Oval,2.0,5.0,7.0,0.0,0.0,7.0,71.43,0.71,,,,,0.0,0.0,Kampala,
F Behardien,Kingsmead,1.0,4.0,2.0,1.0,0.0,2.0,200.0,2.0,,,,,0.0,0.0,Durban,
F Behardien,Mangaung Oval,1.0,17.0,7.0,1.0,1.0,7.0,242.86,2.43,,,,,0.0,0.0,Bloemfontein,
F Behardien,Senwes Park,1.0,4.0,4.0,0.0,0.0,4.0,100.0,1.0,,,,,0.0,0.0,Potchefstroom,
F Behardien,SuperSport Park,1.0,6.0,6.0,1.0,0.0,6.0,100.0,1.0,,,,,0.0,0.0,Centurion,
F Damiao Couana,"Willowmoore Park, Benoni",1.0,2.0,4.0,0.0,0.0,4.0,50.0,0.5,,,,,0.0,0.0,Benoni,
F Hand,Harare Sports Club,,0.0,,0.0,0.0,0.0,,,1.0,6.0,10.0,6.0,10.0,1.67,,
F Hand,"Sportpark Westvliet, The Hague",,0.0,,0.0,0.0,0.0,,,1.0,2.0,1.0,2.0,3.0,0.5,The Hague,
F Hand,"Zahur Ahmed Chowdhury Stadium, Chattogram",1.0,2.0,6.0,0.0,0.0,6.0,33.33,0.33,2.0,16.0,28.0,16.0,10.5,1.75,Chattogram,
F Mutua,"Gymkhana Club Ground, Nairobi",1.0,1.0,3.0,0.0,0.0,3.0,33.33,0.33,1.0,6.0,16.0,6.0,16.0,2.67,Nairobi,
F Mutua,"United Cricket Club Ground, Windhoek",,0.0,,0.0,0.0,0.0,,,1.0,8.0,9.0,8.0,6.75,1.12,Windhoek,
F Nsubuga,"Queens Sports Club, Bulawayo",1.0,2.0,3.0,0.0,0.0,3.0,66.67,0.67,,,,,0.0,0.0,Bulawayo,
F Nsubuga,"United Cricket Club Ground, Windhoek",1.0,0.0,1.0,0.0,0.0,1.0,0.0,0.0,3.0,22.0,42.0,22.0,11.45,1.91,Windhoek,
F Nsubuga,"Wanderers Cricket Ground, Windhoek",1.0,2.0,4.0,0.0,0.0,4.0,50.0,0.5,1.0,5.0,17.0,5.0,20.4,3.4,Windhoek,
F Suluoto,Al Amerat Cricket Ground Oman Cricket (Ministry Turf 1),1.0,6.0,4.0,0.0,1.0,4.0,150.0,1.5,,,,,0.0,0.0,Al Amarat,
F Suluoto,Al Amerat Cricket Ground Oman Cricket (Ministry Turf 2),1.0,2.0,2.0,0.0,0.0,2.0,100.0,1.0,,,,,0.0,0.0,Al Amarat,
F du Plessis,Gaddafi Stadium,3.0,37.0,24.0,3.0,2.0,24.0,154.17,1.54,,,,,0.0,0.0,Lahore,
F du Plessis,Newlands,1.0,68.0,29.0,6.0,4.0,29.0,234.48,2.34,,,,,0.0,0.0,Cape Town,
F du Plessis,Shere Bangla National Stadium,2.0,18.0,17.0,1.0,0.0,17.0,105.88,1.06,,,,,0.0,0.0,Mirpur,
FA Allen,Eden Gardens,1.0,5.0,6.0,1.0,0.0,6.0,83.33,0.83,,,,,0.0,0.0,Kolkata,
FA Allen,"Providence Stadium, Guyana",,0.0,,0.0,0.0,0.0,,,1.0,3.0,2.0,3.0,4.0,0.67,Providence,
FA Allen,Sharjah Cricket Stadium,1.0,9.0,6.0,1.0,0.0,6.0,150.0,1.5,2.0,12.0,22.0,12.0,11.0,1.83,Sharjah,
FA Allen,"Shere Bangla National Stadium, Mirpur",1.0,8.0,6.0,1.0,0.0,6.0,133.33,1.33,2.0,28.0,30.0,28.0,6.43,1.07,Dhaka,
FA Allen,Sylhet International Cricket Stadium,,0.0,,0.0,0.0,0.0,,,1.0,1.0,1.0,1.0,6.0,1.0,,
FA Cossa,"Gymkhana Club Ground, Nairobi",1.0,3.0,5.0,0.0,0.0,5.0,60.0,0.6,,,,,0.0,0.0,Nairobi,
FA Cossa,"Willowmoore Park, Benoni",1.0,12.0,11.0,1.0,1.0,11.0,109.09,1.09,1.0,1.0,0.0,1.0,0.0,0.0,Benoni,
FDW McCreath,"Titwood, Glasgow",1.0,1.0,5.0,0.0,0.0,5.0,20.0,0.2,,,,,0.0,0.0,Glasgow,
FH Allen,"Bay Oval, Mount Maunganui",3.0,90.0,62.0,10.0,5.0,62.0,145.16,1.45,,,,,0.0,0.0,Mount Maunganui,
FH Allen,"Brian Lara Stadium, Tarouba, Trinidad",1.0,0.0,3.0,0.0,0.0,3.0,0.0,0.0,,,,,0.0,0.0,Tarouba,
FH Allen,Eden Park,1.0,54.0,23.0,8.0,2.0,23.0,234.78,2.35,,,,,0.0,0.0,Auckland,
FH Allen,"Eden Park, Auckland",2.0,27.0,14.0,3.0,2.0,14.0,192.86,1.93,,,,,0.0,0.0,Auckland,
FH Allen,"Grange Cricket Club Ground, Raeburn Place, Edinburgh",2.0,28.0,12.0,0.0,4.0,12.0,233.33,2.33,,,,,0.0,0.0,Edinburgh,
FH Allen,"Hagley Oval, Christchurch",8.0,132.0,99.0,15.0,6.0,99.0,133.33,1.33,,,,,0.0,0.0,Christchurch,
FH Allen,"JSCA International Stadium Complex, Ranchi",1.0,24.0,19.0,2.0,2.0,19.0,126.32,1.26,,,,,0.0,0.0,Ranchi,
FH Allen,McLean Park,1.0,17.0,10.0,2.0,1.0,10.0,170.0,1.7,,,,,0.0,0.0,Napier,
FH Allen,"McLean Park, Napier",2.0,1.0,7.0,0.0,0.0,7.0,14.29,0.14,,,,,0.0,0.0,Napier,
FH Allen,Seddon Park,1.0,0.0,1.0,0.0,0.0,1.0,0.0,0.0,,,,,0.0,0.0,Hamilton,
FH Allen,"Seddon Park, Hamilton",1.0,43.0,27.0,4.0,3.0,27.0,159.26,1.59,,,,,0.0,0.0,Hamilton,
FH Allen,"Shere Bangla National Stadium, Mirpur",3.0,61.0,38.0,7.0,3.0,38.0,160.53,1.61,,,,,0.0,0.0,Dhaka,
FH Allen,"Sky Stadium, Wellington",1.0,27.0,12.0,5.0,1.0,12.0,225.0,2.25,,,,,0.0,0.0,Wellington,
FH Allen,Sydney Cricket Ground,1.0,4.0,3.0,1.0,0.0,3.0,133.33,1.33,,,,,0.0,0.0,,
FH Allen,"University Oval, Dunedin",2.0,144.0,60.0,5.0,18.0,60.0,240.0,2.4,,,,,0.0,0.0,Dunedin,
FJ Klaassen,Al Amerat Cricket Ground Oman Cricket (Ministry Turf 1),1.0,1.0,3.0,0.0,0.0,3.0,33.33,0.33,4.0,17.0,29.0,17.0,10.24,1.71,Al Amarat,
FJ Klaassen,"Bellerive Oval, Hobart",1.0,7.0,7.0,0.0,0.0,7.0,100.0,1.0,1.0,19.0,20.0,19.0,6.32,1.05,Hobart,
FJ Klaassen,Dubai International Cricket Stadium,,0.0,,0.0,0.0,0.0,,,1.0,3.0,9.0,3.0,18.0,3.0,,
FJ Klaassen,Hazelaarweg,,0.0,,0.0,0.0,0.0,,,2.0,5.0,6.0,5.0,7.2,1.2,Rotterdam,
FJ Klaassen,ICC Academy,,0.0,,0.0,0.0,0.0,,,1.0,1.0,0.0,1.0,0.0,0.0,Dubai,
FJ Klaassen,Perth Stadium,,0.0,,0.0,0.0,0.0,,,1.0,16.0,24.0,16.0,9.0,1.5,Perth,
FJ Klaassen,"Queens Sports Club, Bulawayo",1.0,0.0,1.0,0.0,0.0,1.0,0.0,0.0,1.0,3.0,2.0,3.0,4.0,0.67,Bulawayo,
FJ Klaassen,Sydney Cricket Ground,1.0,0.0,1.0,0.0,0.0,1.0,0.0,0.0,1.0,7.0,7.0,7.0,6.0,1.0,,
FJ Klaassen,"The Village, Malahide",1.0,0.0,1.0,0.0,0.0,1.0,0.0,0.0,,,,,0.0,0.0,Dublin,
FJ Klaassen,"Tribhuvan University International Cricket Ground, Kirtipur",,0.0,,0.0,0.0,0.0,,,2.0,19.0,34.0,19.0,10.74,1.79,Kirtipur,
FJ Klaassen,VRA Ground,1.0,1.0,1.0,0.0,0.0,1.0,100.0,1.0,,,,,0.0,0.0,Amstelveen,
FJ Klaassen,"Zayed Cricket Stadium, Abu Dhabi",,0.0,,0.0,0.0,0.0,,,1.0,2.0,1.0,2.0,3.0,0.5,Abu Dhabi,
FL Patel,"National Stadium, Hamilton",1.0,0.0,1.0,0.0,0.0,1.0,0.0,0.0,,,,,0.0,0.0,Hamilton,
Faheem Ashraf,Bay Oval,1.0,8.0,4.0,1.0,0.0,4.0,200.0,2.0,1.0,25.0,55.0,25.0,13.2,2.2,Mount Maunganui,
Faheem Ashraf,"Central Broward Regional Park Stadium Turf Ground, Lauderhill",3.0,25.0,14.0,0.0,2.0,14.0,178.57,1.79,2.0,26.0,45.0,26.0,10.38,1.73,Lauderhill,
Faheem Ashraf,Dubai International Cricket Stadium,7.0,70.0,51.0,5.0,3.0,51.0,137.25,1.37,8.0,133.0,147.0,133.0,6.63,1.11,,
Faheem Ashraf,Eden Park,2.0,31.0,21.0,2.0,3.0,21.0,147.62,1.48,2.0,40.0,44.0,40.0,6.6,1.1,Auckland,
Faheem Ashraf,Gaddafi Stadium,6.0,65.0,38.0,3.0,5.0,38.0,171.05,1.71,6.0,97.0,149.0,97.0,9.22,1.54,Lahore,
Faheem Ashraf,"Gaddafi Stadium, Lahore",5.0,65.0,42.0,4.0,4.0,42.0,154.76,1.55,8.0,136.0,173.0,136.0,7.63,1.27,Lahore,
Faheem Ashraf,"Grange Cricket Club, Raeburn Place",1.0,0.0,1.0,0.0,0.0,1.0,0.0,0.0,2.0,37.0,33.0,37.0,5.35,0.89,Edinburgh,
Faheem Ashraf,Harare Sports Club,4.0,24.0,26.0,2.0,1.0,26.0,92.31,0.92,7.0,141.0,175.0,141.0,7.45,1.24,,
Faheem Ashraf,McLean Park,1.0,2.0,3.0,0.0,0.0,3.0,66.67,0.67,1.0,24.0,20.0,24.0,5.0,0.83,Napier,
Faheem Ashraf,National Stadium,1.0,16.0,9.0,1.0,1.0,9.0,177.78,1.78,3.0,43.0,54.0,43.0,7.53,1.26,Karachi,
Faheem Ashraf,Newlands,1.0,8.0,8.0,0.0,1.0,8.0,100.0,1.0,1.0,18.0,36.0,18.0,12.0,2.0,Cape Town,
Faheem Ashraf,Rawalpindi Cricket Stadium,2.0,2.0,4.0,0.0,0.0,4.0,50.0,0.5,4.0,64.0,81.0,64.0,7.59,1.27,,
Faheem Ashraf,Seddon Park,1.0,4.0,5.0,0.0,0.0,5.0,80.0,0.8,1.0,20.0,19.0,20.0,5.7,0.95,Hamilton,
Faheem Ashraf,Sharjah Cricket Stadium,1.0,16.0,10.0,1.0,1.0,10.0,160.0,1.6,2.0,19.0,26.0,19.0,8.21,1.37,Sharjah,
Faheem Ashraf,Sheikh Zayed Stadium,3.0,14.0,16.0,0.0,1.0,16.0,87.5,0.88,4.0,60.0,49.0,60.0,4.9,0.82,Abu Dhabi,
Faheem Ashraf,"Shere Bangla National Stadium, Mirpur",3.0,60.0,45.0,5.0,4.0,45.0,133.33,1.33,3.0,50.0,62.0,50.0,7.44,1.24,Dhaka,
Faheem Ashraf,Sophia Gardens,1.0,17.0,10.0,1.0,1.0,10.0,170.0,1.7,1.0,20.0,44.0,20.0,13.2,2.2,Cardiff,
Faheem Ashraf,SuperSport Park,1.0,4.0,6.0,0.0,0.0,6.0,66.67,0.67,1.0,25.0,38.0,25.0,9.12,1.52,Centurion,
Faheem Ashraf,"SuperSport Park, Centurion",1.0,7.0,11.0,0.0,0.0,11.0,63.64,0.64,2.0,48.0,58.0,48.0,7.25,1.21,Centurion,
Faheem Ashraf,"The Wanderers Stadium, Johannesburg",2.0,35.0,24.0,4.0,1.0,24.0,145.83,1.46,2.0,18.0,33.0,18.0,11.0,1.83,Johannesburg,
Faheem Ashraf,Westpac Stadium,1.0,7.0,15.0,0.0,0.0,15.0,46.67,0.47,1.0,6.0,8.0,6.0,8.0,1.33,Wellington,
Faheem Ashraf,"Zayed Cricket Stadium, Abu Dhabi",,0.0,,0.0,0.0,0.0,,,1.0,24.0,34.0,24.0,8.5,1.42,Abu Dhabi,
Faheem Nazir,Marsa Sports Club,1.0,4.0,5.0,1.0,0.0,5.0,80.0,0.8,1.0,7.0,18.0,7.0,15.43,2.57,Marsa,
Faisal Javed,Indian Association Ground,1.0,1.0,1.0,0.0,0.0,1.0,100.0,1.0,,,,,0.0,0.0,Singapore,
Faisal Khan,Al Amerat Cricket Ground Oman Cricket (Ministry Turf 1),4.0,18.0,21.0,3.0,0.0,21.0,85.71,0.86,1.0,1.0,1.0,1.0,6.0,1.0,Al Amarat,
Faisal Khan,Al Amerat Cricket Ground Oman Cricket (Ministry Turf 2),1.0,6.0,2.0,0.0,1.0,2.0,300.0,3.0,,,,,0.0,0.0,Al Amarat,
Faisal Khan,"ICC Academy, Dubai",1.0,28.0,14.0,3.0,2.0,14.0,200.0,2.0,,,,,0.0,0.0,Dubai,
Faisal Mubashir,Al Amerat Cricket Ground Oman Cricket (Ministry Turf 1),1.0,3.0,3.0,0.0,0.0,3.0,100.0,1.0,,,,,0.0,0.0,Al Amarat,
Faizan Mumtaz,Bayer Uerdingen Cricket Ground,1.0,0.0,1.0,0.0,0.0,1.0,0.0,0.0,,,,,0.0,0.0,Krefeld,
Fakhar Zaman,Bay Oval,1.0,46.0,36.0,5.0,1.0,36.0,127.78,1.28,,,,,0.0,0.0,Mount Maunganui,
Fakhar Zaman,"Castle Avenue, Dublin",2.0,98.0,60.0,8.0,7.0,60.0,163.33,1.63,,,,,0.0,0.0,Dublin,
Fakhar Zaman,"Central Broward Regional Park Stadium Turf Ground, Lauderhill",3.0,53.0,53.0,4.0,1.0,53.0,100.0,1.0,,,,,0.0,0.0,Lauderhill,
Fakhar Zaman,Dubai International Cricket Stadium,14.0,303.0,255.0,27.0,10.0,255.0,118.82,1.19,,,,,0.0,0.0,,
Fakhar Zaman,Eden Park,1.0,50.0,28.0,5.0,3.0,28.0,178.57,1.79,,,,,0.0,0.0,Auckland,
Fakhar Zaman,"Eden Park, Auckland",1.0,15.0,10.0,1.0,1.0,10.0,150.0,1.5,,,,,0.0,0.0,Auckland,
Fakhar Zaman,"Edgbaston, Birmingham",1.0,45.0,24.0,5.0,3.0,24.0,187.5,1.88,,,,,0.0,0.0,Birmingham,
Fakhar Zaman,Gaddafi Stadium,6.0,93.0,75.0,12.0,1.0,75.0,124.0,1.24,,,,,0.0,0.0,Lahore,
Fakhar Zaman,"Gaddafi Stadium, Lahore",7.0,169.0,146.0,12.0,7.0,146.0,115.75,1.16,,,,,0.0,0.0,Lahore,
Fakhar Zaman,"Grand Prairie Stadium, Dallas",1.0,11.0,7.0,0.0,1.0,7.0,157.14,1.57,,,,,0.0,0.0,Dallas,
Fakhar Zaman,"Grange Cricket Club, Raeburn Place",2.0,54.0,42.0,8.0,1.0,42.0,128.57,1.29,,,,,0.0,0.0,Edinburgh,
Fakhar Zaman,"Hagley Oval, Christchurch",2.0,42.0,31.0,1.0,4.0,31.0,135.48,1.35,,,,,0.0,0.0,Christchurch,
Fakhar Zaman,Harare Sports Club,8.0,293.0,208.0,31.0,10.0,208.0,140.87,1.41,,,,,0.0,0.0,,
Fakhar Zaman,"Headingley, Leeds",1.0,8.0,8.0,1.0,0.0,8.0,100.0,1.0,,,,,0.0,0.0,Leeds,
Fakhar Zaman,"Kennington Oval, London",1.0,9.0,9.0,0.0,1.0,9.0,100.0,1.0,,,,,0.0,0.0,London,
Fakhar Zaman,Manuka Oval,1.0,2.0,7.0,0.0,0.0,7.0,28.57,0.29,,,,,0.0,0.0,Canberra,
Fakhar Zaman,"Nassau County International Cricket Stadium, New York",2.0,17.0,14.0,1.0,1.0,14.0,121.43,1.21,,,,,0.0,0.0,New York,
Fakhar Zaman,National Stadium,3.0,85.0,47.0,13.0,3.0,47.0,180.85,1.81,,,,,0.0,0.0,Karachi,
Fakhar Zaman,"National Stadium, Karachi",3.0,32.0,24.0,4.0,0.0,24.0,133.33,1.33,,,,,0.0,0.0,Karachi,
Fakhar Zaman,Newlands,1.0,4.0,3.0,1.0,0.0,3.0,133.33,1.33,,,,,0.0,0.0,Cape Town,
Fakhar Zaman,Old Trafford,2.0,37.0,25.0,5.0,1.0,25.0,148.0,1.48,,,,,0.0,0.0,Manchester,
Fakhar Zaman,"Old Trafford, Manchester",1.0,24.0,20.0,1.0,1.0,20.0,120.0,1.2,,,,,0.0,0.0,Manchester,
Fakhar Zaman,Perth Stadium,1.0,20.0,16.0,3.0,0.0,16.0,125.0,1.25,,,,,0.0,0.0,Perth,
Fakhar Zaman,"Providence Stadium, Guyana",1.0,15.0,12.0,2.0,0.0,12.0,125.0,1.25,,,,,0.0,0.0,Providence,
Fakhar Zaman,"Queen's Park Oval, Port of Spain",2.0,26.0,29.0,0.0,1.0,29.0,89.66,0.9,,,,,0.0,0.0,Trinidad,
Fakhar Zaman,Rawalpindi Cricket Stadium,3.0,45.0,48.0,3.0,2.0,48.0,93.75,0.94,,,,,0.0,0.0,,
Fakhar Zaman,"Seddon Park, Hamilton",1.0,50.0,26.0,3.0,5.0,26.0,192.31,1.92,,,,,0.0,0.0,Hamilton,
Fakhar Zaman,Sharjah Cricket Stadium,5.0,155.0,124.0,14.0,5.0,124.0,125.0,1.25,,,,,0.0,0.0,Sharjah,
Fakhar Zaman,Sheikh Zayed Stadium,3.0,31.0,32.0,3.0,0.0,32.0,96.88,0.97,,,,,0.0,0.0,Abu Dhabi,
Fakhar Zaman,"Shere Bangla National Stadium, Mirpur",4.0,143.0,131.0,13.0,4.0,131.0,109.16,1.09,,,,,0.0,0.0,Dhaka,
Fakhar Zaman,Sophia Gardens,1.0,7.0,6.0,1.0,0.0,6.0,116.67,1.17,,,,,0.0,0.0,Cardiff,
Fakhar Zaman,SuperSport Park,1.0,17.0,18.0,2.0,1.0,18.0,94.44,0.94,,,,,0.0,0.0,Centurion,
Fakhar Zaman,"SuperSport Park, Centurion",2.0,68.0,39.0,7.0,4.0,39.0,174.36,1.74,,,,,0.0,0.0,Centurion,
Fakhar Zaman,Sydney Cricket Ground,1.0,0.0,1.0,0.0,0.0,1.0,0.0,0.0,,,,,0.0,0.0,,
Fakhar Zaman,The Wanderers Stadium,1.0,14.0,10.0,2.0,0.0,10.0,140.0,1.4,1.0,6.0,12.0,6.0,12.0,2.0,Johannesburg,
Fakhar Zaman,"The Wanderers Stadium, Johannesburg",1.0,27.0,20.0,4.0,1.0,20.0,135.0,1.35,,,,,0.0,0.0,Johannesburg,
Fakhar Zaman,"Trent Bridge, Nottingham",1.0,26.0,8.0,1.0,3.0,8.0,325.0,3.25,,,,,0.0,0.0,Nottingham,
Fakhar Zaman,"University Oval, Dunedin",1.0,19.0,12.0,2.0,1.0,12.0,158.33,1.58,,,,,0.0,0.0,Dunedin,
Fakhar Zaman,Westpac Stadium,1.0,3.0,5.0,0.0,0.0,5.0,60.0,0.6,,,,,0.0,0.0,Wellington,
Fakhar Zaman,"Zayed Cricket Stadium, Abu Dhabi",2.0,22.0,24.0,2.0,0.0,24.0,91.67,0.92,,,,,0.0,0.0,Abu Dhabi,
Fanyan Mughal,Dreux Sport Cricket Club,,0.0,,0.0,0.0,0.0,,,1.0,5.0,11.0,5.0,13.2,2.2,Dreux,
Fanyan Mughal,Marsa Sports Club,2.0,1.0,2.0,0.0,0.0,2.0,50.0,0.5,4.0,17.0,18.0,17.0,6.35,1.06,Marsa,
Fayaz Khan,Al Amerat Cricket Ground Oman Cricket (Ministry Turf 1),1.0,2.0,2.0,0.0,0.0,2.0,100.0,1.0,,,,,0.0,0.0,Al Amarat,
Fayyaz Butt,Al Amerat Cricket Ground Oman Cricket (Ministry Turf 1),10.0,89.0,84.0,5.0,3.0,84.0,105.95,1.06,21.0,403.0,544.0,403.0,8.1,1.35,Al Amarat,
Fayyaz Butt,Al Amerat Cricket Ground Oman Cricket (Ministry Turf 2),2.0,17.0,18.0,3.0,0.0,18.0,94.44,0.94,4.0,67.0,91.0,67.0,8.15,1.36,Al Amarat,
Fayyaz Butt,Dubai International Cricket Stadium,1.0,6.0,10.0,0.0,0.0,10.0,60.0,0.6,2.0,48.0,48.0,48.0,6.0,1.0,,
Fayyaz Butt,ICC Academy,,0.0,,0.0,0.0,0.0,,,1.0,20.0,25.0,20.0,7.5,1.25,Dubai,
Fayyaz Butt,"Maple Leaf North-West Ground, King City",2.0,22.0,15.0,2.0,1.0,15.0,146.67,1.47,3.0,74.0,79.0,74.0,6.41,1.07,King City,
Fayyaz Butt,Sheikh Zayed Stadium,,0.0,,0.0,0.0,0.0,,,3.0,57.0,60.0,57.0,6.32,1.05,Abu Dhabi,
Fayyaz Butt,"Sir Vivian Richards Stadium, North Sound, Antigua",1.0,2.0,8.0,0.0,0.0,8.0,25.0,0.25,1.0,1.0,4.0,1.0,24.0,4.0,North Sound,
Fayyaz Butt,Tolerance Oval,1.0,9.0,11.0,1.0,0.0,11.0,81.82,0.82,1.0,26.0,36.0,26.0,8.31,1.38,Abu Dhabi,
Fayyaz Butt,"Tribhuvan University International Cricket Ground, Kirtipur",1.0,1.0,1.0,0.0,0.0,1.0,100.0,1.0,4.0,99.0,133.0,99.0,8.06,1.34,Kirtipur,
Fayyaz Butt,"West End Park International Cricket Stadium, Doha",1.0,1.0,2.0,0.0,0.0,2.0,50.0,0.5,3.0,61.0,66.0,61.0,6.49,1.08,Doha,
Festus Benn,"Jimmy Powell Oval, Cayman Islands",1.0,1.0,3.0,0.0,0.0,3.0,33.33,0.33,1.0,7.0,8.0,7.0,6.86,1.14,George Town,
Fitri Sham,Kinrara Academy Oval,1.0,3.0,8.0,0.0,0.0,8.0,37.5,0.38,1.0,2.0,1.0,2.0,3.0,0.5,Kuala Lumpur,
Fitri Sham,"Tribhuvan University International Cricket Ground, Kirtipur",1.0,7.0,6.0,0.0,1.0,6.0,116.67,1.17,2.0,10.0,11.0,10.0,6.6,1.1,Kirtipur,
G Axtell,Al Amerat Cricket Ground Oman Cricket (Ministry Turf 1),1.0,0.0,2.0,0.0,0.0,2.0,0.0,0.0,,,,,0.0,0.0,Al Amarat,
G Bakiweyem,Gahanga International Cricket Stadium. Rwanda,,0.0,,0.0,0.0,0.0,,,1.0,2.0,2.0,2.0,6.0,1.0,Kigali City,
G Bakiweyem,Kyambogo Cricket Oval,,0.0,,0.0,0.0,0.0,,,1.0,3.0,5.0,3.0,10.0,1.67,Kampala,
G Burrows,Roma Cricket Ground,1.0,10.0,8.0,0.0,1.0,8.0,125.0,1.25,,,,,0.0,0.0,Spinaceto,
G Chohan,Al Amerat Cricket Ground Oman Cricket (Ministry Turf 2),1.0,1.0,2.0,0.0,0.0,2.0,50.0,0.5,,,,,0.0,0.0,Al Amarat,
G Coetzee,"Kingsmead, Durban",1.0,8.0,6.0,0.0,1.0,6.0,133.33,1.33,1.0,2.0,4.0,2.0,12.0,2.0,Durban,
G Coetzee,"Namibia Cricket Ground, Windhoek",1.0,7.0,4.0,1.0,0.0,4.0,175.0,1.75,,,,,0.0,0.0,Windhoek,
G Coetzee,"St George's Park, Gqeberha",1.0,19.0,9.0,2.0,1.0,9.0,211.11,2.11,2.0,19.0,16.0,19.0,5.05,0.84,Gqeberha,
G Coetzee,"SuperSport Park, Centurion",1.0,2.0,3.0,0.0,0.0,3.0,66.67,0.67,1.0,24.0,50.0,24.0,12.5,2.08,Centurion,
G Coetzee,"The Wanderers Stadium, Johannesburg",1.0,1.0,2.0,0.0,0.0,2.0,50.0,0.5,1.0,10.0,16.0,10.0,9.6,1.6,Johannesburg,
G Gambhir,"MA Chidambaram Stadium, Chepauk",1.0,1.0,2.0,0.0,0.0,2.0,50.0,0.5,,,,,0.0,0.0,Chennai,
G Ganbold,Sano International Cricket Ground,1.0,1.0,1.0,0.0,0.0,1.0,100.0,1.0,,,,,0.0,0.0,Sano,
G Kansonkho,Harare Sports Club,1.0,2.0,2.0,0.0,0.0,2.0,100.0,1.0,,,,,0.0,0.0,,
G Kansonkho,Integrated Polytechnic Regional Centre,1.0,1.0,4.0,0.0,0.0,4.0,25.0,0.25,,,,,0.0,0.0,Kigali City,
G Malla,Al Amerat Cricket Ground Oman Cricket (Ministry Turf 1),2.0,25.0,27.0,2.0,0.0,27.0,92.59,0.93,,,,,0.0,0.0,Al Amarat,
G Motie,"Arnos Vale Ground, Kingstown, St Vincent",3.0,18.0,23.0,0.0,1.0,23.0,78.26,0.78,3.0,43.0,59.0,43.0,8.23,1.37,Kingstown,
G Motie,"Bir Sreshtho Flight Lieutenant Matiur Rahman Stadium, Chattogram",1.0,3.0,4.0,0.0,0.0,4.0,75.0,0.75,1.0,7.0,11.0,7.0,9.43,1.57,Chattogram,
G Motie,"Central Broward Regional Park Stadium Turf Ground, Lauderhill",3.0,38.0,28.0,2.0,3.0,28.0,135.71,1.36,2.0,36.0,52.0,36.0,8.67,1.44,Lauderhill,
G Motie,"Kensington Oval, Bridgetown, Barbados",,0.0,,0.0,0.0,0.0,,,1.0,10.0,5.0,10.0,3.0,0.5,Bridgetown,
G Motie,"National Stadium, Karachi",,0.0,,0.0,0.0,0.0,,,1.0,24.0,29.0,24.0,7.25,1.21,Karachi,
G Singh,Bulawayo Athletic Club,1.0,0.0,1.0,0.0,0.0,1.0,0.0,0.0,,,,,0.0,0.0,Bulawayo,
G Singh,Prairie View Cricket Complex,1.0,0.0,1.0,0.0,0.0,1.0,0.0,0.0,,,,,0.0,0.0,Houston,
G Singh,"Queens Sports Club, Bulawayo",1.0,2.0,3.0,0.0,0.0,3.0,66.67,0.67,,,,,0.0,0.0,Bulawayo,
G Toka,Al Amerat Cricket Ground Oman Cricket (Ministry Turf 1),1.0,2.0,4.0,0.0,0.0,4.0,50.0,0.5,1.0,10.0,8.0,10.0,4.8,0.8,Al Amarat,
GA Stuurman,Gaddafi Stadium,,0.0,,0.0,0.0,0.0,,,1.0,12.0,24.0,12.0,12.0,2.0,Lahore,
GC Murtaza,Al Amerat Cricket Ground Oman Cricket (Ministry Turf 2),,0.0,,0.0,0.0,0.0,,,1.0,6.0,20.0,6.0,20.0,3.33,Al Amarat,
GC Wilson,Al Amerat Cricket Ground Oman Cricket (Ministry Turf 1),2.0,3.0,6.0,0.0,0.0,6.0,50.0,0.5,,,,,0.0,0.0,Al Amarat,
GC Wilson,Sheikh Zayed Stadium,2.0,14.0,9.0,1.0,0.0,9.0,155.56,1.56,,,,,0.0,0.0,Abu Dhabi,
GC Wilson,Sportpark Het Schootsveld,1.0,1.0,1.0,0.0,0.0,1.0,100.0,1.0,,,,,0.0,0.0,Deventer,
GC Wilson,"The Village, Malahide",3.0,7.0,9.0,1.0,0.0,9.0,77.78,0.78,,,,,0.0,0.0,Dublin,
GD Drummond,Dubai International Cricket Stadium,1.0,3.0,5.0,0.0,0.0,5.0,60.0,0.6,1.0,5.0,2.0,5.0,2.4,0.4,,
GD Elliott,Eden Gardens,1.0,2.0,3.0,0.0,0.0,3.0,66.67,0.67,1.0,3.0,6.0,3.0,12.0,2.0,Kolkata,
GD Elliott,Gaddafi Stadium,1.0,7.0,3.0,1.0,0.0,3.0,233.33,2.33,1.0,7.0,9.0,7.0,7.71,1.29,Lahore,
GD Elliott,Harare Sports Club,1.0,4.0,4.0,0.0,0.0,4.0,100.0,1.0,,,,,0.0,0.0,,
GD Phillips,"Bay Oval, Mount Maunganui",3.0,16.0,21.0,1.0,0.0,21.0,76.19,0.76,,,,,0.0,0.0,Mount Maunganui,
GD Phillips,"Bharat Ratna Shri Atal Bihari Vajpayee Ekana Cricket Stadium, Lucknow",1.0,1.0,1.0,0.0,0.0,1.0,100.0,1.0,1.0,13.0,12.0,13.0,5.54,0.92,Lucknow,
GD Phillips,"Civil Service Cricket Club, Stormont, Belfast",3.0,18.0,20.0,0.0,0.0,20.0,90.0,0.9,,,,,0.0,0.0,Belfast,
GD Phillips,Dubai International Cricket Stadium,2.0,12.0,15.0,1.0,0.0,15.0,80.0,0.8,,,,,0.0,0.0,,
GD Phillips,Eden Park,3.0,23.0,27.0,1.0,1.0,27.0,85.19,0.85,1.0,7.0,4.0,7.0,3.43,0.57,Auckland,
GD Phillips,"Eden Park, Auckland",1.0,3.0,4.0,0.0,0.0,4.0,75.0,0.75,,,,,0.0,0.0,Auckland,
GD Phillips,"Grange Cricket Club Ground, Raeburn Place, Edinburgh",1.0,2.0,2.0,0.0,0.0,2.0,100.0,1.0,,,,,0.0,0.0,Edinburgh,
GD Phillips,Greenfield International Stadium,1.0,1.0,2.0,0.0,0.0,2.0,50.0,0.5,,,,,0.0,0.0,Thiruvananthapuram,
GD Phillips,"Hagley Oval, Christchurch",6.0,148.0,89.0,9.0,8.0,89.0,166.29,1.66,1.0,3.0,5.0,3.0,10.0,1.67,Christchurch,
GD Phillips,"JSCA International Stadium Complex, Ranchi",1.0,6.0,13.0,0.0,0.0,13.0,46.15,0.46,,,,,0.0,0.0,Ranchi,
GD Phillips,McLean Park,2.0,89.0,51.0,9.0,2.0,51.0,174.51,1.75,1.0,15.0,15.0,15.0,6.0,1.0,Napier,
GD Phillips,"McLean Park, Napier",2.0,7.0,10.0,1.0,0.0,10.0,70.0,0.7,,,,,0.0,0.0,Napier,
GD Phillips,"Narendra Modi Stadium, Ahmedabad",1.0,1.0,4.0,0.0,0.0,4.0,25.0,0.25,,,,,0.0,0.0,Ahmedabad,
GD Phillips,Seddon Park,1.0,24.0,11.0,3.0,1.0,11.0,218.18,2.18,1.0,7.0,5.0,7.0,4.29,0.71,Hamilton,
GD Phillips,"Seddon Park, Hamilton",1.0,11.0,6.0,2.0,0.0,6.0,183.33,1.83,,,,,0.0,0.0,Hamilton,
GD Phillips,Sharjah Cricket Stadium,2.0,15.0,17.0,1.0,0.0,17.0,88.24,0.88,,,,,0.0,0.0,Sharjah,
GD Phillips,Sheikh Zayed Stadium,1.0,10.0,9.0,2.0,0.0,9.0,111.11,1.11,,,,,0.0,0.0,Abu Dhabi,
GD Phillips,"Sportpark Westvliet, The Hague",1.0,5.0,5.0,0.0,0.0,5.0,100.0,1.0,,,,,0.0,0.0,The Hague,
GD Phillips,Sydney Cricket Ground,1.0,6.0,8.0,1.0,0.0,8.0,75.0,0.75,,,,,0.0,0.0,,
GD Phillips,"Trent Bridge, Nottingham",1.0,14.0,11.0,2.0,0.0,11.0,127.27,1.27,,,,,0.0,0.0,Nottingham,
GD Phillips,"University Oval, Dunedin",1.0,11.0,12.0,1.0,0.0,12.0,91.67,0.92,,,,,0.0,0.0,Dunedin,
GDR Eranga,Sheikh Zayed Stadium,1.0,1.0,1.0,0.0,0.0,1.0,100.0,1.0,2.0,9.0,10.0,9.0,6.67,1.11,Abu Dhabi,
GDR Eranga,"White Hill Field, Sandys Parish",,0.0,,0.0,0.0,0.0,,,1.0,2.0,1.0,2.0,3.0,0.5,Hamilton,
GF Linde,"Gaddafi Stadium, Lahore",2.0,9.0,14.0,1.0,0.0,14.0,64.29,0.64,2.0,36.0,31.0,36.0,5.17,0.86,Lahore,
GF Linde,Harare Sports Club,3.0,9.0,7.0,0.0,0.0,7.0,128.57,1.29,2.0,9.0,6.0,9.0,4.0,0.67,,
GF Linde,"Kingsmead, Durban",1.0,48.0,25.0,3.0,4.0,25.0,192.0,1.92,1.0,26.0,22.0,26.0,5.08,0.85,Durban,
GF Linde,Rawalpindi Cricket Stadium,1.0,36.0,26.0,4.0,1.0,26.0,138.46,1.38,1.0,18.0,30.0,18.0,10.0,1.67,,
GF Linde,"SuperSport Park, Centurion",2.0,17.0,13.0,1.0,1.0,13.0,130.77,1.31,2.0,48.0,66.0,48.0,8.25,1.38,Centurion,
GF Linde,"The Village, Malahide, Dublin",,0.0,,0.0,0.0,0.0,,,1.0,4.0,1.0,4.0,1.5,0.25,Dublin,
GF Linde,"The Wanderers Stadium, Johannesburg",2.0,14.0,10.0,0.0,1.0,10.0,140.0,1.4,2.0,26.0,32.0,26.0,7.38,1.23,Johannesburg,
GG Alta,Roma Cricket Ground,1.0,0.0,1.0,0.0,0.0,1.0,0.0,0.0,,,,,0.0,0.0,Spinaceto,
GG Banner,"Coolidge Cricket Ground, Antigua",1.0,5.0,6.0,1.0,0.0,6.0,83.33,0.83,,,,,0.0,0.0,Coolidge,
GH Dockrell,Adelaide Oval,1.0,23.0,15.0,3.0,0.0,15.0,153.33,1.53,1.0,14.0,18.0,14.0,7.71,1.29,Adelaide,
GH Dockrell,Al Amerat Cricket Ground Oman Cricket (Ministry Turf 1),7.0,73.0,54.0,6.0,3.0,54.0,135.19,1.35,6.0,103.0,138.0,103.0,8.04,1.34,Al Amarat,
GH Dockrell,Al Amerat Cricket Ground Oman Cricket (Ministry Turf 2),2.0,42.0,27.0,2.0,3.0,27.0,155.56,1.56,,,,,0.0,0.0,Al Amarat,
GH Dockrell,"Bellerive Oval, Hobart",3.0,77.0,67.0,7.0,1.0,67.0,114.93,1.15,1.0,6.0,9.0,6.0,9.0,1.5,Hobart,
GH Dockrell,Bready,1.0,1.0,1.0,0.0,0.0,1.0,100.0,1.0,1.0,13.0,16.0,13.0,7.38,1.23,Derry,
GH Dockrell,"Bready Cricket Club, Magheramason",1.0,10.0,6.0,1.0,0.0,6.0,166.67,1.67,1.0,24.0,22.0,24.0,5.5,0.92,Bready,
GH Dockrell,"Bready Cricket Club, Magheramason, Bready",2.0,29.0,16.0,3.0,1.0,16.0,181.25,1.81,,,,,0.0,0.0,Bready,
GH Dockrell,"Brisbane Cricket Ground, Woolloongabba, Brisbane",1.0,0.0,4.0,0.0,0.0,4.0,0.0,0.0,1.0,24.0,24.0,24.0,6.0,1.0,Brisbane,
GH Dockrell,"Castle Avenue, Dublin",5.0,86.0,64.0,9.0,3.0,64.0,134.38,1.34,1.0,6.0,5.0,6.0,5.0,0.83,Dublin,
GH Dockrell,"Central Broward Regional Park Stadium Turf Ground, Lauderhill",1.0,11.0,10.0,2.0,0.0,10.0,110.0,1.1,,,,,0.0,0.0,Lauderhill,
GH Dockrell,"Civil Service Cricket Club, Stormont",1.0,8.0,8.0,0.0,0.0,8.0,100.0,1.0,1.0,6.0,9.0,6.0,9.0,1.5,Belfast,
GH Dockrell,"Civil Service Cricket Club, Stormont, Belfast",4.0,45.0,44.0,5.0,1.0,44.0,102.27,1.02,3.0,56.0,68.0,56.0,7.29,1.21,Belfast,
GH Dockrell,"County Ground, Bristol",2.0,46.0,32.0,2.0,3.0,32.0,143.75,1.44,1.0,6.0,11.0,6.0,11.0,1.83,Bristol,
GH Dockrell,Dubai International Cricket Stadium,3.0,35.0,19.0,2.0,1.0,19.0,184.21,1.84,9.0,175.0,177.0,175.0,6.07,1.01,,
GH Dockrell,"Goldenacre, Edinburgh",1.0,12.0,5.0,2.0,0.0,5.0,240.0,2.4,2.0,21.0,22.0,21.0,6.29,1.05,Edinburgh,
GH Dockrell,"Grange Cricket Club Ground, Raeburn Place, Edinburgh",2.0,30.0,13.0,0.0,3.0,13.0,230.77,2.31,1.0,6.0,15.0,6.0,15.0,2.5,Edinburgh,
GH Dockrell,Harare Sports Club,7.0,125.0,95.0,9.0,5.0,95.0,131.58,1.32,4.0,43.0,62.0,43.0,8.65,1.44,,
GH Dockrell,Hazelaarweg,1.0,9.0,10.0,0.0,0.0,10.0,90.0,0.9,2.0,48.0,49.0,48.0,6.12,1.02,Rotterdam,
GH Dockrell,Himachal Pradesh Cricket Association Stadium,1.0,0.0,1.0,0.0,0.0,1.0,0.0,0.0,2.0,25.0,27.0,25.0,6.48,1.08,Dharamsala,
GH Dockrell,"ICC Academy, Dubai",2.0,18.0,20.0,0.0,1.0,20.0,90.0,0.9,,,,,0.0,0.0,Dubai,
GH Dockrell,"Malahide, Dublin",2.0,14.0,15.0,0.0,1.0,15.0,93.33,0.93,,,,,0.0,0.0,Dublin,
GH Dockrell,Melbourne Cricket Ground,1.0,0.0,1.0,0.0,0.0,1.0,0.0,0.0,1.0,6.0,5.0,6.0,5.0,0.83,,
GH Dockrell,Mombasa Sports Club Ground,1.0,2.0,2.0,0.0,0.0,2.0,100.0,1.0,3.0,73.0,55.0,73.0,4.52,0.75,,
GH Dockrell,"Nassau County International Cricket Stadium, New York",2.0,33.0,28.0,2.0,1.0,28.0,117.86,1.18,,,,,0.0,0.0,New York,
GH Dockrell,"National Cricket Stadium, Grenada",1.0,5.0,6.0,0.0,0.0,6.0,83.33,0.83,1.0,27.0,51.0,27.0,11.33,1.89,St George's,
GH Dockrell,Providence Stadium,1.0,0.0,8.0,0.0,0.0,8.0,0.0,0.0,2.0,48.0,35.0,48.0,4.38,0.73,Guyana,
GH Dockrell,R Premadasa Stadium,,0.0,,0.0,0.0,0.0,,,1.0,19.0,31.0,19.0,9.79,1.63,Colombo,
GH Dockrell,"Sabina Park, Kingston",,0.0,,0.0,0.0,0.0,,,2.0,42.0,29.0,42.0,4.14,0.69,Jamaica,
GH Dockrell,Sheikh Zayed Stadium,3.0,19.0,17.0,1.0,0.0,17.0,111.76,1.12,6.0,111.0,146.0,111.0,7.89,1.32,Abu Dhabi,
GH Dockrell,Sportpark Het Schootsveld,,0.0,,0.0,0.0,0.0,,,2.0,43.0,51.0,43.0,7.12,1.19,Deventer,
GH Dockrell,"Sportpark Westvliet, The Hague",3.0,63.0,48.0,5.0,2.0,48.0,131.25,1.31,3.0,24.0,22.0,24.0,5.5,0.92,The Hague,
GH Dockrell,Sylhet Stadium,,0.0,,0.0,0.0,0.0,,,3.0,48.0,72.0,48.0,9.0,1.5,,
GH Dockrell,"The Village, Malahide",4.0,21.0,21.0,0.0,2.0,21.0,100.0,1.0,5.0,117.0,151.0,117.0,7.74,1.29,Dublin,
GH Dockrell,"The Village, Malahide, Dublin",4.0,46.0,30.0,3.0,4.0,30.0,153.33,1.53,1.0,12.0,19.0,12.0,9.5,1.58,Dublin,
GH Dockrell,Tolerance Oval,,0.0,,0.0,0.0,0.0,,,2.0,35.0,41.0,35.0,7.03,1.17,Abu Dhabi,
GH Dockrell,Tony Ireland Stadium,1.0,7.0,6.0,1.0,0.0,6.0,116.67,1.17,2.0,42.0,34.0,42.0,4.86,0.81,Townsville,
GH Dockrell,"Warner Park, St Kitts",1.0,2.0,3.0,0.0,0.0,3.0,66.67,0.67,,,,,0.0,0.0,Basseterre,
GH Dockrell,"Zahur Ahmed Chowdhury Stadium, Chattogram",2.0,2.0,4.0,0.0,0.0,4.0,50.0,0.5,,,,,0.0,0.0,Chattogram,
GH Dockrell,"Zayed Cricket Stadium, Abu Dhabi",2.0,41.0,29.0,2.0,1.0,29.0,141.38,1.41,,,,,0.0,0.0,Abu Dhabi,
GH O'Brien,National Stadium,,0.0,,0.0,0.0,0.0,,,1.0,6.0,17.0,6.0,17.0,2.83,Karachi,
GH Worker,Harare Sports Club,1.0,10.0,4.0,0.0,0.0,4.0,250.0,2.5,,,,,0.0,0.0,,
GI Hume,"Castle Avenue, Dublin",2.0,3.0,3.0,0.0,0.0,3.0,100.0,1.0,2.0,25.0,49.0,25.0,11.76,1.96,Dublin,
GI Hume,Harare Sports Club,,0.0,,0.0,0.0,0.0,,,1.0,6.0,0.0,6.0,0.0,0.0,,
GI Hume,"Zahur Ahmed Chowdhury Stadium, Chattogram",1.0,20.0,18.0,0.0,2.0,18.0,111.11,1.11,2.0,16.0,36.0,16.0,13.5,2.25,Chattogram,
GJ Bailey,Gaddafi Stadium,1.0,1.0,2.0,0.0,0.0,2.0,50.0,0.5,,,,,0.0,0.0,Lahore,
GJ Bailey,Shere Bangla National Stadium,1.0,1.0,4.0,0.0,0.0,4.0,25.0,0.25,,,,,0.0,0.0,Mirpur,
GJ Delany,Al Amerat Cricket Ground Oman Cricket (Ministry Turf 1),3.0,11.0,16.0,0.0,0.0,16.0,68.75,0.69,3.0,8.0,10.0,8.0,7.5,1.25,Al Amarat,
GJ Delany,Al Amerat Cricket Ground Oman Cricket (Ministry Turf 2),1.0,30.0,17.0,1.0,3.0,17.0,176.47,1.76,,,,,0.0,0.0,Al Amarat,
GJ Delany,"Bellerive Oval, Hobart",1.0,15.0,10.0,1.0,1.0,10.0,150.0,1.5,1.0,11.0,19.0,11.0,10.36,1.73,Hobart,
GJ Delany,Bready,1.0,0.0,1.0,0.0,0.0,1.0,0.0,0.0,,,,,0.0,0.0,Derry,
GJ Delany,"Bready Cricket Club, Magheramason",,0.0,,0.0,0.0,0.0,,,1.0,2.0,1.0,2.0,3.0,0.5,Bready,
GJ Delany,"Castle Avenue, Dublin",2.0,22.0,11.0,2.0,1.0,11.0,200.0,2.0,1.0,12.0,11.0,12.0,5.5,0.92,Dublin,
GJ Delany,"Central Broward Regional Park Stadium Turf Ground, Lauderhill",1.0,27.0,17.0,0.0,3.0,17.0,158.82,1.59,1.0,12.0,19.0,12.0,9.5,1.58,Lauderhill,
GJ Delany,Dubai International Cricket Stadium,1.0,1.0,3.0,0.0,0.0,3.0,33.33,0.33,1.0,3.0,2.0,3.0,4.0,0.67,,
GJ Delany,Harare Sports Club,,0.0,,0.0,0.0,0.0,,,2.0,12.0,17.0,12.0,8.5,1.42,,
GJ Delany,"Nassau County International Cricket Stadium, New York",2.0,17.0,10.0,2.0,1.0,10.0,170.0,1.7,,,,,0.0,0.0,New York,
GJ Delany,Sharjah Cricket Stadium,1.0,3.0,3.0,0.0,0.0,3.0,100.0,1.0,,,,,0.0,0.0,Sharjah,
GJ Delany,Sheikh Zayed Stadium,1.0,4.0,3.0,1.0,0.0,3.0,133.33,1.33,1.0,4.0,3.0,4.0,4.5,0.75,Abu Dhabi,
GJ Delany,"Sportpark Westvliet, The Hague",,0.0,,0.0,0.0,0.0,,,1.0,8.0,10.0,8.0,7.5,1.25,The Hague,
GJ Delany,"The Village, Malahide",1.0,10.0,8.0,1.0,0.0,8.0,125.0,1.25,,,,,0.0,0.0,Dublin,
GJ Delany,"The Village, Malahide, Dublin",2.0,0.0,3.0,0.0,0.0,3.0,0.0,0.0,2.0,6.0,5.0,6.0,5.0,0.83,Dublin,
GJ Delany,Tolerance Oval,1.0,72.0,37.0,8.0,3.0,37.0,194.59,1.95,1.0,4.0,9.0,4.0,13.5,2.25,Abu Dhabi,
GJ Delany,"Zahur Ahmed Chowdhury Stadium, Chattogram",1.0,17.0,9.0,2.0,0.0,9.0,188.89,1.89,3.0,23.0,30.0,23.0,7.83,1.3,Chattogram,
GJ Maxwell,"Barsapara Cricket Stadium, Guwahati",1.0,47.0,24.0,2.0,4.0,24.0,195.83,1.96,1.0,1.0,1.0,1.0,6.0,1.0,Guwahati,
GJ Maxwell,"Brisbane Cricket Ground, Woolloongabba",1.0,9.0,10.0,0.0,0.0,10.0,90.0,0.9,,,,,0.0,0.0,Brisbane,
GJ Maxwell,"Brisbane Cricket Ground, Woolloongabba, Brisbane",1.0,43.0,20.0,5.0,3.0,20.0,215.0,2.15,,,,,0.0,0.0,Brisbane,
GJ Maxwell,Carrara Oval,1.0,1.0,2.0,0.0,0.0,2.0,50.0,0.5,,,,,0.0,0.0,Carrara,
GJ Maxwell,"Daren Sammy National Cricket Stadium, Gros Islet, St Lucia",1.0,2.0,4.0,0.0,0.0,4.0,50.0,0.5,,,,,0.0,0.0,Gros Islet,
GJ Maxwell,Dubai International Cricket Stadium,4.0,66.0,57.0,6.0,2.0,57.0,115.79,1.16,3.0,33.0,29.0,33.0,5.27,0.88,,
GJ Maxwell,"Greenfield International Stadium, Thiruvananthapuram",1.0,2.0,4.0,0.0,0.0,4.0,50.0,0.5,1.0,6.0,14.0,6.0,14.0,2.33,Thiruvananthapuram,
GJ Maxwell,Harare Sports Club,2.0,15.0,13.0,2.0,0.0,13.0,115.38,1.15,3.0,33.0,45.0,33.0,8.18,1.36,,
GJ Maxwell,Himachal Pradesh Cricket Association Stadium,1.0,10.0,6.0,2.0,0.0,6.0,166.67,1.67,,,,,0.0,0.0,Dharamsala,
GJ Maxwell,"Kensington Oval, Bridgetown, Barbados",,0.0,,0.0,0.0,0.0,,,1.0,6.0,5.0,6.0,5.0,0.83,Bridgetown,
GJ Maxwell,M Chinnaswamy Stadium,1.0,13.0,4.0,0.0,2.0,4.0,325.0,3.25,,,,,0.0,0.0,Bangalore,
GJ Maxwell,Melbourne Cricket Ground,1.0,4.0,5.0,0.0,0.0,5.0,80.0,0.8,,,,,0.0,0.0,,
GJ Maxwell,"Punjab Cricket Association IS Bindra Stadium, Mohali, Chandigarh",,0.0,,0.0,0.0,0.0,,,1.0,4.0,8.0,4.0,12.0,2.0,Chandigarh,
GJ Maxwell,Sheikh Zayed Stadium,1.0,1.0,4.0,0.0,0.0,4.0,25.0,0.25,,,,,0.0,0.0,Abu Dhabi,
GJ Maxwell,Shere Bangla National Stadium,1.0,4.0,2.0,1.0,0.0,2.0,200.0,2.0,,,,,0.0,0.0,Mirpur,
GJ Maxwell,"Sir Vivian Richards Stadium, North Sound, Antigua",1.0,14.0,6.0,1.0,1.0,6.0,233.33,2.33,1.0,6.0,7.0,6.0,7.0,1.17,North Sound,
GJ Maxwell,Sydney Cricket Ground,3.0,31.0,33.0,3.0,0.0,33.0,93.94,0.94,4.0,21.0,23.0,21.0,6.57,1.1,,
GJ Snyman,Gaddafi Stadium,1.0,1.0,1.0,0.0,0.0,1.0,100.0,1.0,1.0,6.0,12.0,6.0,12.0,2.0,Lahore,
GJ van Rensburg,Al Amerat Cricket Ground Oman Cricket (Ministry Turf 1),1.0,2.0,4.0,0.0,0.0,4.0,50.0,0.5,,,,,0.0,0.0,Al Amarat,
GK Berg,"Simar Cricket Ground, Rome",,0.0,,0.0,0.0,0.0,,,1.0,1.0,1.0,1.0,6.0,1.0,Rome,
GL Cloete,Newlands,1.0,2.0,4.0,0.0,0.0,4.0,50.0,0.5,,,,,0.0,0.0,Cape Town,
GM Muthui,"Gymkhana Club Ground, Nairobi",1.0,2.0,3.0,0.0,0.0,3.0,66.67,0.67,1.0,3.0,3.0,3.0,6.0,1.0,Nairobi,
GM Muthui,"United Cricket Club Ground, Windhoek",,0.0,,0.0,0.0,0.0,,,2.0,12.0,32.0,12.0,16.0,2.67,Windhoek,
GM Ntambalika,Integrated Polytechnic Regional Centre,1.0,1.0,3.0,0.0,0.0,3.0,33.33,0.33,,,,,0.0,0.0,Kigali City,
GM Strydom,"White Hill Field, Sandys Parish",2.0,27.0,26.0,2.0,1.0,26.0,103.85,1.04,,,,,0.0,0.0,Hamilton,
GP Meade,"Goldenacre, Edinburgh",1.0,7.0,7.0,1.0,0.0,7.0,100.0,1.0,,,,,0.0,0.0,Edinburgh,
GP Meade,"Simar Cricket Ground, Rome",1.0,1.0,1.0,0.0,0.0,1.0,100.0,1.0,,,,,0.0,0.0,Rome,
GR Adair,"Castle Avenue, Dublin",1.0,0.0,4.0,0.0,0.0,4.0,0.0,0.0,,,,,0.0,0.0,Dublin,
GR Adair,"The Village, Malahide, Dublin",1.0,0.0,2.0,0.0,0.0,2.0,0.0,0.0,,,,,0.0,0.0,Dublin,
GR Adair,"Zahur Ahmed Chowdhury Stadium, Chattogram",3.0,21.0,20.0,4.0,0.0,20.0,105.0,1.05,,,,,0.0,0.0,Chattogram,
GR Russ,Al Amerat Cricket Ground Oman Cricket (Ministry Turf 2),1.0,0.0,1.0,0.0,0.0,1.0,0.0,0.0,,,,,0.0,0.0,Al Amarat,
GS Ballance,Harare Sports Club,1.0,2.0,2.0,0.0,0.0,2.0,100.0,1.0,,,,,0.0,0.0,,
GSNFG Jayasuriya,Eden Park,1.0,1.0,3.0,0.0,0.0,3.0,33.33,0.33,,,,,0.0,0.0,Auckland,
GSNFG Jayasuriya,Gaddafi Stadium,2.0,24.0,19.0,3.0,0.0,19.0,126.32,1.26,,,,,0.0,0.0,Lahore,
GSNFG Jayasuriya,R Premadasa Stadium,,0.0,,0.0,0.0,0.0,,,1.0,1.0,0.0,1.0,0.0,0.0,Colombo,
GSNFG Jayasuriya,Shere Bangla National Stadium,1.0,2.0,3.0,0.0,0.0,3.0,66.67,0.67,,,,,0.0,0.0,Mirpur,
GT Taylor,"Coolidge Cricket Ground, Antigua",,0.0,,0.0,0.0,0.0,,,1.0,15.0,15.0,15.0,6.0,1.0,Coolidge,
GT Taylor,"Maple Leaf North-East Ground, King City",1.0,1.0,2.0,0.0,0.0,2.0,50.0,0.5,1.0,3.0,6.0,3.0,12.0,2.0,King City,
GT Taylor,"Maple Leaf North-West Ground, King City",1.0,0.0,4.0,0.0,0.0,4.0,0.0,0.0,,,,,0.0,0.0,King City,
Gagandeep Singh,"Willowmoore Park, Benoni",1.0,3.0,3.0,0.0,0.0,3.0,100.0,1.0,,,,,0.0,0.0,Benoni,
Garret Banner,"Coolidge Cricket Ground, Antigua",,0.0,,0.0,0.0,0.0,,,1.0,5.0,15.0,5.0,18.0,3.0,Coolidge,
Ghulam Ahmadi,Bayer Uerdingen Cricket Ground,,0.0,,0.0,0.0,0.0,,,2.0,12.0,8.0,12.0,4.0,0.67,Krefeld,
Ghulam Shabber,ICC Academy,3.0,17.0,22.0,2.0,0.0,22.0,77.27,0.77,,,,,0.0,0.0,Dubai,
Ghulam Shabber,Sheikh Zayed Stadium,1.0,4.0,10.0,0.0,0.0,10.0,40.0,0.4,,,,,0.0,0.0,Abu Dhabi,
Gulsan Jha,Al Amerat Cricket Ground Oman Cricket (Ministry Turf 1),,0.0,,0.0,0.0,0.0,,,1.0,11.0,14.0,11.0,7.64,1.27,Al Amarat,
Gulsan Jha,"Arnos Vale Ground, Kingstown, St Vincent",1.0,0.0,4.0,0.0,0.0,4.0,0.0,0.0,,,,,0.0,0.0,Kingstown,
Gulsan Jha,"Grand Prairie Stadium, Dallas",2.0,13.0,7.0,1.0,1.0,7.0,185.71,1.86,4.0,34.0,47.0,34.0,8.29,1.38,Dallas,
Gulsan Jha,"Maple Leaf North-West Ground, King City",3.0,53.0,33.0,3.0,4.0,33.0,160.61,1.61,2.0,23.0,24.0,23.0,6.26,1.04,King City,
Gulsan Jha,"Tribhuvan University International Cricket Ground, Kirtipur",3.0,58.0,31.0,2.0,6.0,31.0,187.1,1.87,2.0,20.0,33.0,20.0,9.9,1.65,Kirtipur,
Gulsan Jha,Zhejiang University of Technology Cricket Field,1.0,6.0,6.0,1.0,0.0,6.0,100.0,1.0,,,,,0.0,0.0,Hangzhou,
Gurdeep Singh,Entebbe Cricket Oval,1.0,2.0,5.0,0.0,0.0,5.0,40.0,0.4,1.0,6.0,14.0,6.0,14.0,2.33,Entebbe,
H Carlyon,Bulawayo Athletic Club,1.0,2.0,5.0,0.0,0.0,5.0,40.0,0.4,,,,,0.0,0.0,Bulawayo,
H Carlyon,Tolerance Oval,1.0,3.0,3.0,0.0,0.0,3.0,100.0,1.0,,,,,0.0,0.0,Abu Dhabi,
H Fennell,"Sir Vivian Richards Stadium, North Sound, Antigua",,0.0,,0.0,0.0,0.0,,,1.0,2.0,5.0,2.0,15.0,2.5,North Sound,
H Hiri,Al Amerat Cricket Ground Oman Cricket (Ministry Turf 1),3.0,67.0,60.0,5.0,1.0,60.0,111.67,1.12,,,,,0.0,0.0,Al Amarat,
H Hiri,"Mission Road Ground, Mong Kok, Hong Kong",2.0,22.0,13.0,1.0,2.0,13.0,169.23,1.69,,,,,0.0,0.0,Mong Kok,
H Isorena,Al Amerat Cricket Ground Oman Cricket (Ministry Turf 2),1.0,5.0,12.0,1.0,0.0,12.0,41.67,0.42,,,,,0.0,0.0,Al Amarat,
H Kaushik,Al Amerat Cricket Ground Oman Cricket (Ministry Turf 1),,0.0,,0.0,0.0,0.0,,,2.0,14.0,10.0,14.0,4.29,0.71,Al Amarat,
H Kaushik,Dubai International Cricket Stadium,2.0,2.0,3.0,0.0,0.0,3.0,66.67,0.67,,,,,0.0,0.0,,
H Kaushik,Sharjah Cricket Stadium,1.0,3.0,5.0,0.0,0.0,5.0,60.0,0.6,,,,,0.0,0.0,Sharjah,
H Klaasen,"Barabati Stadium, Cuttack",1.0,6.0,4.0,1.0,0.0,4.0,150.0,1.5,,,,,0.0,0.0,Cuttack,
H Klaasen,"Dr. Y.S. Rajasekhara Reddy ACA-VDCA Cricket Stadium, Visakhapatnam",1.0,3.0,3.0,0.0,0.0,3.0,100.0,1.0,,,,,0.0,0.0,Visakhapatnam,
H Klaasen,Gaddafi Stadium,2.0,6.0,5.0,1.0,0.0,5.0,120.0,1.2,,,,,0.0,0.0,Lahore,
H Klaasen,"Kensington Oval, Bridgetown, Barbados",1.0,11.0,6.0,0.0,1.0,6.0,183.33,1.83,,,,,0.0,0.0,Bridgetown,
H Klaasen,"Kingsmead, Durban",2.0,19.0,17.0,1.0,1.0,17.0,111.76,1.12,,,,,0.0,0.0,Durban,
H Klaasen,"Nassau County International Cricket Stadium, New York",1.0,31.0,33.0,2.0,2.0,33.0,93.94,0.94,,,,,0.0,0.0,New York,
H Klaasen,Newlands,1.0,5.0,5.0,0.0,0.0,5.0,100.0,1.0,,,,,0.0,0.0,Cape Town,
H Klaasen,"Saurashtra Cricket Association Stadium, Rajkot",1.0,1.0,1.0,0.0,0.0,1.0,100.0,1.0,,,,,0.0,0.0,Rajkot,
H Klaasen,"Sir Vivian Richards Stadium, North Sound, Antigua",1.0,20.0,11.0,0.0,2.0,11.0,181.82,1.82,,,,,0.0,0.0,North Sound,
H Klaasen,"St George's Park, Gqeberha",2.0,8.0,6.0,0.0,1.0,6.0,133.33,1.33,,,,,0.0,0.0,Gqeberha,
H Klaasen,SuperSport Park,1.0,0.0,4.0,0.0,0.0,4.0,0.0,0.0,,,,,0.0,0.0,Centurion,
H Klaasen,"SuperSport Park, Centurion",4.0,36.0,32.0,4.0,0.0,32.0,112.5,1.12,,,,,0.0,0.0,Centurion,
H Klaasen,Sydney Cricket Ground,1.0,15.0,9.0,3.0,0.0,9.0,166.67,1.67,,,,,0.0,0.0,,
H Klaasen,The Wanderers Stadium,1.0,5.0,9.0,0.0,0.0,9.0,55.56,0.56,,,,,0.0,0.0,Johannesburg,
H Klaasen,"The Wanderers Stadium, Johannesburg",4.0,61.0,35.0,5.0,4.0,35.0,174.29,1.74,,,,,0.0,0.0,Johannesburg,
H Klazinge,"Namibia Cricket Ground, Windhoek",1.0,1.0,1.0,0.0,0.0,1.0,100.0,1.0,,,,,0.0,0.0,Windhoek,
H Klazinge,"United Cricket Club Ground, Windhoek",1.0,1.0,1.0,0.0,0.0,1.0,100.0,1.0,1.0,3.0,2.0,3.0,4.0,0.67,Windhoek,
H Masakadza,Bready,1.0,0.0,3.0,0.0,0.0,3.0,0.0,0.0,,,,,0.0,0.0,Derry,
H Masakadza,Harare Sports Club,3.0,12.0,17.0,1.0,1.0,17.0,70.59,0.71,,,,,0.0,0.0,,
H Masakadza,Sheikh Abu Naser Stadium,3.0,36.0,31.0,2.0,2.0,31.0,116.13,1.16,,,,,0.0,0.0,Khulna,
H Masakadza,"Shere Bangla National Stadium, Mirpur",1.0,9.0,10.0,1.0,0.0,10.0,90.0,0.9,,,,,0.0,0.0,Dhaka,
H Masakadza,Sylhet Stadium,1.0,1.0,1.0,0.0,0.0,1.0,100.0,1.0,,,,,0.0,0.0,,
H Masakadza,Zahur Ahmed Chowdhury Stadium,1.0,7.0,8.0,1.0,0.0,8.0,87.5,0.88,,,,,0.0,0.0,Chattogram,
H McAleer,Roma Cricket Ground,1.0,0.0,1.0,0.0,0.0,1.0,0.0,0.0,,,,,0.0,0.0,Spinaceto,
H Osinde,Dubai International Cricket Stadium,1.0,0.0,2.0,0.0,0.0,2.0,0.0,0.0,,,,,0.0,0.0,,
H Patel,"Coolidge Cricket Ground, Antigua",1.0,1.0,3.0,0.0,0.0,3.0,33.33,0.33,,,,,0.0,0.0,Coolidge,
H Rathod,Al Amerat Cricket Ground Oman Cricket (Ministry Turf 1),1.0,2.0,2.0,0.0,0.0,2.0,100.0,1.0,1.0,11.0,11.0,11.0,6.0,1.0,Al Amarat,
H Singh,Bayer Uerdingen Cricket Ground,2.0,12.0,11.0,1.0,0.0,11.0,109.09,1.09,,,,,0.0,0.0,Krefeld,
H Ssenyondo,"Achimota Senior Secondary School A Field, Accra",,0.0,,0.0,0.0,0.0,,,1.0,3.0,3.0,3.0,6.0,1.0,Accra,
H Ssenyondo,Harare Sports Club,,0.0,,0.0,0.0,0.0,,,1.0,8.0,11.0,8.0,8.25,1.38,,
H Ssenyondo,"United Cricket Club Ground, Windhoek",,0.0,,0.0,0.0,0.0,,,2.0,17.0,36.0,17.0,12.71,2.12,Windhoek,
H Ssenyondo,"Wanderers Cricket Ground, Windhoek",,0.0,,0.0,0.0,0.0,,,1.0,10.0,9.0,10.0,5.4,0.9,Windhoek,
H Thaker,Al Amerat Cricket Ground Oman Cricket (Ministry Turf 1),4.0,19.0,20.0,0.0,1.0,20.0,95.0,0.95,3.0,32.0,56.0,32.0,10.5,1.75,Al Amarat,
H Thaker,"Coolidge Cricket Ground, Antigua",,0.0,,0.0,0.0,0.0,,,1.0,4.0,2.0,4.0,3.0,0.5,Coolidge,
H Thaker,"Jimmy Powell Oval, Cayman Islands",1.0,2.0,2.0,0.0,0.0,2.0,100.0,1.0,2.0,13.0,12.0,13.0,5.54,0.92,George Town,
H Thaker,"Maple Leaf North-West Ground, King City",2.0,32.0,38.0,0.0,2.0,38.0,84.21,0.84,4.0,43.0,31.0,43.0,4.33,0.72,King City,
H Thaker,"Namibia Cricket Ground, Windhoek",1.0,4.0,7.0,0.0,0.0,7.0,57.14,0.57,1.0,3.0,6.0,3.0,12.0,2.0,Windhoek,
H Thaker,Prairie View Cricket Complex,3.0,19.0,13.0,1.0,1.0,13.0,146.15,1.46,3.0,13.0,35.0,13.0,16.15,2.69,Houston,
H Thaker,"Sportpark Maarschalkerweerd, Utrecht",1.0,8.0,9.0,0.0,0.0,9.0,88.89,0.89,1.0,7.0,15.0,7.0,12.86,2.14,Utrecht,
H Thaker,"Sportpark Westvliet, The Hague",1.0,6.0,8.0,0.0,0.0,8.0,75.0,0.75,1.0,6.0,10.0,6.0,10.0,1.67,The Hague,
H Upadhyay,Sano International Cricket Ground,3.0,2.0,5.0,0.0,0.0,5.0,40.0,0.4,,,,,0.0,0.0,Sano,
HA Chohan,"Willowmoore Park, Benoni",,0.0,,0.0,0.0,0.0,,,1.0,8.0,11.0,8.0,8.25,1.38,Benoni,
HA Varaiya,Dubai International Cricket Stadium,1.0,2.0,4.0,0.0,0.0,4.0,50.0,0.5,1.0,5.0,6.0,5.0,7.2,1.2,,
HA Varaiya,ICC Global Cricket Academy,,0.0,,0.0,0.0,0.0,,,1.0,5.0,5.0,5.0,6.0,1.0,Dubai,
HB Dickson,Sano International Cricket Ground,2.0,0.0,5.0,0.0,0.0,5.0,0.0,0.0,,,,,0.0,0.0,Sano,
HB Shipley,"Gaddafi Stadium, Lahore",,0.0,,0.0,0.0,0.0,,,1.0,17.0,38.0,17.0,13.41,2.24,Lahore,
HB Shipley,Rawalpindi Cricket Stadium,,0.0,,0.0,0.0,0.0,,,1.0,16.0,27.0,16.0,10.12,1.69,,
HC Brook,"Eden Gardens, Kolkata",1.0,1.0,4.0,0.0,0.0,4.0,25.0,0.25,,,,,0.0,0.0,Kolkata,
HC Brook,"Gaddafi Stadium, Lahore",2.0,18.0,21.0,0.0,1.0,21.0,85.71,0.86,,,,,0.0,0.0,Lahore,
HC Brook,"Kennington Oval, London",1.0,17.0,15.0,1.0,1.0,15.0,113.33,1.13,,,,,0.0,0.0,London,
HC Brook,"MA Chidambaram Stadium, Chepauk, Chennai",1.0,2.0,3.0,0.0,0.0,3.0,66.67,0.67,,,,,0.0,0.0,Chennai,
HC Brook,"Maharashtra Cricket Association Stadium, Pune",1.0,27.0,13.0,1.0,2.0,13.0,207.69,2.08,,,,,0.0,0.0,Pune,
HC Brook,Melbourne Cricket Ground,2.0,16.0,18.0,1.0,0.0,18.0,88.89,0.89,,,,,0.0,0.0,,
HC Brook,"National Stadium, Karachi",4.0,89.0,60.0,8.0,4.0,60.0,148.33,1.48,,,,,0.0,0.0,Karachi,
HC Brook,"Old Trafford, Manchester",1.0,4.0,3.0,0.0,0.0,3.0,133.33,1.33,,,,,0.0,0.0,Manchester,
HC Brook,"Providence Stadium, Guyana",1.0,13.0,9.0,2.0,0.0,9.0,144.44,1.44,,,,,0.0,0.0,Providence,
HC Brook,"Riverside Ground, Chester-le-Street",1.0,9.0,5.0,2.0,0.0,5.0,180.0,1.8,,,,,0.0,0.0,Chester-le-Street,
HC Brook,"Saurashtra Cricket Association Stadium, Rajkot",1.0,3.0,6.0,0.0,0.0,6.0,50.0,0.5,,,,,0.0,0.0,Rajkot,
HC Brook,"Trent Bridge, Nottingham",1.0,13.0,5.0,2.0,0.0,5.0,260.0,2.6,,,,,0.0,0.0,Nottingham,
HC Brook,"Wankhede Stadium, Mumbai",1.0,0.0,2.0,0.0,0.0,2.0,0.0,0.0,,,,,0.0,0.0,Mumbai,
HE van der Dussen,"Arun Jaitley Stadium, Delhi",1.0,8.0,12.0,1.0,0.0,12.0,66.67,0.67,,,,,0.0,0.0,Delhi,
HE van der Dussen,"Barabati Stadium, Cuttack",1.0,0.0,1.0,0.0,0.0,1.0,0.0,0.0,,,,,0.0,0.0,Cuttack,
HE van der Dussen,Harare Sports Club,3.0,12.0,13.0,2.0,0.0,13.0,92.31,0.92,,,,,0.0,0.0,,
HE van der Dussen,"Kingsmead, Durban",1.0,0.0,1.0,0.0,0.0,1.0,0.0,0.0,,,,,0.0,0.0,Durban,
HE van der Dussen,"Saurashtra Cricket Association Stadium, Rajkot",1.0,9.0,5.0,2.0,0.0,5.0,180.0,1.8,,,,,0.0,0.0,Rajkot,
HE van der Dussen,SuperSport Park,1.0,28.0,21.0,2.0,2.0,21.0,133.33,1.33,,,,,0.0,0.0,Centurion,
HE van der Dussen,"SuperSport Park, Centurion",3.0,133.0,83.0,7.0,8.0,83.0,160.24,1.6,,,,,0.0,0.0,Centurion,
HE van der Dussen,"The Village, Malahide, Dublin",1.0,14.0,7.0,1.0,1.0,7.0,200.0,2.0,,,,,0.0,0.0,Dublin,
HE van der Dussen,The Wanderers Stadium,1.0,37.0,22.0,1.0,3.0,22.0,168.18,1.68,,,,,0.0,0.0,Johannesburg,
HE van der Dussen,"Zayed Cricket Stadium, Abu Dhabi",1.0,22.0,28.0,2.0,0.0,28.0,78.57,0.79,,,,,0.0,0.0,Abu Dhabi,
HER Tyler,Al Amerat Cricket Ground Oman Cricket (Ministry Turf 2),1.0,1.0,4.0,0.0,0.0,4.0,25.0,0.25,,,,,0.0,0.0,Al Amarat,
HG Munsey,Al Amerat Cricket Ground Oman Cricket (Ministry Turf 1),4.0,72.0,57.0,10.0,3.0,57.0,126.32,1.26,,,,,0.0,0.0,Al Amarat,
HG Munsey,"Bellerive Oval, Hobart",1.0,8.0,15.0,0.0,0.0,15.0,53.33,0.53,,,,,0.0,0.0,Hobart,
HG Munsey,Dubai International Cricket Stadium,2.0,13.0,14.0,1.0,0.0,14.0,92.86,0.93,,,,,0.0,0.0,,
HG Munsey,"Grange Cricket Club, Raeburn Place",1.0,11.0,12.0,2.0,0.0,12.0,91.67,0.92,,,,,0.0,0.0,Edinburgh,
HG Munsey,ICC Academy,2.0,19.0,18.0,3.0,0.0,18.0,105.56,1.06,,,,,0.0,0.0,Dubai,
HG Munsey,"ICC Academy, Dubai",1.0,1.0,7.0,0.0,0.0,7.0,14.29,0.14,,,,,0.0,0.0,Dubai,
HG Munsey,Sharjah Cricket Stadium,1.0,12.0,23.0,2.0,0.0,23.0,52.17,0.52,,,,,0.0,0.0,Sharjah,
HG Munsey,"Sir Vivian Richards Stadium, North Sound, Antigua",1.0,31.0,16.0,1.0,3.0,16.0,193.75,1.94,,,,,0.0,0.0,North Sound,
HG Munsey,Sportpark Het Schootsveld,2.0,14.0,11.0,0.0,1.0,11.0,127.27,1.27,,,,,0.0,0.0,Deventer,
HG Munsey,"Titwood, Glasgow",2.0,13.0,5.0,1.0,1.0,5.0,260.0,2.6,,,,,0.0,0.0,Glasgow,
HGV Vare,Al Amerat Cricket Ground Oman Cricket (Ministry Turf 1),2.0,3.0,6.0,0.0,0.0,6.0,50.0,0.5,,,,,0.0,0.0,Al Amarat,
HGV Vare,"Mission Road Ground, Mong Kok, Hong Kong",1.0,10.0,9.0,1.0,0.0,9.0,111.11,1.11,,,,,0.0,0.0,Mong Kok,
HH Pandya,Adelaide Oval,1.0,3.0,4.0,0.0,0.0,4.0,75.0,0.75,1.0,8.0,12.0,8.0,9.0,1.5,Adelaide,
HH Pandya,"Arun Jaitley Stadium, Delhi",1.0,32.0,20.0,2.0,2.0,20.0,160.0,1.6,,,,,0.0,0.0,Delhi,
HH Pandya,"Bay Oval, Mount Maunganui",1.0,3.0,4.0,0.0,0.0,4.0,75.0,0.75,,,,,0.0,0.0,Mount Maunganui,
HH Pandya,Dubai International Cricket Stadium,6.0,90.0,68.0,11.0,2.0,68.0,132.35,1.32,5.0,96.0,137.0,96.0,8.56,1.43,,
HH Pandya,M Chinnaswamy Stadium,,0.0,,0.0,0.0,0.0,,,1.0,1.0,0.0,1.0,0.0,0.0,Bangalore,
HH Pandya,"McLean Park, Napier",1.0,11.0,3.0,2.0,0.0,3.0,366.67,3.67,,,,,0.0,0.0,Napier,
HH Pandya,Melbourne Cricket Ground,1.0,40.0,38.0,1.0,2.0,38.0,105.26,1.05,2.0,12.0,13.0,12.0,6.5,1.08,,
HH Pandya,"Nassau County International Cricket Stadium, New York",1.0,7.0,10.0,1.0,0.0,10.0,70.0,0.7,3.0,27.0,23.0,27.0,5.11,0.85,New York,
HH Pandya,"Rajiv Gandhi International Stadium, Uppal, Hyderabad",1.0,46.0,16.0,4.0,4.0,16.0,287.5,2.88,1.0,16.0,27.0,16.0,10.12,1.69,Hyderabad,
HH Pandya,Shere Bangla National Stadium,1.0,19.0,10.0,2.0,1.0,10.0,190.0,1.9,,,,,0.0,0.0,Mirpur,
HH Pandya,"Shrimant Madhavrao Scindia Cricket Stadium, Gwalior",1.0,35.0,15.0,4.0,2.0,15.0,233.33,2.33,1.0,17.0,15.0,17.0,5.29,0.88,Gwalior,
HH Pandya,"Sir Vivian Richards Stadium, North Sound, Antigua",1.0,47.0,25.0,4.0,3.0,25.0,188.0,1.88,1.0,7.0,10.0,7.0,8.57,1.43,North Sound,
HH Pandya,"The Village, Malahide",,0.0,,0.0,0.0,0.0,,,1.0,3.0,2.0,3.0,4.0,0.67,Dublin,
HJ Jordaan,Terdthai Cricket Ground,1.0,2.0,3.0,0.0,0.0,3.0,66.67,0.67,,,,,0.0,0.0,Bangkok,
HJ Manenti,"Goldenacre, Edinburgh",1.0,2.0,2.0,0.0,0.0,2.0,100.0,1.0,1.0,4.0,11.0,4.0,16.5,2.75,Edinburgh,
HJ Manenti,"Simar Cricket Ground, Rome",1.0,9.0,7.0,2.0,0.0,7.0,128.57,1.29,1.0,6.0,4.0,6.0,4.0,0.67,Rome,
HK Bennett,Bay Oval,,0.0,,0.0,0.0,0.0,,,1.0,3.0,2.0,3.0,4.0,0.67,Mount Maunganui,
HK Bennett,Eden Park,,0.0,,0.0,0.0,0.0,,,2.0,14.0,28.0,14.0,12.0,2.0,Auckland,
HK Bennett,McLean Park,,0.0,,0.0,0.0,0.0,,,1.0,21.0,31.0,21.0,8.86,1.48,Napier,
HK Bennett,Seddon Park,,0.0,,0.0,0.0,0.0,,,2.0,29.0,30.0,29.0,6.21,1.03,Hamilton,
HK Bennett,"Shere Bangla National Stadium, Mirpur",,0.0,,0.0,0.0,0.0,,,2.0,31.0,37.0,31.0,7.16,1.19,Dhaka,
HK Bennett,Westpac Stadium,,0.0,,0.0,0.0,0.0,,,1.0,1.0,1.0,1.0,6.0,1.0,Wellington,
HM Amla,Gaddafi Stadium,2.0,25.0,17.0,2.0,1.0,17.0,147.06,1.47,,,,,0.0,0.0,Lahore,
HM Amla,Kingsmead,1.0,4.0,7.0,0.0,0.0,7.0,57.14,0.57,,,,,0.0,0.0,Durban,
HM Amla,Senwes Park,1.0,31.0,16.0,3.0,1.0,16.0,193.75,1.94,,,,,0.0,0.0,Potchefstroom,
HM Amla,SuperSport Park,1.0,10.0,9.0,2.0,0.0,9.0,111.11,1.11,,,,,0.0,0.0,Centurion,
HM Nicholls,Eden Gardens,1.0,1.0,4.0,0.0,0.0,4.0,25.0,0.25,,,,,0.0,0.0,Kolkata,
HM Nicholls,"Shere Bangla National Stadium, Mirpur",5.0,59.0,60.0,6.0,0.0,60.0,98.33,0.98,,,,,0.0,0.0,Dhaka,
HN Ya France,"Queens Sports Club, Bulawayo",1.0,1.0,3.0,0.0,0.0,3.0,33.33,0.33,1.0,3.0,6.0,3.0,12.0,2.0,Bulawayo,
HR Walsh,"Central Broward Regional Park Stadium Turf Ground, Lauderhill",1.0,0.0,4.0,0.0,0.0,4.0,0.0,0.0,,,,,0.0,0.0,Lauderhill,
HR Walsh,"Eden Gardens, Kolkata",,0.0,,0.0,0.0,0.0,,,1.0,5.0,7.0,5.0,8.4,1.4,Kolkata,
HR Walsh,"National Stadium, Karachi",1.0,0.0,1.0,0.0,0.0,1.0,0.0,0.0,2.0,21.0,38.0,21.0,10.86,1.81,Karachi,
HR Walsh,"Providence Stadium, Guyana",,0.0,,0.0,0.0,0.0,,,2.0,40.0,38.0,40.0,5.7,0.95,Providence,
HR Walsh,"Rajiv Gandhi International Stadium, Uppal",,0.0,,0.0,0.0,0.0,,,1.0,5.0,6.0,5.0,7.2,1.2,Hyderabad,
HR Walsh,Wankhede Stadium,1.0,1.0,1.0,0.0,0.0,1.0,100.0,1.0,1.0,13.0,19.0,13.0,8.77,1.46,Mumbai,
HR Walsh,"White Hill Field, Sandys Parish",2.0,10.0,12.0,0.0,0.0,12.0,83.33,0.83,2.0,4.0,6.0,4.0,9.0,1.5,Hamilton,
HR Walsh,"Windsor Park, Roseau, Dominica",,0.0,,0.0,0.0,0.0,,,2.0,24.0,24.0,24.0,6.0,1.0,Roseau,
HS Baidwan,Dubai International Cricket Stadium,1.0,3.0,4.0,0.0,0.0,4.0,75.0,0.75,,,,,0.0,0.0,,
HT Tector,Al Amerat Cricket Ground Oman Cricket (Ministry Turf 1),1.0,11.0,5.0,2.0,0.0,5.0,220.0,2.2,,,,,0.0,0.0,Al Amarat,
HT Tector,Al Amerat Cricket Ground Oman Cricket (Ministry Turf 2),1.0,29.0,17.0,2.0,2.0,17.0,170.59,1.71,,,,,0.0,0.0,Al Amarat,
HT Tector,"Castle Avenue, Dublin",3.0,74.0,48.0,9.0,2.0,48.0,154.17,1.54,,,,,0.0,0.0,Dublin,
HT Tector,"Central Broward Regional Park Stadium Turf Ground, Lauderhill",1.0,0.0,5.0,0.0,0.0,5.0,0.0,0.0,,,,,0.0,0.0,Lauderhill,
HT Tector,Harare Sports Club,2.0,13.0,11.0,1.0,0.0,11.0,118.18,1.18,1.0,4.0,4.0,4.0,6.0,1.0,,
HT Tector,"Malahide, Dublin",2.0,8.0,12.0,1.0,0.0,12.0,66.67,0.67,,,,,0.0,0.0,Dublin,
HT Tector,"Nassau County International Cricket Stadium, New York",2.0,5.0,10.0,0.0,0.0,10.0,50.0,0.5,,,,,0.0,0.0,New York,
HT Tector,Sheikh Zayed Stadium,1.0,9.0,7.0,1.0,0.0,7.0,128.57,1.29,,,,,0.0,0.0,Abu Dhabi,
HT Tector,"Sportpark Westvliet, The Hague",,0.0,,0.0,0.0,0.0,,,1.0,4.0,4.0,4.0,6.0,1.0,The Hague,
HT Tector,"The Village, Malahide",1.0,2.0,2.0,0.0,0.0,2.0,100.0,1.0,,,,,0.0,0.0,Dublin,
HT Tector,"The Village, Malahide, Dublin",4.0,60.0,32.0,7.0,2.0,32.0,187.5,1.88,1.0,2.0,1.0,2.0,3.0,0.5,Dublin,
HT Tector,Tolerance Oval,1.0,13.0,8.0,1.0,1.0,8.0,162.5,1.62,,,,,0.0,0.0,Abu Dhabi,
HT Tector,"Zahur Ahmed Chowdhury Stadium, Chattogram",3.0,52.0,40.0,4.0,3.0,40.0,130.0,1.3,3.0,28.0,39.0,28.0,8.36,1.39,Chattogram,
HV Patel,"Eden Gardens, Kolkata",1.0,6.0,5.0,1.0,0.0,5.0,120.0,1.2,1.0,2.0,6.0,2.0,18.0,3.0,Kolkata,
HV Patel,"JSCA International Stadium Complex, Ranchi",,0.0,,0.0,0.0,0.0,,,1.0,1.0,1.0,1.0,6.0,1.0,Ranchi,
HV Patel,"The Village, Malahide, Dublin",,0.0,,0.0,0.0,0.0,,,1.0,7.0,14.0,7.0,12.0,2.0,Dublin,
Haider Ali,Al Amerat Cricket Ground Oman Cricket (Ministry Turf 1),,0.0,,0.0,0.0,0.0,,,2.0,23.0,20.0,23.0,5.22,0.87,Al Amarat,
Haider Ali,Dubai International Cricket Stadium,2.0,6.0,7.0,1.0,0.0,7.0,85.71,0.86,2.0,29.0,38.0,29.0,7.86,1.31,,
Haider Ali,"Hagley Oval, Christchurch",2.0,1.0,6.0,0.0,0.0,6.0,16.67,0.17,,,,,0.0,0.0,Christchurch,
Haider Ali,Perth Stadium,1.0,0.0,1.0,0.0,0.0,1.0,0.0,0.0,,,,,0.0,0.0,Perth,
Haider Ali,Rawalpindi Cricket Stadium,1.0,3.0,4.0,0.0,0.0,4.0,75.0,0.75,,,,,0.0,0.0,,
Haider Ali,Sharjah Cricket Stadium,4.0,28.0,21.0,1.0,1.0,21.0,133.33,1.33,5.0,109.0,95.0,109.0,5.23,0.87,Sharjah,
Haider Ali,"Shere Bangla National Stadium, Mirpur",3.0,23.0,27.0,3.0,0.0,27.0,85.19,0.85,,,,,0.0,0.0,Dhaka,
Haider Butt,Al Amerat Cricket Ground Oman Cricket (Ministry Turf 1),4.0,88.0,62.0,7.0,5.0,62.0,141.94,1.42,,,,,0.0,0.0,Al Amarat,
Haider Butt,"ICC Academy, Dubai",1.0,3.0,4.0,0.0,0.0,4.0,75.0,0.75,,,,,0.0,0.0,Dubai,
Haider Butt,Jinja Cricket Ground,,0.0,,0.0,0.0,0.0,,,1.0,2.0,0.0,2.0,0.0,0.0,Jinja,
Haider Butt,"Tribhuvan University International Cricket Ground, Kirtipur",1.0,8.0,8.0,1.0,0.0,8.0,100.0,1.0,,,,,0.0,0.0,Kirtipur,
Haider Butt,"West End Park International Cricket Stadium, Doha",1.0,15.0,16.0,2.0,0.0,16.0,93.75,0.94,,,,,0.0,0.0,Doha,
Hammad Mirza,Al Amerat Cricket Ground Oman Cricket (Ministry Turf 1),5.0,15.0,17.0,1.0,1.0,17.0,88.24,0.88,,,,,0.0,0.0,Al Amarat,
Hammad Mirza,Al Amerat Cricket Ground Oman Cricket (Ministry Turf 2),1.0,11.0,19.0,1.0,0.0,19.0,57.89,0.58,,,,,0.0,0.0,Al Amarat,
Hammad Mirza,Dubai International Cricket Stadium,1.0,27.0,24.0,3.0,1.0,24.0,112.5,1.12,,,,,0.0,0.0,,
Hammad Mirza,"Zayed Cricket Stadium, Abu Dhabi",1.0,32.0,17.0,3.0,2.0,17.0,188.24,1.88,,,,,0.0,0.0,Abu Dhabi,
Hamza Tahir,Dubai International Cricket Stadium,1.0,0.0,1.0,0.0,0.0,1.0,0.0,0.0,2.0,48.0,45.0,48.0,5.62,0.94,,
Hamza Tahir,"Grange Cricket Club Ground, Raeburn Place, Edinburgh",1.0,3.0,6.0,0.0,0.0,6.0,50.0,0.5,2.0,42.0,83.0,42.0,11.86,1.98,Edinburgh,
Hamza Tahir,"Grange Cricket Club, Raeburn Place",,0.0,,0.0,0.0,0.0,,,1.0,24.0,57.0,24.0,14.25,2.38,Edinburgh,
Hamza Tahir,ICC Academy,,0.0,,0.0,0.0,0.0,,,3.0,73.0,69.0,73.0,5.67,0.95,Dubai,
Hamza Tahir,ICC Academy Ground No 2,,0.0,,0.0,0.0,0.0,,,1.0,19.0,28.0,19.0,8.84,1.47,Dubai,
Hamza Tahir,"ICC Academy, Dubai",,0.0,,0.0,0.0,0.0,,,1.0,24.0,36.0,24.0,9.0,1.5,Dubai,
Hamza Tahir,Sharjah Cricket Stadium,,0.0,,0.0,0.0,0.0,,,1.0,24.0,24.0,24.0,6.0,1.0,Sharjah,
Hamza Tahir,Sportpark Het Schootsveld,,0.0,,0.0,0.0,0.0,,,1.0,24.0,43.0,24.0,10.75,1.79,Deventer,
Hamza Tahir,"The Village, Malahide",,0.0,,0.0,0.0,0.0,,,2.0,49.0,74.0,49.0,9.06,1.51,Dublin,
Hamza Tahir,VRA Ground,,0.0,,0.0,0.0,0.0,,,1.0,24.0,26.0,24.0,6.5,1.08,Amstelveen,
Hamza Tariq,Al Amerat Cricket Ground Oman Cricket (Ministry Turf 1),1.0,11.0,7.0,0.0,1.0,7.0,157.14,1.57,,,,,0.0,0.0,Al Amarat,
Hamza Tariq,"Coolidge Cricket Ground, Antigua",1.0,3.0,3.0,0.0,0.0,3.0,100.0,1.0,,,,,0.0,0.0,Coolidge,
Hamza Tariq,Sheikh Zayed Stadium,1.0,2.0,2.0,0.0,0.0,2.0,100.0,1.0,,,,,0.0,0.0,Abu Dhabi,
Harbhajan Singh,Harare Sports Club,,0.0,,0.0,0.0,0.0,,,1.0,7.0,7.0,7.0,6.0,1.0,,
Haris Rauf,Adelaide Oval,,0.0,,0.0,0.0,0.0,,,1.0,24.0,23.0,24.0,5.75,0.96,Adelaide,
Haris Rauf,"Bay Oval, Mount Maunganui",1.0,6.0,15.0,1.0,0.0,15.0,40.0,0.4,1.0,25.0,30.0,25.0,7.2,1.2,Mount Maunganui,
Haris Rauf,"Bellerive Oval, Hobart",1.0,0.0,2.0,0.0,0.0,2.0,0.0,0.0,1.0,18.0,34.0,18.0,11.33,1.89,Hobart,
Haris Rauf,"Brisbane Cricket Ground, Woolloongabba, Brisbane",,0.0,,0.0,0.0,0.0,,,1.0,13.0,22.0,13.0,10.15,1.69,Brisbane,
Haris Rauf,"Central Broward Regional Park Stadium Turf Ground, Lauderhill",,0.0,,0.0,0.0,0.0,,,3.0,74.0,92.0,74.0,7.46,1.24,Lauderhill,
Haris Rauf,Dubai International Cricket Stadium,6.0,36.0,27.0,4.0,1.0,27.0,133.33,1.33,10.0,228.0,318.0,228.0,8.37,1.39,,
Haris Rauf,Eden Park,1.0,0.0,1.0,0.0,0.0,1.0,0.0,0.0,1.0,25.0,29.0,25.0,6.96,1.16,Auckland,
Haris Rauf,"Eden Park, Auckland",1.0,0.0,2.0,0.0,0.0,2.0,0.0,0.0,2.0,50.0,63.0,50.0,7.56,1.26,Auckland,
Haris Rauf,"Edgbaston, Birmingham",1.0,3.0,2.0,0.0,0.0,2.0,150.0,1.5,1.0,24.0,34.0,24.0,8.5,1.42,Birmingham,
Haris Rauf,Gaddafi Stadium,,0.0,,0.0,0.0,0.0,,,4.0,88.0,131.0,88.0,8.93,1.49,Lahore,
Haris Rauf,"Gaddafi Stadium, Lahore",4.0,20.0,16.0,1.0,2.0,16.0,125.0,1.25,8.0,172.0,240.0,172.0,8.37,1.4,Lahore,
Haris Rauf,"Grand Prairie Stadium, Dallas",1.0,3.0,3.0,0.0,0.0,3.0,100.0,1.0,1.0,25.0,37.0,25.0,8.88,1.48,Dallas,
Haris Rauf,"Hagley Oval, Christchurch",,0.0,,0.0,0.0,0.0,,,4.0,92.0,120.0,92.0,7.83,1.3,Christchurch,
Haris Rauf,Harare Sports Club,1.0,6.0,6.0,0.0,1.0,6.0,100.0,1.0,3.0,68.0,75.0,68.0,6.62,1.1,,
Haris Rauf,"Headingley, Leeds",1.0,0.0,1.0,0.0,0.0,1.0,0.0,0.0,1.0,25.0,48.0,25.0,11.52,1.92,Leeds,
Haris Rauf,"Kennington Oval, London",1.0,8.0,7.0,1.0,0.0,7.0,114.29,1.14,1.0,21.0,38.0,21.0,10.86,1.81,London,
Haris Rauf,"Kingsmead, Durban",1.0,2.0,3.0,0.0,0.0,3.0,66.67,0.67,1.0,25.0,41.0,25.0,9.84,1.64,Durban,
Haris Rauf,McLean Park,,0.0,,0.0,0.0,0.0,,,1.0,25.0,44.0,25.0,10.56,1.76,Napier,
Haris Rauf,Melbourne Cricket Ground,2.0,7.0,5.0,0.0,1.0,5.0,140.0,1.4,2.0,50.0,60.0,50.0,7.2,1.2,,
Haris Rauf,"Nassau County International Cricket Stadium, New York",,0.0,,0.0,0.0,0.0,,,2.0,45.0,48.0,45.0,6.4,1.07,New York,
Haris Rauf,"National Stadium, Karachi",1.0,4.0,2.0,1.0,0.0,2.0,200.0,2.0,6.0,140.0,190.0,140.0,8.14,1.36,Karachi,
Haris Rauf,Old Trafford,,0.0,,0.0,0.0,0.0,,,3.0,68.0,109.0,68.0,9.62,1.6,Manchester,
Haris Rauf,Perth Stadium,,0.0,,0.0,0.0,0.0,,,2.0,42.0,27.0,42.0,3.86,0.64,Perth,
Haris Rauf,"Queens Sports Club, Bulawayo",,0.0,,0.0,0.0,0.0,,,2.0,30.0,30.0,30.0,6.0,1.0,Bulawayo,
Haris Rauf,Rawalpindi Cricket Stadium,,0.0,,0.0,0.0,0.0,,,5.0,123.0,173.0,123.0,8.44,1.41,,
Haris Rauf,Seddon Park,,0.0,,0.0,0.0,0.0,,,1.0,25.0,39.0,25.0,9.36,1.56,Hamilton,
Haris Rauf,"Seddon Park, Hamilton",1.0,2.0,3.0,0.0,0.0,3.0,66.67,0.67,1.0,26.0,39.0,26.0,9.0,1.5,Hamilton,
Haris Rauf,Sharjah Cricket Stadium,,0.0,,0.0,0.0,0.0,,,3.0,55.0,56.0,55.0,6.11,1.02,Sharjah,
Haris Rauf,"Shere Bangla National Stadium, Mirpur",,0.0,,0.0,0.0,0.0,,,3.0,69.0,78.0,69.0,6.78,1.13,Dhaka,
Haris Rauf,"Sky Stadium, Wellington",1.0,6.0,10.0,0.0,0.0,10.0,60.0,0.6,1.0,12.0,22.0,12.0,11.0,1.83,Wellington,
Haris Rauf,"SuperSport Park, Centurion",,0.0,,0.0,0.0,0.0,,,3.0,69.0,115.0,69.0,10.0,1.67,Centurion,
Haris Rauf,Sydney Cricket Ground,2.0,5.0,5.0,0.0,0.0,5.0,100.0,1.0,3.0,68.0,99.0,68.0,8.74,1.46,,
Haris Rauf,"The Wanderers Stadium, Johannesburg",,0.0,,0.0,0.0,0.0,,,1.0,18.0,37.0,18.0,12.33,2.06,Johannesburg,
Haris Rauf,"Trent Bridge, Nottingham",,0.0,,0.0,0.0,0.0,,,1.0,25.0,45.0,25.0,10.8,1.8,Nottingham,
Haris Rauf,"University Oval, Dunedin",1.0,1.0,1.0,0.0,0.0,1.0,100.0,1.0,2.0,47.0,83.0,47.0,10.6,1.77,Dunedin,
Haris Rauf,"Zayed Cricket Stadium, Abu Dhabi",,0.0,,0.0,0.0,0.0,,,2.0,49.0,65.0,49.0,7.96,1.33,Abu Dhabi,
Haris Sohail,Dubai International Cricket Stadium,1.0,8.0,8.0,1.0,0.0,8.0,100.0,1.0,,,,,0.0,0.0,,
Haris Sohail,Shere Bangla National Stadium,1.0,15.0,9.0,0.0,1.0,9.0,166.67,1.67,,,,,0.0,0.0,Mirpur,
Harmeet Singh,Al Amerat Cricket Ground Oman Cricket (Ministry Turf 1),,0.0,,0.0,0.0,0.0,,,2.0,48.0,62.0,48.0,7.75,1.29,Al Amarat,
Harmeet Singh,"Grand Prairie Stadium, Dallas",4.0,12.0,8.0,0.0,1.0,8.0,150.0,1.5,5.0,123.0,150.0,123.0,7.32,1.22,Dallas,
Harmeet Singh,"Kensington Oval, Bridgetown, Barbados",2.0,21.0,18.0,2.0,1.0,18.0,116.67,1.17,2.0,26.0,54.0,26.0,12.46,2.08,Bridgetown,
Harmeet Singh,"Nassau County International Cricket Stadium, New York",1.0,10.0,10.0,0.0,1.0,10.0,100.0,1.0,,,,,0.0,0.0,New York,
Harmeet Singh,Prairie View Cricket Complex,4.0,81.0,42.0,5.0,6.0,42.0,192.86,1.93,6.0,126.0,126.0,126.0,6.0,1.0,Houston,
Harmeet Singh,"Sir Vivian Richards Stadium, North Sound, Antigua",1.0,38.0,24.0,2.0,3.0,24.0,158.33,1.58,1.0,25.0,24.0,25.0,5.76,0.96,North Sound,
Harmeet Singh,"Sportpark Maarschalkerweerd, Utrecht",1.0,7.0,7.0,1.0,0.0,7.0,100.0,1.0,2.0,50.0,52.0,50.0,6.24,1.04,Utrecht,
Harmeet Singh,"Sportpark Westvliet, The Hague",2.0,30.0,21.0,0.0,2.0,21.0,142.86,1.43,2.0,48.0,28.0,48.0,3.5,0.58,The Hague,
Harmeet Singh,"Wanderers Cricket Ground, Windhoek",3.0,36.0,35.0,2.0,1.0,35.0,102.86,1.03,4.0,96.0,115.0,96.0,7.19,1.2,Windhoek,
Haroon Arshad,Bulawayo Athletic Club,1.0,0.0,1.0,0.0,0.0,1.0,0.0,0.0,1.0,10.0,10.0,10.0,6.0,1.0,Bulawayo,
Haroon Arshad,Dubai International Cricket Stadium,1.0,11.0,12.0,1.0,0.0,12.0,91.67,0.92,2.0,12.0,15.0,12.0,7.5,1.25,,
Haroon Arshad,Mulpani Cricket Ground,2.0,12.0,15.0,1.0,0.0,15.0,80.0,0.8,2.0,24.0,38.0,24.0,9.5,1.58,Kathmandu,
Haroon Arshad,Sharjah Cricket Stadium,1.0,3.0,4.0,0.0,0.0,4.0,75.0,0.75,1.0,14.0,14.0,14.0,6.0,1.0,Sharjah,
Haroon Arshad,Sheikh Zayed Stadium,1.0,4.0,4.0,0.0,0.0,4.0,100.0,1.0,,,,,0.0,0.0,Abu Dhabi,
Haroon Arshad,Terdthai Cricket Ground,1.0,8.0,7.0,1.0,0.0,7.0,114.29,1.14,1.0,3.0,0.0,3.0,0.0,0.0,Bangkok,
Haroon Arshad,Tolerance Oval,1.0,7.0,3.0,0.0,1.0,3.0,233.33,2.33,1.0,4.0,2.0,4.0,3.0,0.5,Abu Dhabi,
Harshit Rana,Dubai International Cricket Stadium,,0.0,,0.0,0.0,0.0,,,1.0,24.0,55.0,24.0,13.75,2.29,,
Harshit Rana,"Maharashtra Cricket Association Stadium, Pune",,0.0,,0.0,0.0,0.0,,,1.0,24.0,33.0,24.0,8.25,1.38,Pune,
Harshit Rana,Melbourne Cricket Ground,1.0,35.0,35.0,3.0,1.0,35.0,100.0,1.0,1.0,13.0,27.0,13.0,12.46,2.08,,
Harshit Rana,"Zayed Cricket Stadium, Abu Dhabi",1.0,13.0,8.0,0.0,1.0,8.0,162.5,1.62,1.0,19.0,25.0,19.0,7.89,1.32,Abu Dhabi,
Hasan Ali,"Castle Avenue, Dublin",,0.0,,0.0,0.0,0.0,,,1.0,18.0,44.0,18.0,14.67,2.44,Dublin,
Hasan Ali,"Central Broward Regional Park Stadium Turf Ground, Lauderhill",1.0,8.0,12.0,0.0,0.0,12.0,66.67,0.67,2.0,47.0,87.0,47.0,11.11,1.85,Lauderhill,
Hasan Ali,Dubai International Cricket Stadium,2.0,0.0,4.0,0.0,0.0,4.0,0.0,0.0,8.0,176.0,285.0,176.0,9.72,1.62,,
Hasan Ali,Eden Park,1.0,6.0,4.0,1.0,0.0,4.0,150.0,1.5,1.0,24.0,31.0,24.0,7.75,1.29,Auckland,
Hasan Ali,Gaddafi Stadium,1.0,20.0,8.0,1.0,2.0,8.0,250.0,2.5,4.0,97.0,146.0,97.0,9.03,1.51,Lahore,
Hasan Ali,"Gaddafi Stadium, Lahore",2.0,11.0,5.0,1.0,1.0,5.0,220.0,2.2,4.0,79.0,119.0,79.0,9.04,1.51,Lahore,
Hasan Ali,"Grange Cricket Club, Raeburn Place",,0.0,,0.0,0.0,0.0,,,2.0,38.0,51.0,38.0,8.05,1.34,Edinburgh,
Hasan Ali,Harare Sports Club,1.0,0.0,2.0,0.0,0.0,2.0,0.0,0.0,5.0,100.0,134.0,100.0,8.04,1.34,,
Hasan Ali,"Kensington Oval, Bridgetown",,0.0,,0.0,0.0,0.0,,,1.0,24.0,26.0,24.0,6.5,1.08,Barbados,
Hasan Ali,"Kensington Oval, Bridgetown, Barbados",,0.0,,0.0,0.0,0.0,,,1.0,12.0,19.0,12.0,9.5,1.58,Bridgetown,
Hasan Ali,National Stadium,,0.0,,0.0,0.0,0.0,,,2.0,30.0,34.0,30.0,6.8,1.13,Karachi,
Hasan Ali,Newlands,1.0,11.0,5.0,0.0,1.0,5.0,220.0,2.2,1.0,25.0,34.0,25.0,8.16,1.36,Cape Town,
Hasan Ali,Old Trafford,,0.0,,0.0,0.0,0.0,,,1.0,24.0,25.0,24.0,6.25,1.04,Manchester,
Hasan Ali,"Old Trafford, Manchester",1.0,15.0,9.0,1.0,1.0,9.0,166.67,1.67,1.0,23.0,28.0,23.0,7.3,1.22,Manchester,
Hasan Ali,"Providence Stadium, Guyana",1.0,0.0,1.0,0.0,0.0,1.0,0.0,0.0,2.0,30.0,37.0,30.0,7.4,1.23,Providence,
Hasan Ali,"Queen's Park Oval, Port of Spain",1.0,0.0,1.0,0.0,0.0,1.0,0.0,0.0,3.0,62.0,69.0,62.0,6.68,1.11,Trinidad,
Hasan Ali,Sharjah Cricket Stadium,1.0,9.0,8.0,0.0,1.0,8.0,112.5,1.12,3.0,70.0,108.0,70.0,9.26,1.54,Sharjah,
Hasan Ali,Sheikh Zayed Stadium,2.0,20.0,9.0,2.0,1.0,9.0,222.22,2.22,4.0,88.0,105.0,88.0,7.16,1.19,Abu Dhabi,
Hasan Ali,"Shere Bangla National Stadium, Mirpur",,0.0,,0.0,0.0,0.0,,,1.0,26.0,22.0,26.0,5.08,0.85,Dhaka,
Hasan Ali,Sophia Gardens,,0.0,,0.0,0.0,0.0,,,1.0,25.0,42.0,25.0,10.08,1.68,Cardiff,
Hasan Ali,"SuperSport Park, Centurion",1.0,2.0,5.0,0.0,0.0,5.0,40.0,0.4,2.0,50.0,93.0,50.0,11.16,1.86,Centurion,
Hasan Ali,The Wanderers Stadium,1.0,1.0,2.0,0.0,0.0,2.0,50.0,0.5,1.0,25.0,50.0,25.0,12.0,2.0,Johannesburg,
Hasan Ali,"The Wanderers Stadium, Johannesburg",2.0,21.0,6.0,1.0,2.0,6.0,350.0,3.5,2.0,37.0,44.0,37.0,7.14,1.19,Johannesburg,
Hasan Ali,Westpac Stadium,1.0,23.0,13.0,0.0,3.0,13.0,176.92,1.77,1.0,18.0,28.0,18.0,9.33,1.56,Wellington,
Hasan Ali,"Zayed Cricket Stadium, Abu Dhabi",,0.0,,0.0,0.0,0.0,,,1.0,24.0,22.0,24.0,5.5,0.92,Abu Dhabi,
Hasan Mahmud,Adelaide Oval,,0.0,,0.0,0.0,0.0,,,1.0,25.0,48.0,25.0,11.52,1.92,Adelaide,
Hasan Mahmud,"Arnos Vale Ground, Kingstown, St Vincent",,0.0,,0.0,0.0,0.0,,,3.0,61.0,52.0,61.0,5.11,0.85,Kingstown,
Hasan Mahmud,"Bellerive Oval, Hobart",1.0,0.0,3.0,0.0,0.0,3.0,0.0,0.0,1.0,24.0,15.0,24.0,3.75,0.62,Hobart,
Hasan Mahmud,"Brisbane Cricket Ground, Woolloongabba, Brisbane",,0.0,,0.0,0.0,0.0,,,1.0,27.0,37.0,27.0,8.22,1.37,Brisbane,
Hasan Mahmud,"Gaddafi Stadium, Lahore",2.0,17.0,21.0,0.0,1.0,21.0,80.95,0.81,3.0,64.0,114.0,64.0,10.69,1.78,Lahore,
Hasan Mahmud,"Hagley Oval, Christchurch",2.0,2.0,4.0,0.0,0.0,4.0,50.0,0.5,3.0,72.0,97.0,72.0,8.08,1.35,Christchurch,
Hasan Mahmud,Harare Sports Club,1.0,3.0,2.0,0.0,0.0,2.0,150.0,1.5,2.0,50.0,55.0,50.0,6.6,1.1,,
Hasan Mahmud,Prairie View Cricket Complex,,0.0,,0.0,0.0,0.0,,,1.0,19.0,20.0,19.0,6.32,1.05,Houston,
Hasan Mahmud,Sharjah Cricket Stadium,1.0,26.0,15.0,0.0,3.0,15.0,173.33,1.73,2.0,46.0,67.0,46.0,8.74,1.46,Sharjah,
Hasan Mahmud,"Shere Bangla National Stadium, Mirpur",,0.0,,0.0,0.0,0.0,,,3.0,60.0,66.0,60.0,6.6,1.1,Dhaka,
Hasan Mahmud,Sydney Cricket Ground,1.0,0.0,2.0,0.0,0.0,2.0,0.0,0.0,1.0,26.0,36.0,26.0,8.31,1.38,,
Hasan Mahmud,"Zahur Ahmed Chowdhury Stadium, Chattogram",1.0,2.0,5.0,0.0,0.0,5.0,40.0,0.4,4.0,63.0,80.0,63.0,7.62,1.27,Chattogram,
Hasan Murad,Zhejiang University of Technology Cricket Field,,0.0,,0.0,0.0,0.0,,,1.0,8.0,13.0,8.0,9.75,1.62,Hangzhou,
Haseeb Amjad,"Civil Service Cricket Club, Stormont",,0.0,,0.0,0.0,0.0,,,1.0,5.0,6.0,5.0,7.2,1.2,Belfast,
Haseeb Amjad,Khan Shaheb Osman Ali Stadium,,0.0,,0.0,0.0,0.0,,,1.0,5.0,10.0,5.0,12.0,2.0,Fatullah,
Haseeb Amjad,P Sara Oval,,0.0,,0.0,0.0,0.0,,,1.0,6.0,13.0,6.0,13.0,2.17,Colombo,
Haseeb Amjad,Sheikh Zayed Stadium,2.0,2.0,2.0,0.0,0.0,2.0,100.0,1.0,1.0,8.0,14.0,8.0,10.5,1.75,Abu Dhabi,
Haseeb Amjad,Zahur Ahmed Chowdhury Stadium,1.0,1.0,1.0,0.0,0.0,1.0,100.0,1.0,,,,,0.0,0.0,Chattogram,
Haseeb Ghafoor,Al Amerat Cricket Ground Oman Cricket (Ministry Turf 1),4.0,30.0,25.0,2.0,1.0,25.0,120.0,1.2,,,,,0.0,0.0,Al Amarat,
Haseebullah Khan,"Bellerive Oval, Hobart",1.0,24.0,19.0,3.0,0.0,19.0,126.32,1.26,,,,,0.0,0.0,Hobart,
Haseebullah Khan,"Brisbane Cricket Ground, Woolloongabba, Brisbane",1.0,12.0,8.0,1.0,1.0,8.0,150.0,1.5,,,,,0.0,0.0,Brisbane,
Haseebullah Khan,"Hagley Oval, Christchurch",1.0,0.0,3.0,0.0,0.0,3.0,0.0,0.0,,,,,0.0,0.0,Christchurch,
Hassan Nawaz,Dubai International Cricket Stadium,2.0,8.0,15.0,0.0,0.0,15.0,53.33,0.53,,,,,0.0,0.0,,
Hassan Nawaz,"Gaddafi Stadium, Lahore",3.0,96.0,47.0,5.0,7.0,47.0,204.26,2.04,,,,,0.0,0.0,Lahore,
Hassan Nawaz,"Shere Bangla National Stadium, Mirpur",3.0,33.0,28.0,1.0,3.0,28.0,117.86,1.18,,,,,0.0,0.0,Dhaka,
Hassan Rasheed,Al Amerat Cricket Ground Oman Cricket (Ministry Turf 1),1.0,9.0,8.0,1.0,0.0,8.0,112.5,1.12,,,,,0.0,0.0,Al Amarat,
Hassnain Shah,Al Amerat Cricket Ground Oman Cricket (Ministry Turf 1),1.0,0.0,1.0,0.0,0.0,1.0,0.0,0.0,,,,,0.0,0.0,Al Amarat,
Hassnain Shah,Dubai International Cricket Stadium,1.0,1.0,2.0,0.0,0.0,2.0,50.0,0.5,1.0,18.0,31.0,18.0,10.33,1.72,,
Hisham Sheikh,Al Amerat Cricket Ground Oman Cricket (Ministry Turf 1),4.0,35.0,48.0,0.0,1.0,48.0,72.92,0.73,3.0,22.0,18.0,22.0,4.91,0.82,Al Amarat,
Hisham Sheikh,Al Amerat Cricket Ground Oman Cricket (Ministry Turf 2),1.0,1.0,1.0,0.0,0.0,1.0,100.0,1.0,,,,,0.0,0.0,Al Amarat,
Hussain Talat,Dubai International Cricket Stadium,3.0,14.0,20.0,0.0,0.0,20.0,70.0,0.7,,,,,0.0,0.0,,
Hussain Talat,Gaddafi Stadium,3.0,23.0,25.0,2.0,0.0,25.0,92.0,0.92,,,,,0.0,0.0,Lahore,
Hussain Talat,"Grange Cricket Club, Raeburn Place",2.0,35.0,36.0,3.0,0.0,36.0,97.22,0.97,1.0,6.0,4.0,6.0,4.0,0.67,Edinburgh,
Hussain Talat,Harare Sports Club,5.0,94.0,89.0,6.0,2.0,89.0,105.62,1.06,2.0,14.0,21.0,14.0,9.0,1.5,,
Hussain Talat,National Stadium,3.0,135.0,108.0,13.0,2.0,108.0,125.0,1.25,2.0,13.0,15.0,13.0,6.92,1.15,Karachi,
Hussain Talat,Newlands,1.0,40.0,33.0,5.0,0.0,33.0,121.21,1.21,1.0,7.0,14.0,7.0,12.0,2.0,Cape Town,
Hussain Talat,Sheikh Zayed Stadium,1.0,9.0,6.0,1.0,0.0,6.0,150.0,1.5,,,,,0.0,0.0,Abu Dhabi,
Hussain Talat,"Shere Bangla National Stadium, Mirpur",1.0,1.0,4.0,0.0,0.0,4.0,25.0,0.25,1.0,20.0,36.0,20.0,10.8,1.8,Dhaka,
Hussain Talat,SuperSport Park,1.0,3.0,4.0,0.0,0.0,4.0,75.0,0.75,,,,,0.0,0.0,Centurion,
Hussain Talat,The Wanderers Stadium,1.0,55.0,44.0,7.0,1.0,44.0,125.0,1.25,,,,,0.0,0.0,Johannesburg,
Hussain Talat,"Zayed Cricket Stadium, Abu Dhabi",1.0,32.0,32.0,4.0,0.0,32.0,100.0,1.0,1.0,19.0,18.0,19.0,5.68,0.95,Abu Dhabi,
I Danladi,"Achimota Senior Secondary School B Field, Accra",,0.0,,0.0,0.0,0.0,,,1.0,4.0,2.0,4.0,3.0,0.5,Accra,
I Danladi,"Gahanga International Cricket Stadium, Rwanda",,0.0,,0.0,0.0,0.0,,,2.0,3.0,8.0,3.0,16.0,2.67,Kigali City,
I Danladi,Harare Sports Club,,0.0,,0.0,0.0,0.0,,,1.0,2.0,2.0,2.0,6.0,1.0,,
I Danladi,"Wanderers Cricket Ground, Windhoek",,0.0,,0.0,0.0,0.0,,,1.0,1.0,0.0,1.0,0.0,0.0,Windhoek,
I Kaia,Harare Sports Club,2.0,4.0,4.0,1.0,0.0,4.0,100.0,1.0,,,,,0.0,0.0,,
I Kaia,"United Cricket Club Ground, Windhoek",3.0,21.0,12.0,4.0,0.0,12.0,175.0,1.75,,,,,0.0,0.0,Windhoek,
I Kaia,"Wanderers Cricket Ground, Windhoek",2.0,8.0,9.0,1.0,0.0,9.0,88.89,0.89,,,,,0.0,0.0,Windhoek,
I Liyanage,Al Amerat Cricket Ground Oman Cricket (Ministry Turf 1),1.0,11.0,7.0,0.0,1.0,7.0,157.14,1.57,,,,,0.0,0.0,Al Amarat,
I Liyanage,Al Amerat Cricket Ground Oman Cricket (Ministry Turf 2),1.0,5.0,3.0,1.0,0.0,3.0,166.67,1.67,,,,,0.0,0.0,Al Amarat,
I Liyanage,"ICC Academy, Dubai",1.0,22.0,14.0,3.0,0.0,14.0,157.14,1.57,,,,,0.0,0.0,Dubai,
I Master,"Willowmoore Park, Benoni",,0.0,,0.0,0.0,0.0,,,1.0,3.0,6.0,3.0,12.0,2.0,Benoni,
I Ntirenganya,"Gahanga International Cricket Stadium, Rwanda",,0.0,,0.0,0.0,0.0,,,2.0,7.0,9.0,7.0,7.71,1.29,Kigali City,
I Ntirenganya,"Gymkhana Club Ground, Nairobi",,0.0,,0.0,0.0,0.0,,,1.0,1.0,0.0,1.0,0.0,0.0,Nairobi,
I Pandey,Al Amerat Cricket Ground Oman Cricket (Ministry Turf 1),1.0,2.0,6.0,0.0,0.0,6.0,33.33,0.33,,,,,0.0,0.0,Al Amarat,
I Takahashi,Al Amerat Cricket Ground Oman Cricket (Ministry Turf 1),1.0,0.0,1.0,0.0,0.0,1.0,0.0,0.0,1.0,3.0,2.0,3.0,4.0,0.67,Al Amarat,
I Udana,Gaddafi Stadium,2.0,2.0,2.0,0.0,0.0,2.0,100.0,1.0,3.0,13.0,14.0,13.0,6.46,1.08,Lahore,
I Udana,"R Premadasa Stadium, Colombo",,0.0,,0.0,0.0,0.0,,,1.0,3.0,7.0,3.0,14.0,2.33,Colombo,
I Udana,"R.Premadasa Stadium, Khettarama",2.0,4.0,2.0,0.0,0.0,2.0,200.0,2.0,2.0,9.0,13.0,9.0,8.67,1.44,Colombo,
I Udana,Sheikh Zayed Stadium,2.0,6.0,5.0,1.0,0.0,5.0,120.0,1.2,2.0,10.0,5.0,10.0,3.0,0.5,Abu Dhabi,
I Udana,"Shere Bangla National Stadium, Mirpur",,0.0,,0.0,0.0,0.0,,,1.0,4.0,13.0,4.0,19.5,3.25,Dhaka,
I Udana,Sylhet International Cricket Stadium,,0.0,,0.0,0.0,0.0,,,1.0,8.0,5.0,8.0,3.75,0.62,,
IA Karim,Entebbe Cricket Oval,1.0,10.0,11.0,1.0,0.0,11.0,90.91,0.91,,,,,0.0,0.0,Entebbe,
IA Karim,"Gymkhana Club Ground, Nairobi",4.0,30.0,34.0,4.0,0.0,34.0,88.24,0.88,,,,,0.0,0.0,Nairobi,
IA Karim,ICC Academy Ground No 2,1.0,7.0,7.0,0.0,0.0,7.0,100.0,1.0,,,,,0.0,0.0,Dubai,
IA Karim,Integrated Polytechnic Regional Centre,1.0,2.0,4.0,0.0,0.0,4.0,50.0,0.5,,,,,0.0,0.0,Kigali City,
IA Karim,Lugogo Cricket Oval,1.0,2.0,8.0,0.0,0.0,8.0,25.0,0.25,,,,,0.0,0.0,Kampala,
IA Karim,"United Cricket Club Ground, Windhoek",2.0,12.0,13.0,0.0,0.0,13.0,92.31,0.92,,,,,0.0,0.0,Windhoek,
IA Karim,"Wanderers Cricket Ground, Windhoek",1.0,4.0,3.0,1.0,0.0,3.0,133.33,1.33,,,,,0.0,0.0,Windhoek,
IA Karim,"Willowmoore Park, Benoni",1.0,8.0,13.0,0.0,1.0,13.0,61.54,0.62,,,,,0.0,0.0,Benoni,
IG Holland,"Coolidge Cricket Ground, Antigua",,0.0,,0.0,0.0,0.0,,,1.0,9.0,15.0,9.0,10.0,1.67,Coolidge,
IGTR Kumara,Al Amerat Cricket Ground Oman Cricket (Ministry Turf 1),1.0,3.0,12.0,0.0,0.0,12.0,25.0,0.25,,,,,0.0,0.0,Al Amarat,
II Selemani,"Wanderers Cricket Ground, Windhoek",1.0,1.0,2.0,0.0,0.0,2.0,50.0,0.5,,,,,0.0,0.0,Windhoek,
IIR Bhana,"National Stadium, Hamilton",1.0,0.0,1.0,0.0,0.0,1.0,0.0,0.0,,,,,0.0,0.0,Hamilton,
IKO Aboagye,Kyambogo Cricket Oval,1.0,2.0,4.0,0.0,0.0,4.0,50.0,0.5,1.0,13.0,17.0,13.0,7.85,1.31,Kampala,
IO Okpe,"Gahanga International Cricket Stadium, Rwanda",,0.0,,0.0,0.0,0.0,,,2.0,12.0,12.0,12.0,6.0,1.0,Kigali City,
IO Okpe,Harare Sports Club,,0.0,,0.0,0.0,0.0,,,1.0,1.0,0.0,1.0,0.0,0.0,,
IO Okpe,Integrated Polytechnic Regional Centre,,0.0,,0.0,0.0,0.0,,,1.0,2.0,2.0,2.0,6.0,1.0,Kigali City,
IO Okpe,Sheikh Zayed Stadium,2.0,7.0,10.0,0.0,0.0,10.0,70.0,0.7,,,,,0.0,0.0,Abu Dhabi,
IO Okpe,"Takashinga Sports Club, Highfield, Harare",,0.0,,0.0,0.0,0.0,,,1.0,8.0,23.0,8.0,17.25,2.88,Harare,
IO Okpe,Tolerance Oval,1.0,3.0,5.0,0.0,0.0,5.0,60.0,0.6,1.0,1.0,1.0,1.0,6.0,1.0,Abu Dhabi,
IO Okpe,"United Cricket Club Ground, Windhoek",2.0,4.0,8.0,0.0,0.0,8.0,50.0,0.5,1.0,5.0,11.0,5.0,13.2,2.2,Windhoek,
IO Okpe,"Wanderers Cricket Ground, Windhoek",1.0,2.0,5.0,0.0,0.0,5.0,40.0,0.4,,,,,0.0,0.0,Windhoek,
IS Sodhi,Adelaide Oval,,0.0,,0.0,0.0,0.0,,,1.0,2.0,1.0,2.0,3.0,0.5,Adelaide,
IS Sodhi,Bay Oval,,0.0,,0.0,0.0,0.0,,,4.0,39.0,43.0,39.0,6.62,1.1,Mount Maunganui,
IS Sodhi,"Bay Oval, Mount Maunganui",1.0,1.0,1.0,0.0,0.0,1.0,100.0,1.0,3.0,44.0,36.0,44.0,4.91,0.82,Mount Maunganui,
IS Sodhi,"Bharat Ratna Shri Atal Bihari Vajpayee Ekana Cricket Stadium, Lucknow",1.0,1.0,2.0,0.0,0.0,2.0,50.0,0.5,1.0,6.0,5.0,6.0,5.0,0.83,Lucknow,
IS Sodhi,"Civil Service Cricket Club, Stormont, Belfast",,0.0,,0.0,0.0,0.0,,,3.0,8.0,3.0,8.0,2.25,0.38,Belfast,
IS Sodhi,Dubai International Cricket Stadium,1.0,2.0,3.0,0.0,0.0,3.0,66.67,0.67,2.0,15.0,16.0,15.0,6.4,1.07,,
IS Sodhi,Eden Gardens,,0.0,,0.0,0.0,0.0,,,1.0,3.0,2.0,3.0,4.0,0.67,Kolkata,
IS Sodhi,Eden Park,1.0,9.0,8.0,0.0,1.0,8.0,112.5,1.12,4.0,52.0,64.0,52.0,7.38,1.23,Auckland,
IS Sodhi,"Eden Park, Auckland",2.0,10.0,11.0,1.0,0.0,11.0,90.91,0.91,2.0,17.0,30.0,17.0,10.59,1.76,Auckland,
IS Sodhi,"Gaddafi Stadium, Lahore",2.0,6.0,7.0,0.0,0.0,7.0,85.71,0.86,4.0,71.0,92.0,71.0,7.77,1.3,Lahore,
IS Sodhi,"Hagley Oval, Christchurch",2.0,3.0,4.0,0.0,0.0,4.0,75.0,0.75,7.0,107.0,153.0,107.0,8.58,1.43,Christchurch,
IS Sodhi,Harare Sports Club,,0.0,,0.0,0.0,0.0,,,1.0,1.0,1.0,1.0,6.0,1.0,,
IS Sodhi,"JSCA International Stadium Complex, Ranchi",,0.0,,0.0,0.0,0.0,,,2.0,10.0,14.0,10.0,8.4,1.4,Ranchi,
IS Sodhi,McLean Park,,0.0,,0.0,0.0,0.0,,,2.0,18.0,29.0,18.0,9.67,1.61,Napier,
IS Sodhi,"McLean Park, Napier",2.0,2.0,6.0,0.0,0.0,6.0,33.33,0.33,1.0,13.0,20.0,13.0,9.23,1.54,Napier,
IS Sodhi,"Narendra Modi Stadium, Ahmedabad",,0.0,,0.0,0.0,0.0,,,1.0,6.0,6.0,6.0,6.0,1.0,Ahmedabad,
IS Sodhi,Rawalpindi Cricket Stadium,1.0,8.0,14.0,0.0,0.0,14.0,57.14,0.57,3.0,57.0,60.0,57.0,6.32,1.05,,
IS Sodhi,Seddon Park,,0.0,,0.0,0.0,0.0,,,3.0,28.0,30.0,28.0,6.43,1.07,Hamilton,
IS Sodhi,"Seddon Park, Hamilton",1.0,0.0,3.0,0.0,0.0,3.0,0.0,0.0,1.0,14.0,29.0,14.0,12.43,2.07,Hamilton,
IS Sodhi,Sharjah Cricket Stadium,1.0,2.0,2.0,0.0,0.0,2.0,100.0,1.0,1.0,9.0,13.0,9.0,8.67,1.44,Sharjah,
IS Sodhi,Sheikh Zayed Stadium,,0.0,,0.0,0.0,0.0,,,1.0,1.0,1.0,1.0,6.0,1.0,Abu Dhabi,
IS Sodhi,"Sky Stadium, Wellington",,0.0,,0.0,0.0,0.0,,,1.0,24.0,32.0,24.0,8.0,1.33,Wellington,
IS Sodhi,Sydney Cricket Ground,,0.0,,0.0,0.0,0.0,,,1.0,24.0,26.0,24.0,6.5,1.08,,
IS Sodhi,"University Oval, Dunedin",1.0,3.0,2.0,0.0,0.0,2.0,150.0,1.5,2.0,33.0,54.0,33.0,9.82,1.64,Dunedin,
IS Sodhi,Westpac Stadium,,0.0,,0.0,0.0,0.0,,,2.0,23.0,27.0,23.0,7.04,1.17,Wellington,
Ibrahim Hassan,Al Amerat Cricket Ground Oman Cricket (Ministry Turf 1),1.0,1.0,2.0,0.0,0.0,2.0,50.0,0.5,,,,,0.0,0.0,Al Amarat,
Ibrahim Hassan,Tribhuvan University International Cricket Ground,1.0,2.0,4.0,0.0,0.0,4.0,50.0,0.5,1.0,11.0,30.0,11.0,16.36,2.73,Kirtipur,
Ibrahim Rizan,Al Amerat Cricket Ground Oman Cricket (Ministry Turf 1),1.0,8.0,9.0,1.0,0.0,9.0,88.89,0.89,,,,,0.0,0.0,Al Amarat,
Ibrahim Rizan,Tribhuvan University International Cricket Ground,,0.0,,0.0,0.0,0.0,,,1.0,2.0,3.0,2.0,9.0,1.5,Kirtipur,
Iftikhar Ahmed,Adelaide Oval,1.0,1.0,2.0,0.0,0.0,2.0,50.0,0.5,1.0,3.0,3.0,3.0,6.0,1.0,Adelaide,
Iftikhar Ahmed,Dubai International Cricket Stadium,2.0,3.0,2.0,0.0,0.0,2.0,150.0,1.5,,,,,0.0,0.0,,
Iftikhar Ahmed,Gaddafi Stadium,1.0,5.0,2.0,1.0,0.0,2.0,250.0,2.5,1.0,2.0,2.0,2.0,6.0,1.0,Lahore,
Iftikhar Ahmed,"Gaddafi Stadium, Lahore",1.0,19.0,6.0,1.0,2.0,6.0,316.67,3.17,,,,,0.0,0.0,Lahore,
Iftikhar Ahmed,"Grand Prairie Stadium, Dallas",1.0,8.0,7.0,1.0,0.0,7.0,114.29,1.14,,,,,0.0,0.0,Dallas,
Iftikhar Ahmed,"Hagley Oval, Christchurch",2.0,16.0,10.0,2.0,0.0,10.0,160.0,1.6,1.0,3.0,4.0,3.0,8.0,1.33,Christchurch,
Iftikhar Ahmed,"Nassau County International Cricket Stadium, New York",1.0,4.0,5.0,0.0,0.0,5.0,80.0,0.8,,,,,0.0,0.0,New York,
Iftikhar Ahmed,Perth Stadium,1.0,1.0,3.0,0.0,0.0,3.0,33.33,0.33,,,,,0.0,0.0,Perth,
Iftikhar Ahmed,Rawalpindi Cricket Stadium,1.0,1.0,1.0,0.0,0.0,1.0,100.0,1.0,,,,,0.0,0.0,,
Iftikhar Ahmed,"Seddon Park, Hamilton",1.0,0.0,2.0,0.0,0.0,2.0,0.0,0.0,,,,,0.0,0.0,Hamilton,
Iftikhar Ahmed,"Shere Bangla National Stadium, Mirpur",,0.0,,0.0,0.0,0.0,,,1.0,24.0,15.0,24.0,3.75,0.62,Dhaka,
Ikramullah Khan,Al Amerat Cricket Ground Oman Cricket (Ministry Turf 1),,0.0,,0.0,0.0,0.0,,,1.0,15.0,26.0,15.0,10.4,1.73,Al Amarat,
Ikramullah Khan,"Mission Road Ground, Mong Kok, Hong Kong",1.0,12.0,20.0,1.0,0.0,20.0,60.0,0.6,1.0,4.0,14.0,4.0,21.0,3.5,Mong Kok,
Ilyas Ahmed,Al Amerat Cricket Ground Oman Cricket (Ministry Turf 2),1.0,3.0,5.0,0.0,0.0,5.0,60.0,0.6,1.0,21.0,26.0,21.0,7.43,1.24,Al Amarat,
Ilyas Ataullah,Roma Cricket Ground,,0.0,,0.0,0.0,0.0,,,1.0,5.0,8.0,5.0,9.6,1.6,Spinaceto,
Imad Wasim,"Castle Avenue, Dublin",,0.0,,0.0,0.0,0.0,,,2.0,6.0,9.0,6.0,9.0,1.5,Dublin,
Imad Wasim,Dubai International Cricket Stadium,,0.0,,0.0,0.0,0.0,,,1.0,4.0,2.0,4.0,3.0,0.5,,
Imad Wasim,Eden Park,1.0,5.0,4.0,0.0,0.0,4.0,125.0,1.25,,,,,0.0,0.0,Auckland,
Imad Wasim,Gaddafi Stadium,1.0,1.0,1.0,0.0,0.0,1.0,100.0,1.0,2.0,14.0,15.0,14.0,6.43,1.07,Lahore,
Imad Wasim,"Gaddafi Stadium, Lahore",1.0,5.0,2.0,1.0,0.0,2.0,250.0,2.5,1.0,3.0,2.0,3.0,4.0,0.67,Lahore,
Imad Wasim,Harare Sports Club,1.0,2.0,3.0,0.0,0.0,3.0,66.67,0.67,2.0,13.0,10.0,13.0,4.62,0.77,,
Imad Wasim,"Nassau County International Cricket Stadium, New York",1.0,8.0,8.0,1.0,0.0,8.0,100.0,1.0,1.0,9.0,3.0,9.0,2.0,0.33,New York,
Imad Wasim,Rawalpindi Cricket Stadium,1.0,1.0,2.0,0.0,0.0,2.0,50.0,0.5,,,,,0.0,0.0,,
Imad Wasim,Seddon Park,1.0,8.0,3.0,0.0,1.0,3.0,266.67,2.67,,,,,0.0,0.0,Hamilton,
Imad Wasim,Sheikh Zayed Stadium,1.0,1.0,1.0,0.0,0.0,1.0,100.0,1.0,,,,,0.0,0.0,Abu Dhabi,
Imran Ali Butt,Al Amerat Cricket Ground Oman Cricket (Ministry Turf 1),1.0,40.0,28.0,2.0,2.0,28.0,142.86,1.43,,,,,0.0,0.0,Al Amarat,
Imran Ali Butt,"Tribhuvan University International Cricket Ground, Kirtipur",1.0,30.0,23.0,5.0,0.0,23.0,130.43,1.3,,,,,0.0,0.0,Kirtipur,
Imran Ali Butt,"West End Park International Cricket Stadium, Doha",1.0,24.0,37.0,1.0,0.0,37.0,64.86,0.65,,,,,0.0,0.0,Doha,
Imran Ameer,Marsa Sports Club,2.0,2.0,8.0,0.0,0.0,8.0,25.0,0.25,2.0,18.0,26.0,18.0,8.67,1.44,Marsa,
Imran Anwar,Al Amerat Cricket Ground Oman Cricket (Ministry Turf 1),4.0,35.0,29.0,2.0,2.0,29.0,120.69,1.21,3.0,52.0,70.0,52.0,8.08,1.35,Al Amarat,
Imran Anwar,Al Amerat Cricket Ground Oman Cricket (Ministry Turf 2),,0.0,,0.0,0.0,0.0,,,1.0,1.0,0.0,1.0,0.0,0.0,Al Amarat,
Imran Anwar,"ICC Academy, Dubai",1.0,0.0,1.0,0.0,0.0,1.0,0.0,0.0,1.0,13.0,17.0,13.0,7.85,1.31,Dubai,
Imran Anwar,"West End Park International Cricket Stadium, Doha",1.0,0.0,4.0,0.0,0.0,4.0,0.0,0.0,1.0,12.0,10.0,12.0,5.0,0.83,Doha,
Imran Haider,ICC Academy,,0.0,,0.0,0.0,0.0,,,2.0,14.0,12.0,14.0,5.14,0.86,Dubai,
Imran Khan,Al Amerat Cricket Ground Oman Cricket (Ministry Turf 1),1.0,0.0,2.0,0.0,0.0,2.0,0.0,0.0,3.0,40.0,62.0,40.0,9.3,1.55,Al Amarat,
Imran Khan,"ICC Academy, Dubai",1.0,2.0,1.0,0.0,0.0,1.0,200.0,2.0,1.0,8.0,5.0,8.0,3.75,0.62,Dubai,
Imran Khan,Jinja Cricket Ground,,0.0,,0.0,0.0,0.0,,,1.0,1.0,1.0,1.0,6.0,1.0,Jinja,
Imran Khan (1),Harare Sports Club,,0.0,,0.0,0.0,0.0,,,1.0,10.0,12.0,10.0,7.2,1.2,,
Imran Tahir,Gaddafi Stadium,,0.0,,0.0,0.0,0.0,,,3.0,32.0,51.0,32.0,9.56,1.59,Lahore,
Imran Yousaf,Al Amerat Cricket Ground Oman Cricket (Ministry Turf 1),1.0,1.0,1.0,0.0,0.0,1.0,100.0,1.0,1.0,8.0,14.0,8.0,10.5,1.75,Al Amarat,
Imrul Kayes,Sheikh Abu Naser Stadium,1.0,1.0,2.0,0.0,0.0,2.0,50.0,0.5,,,,,0.0,0.0,Khulna,
Inam-ul-Haq,Indian Association Ground,1.0,18.0,10.0,3.0,0.0,10.0,180.0,1.8,,,,,0.0,0.0,Singapore,
Iqbal Hussain,Indian Association Ground,,0.0,,0.0,0.0,0.0,,,1.0,3.0,3.0,3.0,6.0,1.0,Singapore,
Irfan Ahmed,"Civil Service Cricket Club, Stormont",1.0,0.0,1.0,0.0,0.0,1.0,0.0,0.0,,,,,0.0,0.0,Belfast,
Irfan Ahmed,P Sara Oval,1.0,4.0,7.0,0.0,0.0,7.0,57.14,0.57,1.0,11.0,17.0,11.0,9.27,1.55,Colombo,
Irfan Ahmed,"The Village, Malahide",,0.0,,0.0,0.0,0.0,,,1.0,2.0,0.0,2.0,0.0,0.0,Dublin,
Irfan Khan,"Bay Oval, Mount Maunganui",1.0,24.0,16.0,4.0,1.0,16.0,150.0,1.5,,,,,0.0,0.0,Mount Maunganui,
Irfan Khan,"Bellerive Oval, Hobart",1.0,10.0,9.0,1.0,0.0,9.0,111.11,1.11,,,,,0.0,0.0,Hobart,
Irfan Khan,"Brisbane Cricket Ground, Woolloongabba, Brisbane",1.0,0.0,2.0,0.0,0.0,2.0,0.0,0.0,,,,,0.0,0.0,Brisbane,
Irfan Khan,"Hagley Oval, Christchurch",1.0,1.0,6.0,0.0,0.0,6.0,16.67,0.17,,,,,0.0,0.0,Christchurch,
Irfan Khan,"Kingsmead, Durban",1.0,1.0,2.0,0.0,0.0,2.0,50.0,0.5,,,,,0.0,0.0,Durban,
Irfan Khan,"Queens Sports Club, Bulawayo",1.0,27.0,15.0,3.0,0.0,15.0,180.0,1.8,,,,,0.0,0.0,Bulawayo,
Irfan Khan,Rawalpindi Cricket Stadium,2.0,48.0,38.0,4.0,2.0,38.0,126.32,1.26,,,,,0.0,0.0,,
Irfan Khan,"SuperSport Park, Centurion",1.0,30.0,17.0,3.0,2.0,17.0,176.47,1.76,,,,,0.0,0.0,Centurion,
Irfan Khan,Sydney Cricket Ground,1.0,37.0,31.0,4.0,1.0,31.0,119.35,1.19,,,,,0.0,0.0,,
Irfan Khan,"University Oval, Dunedin",1.0,11.0,9.0,1.0,1.0,9.0,122.22,1.22,,,,,0.0,0.0,Dunedin,
Irfan Sarfraz,Al Amerat Cricket Ground Oman Cricket (Ministry Turf 1),3.0,16.0,35.0,0.0,0.0,35.0,45.71,0.46,,,,,0.0,0.0,Al Amarat,
Irshad Mubbashar,Al Amerat Cricket Ground Oman Cricket (Ministry Turf 1),2.0,25.0,26.0,1.0,1.0,26.0,96.15,0.96,1.0,3.0,8.0,3.0,16.0,2.67,Al Amarat,
Ishan Kishan,"Arun Jaitley Stadium, Delhi",1.0,76.0,50.0,11.0,3.0,50.0,152.0,1.52,,,,,0.0,0.0,Delhi,
Ishan Kishan,"Barabati Stadium, Cuttack",1.0,34.0,21.0,2.0,3.0,21.0,161.9,1.62,,,,,0.0,0.0,Cuttack,
Ishan Kishan,"Barsapara Cricket Stadium, Guwahati",1.0,0.0,5.0,0.0,0.0,5.0,0.0,0.0,,,,,0.0,0.0,Guwahati,
Ishan Kishan,"Bay Oval, Mount Maunganui",1.0,36.0,32.0,5.0,1.0,32.0,112.5,1.12,,,,,0.0,0.0,Mount Maunganui,
Ishan Kishan,"Bharat Ratna Shri Atal Bihari Vajpayee Ekana Cricket Stadium, Lucknow",2.0,108.0,95.0,12.0,3.0,95.0,113.68,1.14,,,,,0.0,0.0,Lucknow,
Ishan Kishan,"Brian Lara Stadium, Tarouba, Trinidad",1.0,6.0,9.0,1.0,0.0,9.0,66.67,0.67,,,,,0.0,0.0,Tarouba,
Ishan Kishan,"Central Broward Regional Park Stadium Turf Ground, Lauderhill",1.0,11.0,16.0,1.0,0.0,16.0,68.75,0.69,,,,,0.0,0.0,Lauderhill,
Ishan Kishan,"Dr. Y.S. Rajasekhara Reddy ACA-VDCA Cricket Stadium, Visakhapatnam",2.0,112.0,80.0,7.0,7.0,80.0,140.0,1.4,,,,,0.0,0.0,Visakhapatnam,
Ishan Kishan,Dubai International Cricket Stadium,1.0,4.0,8.0,1.0,0.0,8.0,50.0,0.5,,,,,0.0,0.0,,
Ishan Kishan,"Eden Gardens, Kolkata",4.0,100.0,104.0,15.0,0.0,104.0,96.15,0.96,,,,,0.0,0.0,Kolkata,
Ishan Kishan,"Greenfield International Stadium, Thiruvananthapuram",1.0,52.0,34.0,3.0,4.0,34.0,152.94,1.53,,,,,0.0,0.0,Thiruvananthapuram,
Ishan Kishan,"Himachal Pradesh Cricket Association Stadium, Dharamsala",1.0,16.0,17.0,2.0,0.0,17.0,94.12,0.94,,,,,0.0,0.0,Dharamsala,
Ishan Kishan,"JSCA International Stadium Complex, Ranchi",1.0,4.0,5.0,1.0,0.0,5.0,80.0,0.8,,,,,0.0,0.0,Ranchi,
Ishan Kishan,"M Chinnaswamy Stadium, Bangalore",1.0,15.0,8.0,0.0,2.0,8.0,187.5,1.88,,,,,0.0,0.0,Bengaluru,
Ishan Kishan,"Maharashtra Cricket Association Stadium, Pune",1.0,2.0,5.0,0.0,0.0,5.0,40.0,0.4,,,,,0.0,0.0,Pune,
Ishan Kishan,"McLean Park, Napier",1.0,10.0,11.0,1.0,1.0,11.0,90.91,0.91,,,,,0.0,0.0,Napier,
Ishan Kishan,Narendra Modi Stadium,2.0,60.0,42.0,5.0,4.0,42.0,142.86,1.43,,,,,0.0,0.0,Ahmedabad,
Ishan Kishan,"Narendra Modi Stadium, Ahmedabad",1.0,1.0,3.0,0.0,0.0,3.0,33.33,0.33,,,,,0.0,0.0,Ahmedabad,
Ishan Kishan,"Providence Stadium, Guyana",1.0,27.0,23.0,2.0,2.0,23.0,117.39,1.17,,,,,0.0,0.0,Providence,
Ishan Kishan,"R Premadasa Stadium, Colombo",1.0,20.0,15.0,1.0,1.0,15.0,133.33,1.33,,,,,0.0,0.0,Colombo,
Ishan Kishan,"Saurashtra Cricket Association Stadium, Rajkot",2.0,28.0,29.0,3.0,1.0,29.0,96.55,0.97,,,,,0.0,0.0,Rajkot,
Ishan Kishan,"The Rose Bowl, Southampton",1.0,8.0,10.0,0.0,0.0,10.0,80.0,0.8,,,,,0.0,0.0,Southampton,
Ishan Kishan,"The Village, Malahide, Dublin",2.0,29.0,17.0,3.0,2.0,17.0,170.59,1.71,,,,,0.0,0.0,Dublin,
Ishan Kishan,"Wankhede Stadium, Mumbai",1.0,37.0,30.0,3.0,2.0,30.0,123.33,1.23,,,,,0.0,0.0,Mumbai,
Ishtiaq Ahmad,Al Amerat Cricket Ground Oman Cricket (Ministry Turf 1),1.0,0.0,1.0,0.0,0.0,1.0,0.0,0.0,1.0,5.0,10.0,5.0,12.0,2.0,Al Amarat,
Ishtiaq Ahmad,Al Amerat Cricket Ground Oman Cricket (Ministry Turf 2),,0.0,,0.0,0.0,0.0,,,1.0,6.0,4.0,6.0,4.0,0.67,Al Amarat,
Ishtiaq Ahmad,"ICC Academy, Dubai",,0.0,,0.0,0.0,0.0,,,1.0,6.0,8.0,6.0,8.0,1.33,Dubai,
Ismail Sardar,Terdthai Cricket Ground,1.0,1.0,4.0,0.0,0.0,4.0,25.0,0.25,,,,,0.0,0.0,Bangkok,
Ismaila Tanba,"Ruaraka Sports Club Ground, Nairobi",,0.0,,0.0,0.0,0.0,,,1.0,2.0,7.0,2.0,21.0,3.5,Nairobi,
Israr Khan,Bayer Uerdingen Cricket Ground,,0.0,,0.0,0.0,0.0,,,1.0,6.0,6.0,6.0,6.0,1.0,Krefeld,
J Alegra,Al Amerat Cricket Ground Oman Cricket (Ministry Turf 2),2.0,8.0,7.0,1.0,0.0,7.0,114.29,1.14,,,,,0.0,0.0,Al Amarat,
J Andrew,"Central Broward Regional Park Stadium Turf Ground, Lauderhill",3.0,71.0,58.0,5.0,4.0,58.0,122.41,1.22,,,,,0.0,0.0,Lauderhill,
J Andrew,Sharjah Cricket Stadium,2.0,2.0,8.0,0.0,0.0,8.0,25.0,0.25,,,,,0.0,0.0,Sharjah,
J Baguma,Harare Sports Club,,0.0,,0.0,0.0,0.0,,,1.0,1.0,1.0,1.0,6.0,1.0,,
J Baker,"Jimmy Powell Oval, Cayman Islands",2.0,23.0,21.0,3.0,1.0,21.0,109.52,1.1,,,,,0.0,0.0,George Town,
J Baker,"Maple Leaf North-East Ground, King City",1.0,11.0,12.0,2.0,0.0,12.0,91.67,0.92,1.0,4.0,9.0,4.0,13.5,2.25,King City,
J Baker,"Maple Leaf North-West Ground, King City",2.0,28.0,17.0,3.0,2.0,17.0,164.71,1.65,,,,,0.0,0.0,King City,
J Barker,Marsa Sports Club,2.0,6.0,10.0,0.0,0.0,10.0,60.0,0.6,,,,,0.0,0.0,Marsa,
J Blades,"Central Broward Regional Park Stadium Turf Ground, Lauderhill",,0.0,,0.0,0.0,0.0,,,1.0,15.0,26.0,15.0,10.4,1.73,Lauderhill,
J Blades,Sharjah Cricket Stadium,,0.0,,0.0,0.0,0.0,,,2.0,13.0,10.0,13.0,4.62,0.77,Sharjah,
J Broad,Al Amerat Cricket Ground Oman Cricket (Ministry Turf 1),1.0,13.0,14.0,1.0,0.0,14.0,92.86,0.93,1.0,3.0,3.0,3.0,6.0,1.0,Al Amarat,
J Buchanan,"Jimmy Powell Oval, Cayman Islands",1.0,1.0,4.0,0.0,0.0,4.0,25.0,0.25,,,,,0.0,0.0,George Town,
J Campbell,Harare Sports Club,5.0,17.0,28.0,0.0,0.0,28.0,60.71,0.61,,,,,0.0,0.0,,
J Campbell,"Shere Bangla National Stadium, Mirpur",2.0,39.0,35.0,2.0,2.0,35.0,111.43,1.11,,,,,0.0,0.0,Dhaka,
J Campbell,"Zahur Ahmed Chowdhury Stadium, Chattogram",2.0,66.0,33.0,6.0,5.0,33.0,200.0,2.0,,,,,0.0,0.0,Chattogram,
J Charles,"Arnos Vale Ground, Kingstown, St Vincent",3.0,57.0,45.0,8.0,3.0,45.0,126.67,1.27,,,,,0.0,0.0,Kingstown,
J Charles,"Bellerive Oval, Hobart",1.0,7.0,9.0,0.0,0.0,9.0,77.78,0.78,,,,,0.0,0.0,Hobart,
J Charles,"Brian Lara Stadium, Tarouba, Trinidad",2.0,10.0,5.0,0.0,1.0,5.0,200.0,2.0,,,,,0.0,0.0,Tarouba,
J Charles,"Central Broward Regional Park Stadium Turf Ground, Lauderhill",1.0,35.0,38.0,2.0,2.0,38.0,92.11,0.92,,,,,0.0,0.0,Lauderhill,
J Charles,Eden Park,1.0,5.0,4.0,1.0,0.0,4.0,125.0,1.25,,,,,0.0,0.0,Auckland,
J Charles,"Kensington Oval, Bridgetown, Barbados",1.0,6.0,5.0,1.0,0.0,5.0,120.0,1.2,,,,,0.0,0.0,Bridgetown,
J Charles,"Providence Stadium, Guyana",1.0,0.0,4.0,0.0,0.0,4.0,0.0,0.0,,,,,0.0,0.0,Providence,
J Charles,Westpac Stadium,1.0,5.0,10.0,1.0,0.0,10.0,50.0,0.5,,,,,0.0,0.0,Wellington,
J Coetzee,Sano International Cricket Ground,1.0,0.0,2.0,0.0,0.0,2.0,0.0,0.0,,,,,0.0,0.0,Sano,
J Drysdale,Al Amerat Cricket Ground Oman Cricket (Ministry Turf 1),,0.0,,0.0,0.0,0.0,,,2.0,5.0,8.0,5.0,9.6,1.6,Al Amarat,
J Drysdale,"Grand Prairie Stadium, Dallas",,0.0,,0.0,0.0,0.0,,,1.0,19.0,19.0,19.0,6.0,1.0,Dallas,
J Drysdale,"Wanderers Cricket Ground, Windhoek",,0.0,,0.0,0.0,0.0,,,1.0,2.0,4.0,2.0,12.0,2.0,Windhoek,
J Figy John,Al Amerat Cricket Ground Oman Cricket (Ministry Turf 1),1.0,1.0,7.0,0.0,0.0,7.0,14.29,0.14,,,,,0.0,0.0,Al Amarat,
J Fraser-McGurk,"Bellerive Oval, Hobart",1.0,18.0,11.0,4.0,0.0,11.0,163.64,1.64,,,,,0.0,0.0,Hobart,
J Fraser-McGurk,"Brisbane Cricket Ground, Woolloongabba, Brisbane",1.0,9.0,5.0,2.0,0.0,5.0,180.0,1.8,,,,,0.0,0.0,Brisbane,
J Fraser-McGurk,Sydney Cricket Ground,1.0,20.0,10.0,3.0,1.0,10.0,200.0,2.0,,,,,0.0,0.0,,
J Gallimore,"Maple Leaf North-West Ground, King City",1.0,5.0,3.0,1.0,0.0,3.0,166.67,1.67,,,,,0.0,0.0,King City,
J Gumbie,"Zahur Ahmed Chowdhury Stadium, Chattogram",3.0,43.0,53.0,6.0,0.0,53.0,81.13,0.81,,,,,0.0,0.0,Chattogram,
J Hill,Al Amerat Cricket Ground Oman Cricket (Ministry Turf 2),2.0,5.0,9.0,0.0,0.0,9.0,55.56,0.56,,,,,0.0,0.0,Al Amarat,
J Hurley,"Sir Vivian Richards Stadium, North Sound, Antigua",,0.0,,0.0,0.0,0.0,,,2.0,16.0,12.0,16.0,4.5,0.75,North Sound,
J Jagroo,"Coolidge Cricket Ground, Antigua",,0.0,,0.0,0.0,0.0,,,1.0,4.0,2.0,4.0,3.0,0.5,Coolidge,
J Jarvis,"Titwood, Glasgow",,0.0,,0.0,0.0,0.0,,,1.0,1.0,0.0,1.0,0.0,0.0,Glasgow,
J Jemison,"Jimmy Powell Oval, Cayman Islands",1.0,6.0,12.0,1.0,0.0,12.0,50.0,0.5,,,,,0.0,0.0,George Town,
J Jemison,"Maple Leaf North-West Ground, King City",1.0,1.0,5.0,0.0,0.0,5.0,20.0,0.2,,,,,0.0,0.0,King City,
J Kariko,Al Amerat Cricket Ground Oman Cricket (Ministry Turf 1),,0.0,,0.0,0.0,0.0,,,3.0,21.0,20.0,21.0,5.71,0.95,Al Amarat,
J Kariko,"Providence Stadium, Guyana",,0.0,,0.0,0.0,0.0,,,1.0,12.0,11.0,12.0,5.5,0.92,Providence,
J Kila,Dubai International Cricket Stadium,,0.0,,0.0,0.0,0.0,,,1.0,2.0,1.0,2.0,3.0,0.5,,
J Kila,ICC Academy Ground No 2,1.0,8.0,4.0,0.0,1.0,4.0,200.0,2.0,1.0,3.0,8.0,3.0,16.0,2.67,Dubai,
J Kila,"ICC Academy, Dubai",1.0,2.0,1.0,0.0,0.0,1.0,200.0,2.0,,,,,0.0,0.0,Dubai,
J Little,Al Amerat Cricket Ground Oman Cricket (Ministry Turf 1),,0.0,,0.0,0.0,0.0,,,2.0,25.0,37.0,25.0,8.88,1.48,Al Amarat,
J Little,Al Amerat Cricket Ground Oman Cricket (Ministry Turf 2),,0.0,,0.0,0.0,0.0,,,1.0,12.0,11.0,12.0,5.5,0.92,Al Amarat,
J Little,"Bellerive Oval, Hobart",,0.0,,0.0,0.0,0.0,,,1.0,6.0,9.0,6.0,9.0,1.5,Hobart,
J Little,"Central Broward Regional Park Stadium Turf Ground, Lauderhill",1.0,17.0,9.0,2.0,1.0,9.0,188.89,1.89,1.0,18.0,18.0,18.0,6.0,1.0,Lauderhill,
J Little,Harare Sports Club,,0.0,,0.0,0.0,0.0,,,3.0,23.0,23.0,23.0,6.0,1.0,,
J Little,"Nassau County International Cricket Stadium, New York",,0.0,,0.0,0.0,0.0,,,1.0,4.0,5.0,4.0,7.5,1.25,New York,
J Little,"The Village, Malahide, Dublin",,0.0,,0.0,0.0,0.0,,,2.0,6.0,15.0,6.0,15.0,2.5,Dublin,
J Liyanage,Dubai International Cricket Stadium,1.0,2.0,2.0,0.0,0.0,2.0,100.0,1.0,,,,,0.0,0.0,,
J Liyanage,"Himachal Pradesh Cricket Association Stadium, Dharamsala",1.0,7.0,16.0,0.0,0.0,16.0,43.75,0.44,,,,,0.0,0.0,Dharamsala,
J Matharu,Al Amerat Cricket Ground Oman Cricket (Ministry Turf 1),,0.0,,0.0,0.0,0.0,,,1.0,9.0,20.0,9.0,13.33,2.22,Al Amarat,
J Matharu,"Coolidge Cricket Ground, Antigua",,0.0,,0.0,0.0,0.0,,,1.0,1.0,2.0,1.0,12.0,2.0,Coolidge,
J Mees,"Simar Cricket Ground, Rome",1.0,1.0,1.0,0.0,0.0,1.0,100.0,1.0,,,,,0.0,0.0,Rome,
J Miyaji,Harare Sports Club,,0.0,,0.0,0.0,0.0,,,1.0,7.0,12.0,7.0,10.29,1.71,,
J Miyaji,"United Cricket Club Ground, Windhoek",1.0,0.0,1.0,0.0,0.0,1.0,0.0,0.0,,,,,0.0,0.0,Windhoek,
J Nyumbu,Harare Sports Club,,0.0,,0.0,0.0,0.0,,,1.0,9.0,18.0,9.0,12.0,2.0,,
J Overton,"Eden Gardens, Kolkata",1.0,1.0,1.0,0.0,0.0,1.0,100.0,1.0,1.0,6.0,10.0,6.0,10.0,1.67,Kolkata,
J Overton,"MA Chidambaram Stadium, Chepauk, Chennai",1.0,1.0,3.0,0.0,0.0,3.0,33.33,0.33,1.0,14.0,20.0,14.0,8.57,1.43,Chennai,
J Overton,"Maharashtra Cricket Association Stadium, Pune",1.0,19.0,14.0,1.0,1.0,14.0,135.71,1.36,1.0,3.0,1.0,3.0,2.0,0.33,Pune,
J Overton,"Saurashtra Cricket Association Stadium, Rajkot",,0.0,,0.0,0.0,0.0,,,1.0,5.0,3.0,5.0,3.6,0.6,Rajkot,
J Overton,"The Village, Malahide, Dublin",,0.0,,0.0,0.0,0.0,,,1.0,1.0,6.0,1.0,36.0,6.0,Dublin,
J Overton,"Wankhede Stadium, Mumbai",1.0,1.0,4.0,0.0,0.0,4.0,25.0,0.25,1.0,9.0,30.0,9.0,20.0,3.33,Mumbai,
J Pickering,Sano International Cricket Ground,1.0,2.0,2.0,0.0,0.0,2.0,100.0,1.0,,,,,0.0,0.0,Sano,
J Proctor,"Jimmy Powell Oval, Cayman Islands",,0.0,,0.0,0.0,0.0,,,2.0,5.0,7.0,5.0,8.4,1.4,George Town,
J Proctor,"Maple Leaf North-West Ground, King City",,0.0,,0.0,0.0,0.0,,,1.0,4.0,7.0,4.0,10.5,1.75,King City,
J Ramanandi,Al Amerat Cricket Ground Oman Cricket (Ministry Turf 1),2.0,7.0,17.0,0.0,0.0,17.0,41.18,0.41,3.0,15.0,12.0,15.0,4.8,0.8,Al Amarat,
J Ramanandi,Al Amerat Cricket Ground Oman Cricket (Ministry Turf 2),,0.0,,0.0,0.0,0.0,,,1.0,5.0,2.0,5.0,2.4,0.4,Al Amarat,
J Ramanandi,"Zayed Cricket Stadium, Abu Dhabi",1.0,12.0,5.0,3.0,0.0,5.0,240.0,2.4,1.0,14.0,21.0,14.0,9.0,1.5,Abu Dhabi,
J Sebanja,"Wanderers Cricket Ground, Windhoek",,0.0,,0.0,0.0,0.0,,,2.0,12.0,12.0,12.0,6.0,1.0,Windhoek,
J Shaju,Dreux Sport Cricket Club,1.0,1.0,3.0,0.0,0.0,3.0,33.33,0.33,1.0,5.0,4.0,5.0,4.8,0.8,Dreux,
J Shaju,Marsa Sports Club,1.0,0.0,3.0,0.0,0.0,3.0,0.0,0.0,1.0,6.0,7.0,6.0,7.0,1.17,Marsa,
J Singye,Tribhuvan University International Cricket Ground,1.0,3.0,4.0,0.0,0.0,4.0,75.0,0.75,,,,,0.0,0.0,Kirtipur,
J Sumerauer,Bulawayo Athletic Club,,0.0,,0.0,0.0,0.0,,,1.0,7.0,10.0,7.0,8.57,1.43,Bulawayo,
J Sumerauer,"Queens Sports Club, Bulawayo",,0.0,,0.0,0.0,0.0,,,1.0,7.0,5.0,7.0,4.29,0.71,Bulawayo,
J Sumerauer,Tolerance Oval,,0.0,,0.0,0.0,0.0,,,1.0,1.0,1.0,1.0,6.0,1.0,Abu Dhabi,
J Theron,"Coolidge Cricket Ground, Antigua",,0.0,,0.0,0.0,0.0,,,1.0,4.0,4.0,4.0,6.0,1.0,Coolidge,
J Theron,"Queens Sports Club, Bulawayo",,0.0,,0.0,0.0,0.0,,,1.0,5.0,13.0,5.0,15.6,2.6,Bulawayo,
JA Burrows,Roma Cricket Ground,,0.0,,0.0,0.0,0.0,,,1.0,2.0,2.0,2.0,6.0,1.0,Spinaceto,
JA Clarkson,"Gaddafi Stadium, Lahore",2.0,23.0,14.0,1.0,2.0,14.0,164.29,1.64,,,,,0.0,0.0,Lahore,
JA Duffy,"Bay Oval, Mount Maunganui",,0.0,,0.0,0.0,0.0,,,1.0,25.0,21.0,25.0,5.04,0.84,Mount Maunganui,
JA Duffy,"Bharat Ratna Shri Atal Bihari Vajpayee Ekana Cricket Stadium, Lucknow",,0.0,,0.0,0.0,0.0,,,1.0,6.0,8.0,6.0,8.0,1.33,Lucknow,
JA Duffy,Eden Park,,0.0,,0.0,0.0,0.0,,,1.0,20.0,26.0,20.0,7.8,1.3,Auckland,
JA Duffy,"Eden Park, Auckland",1.0,2.0,4.0,0.0,0.0,4.0,50.0,0.5,1.0,16.0,33.0,16.0,12.38,2.06,Auckland,
JA Duffy,"Gaddafi Stadium, Lahore",,0.0,,0.0,0.0,0.0,,,1.0,18.0,29.0,18.0,9.67,1.61,Lahore,
JA Duffy,"Grange Cricket Club Ground, Raeburn Place, Edinburgh",,0.0,,0.0,0.0,0.0,,,1.0,1.0,1.0,1.0,6.0,1.0,Edinburgh,
JA Duffy,"Hagley Oval, Christchurch",,0.0,,0.0,0.0,0.0,,,1.0,22.0,14.0,22.0,3.82,0.64,Christchurch,
JA Duffy,Harare Sports Club,,0.0,,0.0,0.0,0.0,,,1.0,6.0,7.0,6.0,7.0,1.17,,
JA Duffy,"JSCA International Stadium Complex, Ranchi",,0.0,,0.0,0.0,0.0,,,1.0,15.0,23.0,15.0,9.2,1.53,Ranchi,
JA Duffy,Rawalpindi Cricket Stadium,1.0,6.0,8.0,1.0,0.0,8.0,75.0,0.75,2.0,35.0,50.0,35.0,8.57,1.43,,
JA Duffy,"Shere Bangla National Stadium, Mirpur",1.0,1.0,2.0,0.0,0.0,2.0,50.0,0.5,2.0,38.0,36.0,38.0,5.68,0.95,Dhaka,
JA Duffy,"Sky Stadium, Wellington",,0.0,,0.0,0.0,0.0,,,1.0,21.0,18.0,21.0,5.14,0.86,Wellington,
JA Duffy,"University Oval, Dunedin",,0.0,,0.0,0.0,0.0,,,1.0,16.0,22.0,16.0,8.25,1.38,Dunedin,
JA Richardson,Dr. Y.S. Rajasekhara Reddy ACA-VDCA Cricket Stadium,,0.0,,0.0,0.0,0.0,,,1.0,7.0,19.0,7.0,16.29,2.71,Visakhapatnam,
JA Richardson,Harare Sports Club,,0.0,,0.0,0.0,0.0,,,3.0,37.0,39.0,37.0,6.32,1.05,,
JA Richardson,M.Chinnaswamy Stadium,,0.0,,0.0,0.0,0.0,,,1.0,8.0,15.0,8.0,11.25,1.88,Bengaluru,
JB Reva,"The Village, Malahide",,0.0,,0.0,0.0,0.0,,,1.0,2.0,1.0,2.0,3.0,0.5,Dublin,
JB Reva,Tony Ireland Stadium,1.0,1.0,2.0,0.0,0.0,2.0,50.0,0.5,,,,,0.0,0.0,Townsville,
JC Archer,"Eden Gardens, Kolkata",1.0,2.0,3.0,0.0,0.0,3.0,66.67,0.67,1.0,13.0,18.0,13.0,8.31,1.38,Kolkata,
JC Archer,"Edgbaston, Birmingham",,0.0,,0.0,0.0,0.0,,,1.0,10.0,17.0,10.0,10.2,1.7,Birmingham,
JC Archer,"Kennington Oval, London",,0.0,,0.0,0.0,0.0,,,1.0,21.0,27.0,21.0,7.71,1.29,London,
JC Archer,"Kensington Oval, Bridgetown, Barbados",,0.0,,0.0,0.0,0.0,,,1.0,5.0,5.0,5.0,6.0,1.0,Bridgetown,
JC Archer,"MA Chidambaram Stadium, Chepauk, Chennai",1.0,10.0,8.0,1.0,0.0,8.0,125.0,1.25,1.0,16.0,48.0,16.0,18.0,3.0,Chennai,
JC Archer,"Maharashtra Cricket Association Stadium, Pune",1.0,0.0,2.0,0.0,0.0,2.0,0.0,0.0,1.0,6.0,12.0,6.0,12.0,2.0,Pune,
JC Archer,Narendra Modi Stadium,,0.0,,0.0,0.0,0.0,,,4.0,29.0,23.0,29.0,4.76,0.79,Ahmedabad,
JC Archer,"Providence Stadium, Guyana",1.0,1.0,2.0,0.0,0.0,2.0,50.0,0.5,,,,,0.0,0.0,Providence,
JC Archer,"Saurashtra Cricket Association Stadium, Rajkot",,0.0,,0.0,0.0,0.0,,,1.0,12.0,9.0,12.0,4.5,0.75,Rajkot,
JC Archer,"Shere Bangla National Stadium, Mirpur",1.0,0.0,1.0,0.0,0.0,1.0,0.0,0.0,2.0,15.0,23.0,15.0,9.2,1.53,Dhaka,
JC Archer,"Sir Vivian Richards Stadium, North Sound, Antigua",,0.0,,0.0,0.0,0.0,,,2.0,18.0,8.0,18.0,2.67,0.44,North Sound,
JC Archer,Sophia Gardens,,0.0,,0.0,0.0,0.0,,,1.0,6.0,8.0,6.0,8.0,1.33,Cardiff,
JC Archer,"Wankhede Stadium, Mumbai",1.0,0.0,1.0,0.0,0.0,1.0,0.0,0.0,1.0,7.0,19.0,7.0,16.29,2.71,Mumbai,
JC Archer,"Zahur Ahmed Chowdhury Stadium, Chattogram",,0.0,,0.0,0.0,0.0,,,1.0,11.0,15.0,11.0,8.18,1.36,Chattogram,
JC Balt,"Wanderers Cricket Ground, Windhoek",1.0,1.0,1.0,0.0,0.0,1.0,100.0,1.0,1.0,11.0,17.0,11.0,9.27,1.55,Windhoek,
JC Buttler,Adelaide Oval,1.0,6.0,8.0,1.0,0.0,8.0,75.0,0.75,,,,,0.0,0.0,Adelaide,
JC Buttler,"Eden Gardens, Kolkata",1.0,19.0,21.0,2.0,0.0,21.0,90.48,0.9,,,,,0.0,0.0,Kolkata,
JC Buttler,"Edgbaston, Birmingham",1.0,66.0,31.0,7.0,3.0,31.0,212.9,2.13,,,,,0.0,0.0,Birmingham,
JC Buttler,"Headingley, Leeds",1.0,44.0,28.0,6.0,1.0,28.0,157.14,1.57,,,,,0.0,0.0,Leeds,
JC Buttler,"Kennington Oval, London",1.0,34.0,17.0,6.0,1.0,17.0,200.0,2.0,,,,,0.0,0.0,London,
JC Buttler,"Kensington Oval, Bridgetown, Barbados",1.0,40.0,17.0,1.0,5.0,17.0,235.29,2.35,,,,,0.0,0.0,Bridgetown,
JC Buttler,"MA Chidambaram Stadium, Chepauk, Chennai",1.0,39.0,18.0,2.0,3.0,18.0,216.67,2.17,,,,,0.0,0.0,Chennai,
JC Buttler,"Maharashtra Cricket Association Stadium, Pune",1.0,1.0,2.0,0.0,0.0,2.0,50.0,0.5,,,,,0.0,0.0,Pune,
JC Buttler,Melbourne Cricket Ground,1.0,26.0,19.0,3.0,1.0,19.0,136.84,1.37,,,,,0.0,0.0,,
JC Buttler,Narendra Modi Stadium,2.0,27.0,18.0,2.0,1.0,18.0,150.0,1.5,,,,,0.0,0.0,Ahmedabad,
JC Buttler,Old Trafford,2.0,24.0,22.0,3.0,0.0,22.0,109.09,1.09,,,,,0.0,0.0,Manchester,
JC Buttler,"Old Trafford, Manchester",2.0,11.0,17.0,1.0,0.0,17.0,64.71,0.65,,,,,0.0,0.0,Manchester,
JC Buttler,"Providence Stadium, Guyana",1.0,16.0,9.0,3.0,0.0,9.0,177.78,1.78,,,,,0.0,0.0,Providence,
JC Buttler,"Saurashtra Cricket Association Stadium, Rajkot",1.0,13.0,5.0,1.0,1.0,5.0,260.0,2.6,,,,,0.0,0.0,Rajkot,
JC Buttler,"Shere Bangla National Stadium, Mirpur",2.0,23.0,23.0,2.0,0.0,23.0,100.0,1.0,,,,,0.0,0.0,Dhaka,
JC Buttler,"Sir Vivian Richards Stadium, North Sound, Antigua",1.0,24.0,8.0,4.0,1.0,8.0,300.0,3.0,,,,,0.0,0.0,North Sound,
JC Buttler,"Trent Bridge, Nottingham",1.0,4.0,4.0,0.0,0.0,4.0,100.0,1.0,,,,,0.0,0.0,Nottingham,
JC Buttler,"Zahur Ahmed Chowdhury Stadium, Chattogram",1.0,53.0,32.0,4.0,3.0,32.0,165.62,1.66,,,,,0.0,0.0,Chattogram,
JC Buttler,"Zayed Cricket Stadium, Abu Dhabi",2.0,9.0,13.0,1.0,0.0,13.0,69.23,0.69,,,,,0.0,0.0,Abu Dhabi,
JD Campbell,Central Broward Regional Park Stadium Turf Ground,1.0,0.0,2.0,0.0,0.0,2.0,0.0,0.0,,,,,0.0,0.0,Lauderhill,
JD Unadkat,Harare Sports Club,,0.0,,0.0,0.0,0.0,,,1.0,2.0,2.0,2.0,6.0,1.0,,
JD Unadkat,"R.Premadasa Stadium, Khettarama",,0.0,,0.0,0.0,0.0,,,2.0,21.0,28.0,21.0,8.0,1.33,Colombo,
JD Wildermuth,Harare Sports Club,,0.0,,0.0,0.0,0.0,,,1.0,8.0,11.0,8.0,8.25,1.38,,
JDA Richardson,"Jimmy Powell Oval, Cayman Islands",2.0,5.0,9.0,1.0,0.0,9.0,55.56,0.56,,,,,0.0,0.0,George Town,
JDF Vandersay,"Bharat Ratna Shri Atal Bihari Vajpayee Ekana Cricket Stadium, Lucknow",,0.0,,0.0,0.0,0.0,,,1.0,13.0,17.0,13.0,7.85,1.31,Lucknow,
JDF Vandersay,Eden Park,1.0,5.0,2.0,1.0,0.0,2.0,250.0,2.5,,,,,0.0,0.0,Auckland,
JDF Vandersay,Pallekele International Cricket Stadium,,0.0,,0.0,0.0,0.0,,,1.0,16.0,21.0,16.0,7.88,1.31,Kandy,
JDF Vandersay,R Premadasa Stadium,,0.0,,0.0,0.0,0.0,,,1.0,5.0,4.0,5.0,4.8,0.8,Colombo,
JDF Vandersay,"R Premadasa Stadium, Colombo",1.0,7.0,14.0,0.0,0.0,14.0,50.0,0.5,1.0,24.0,29.0,24.0,7.25,1.21,Colombo,
JDF Vandersay,Rangiri Dambulla International Stadium,1.0,2.0,3.0,0.0,0.0,3.0,66.67,0.67,1.0,25.0,40.0,25.0,9.6,1.6,Dambulla,
JDS Neesham,Bay Oval,2.0,5.0,7.0,0.0,0.0,7.0,71.43,0.71,1.0,6.0,17.0,6.0,17.0,2.83,Mount Maunganui,
JDS Neesham,"Bay Oval, Mount Maunganui",2.0,19.0,22.0,0.0,1.0,22.0,86.36,0.86,2.0,18.0,23.0,18.0,7.67,1.28,Mount Maunganui,
JDS Neesham,"Civil Service Cricket Club, Stormont, Belfast",1.0,12.0,7.0,2.0,0.0,7.0,171.43,1.71,1.0,3.0,1.0,3.0,2.0,0.33,Belfast,
JDS Neesham,Eden Park,1.0,14.0,10.0,0.0,2.0,10.0,140.0,1.4,,,,,0.0,0.0,Auckland,
JDS Neesham,"Eden Park, Auckland",1.0,3.0,7.0,0.0,0.0,7.0,42.86,0.43,1.0,2.0,1.0,2.0,3.0,0.5,Auckland,
JDS Neesham,"Gaddafi Stadium, Lahore",5.0,37.0,24.0,6.0,1.0,24.0,154.17,1.54,5.0,55.0,89.0,55.0,9.71,1.62,Lahore,
JDS Neesham,"Hagley Oval, Christchurch",3.0,16.0,14.0,0.0,1.0,14.0,114.29,1.14,2.0,22.0,28.0,22.0,7.64,1.27,Christchurch,
JDS Neesham,Harare Sports Club,,0.0,,0.0,0.0,0.0,,,1.0,5.0,4.0,5.0,4.8,0.8,,
JDS Neesham,McLean Park,1.0,2.0,4.0,0.0,0.0,4.0,50.0,0.5,1.0,12.0,18.0,12.0,9.0,1.5,Napier,
JDS Neesham,"McLean Park, Napier",2.0,48.0,32.0,4.0,3.0,32.0,150.0,1.5,1.0,3.0,2.0,3.0,4.0,0.67,Napier,
JDS Neesham,Rawalpindi Cricket Stadium,3.0,32.0,23.0,3.0,1.0,23.0,139.13,1.39,1.0,7.0,7.0,7.0,6.0,1.0,,
JDS Neesham,Seddon Park,,0.0,,0.0,0.0,0.0,,,1.0,5.0,2.0,5.0,2.4,0.4,Hamilton,
JDS Neesham,Sharjah Cricket Stadium,1.0,11.0,8.0,0.0,1.0,8.0,137.5,1.38,1.0,9.0,5.0,9.0,3.33,0.56,Sharjah,
JDS Neesham,"Sky Stadium, Wellington",,0.0,,0.0,0.0,0.0,,,1.0,25.0,23.0,25.0,5.52,0.92,Wellington,
JDS Neesham,"Sportpark Westvliet, The Hague",1.0,1.0,3.0,0.0,0.0,3.0,33.33,0.33,,,,,0.0,0.0,The Hague,
JDS Neesham,Sydney Cricket Ground,1.0,16.0,12.0,1.0,0.0,12.0,133.33,1.33,,,,,0.0,0.0,,
JDS Neesham,"University Oval, Dunedin",1.0,5.0,4.0,1.0,0.0,4.0,125.0,1.25,1.0,19.0,26.0,19.0,8.21,1.37,Dunedin,
JE Root,Feroz Shah Kotla,1.0,5.0,3.0,1.0,0.0,3.0,166.67,1.67,,,,,0.0,0.0,Delhi,
JE Root,Old Trafford,2.0,3.0,6.0,0.0,0.0,6.0,50.0,0.5,,,,,0.0,0.0,Manchester,
JE Root,Sophia Gardens,1.0,38.0,34.0,4.0,0.0,34.0,111.76,1.12,,,,,0.0,0.0,Cardiff,
JE Taylor,Dubai International Cricket Stadium,2.0,14.0,7.0,3.0,0.0,7.0,200.0,2.0,1.0,2.0,1.0,2.0,3.0,0.5,,
JF Mooney,Sheikh Zayed Stadium,1.0,8.0,4.0,1.0,0.0,4.0,200.0,2.0,,,,,0.0,0.0,Abu Dhabi,
JF Smith,"Namibia Cricket Ground, Windhoek",1.0,3.0,3.0,0.0,0.0,3.0,100.0,1.0,,,,,0.0,0.0,Windhoek,
JG Bethell,"Eden Gardens, Kolkata",1.0,4.0,6.0,0.0,0.0,6.0,66.67,0.67,,,,,0.0,0.0,Kolkata,
JG Bethell,"Maharashtra Cricket Association Stadium, Pune",1.0,4.0,6.0,0.0,0.0,6.0,66.67,0.67,,,,,0.0,0.0,Pune,
JG Bethell,"Wankhede Stadium, Mumbai",1.0,1.0,1.0,0.0,0.0,1.0,100.0,1.0,,,,,0.0,0.0,Mumbai,
JH Davey,Al Amerat Cricket Ground Oman Cricket (Ministry Turf 1),1.0,8.0,5.0,0.0,1.0,5.0,160.0,1.6,2.0,24.0,30.0,24.0,7.5,1.25,Al Amarat,
JH Davey,"Bellerive Oval, Hobart",,0.0,,0.0,0.0,0.0,,,2.0,9.0,17.0,9.0,11.33,1.89,Hobart,
JH Davey,"Bready Cricket Club, Magheramason",,0.0,,0.0,0.0,0.0,,,1.0,3.0,4.0,3.0,8.0,1.33,Bready,
JH Davey,Dubai International Cricket Stadium,,0.0,,0.0,0.0,0.0,,,1.0,2.0,2.0,2.0,6.0,1.0,,
JH Davey,ICC Academy,1.0,8.0,4.0,0.0,1.0,4.0,200.0,2.0,2.0,5.0,13.0,5.0,15.6,2.6,Dubai,
JH Davey,"ICC Academy, Dubai",,0.0,,0.0,0.0,0.0,,,1.0,4.0,10.0,4.0,15.0,2.5,Dubai,
JH Stander,Dubai International Cricket Stadium,1.0,4.0,4.0,0.0,0.0,4.0,100.0,1.0,,,,,0.0,0.0,,
JJ Atkinson,"Mission Road Ground, Mong Kok, Hong Kong",1.0,0.0,2.0,0.0,0.0,2.0,0.0,0.0,,,,,0.0,0.0,Mong Kok,
JJ Atkinson,Terdthai Cricket Ground,1.0,3.0,4.0,0.0,0.0,4.0,75.0,0.75,,,,,0.0,0.0,Bangkok,
JJ Atkinson,"The Village, Malahide",1.0,1.0,1.0,0.0,0.0,1.0,100.0,1.0,,,,,0.0,0.0,Dublin,
JJ Atkinson,"Vidarbha Cricket Association Stadium, Jamtha",1.0,4.0,6.0,0.0,0.0,6.0,66.67,0.67,,,,,0.0,0.0,Nagpur,
JJ Atkinson,Zahur Ahmed Chowdhury Stadium,1.0,5.0,3.0,1.0,0.0,3.0,166.67,1.67,,,,,0.0,0.0,Chattogram,
JJ Bumrah,Dubai International Cricket Stadium,,0.0,,0.0,0.0,0.0,,,5.0,113.0,140.0,113.0,7.43,1.24,,
JJ Bumrah,M Chinnaswamy Stadium,,0.0,,0.0,0.0,0.0,,,1.0,3.0,4.0,3.0,8.0,1.33,Bangalore,
JJ Bumrah,"Malahide, Dublin",,0.0,,0.0,0.0,0.0,,,1.0,3.0,2.0,3.0,4.0,0.67,Dublin,
JJ Bumrah,"Nassau County International Cricket Stadium, New York",1.0,0.0,1.0,0.0,0.0,1.0,0.0,0.0,2.0,24.0,20.0,24.0,5.0,0.83,New York,
JJ Bumrah,Shere Bangla National Stadium,,0.0,,0.0,0.0,0.0,,,2.0,16.0,15.0,16.0,5.62,0.94,Mirpur,
JJ Bumrah,"Sir Vivian Richards Stadium, North Sound, Antigua",,0.0,,0.0,0.0,0.0,,,1.0,17.0,10.0,17.0,3.53,0.59,North Sound,
JJ Bumrah,"The Village, Malahide",,0.0,,0.0,0.0,0.0,,,1.0,1.0,0.0,1.0,0.0,0.0,Dublin,
JJ Davidson,"Titwood, Glasgow",1.0,1.0,2.0,0.0,0.0,2.0,50.0,0.5,2.0,4.0,4.0,4.0,6.0,1.0,Glasgow,
JJ Huo,"Willowmoore Park, Benoni",,0.0,,0.0,0.0,0.0,,,1.0,7.0,8.0,7.0,6.86,1.14,Benoni,
JJ Nyambo,"Wanderers Cricket Ground, Windhoek",,0.0,,0.0,0.0,0.0,,,1.0,2.0,1.0,2.0,3.0,0.5,Windhoek,
JJ Roy,Feroz Shah Kotla,1.0,15.0,11.0,1.0,1.0,11.0,136.36,1.36,,,,,0.0,0.0,Delhi,
JJ Roy,Narendra Modi Stadium,3.0,25.0,11.0,2.0,2.0,11.0,227.27,2.27,,,,,0.0,0.0,Ahmedabad,
JJ Roy,"Old Trafford, Manchester",1.0,31.0,14.0,7.0,0.0,14.0,221.43,2.21,,,,,0.0,0.0,Manchester,
JJ Roy,"The Rose Bowl, Southampton",1.0,0.0,6.0,0.0,0.0,6.0,0.0,0.0,,,,,0.0,0.0,Southampton,
JJ Roy,"Trent Bridge, Nottingham",2.0,20.0,21.0,1.0,1.0,21.0,95.24,0.95,,,,,0.0,0.0,Nottingham,
JJ Roy,"Zayed Cricket Stadium, Abu Dhabi",1.0,51.0,33.0,4.0,3.0,33.0,154.55,1.55,,,,,0.0,0.0,Abu Dhabi,
JJ Smit,Dubai International Cricket Stadium,6.0,127.0,78.0,7.0,8.0,78.0,162.82,1.63,6.0,120.0,119.0,120.0,5.95,0.99,,
JJ Smit,"GMHBA Stadium, South Geelong, Victoria",3.0,39.0,25.0,3.0,2.0,25.0,156.0,1.56,3.0,67.0,79.0,67.0,7.07,1.18,Geelong,
JJ Smit,Harare Sports Club,4.0,197.0,111.0,13.0,13.0,111.0,177.48,1.77,4.0,85.0,71.0,85.0,5.01,0.84,,
JJ Smit,ICC Academy,2.0,48.0,26.0,2.0,4.0,26.0,184.62,1.85,2.0,53.0,63.0,53.0,7.13,1.19,Dubai,
JJ Smit,ICC Academy Ground No 2,2.0,24.0,19.0,0.0,2.0,19.0,126.32,1.26,2.0,50.0,53.0,50.0,6.36,1.06,Dubai,
JJ Smit,"ICC Academy, Dubai",2.0,68.0,53.0,4.0,3.0,53.0,128.3,1.28,2.0,49.0,46.0,49.0,5.63,0.94,Dubai,
JJ Smit,"Kensington Oval, Bridgetown, Barbados",2.0,19.0,20.0,1.0,1.0,20.0,95.0,0.95,,,,,0.0,0.0,Bridgetown,
JJ Smit,Kyambogo Cricket Oval,1.0,16.0,15.0,2.0,0.0,15.0,106.67,1.07,1.0,24.0,22.0,24.0,5.5,0.92,Kampala,
JJ Smit,"Namibia Cricket Ground, Windhoek",2.0,46.0,32.0,3.0,2.0,32.0,143.75,1.44,3.0,68.0,50.0,68.0,4.41,0.74,Windhoek,
JJ Smit,"Queens Sports Club, Bulawayo",3.0,7.0,13.0,0.0,0.0,13.0,53.85,0.54,3.0,81.0,106.0,81.0,7.85,1.31,Bulawayo,
JJ Smit,Sharjah Cricket Stadium,1.0,9.0,17.0,1.0,0.0,17.0,52.94,0.53,2.0,40.0,54.0,40.0,8.1,1.35,Sharjah,
JJ Smit,"Sir Vivian Richards Stadium, North Sound, Antigua",2.0,3.0,11.0,0.0,0.0,11.0,27.27,0.27,,,,,0.0,0.0,North Sound,
JJ Smit,"Tribhuvan University International Cricket Ground, Kirtipur",4.0,88.0,52.0,8.0,5.0,52.0,169.23,1.69,,,,,0.0,0.0,Kirtipur,
JJ Smit,"United Cricket Club Ground, Windhoek",6.0,157.0,115.0,8.0,11.0,115.0,136.52,1.37,7.0,158.0,157.0,158.0,5.96,0.99,Windhoek,
JJ Smit,"Wanderers Cricket Ground, Windhoek",11.0,267.0,173.0,15.0,19.0,173.0,154.34,1.54,6.0,102.0,107.0,102.0,6.29,1.05,Windhoek,
JJ Smit,"Zayed Cricket Stadium, Abu Dhabi",4.0,60.0,55.0,4.0,2.0,55.0,109.09,1.09,4.0,80.0,110.0,80.0,8.25,1.38,Abu Dhabi,
JK Kamande,Dubai International Cricket Stadium,,0.0,,0.0,0.0,0.0,,,1.0,3.0,1.0,3.0,2.0,0.33,,
JK Mukhiya,Al Amerat Cricket Ground Oman Cricket (Ministry Turf 1),,0.0,,0.0,0.0,0.0,,,1.0,3.0,0.0,3.0,0.0,0.0,Al Amarat,
JK Vifah,Kyambogo Cricket Oval,,0.0,,0.0,0.0,0.0,,,1.0,3.0,7.0,3.0,14.0,2.33,Kampala,
JK Vifah,"Willowmoore Park, Benoni",1.0,11.0,9.0,2.0,0.0,9.0,122.22,1.22,1.0,6.0,11.0,6.0,11.0,1.83,Benoni,
JKC Ahir,"National Stadium, Hamilton",1.0,6.0,13.0,1.0,0.0,13.0,46.15,0.46,,,,,0.0,0.0,Hamilton,
JL Denly,Sophia Gardens,1.0,20.0,12.0,2.0,1.0,12.0,166.67,1.67,1.0,5.0,14.0,5.0,16.8,2.8,Cardiff,
JL Smith,"MA Chidambaram Stadium, Chepauk, Chennai",1.0,10.0,3.0,1.0,1.0,3.0,333.33,3.33,,,,,0.0,0.0,Chennai,
JL Smith,"Saurashtra Cricket Association Stadium, Rajkot",1.0,0.0,2.0,0.0,0.0,2.0,0.0,0.0,,,,,0.0,0.0,Rajkot,
JL de Mey,"Tribhuvan University International Cricket Ground, Kirtipur",,0.0,,0.0,0.0,0.0,,,1.0,10.0,12.0,10.0,7.2,1.2,Kirtipur,
JM Bairstow,"Edgbaston, Birmingham",1.0,21.0,18.0,1.0,2.0,18.0,116.67,1.17,,,,,0.0,0.0,Birmingham,
JM Bairstow,"Headingley, Leeds",1.0,13.0,7.0,2.0,0.0,7.0,185.71,1.86,,,,,0.0,0.0,Leeds,
JM Bairstow,"Kennington Oval, London",1.0,28.0,16.0,1.0,3.0,16.0,175.0,1.75,,,,,0.0,0.0,London,
JM Bairstow,Narendra Modi Stadium,4.0,45.0,32.0,4.0,2.0,32.0,140.62,1.41,,,,,0.0,0.0,Ahmedabad,
JM Bairstow,Old Trafford,3.0,15.0,14.0,2.0,0.0,14.0,107.14,1.07,,,,,0.0,0.0,Manchester,
JM Bairstow,"Old Trafford, Manchester",1.0,13.0,17.0,1.0,0.0,17.0,76.47,0.76,,,,,0.0,0.0,Manchester,
JM Bairstow,"Sir Vivian Richards Stadium, North Sound, Antigua",1.0,8.0,2.0,2.0,0.0,2.0,400.0,4.0,,,,,0.0,0.0,North Sound,
JM Bairstow,Sophia Gardens,1.0,16.0,8.0,0.0,2.0,8.0,200.0,2.0,,,,,0.0,0.0,Cardiff,
JM Bairstow,"Trent Bridge, Nottingham",1.0,10.0,6.0,1.0,1.0,6.0,166.67,1.67,,,,,0.0,0.0,Nottingham,
JM Bairstow,"Zayed Cricket Stadium, Abu Dhabi",2.0,8.0,5.0,1.0,0.0,5.0,160.0,1.6,,,,,0.0,0.0,Abu Dhabi,
JM Joao,"Gymkhana Club Ground, Nairobi",1.0,3.0,5.0,0.0,0.0,5.0,60.0,0.6,,,,,0.0,0.0,Nairobi,
JM Sharma,Zhejiang University of Technology Cricket Field,1.0,4.0,3.0,1.0,0.0,3.0,133.33,1.33,,,,,0.0,0.0,Hangzhou,
JM Vince,Sophia Gardens,1.0,25.0,19.0,3.0,1.0,19.0,131.58,1.32,,,,,0.0,0.0,Cardiff,
JN Frylinck,Al Amerat Cricket Ground Oman Cricket (Ministry Turf 1),4.0,29.0,35.0,2.0,0.0,35.0,82.86,0.83,1.0,7.0,14.0,7.0,12.0,2.0,Al Amarat,
JN Frylinck,Dubai International Cricket Stadium,1.0,3.0,3.0,0.0,0.0,3.0,100.0,1.0,2.0,20.0,20.0,20.0,6.0,1.0,,
JN Frylinck,"GMHBA Stadium, South Geelong, Victoria",,0.0,,0.0,0.0,0.0,,,1.0,3.0,2.0,3.0,4.0,0.67,Geelong,
JN Frylinck,"Kensington Oval, Bridgetown, Barbados",1.0,36.0,38.0,5.0,0.0,38.0,94.74,0.95,,,,,0.0,0.0,Bridgetown,
JN Frylinck,Kyambogo Cricket Oval,1.0,3.0,3.0,0.0,0.0,3.0,100.0,1.0,1.0,4.0,1.0,4.0,1.5,0.25,Kampala,
JN Frylinck,"Queens Sports Club, Bulawayo",4.0,24.0,26.0,0.0,1.0,26.0,92.31,0.92,3.0,17.0,20.0,17.0,7.06,1.18,Bulawayo,
JN Frylinck,"Tribhuvan University International Cricket Ground, Kirtipur",2.0,27.0,21.0,0.0,2.0,21.0,128.57,1.29,2.0,17.0,28.0,17.0,9.88,1.65,Kirtipur,
JN Frylinck,"United Cricket Club Ground, Windhoek",4.0,27.0,25.0,2.0,0.0,25.0,108.0,1.08,2.0,19.0,19.0,19.0,6.0,1.0,Windhoek,
JN Frylinck,Wanderers,,0.0,,0.0,0.0,0.0,,,1.0,6.0,9.0,6.0,9.0,1.5,Windhoek,
JN Frylinck,"Wanderers Cricket Ground, Windhoek",6.0,21.0,25.0,3.0,0.0,25.0,84.0,0.84,4.0,20.0,33.0,20.0,9.9,1.65,Windhoek,
JN Frylinck,"Zayed Cricket Stadium, Abu Dhabi",,0.0,,0.0,0.0,0.0,,,1.0,22.0,27.0,22.0,7.36,1.23,Abu Dhabi,
JN Loftie-Eaton,Dubai International Cricket Stadium,,0.0,,0.0,0.0,0.0,,,1.0,8.0,8.0,8.0,6.0,1.0,,
JN Loftie-Eaton,"Namibia Cricket Ground, Windhoek",2.0,33.0,18.0,3.0,3.0,18.0,183.33,1.83,,,,,0.0,0.0,Windhoek,
JN Loftie-Eaton,"Queens Sports Club, Bulawayo",4.0,19.0,16.0,1.0,1.0,16.0,118.75,1.19,1.0,8.0,8.0,8.0,6.0,1.0,Bulawayo,
JN Loftie-Eaton,"Tribhuvan University International Cricket Ground, Kirtipur",1.0,29.0,8.0,4.0,2.0,8.0,362.5,3.62,2.0,9.0,15.0,9.0,10.0,1.67,Kirtipur,
JN Loftie-Eaton,"United Cricket Club Ground, Windhoek",3.0,2.0,6.0,0.0,0.0,6.0,33.33,0.33,1.0,3.0,2.0,3.0,4.0,0.67,Windhoek,
JN Loftie-Eaton,Wanderers,1.0,12.0,6.0,3.0,0.0,6.0,200.0,2.0,1.0,4.0,8.0,4.0,12.0,2.0,Windhoek,
JN Loftie-Eaton,"Wanderers Cricket Ground, Windhoek",2.0,22.0,13.0,3.0,1.0,13.0,169.23,1.69,1.0,5.0,4.0,5.0,4.8,0.8,Windhoek,
JN Loftie-Eaton,"Zayed Cricket Stadium, Abu Dhabi",1.0,7.0,7.0,0.0,0.0,7.0,100.0,1.0,1.0,12.0,21.0,12.0,10.5,1.75,Abu Dhabi,
JN Malan,Gaddafi Stadium,3.0,51.0,25.0,9.0,1.0,25.0,204.0,2.04,,,,,0.0,0.0,Lahore,
JN Malan,"SuperSport Park, Centurion",2.0,68.0,56.0,8.0,1.0,56.0,121.43,1.21,,,,,0.0,0.0,Centurion,
JN Malan,The Wanderers Stadium,1.0,18.0,15.0,3.0,0.0,15.0,120.0,1.2,,,,,0.0,0.0,Johannesburg,
JN Malan,"The Wanderers Stadium, Johannesburg",2.0,35.0,19.0,2.0,4.0,19.0,184.21,1.84,,,,,0.0,0.0,Johannesburg,
JN Mohammed,National Stadium,2.0,20.0,21.0,3.0,0.0,21.0,95.24,0.95,1.0,6.0,8.0,6.0,8.0,1.33,Karachi,
JN Mohammed,"Queen's Park Oval, Port of Spain",2.0,6.0,16.0,0.0,0.0,16.0,37.5,0.38,1.0,3.0,1.0,3.0,2.0,0.33,Trinidad,
JNK Shannon,"The Village, Malahide",1.0,1.0,2.0,0.0,0.0,2.0,50.0,0.5,,,,,0.0,0.0,Dublin,
JNT Seales,"Arnos Vale Ground, Kingstown, St Vincent",1.0,4.0,2.0,1.0,0.0,2.0,200.0,2.0,1.0,12.0,18.0,12.0,9.0,1.5,Kingstown,
JNT Seales,"Bir Sreshtho Flight Lieutenant Matiur Rahman Stadium, Chattogram",,0.0,,0.0,0.0,0.0,,,2.0,50.0,62.0,50.0,7.44,1.24,Chattogram,
JNT Vare,Tony Ireland Stadium,1.0,0.0,1.0,0.0,0.0,1.0,0.0,0.0,,,,,0.0,0.0,Townsville,
JO Adedeji,Entebbe Cricket Oval,1.0,7.0,7.0,1.0,0.0,7.0,100.0,1.0,1.0,10.0,16.0,10.0,9.6,1.6,Entebbe,
JO Adedeji,Gahanga International Cricket Stadium. Rwanda,,0.0,,0.0,0.0,0.0,,,1.0,7.0,8.0,7.0,6.86,1.14,Kigali City,
JO Adedeji,Integrated Polytechnic Regional Centre,,0.0,,0.0,0.0,0.0,,,1.0,1.0,1.0,1.0,6.0,1.0,Kigali City,
JO Adedeji,Sheikh Zayed Stadium,2.0,8.0,15.0,0.0,0.0,15.0,53.33,0.53,,,,,0.0,0.0,Abu Dhabi,
JO Adedeji,Tolerance Oval,1.0,6.0,5.0,0.0,0.0,5.0,120.0,1.2,,,,,0.0,0.0,Abu Dhabi,
JO Adedeji,"United Cricket Club Ground, Windhoek",1.0,5.0,6.0,1.0,0.0,6.0,83.33,0.83,,,,,0.0,0.0,Windhoek,
JO Holder,"Bellerive Oval, Hobart",1.0,4.0,3.0,0.0,0.0,3.0,133.33,1.33,1.0,4.0,3.0,4.0,4.5,0.75,Hobart,
JO Holder,"Bir Sreshtho Flight Lieutenant Matiur Rahman Stadium, Chattogram",1.0,4.0,4.0,1.0,0.0,4.0,100.0,1.0,3.0,75.0,83.0,75.0,6.64,1.11,Chattogram,
JO Holder,"Brian Lara Stadium, Tarouba, Trinidad",3.0,6.0,10.0,0.0,0.0,10.0,60.0,0.6,1.0,10.0,5.0,10.0,3.0,0.5,Tarouba,
JO Holder,"Central Broward Regional Park Stadium Turf Ground, Lauderhill",5.0,60.0,37.0,2.0,6.0,37.0,162.16,1.62,6.0,89.0,113.0,89.0,7.62,1.27,Lauderhill,
JO Holder,"Eden Gardens, Kolkata",,0.0,,0.0,0.0,0.0,,,1.0,10.0,7.0,10.0,4.2,0.7,Kolkata,
JO Holder,"Kensington Oval, Bridgetown",1.0,5.0,4.0,1.0,0.0,4.0,125.0,1.25,1.0,7.0,11.0,7.0,9.43,1.57,Barbados,
JO Holder,"Kensington Oval, Bridgetown, Barbados",1.0,2.0,4.0,0.0,0.0,4.0,50.0,0.5,,,,,0.0,0.0,Bridgetown,
JO Holder,"National Cricket Stadium, St George's, Grenada",,0.0,,0.0,0.0,0.0,,,1.0,1.0,0.0,1.0,0.0,0.0,St George's,
JO Holder,"Providence Stadium, Guyana",,0.0,,0.0,0.0,0.0,,,2.0,25.0,27.0,25.0,6.48,1.08,Providence,
JO Holder,"Queen's Park Oval, Port of Spain",2.0,4.0,6.0,0.0,0.0,6.0,66.67,0.67,2.0,23.0,29.0,23.0,7.57,1.26,Trinidad,
JO Holder,"Rajiv Gandhi International Stadium, Uppal",,0.0,,0.0,0.0,0.0,,,1.0,12.0,17.0,12.0,8.5,1.42,Hyderabad,
JO Holder,Sharjah Cricket Stadium,2.0,18.0,8.0,0.0,2.0,8.0,225.0,2.25,4.0,43.0,38.0,43.0,5.3,0.88,Sharjah,
JO Holder,Wankhede Stadium,1.0,4.0,2.0,1.0,0.0,2.0,200.0,2.0,1.0,15.0,31.0,15.0,12.4,2.07,Mumbai,
JO Holder,"Warner Park, Basseterre, St Kitts",1.0,1.0,1.0,0.0,0.0,1.0,100.0,1.0,1.0,5.0,9.0,5.0,10.8,1.8,Basseterre,
JO Ngoche,Dubai International Cricket Stadium,1.0,1.0,6.0,0.0,0.0,6.0,16.67,0.17,,,,,0.0,0.0,,
JOA Gordon,Al Amerat Cricket Ground Oman Cricket (Ministry Turf 1),,0.0,,0.0,0.0,0.0,,,1.0,19.0,26.0,19.0,8.21,1.37,Al Amarat,
JOA Gordon,"Grand Prairie Stadium, Dallas",,0.0,,0.0,0.0,0.0,,,1.0,3.0,8.0,3.0,16.0,2.67,Dallas,
JOA Gordon,"Nassau County International Cricket Stadium, New York",,0.0,,0.0,0.0,0.0,,,2.0,23.0,18.0,23.0,4.7,0.78,New York,
JOA Gordon,Sheikh Zayed Stadium,,0.0,,0.0,0.0,0.0,,,2.0,21.0,38.0,21.0,10.86,1.81,Abu Dhabi,
JOA Gordon,"Sportpark Maarschalkerweerd, Utrecht",,0.0,,0.0,0.0,0.0,,,1.0,4.0,11.0,4.0,16.5,2.75,Utrecht,
JP Behrendorff,"Barsapara Cricket Stadium, Guwahati",,0.0,,0.0,0.0,0.0,,,1.0,6.0,6.0,6.0,6.0,1.0,Guwahati,
JP Behrendorff,"Brisbane Cricket Ground, Woolloongabba",,0.0,,0.0,0.0,0.0,,,1.0,2.0,2.0,2.0,6.0,1.0,Brisbane,
JP Behrendorff,Dr. Y.S. Rajasekhara Reddy ACA-VDCA Cricket Stadium,,0.0,,0.0,0.0,0.0,,,1.0,8.0,3.0,8.0,2.25,0.38,Visakhapatnam,
JP Behrendorff,"Dr. Y.S. Rajasekhara Reddy ACA-VDCA Cricket Stadium, Visakhapatnam",,0.0,,0.0,0.0,0.0,,,1.0,11.0,4.0,11.0,2.18,0.36,Visakhapatnam,
JP Behrendorff,"M Chinnaswamy Stadium, Bengaluru",1.0,2.0,2.0,0.0,0.0,2.0,100.0,1.0,1.0,1.0,1.0,1.0,6.0,1.0,Bengaluru,
JP Behrendorff,M.Chinnaswamy Stadium,,0.0,,0.0,0.0,0.0,,,1.0,6.0,8.0,6.0,8.0,1.33,Bengaluru,
JP Behrendorff,"Shaheed Veer Narayan Singh International Stadium, Raipur",,0.0,,0.0,0.0,0.0,,,1.0,5.0,6.0,5.0,7.2,1.2,Raipur,
JP Duminy,Mangaung Oval,,0.0,,0.0,0.0,0.0,,,1.0,4.0,8.0,4.0,12.0,2.0,Bloemfontein,
JP Duminy,Senwes Park,,0.0,,0.0,0.0,0.0,,,1.0,10.0,8.0,10.0,4.8,0.8,Potchefstroom,
JP Duminy,Shere Bangla National Stadium,1.0,1.0,3.0,0.0,0.0,3.0,33.33,0.33,2.0,14.0,19.0,14.0,8.14,1.36,Mirpur,
JP Greaves,"Arnos Vale Ground, Kingstown, St Vincent",1.0,6.0,5.0,0.0,0.0,5.0,120.0,1.2,,,,,0.0,0.0,Kingstown,
JP Inglis,"Barsapara Cricket Stadium, Guwahati",1.0,10.0,7.0,2.0,0.0,7.0,142.86,1.43,,,,,0.0,0.0,Guwahati,
JP Inglis,"Bellerive Oval, Hobart",2.0,27.0,28.0,4.0,0.0,28.0,96.43,0.96,,,,,0.0,0.0,Hobart,
JP Inglis,"Dr. Y.S. Rajasekhara Reddy ACA-VDCA Cricket Stadium, Visakhapatnam",1.0,73.0,30.0,7.0,6.0,30.0,243.33,2.43,,,,,0.0,0.0,Visakhapatnam,
JP Inglis,"Gaddafi Stadium, Lahore",1.0,15.0,10.0,2.0,0.0,10.0,150.0,1.5,,,,,0.0,0.0,Lahore,
JP Inglis,"Greenfield International Stadium, Thiruvananthapuram",1.0,1.0,2.0,0.0,0.0,2.0,50.0,0.5,,,,,0.0,0.0,Thiruvananthapuram,
JP Inglis,Melbourne Cricket Ground,1.0,10.0,6.0,1.0,0.0,6.0,166.67,1.67,,,,,0.0,0.0,,
JP Inglis,"Sky Stadium, Wellington",1.0,5.0,3.0,1.0,0.0,3.0,166.67,1.67,,,,,0.0,0.0,Wellington,
JP Inglis,Sydney Cricket Ground,1.0,0.0,2.0,0.0,0.0,2.0,0.0,0.0,,,,,0.0,0.0,,
JP Kotze,"Achimota Senior Secondary School A Field, Accra",3.0,46.0,50.0,4.0,2.0,50.0,92.0,0.92,,,,,0.0,0.0,Accra,
JP Kotze,"Achimota Senior Secondary School B Field, Accra",2.0,31.0,45.0,2.0,1.0,45.0,68.89,0.69,,,,,0.0,0.0,Accra,
JP Kotze,Al Amerat Cricket Ground Oman Cricket (Ministry Turf 1),5.0,160.0,132.0,18.0,7.0,132.0,121.21,1.21,,,,,0.0,0.0,Al Amarat,
JP Kotze,Dubai International Cricket Stadium,5.0,98.0,95.0,8.0,4.0,95.0,103.16,1.03,,,,,0.0,0.0,,
JP Kotze,ICC Academy,2.0,14.0,15.0,2.0,0.0,15.0,93.33,0.93,,,,,0.0,0.0,Dubai,
JP Kotze,ICC Academy Ground No 2,2.0,12.0,21.0,1.0,0.0,21.0,57.14,0.57,,,,,0.0,0.0,Dubai,
JP Kotze,"Kensington Oval, Bridgetown, Barbados",1.0,0.0,3.0,0.0,0.0,3.0,0.0,0.0,,,,,0.0,0.0,Bridgetown,
JP Kotze,"Namibia Cricket Ground, Windhoek",3.0,37.0,25.0,5.0,2.0,25.0,148.0,1.48,,,,,0.0,0.0,Windhoek,
JP Kotze,"Tribhuvan University International Cricket Ground, Kirtipur",4.0,68.0,56.0,8.0,3.0,56.0,121.43,1.21,,,,,0.0,0.0,Kirtipur,
JP Kotze,United Cricket Club Ground,3.0,121.0,66.0,10.0,9.0,66.0,183.33,1.83,,,,,0.0,0.0,Windhoek,
JP Kotze,"United Cricket Club Ground, Windhoek",5.0,124.0,107.0,11.0,7.0,107.0,115.89,1.16,,,,,0.0,0.0,Windhoek,
JP Kotze,Wanderers,1.0,3.0,3.0,0.0,0.0,3.0,100.0,1.0,,,,,0.0,0.0,Windhoek,
JP Kotze,"Wanderers Cricket Ground, Windhoek",9.0,141.0,122.0,16.0,5.0,122.0,115.57,1.16,,,,,0.0,0.0,Windhoek,
JR Barry,"Maple Leaf North-East Ground, King City",1.0,3.0,8.0,0.0,0.0,8.0,37.5,0.38,,,,,0.0,0.0,King City,
JR Barry,"Maple Leaf North-West Ground, King City",1.0,2.0,17.0,0.0,0.0,17.0,11.76,0.12,,,,,0.0,0.0,King City,
JR Hazlewood,Dubai International Cricket Stadium,,0.0,,0.0,0.0,0.0,,,2.0,38.0,58.0,38.0,9.16,1.53,,
JR Hazlewood,"Kensington Oval, Bridgetown, Barbados",,0.0,,0.0,0.0,0.0,,,1.0,6.0,3.0,6.0,3.0,0.5,Bridgetown,
JR Hazlewood,Manuka Oval,,0.0,,0.0,0.0,0.0,,,1.0,3.0,3.0,3.0,6.0,1.0,Canberra,
JR Hazlewood,"Manuka Oval, Canberra",,0.0,,0.0,0.0,0.0,,,1.0,12.0,17.0,12.0,8.5,1.42,Canberra,
JR Hazlewood,Melbourne Cricket Ground,,0.0,,0.0,0.0,0.0,,,1.0,14.0,8.0,14.0,3.43,0.57,,
JR Hazlewood,"Punjab Cricket Association IS Bindra Stadium, Mohali, Chandigarh",,0.0,,0.0,0.0,0.0,,,1.0,12.0,19.0,12.0,9.5,1.58,Chandigarh,
JR Hazlewood,"Shere Bangla National Stadium, Mirpur",1.0,2.0,4.0,0.0,0.0,4.0,50.0,0.5,4.0,69.0,54.0,69.0,4.7,0.78,Dhaka,
JR Hazlewood,"Sir Vivian Richards Stadium, North Sound, Antigua",,0.0,,0.0,0.0,0.0,,,2.0,19.0,17.0,19.0,5.37,0.89,North Sound,
JR Hazlewood,"Vidarbha Cricket Association Stadium, Jamtha, Nagpur",,0.0,,0.0,0.0,0.0,,,1.0,2.0,7.0,2.0,21.0,3.5,Nagpur,
JR Philippe,Carrara Oval,1.0,0.0,1.0,0.0,0.0,1.0,0.0,0.0,,,,,0.0,0.0,Carrara,
JR Philippe,"M Chinnaswamy Stadium, Bengaluru",1.0,4.0,5.0,1.0,0.0,5.0,80.0,0.8,,,,,0.0,0.0,Bengaluru,
JR Philippe,"Shaheed Veer Narayan Singh International Stadium, Raipur",1.0,4.0,4.0,1.0,0.0,4.0,100.0,1.0,,,,,0.0,0.0,Raipur,
JR Philippe,"Shere Bangla National Stadium, Mirpur",2.0,17.0,17.0,1.0,1.0,17.0,100.0,1.0,,,,,0.0,0.0,Dhaka,
JRMVB Sanjaya,Gaddafi Stadium,,0.0,,0.0,0.0,0.0,,,1.0,16.0,29.0,16.0,10.88,1.81,Lahore,
JRMVB Sanjaya,R Premadasa Stadium,1.0,6.0,3.0,1.0,0.0,3.0,200.0,2.0,2.0,11.0,20.0,11.0,10.91,1.82,Colombo,
JRMVB Sanjaya,Sheikh Zayed Stadium,2.0,6.0,5.0,1.0,0.0,5.0,120.0,1.2,2.0,21.0,24.0,21.0,6.86,1.14,Abu Dhabi,
JS Kundi,Harare Sports Club,,0.0,,0.0,0.0,0.0,,,1.0,4.0,13.0,4.0,19.5,3.25,,
JS Malhotra,"Coolidge Cricket Ground, Antigua",1.0,4.0,4.0,0.0,0.0,4.0,100.0,1.0,,,,,0.0,0.0,Coolidge,
JS Malhotra,"Queens Sports Club, Bulawayo",1.0,3.0,3.0,0.0,0.0,3.0,100.0,1.0,,,,,0.0,0.0,Bulawayo,
JS Malhotra,"White Hill Field, Sandys Parish",2.0,12.0,7.0,1.0,1.0,7.0,171.43,1.71,,,,,0.0,0.0,Hamilton,
JT Ball,County Ground,,0.0,,0.0,0.0,0.0,,,1.0,2.0,6.0,2.0,18.0,3.0,Bristol,
JT Ball,Sophia Gardens,,0.0,,0.0,0.0,0.0,,,1.0,2.0,2.0,2.0,6.0,1.0,Cardiff,
JT Brassell,Al Amerat Cricket Ground Oman Cricket (Ministry Turf 1),,0.0,,0.0,0.0,0.0,,,2.0,20.0,30.0,20.0,9.0,1.5,Al Amarat,
JT Brassell,"Namibia Cricket Ground, Windhoek",,0.0,,0.0,0.0,0.0,,,1.0,6.0,3.0,6.0,3.0,0.5,Windhoek,
JT Brassell,"Tribhuvan University International Cricket Ground, Kirtipur",,0.0,,0.0,0.0,0.0,,,1.0,7.0,13.0,7.0,11.14,1.86,Kirtipur,
JT Brassell,"Wanderers Cricket Ground, Windhoek",1.0,0.0,1.0,0.0,0.0,1.0,0.0,0.0,1.0,1.0,1.0,1.0,6.0,1.0,Windhoek,
JT Smuts,Gaddafi Stadium,2.0,8.0,11.0,1.0,0.0,11.0,72.73,0.73,2.0,31.0,29.0,31.0,5.61,0.94,Lahore,
JW Jenner,Bulawayo Athletic Club,1.0,3.0,3.0,0.0,0.0,3.0,100.0,1.0,,,,,0.0,0.0,Bulawayo,
JW Jenner,Sheikh Zayed Stadium,1.0,10.0,10.0,1.0,0.0,10.0,100.0,1.0,,,,,0.0,0.0,Abu Dhabi,
JW Jenner,Tolerance Oval,1.0,17.0,10.0,1.0,1.0,10.0,170.0,1.7,,,,,0.0,0.0,Abu Dhabi,
JWW Gardner,Al Amerat Cricket Ground Oman Cricket (Ministry Turf 1),,0.0,,0.0,0.0,0.0,,,1.0,6.0,5.0,6.0,5.0,0.83,Al Amarat,
Jahandad Khan,"Bellerive Oval, Hobart",1.0,5.0,10.0,0.0,0.0,10.0,50.0,0.5,1.0,18.0,17.0,18.0,5.67,0.94,Hobart,
Jahandad Khan,"Hagley Oval, Christchurch",1.0,17.0,17.0,0.0,1.0,17.0,100.0,1.0,1.0,6.0,16.0,6.0,16.0,2.67,Christchurch,
Jahandad Khan,"Queens Sports Club, Bulawayo",1.0,6.0,3.0,0.0,1.0,3.0,200.0,2.0,3.0,42.0,72.0,42.0,10.29,1.71,Bulawayo,
Jahandad Khan,"Sky Stadium, Wellington",1.0,1.0,2.0,0.0,0.0,2.0,50.0,0.5,1.0,14.0,43.0,14.0,18.43,3.07,Wellington,
Jahandad Khan,"SuperSport Park, Centurion",,0.0,,0.0,0.0,0.0,,,1.0,24.0,40.0,24.0,10.0,1.67,Centurion,
Jahandad Khan,"University Oval, Dunedin",1.0,0.0,2.0,0.0,0.0,2.0,0.0,0.0,1.0,7.0,23.0,7.0,19.71,3.29,Dunedin,
Jaker Ali,"Arnos Vale Ground, Kingstown, St Vincent",5.0,146.0,127.0,8.0,9.0,127.0,114.96,1.15,,,,,0.0,0.0,Kingstown,
Jaker Ali,"Arun Jaitley Stadium, Delhi",1.0,1.0,2.0,0.0,0.0,2.0,50.0,0.5,,,,,0.0,0.0,Delhi,
Jaker Ali,"Bir Sreshtho Flight Lieutenant Matiur Rahman Stadium, Chattogram",2.0,22.0,23.0,3.0,0.0,23.0,95.65,0.96,,,,,0.0,0.0,Chattogram,
Jaker Ali,Dubai International Cricket Stadium,3.0,18.0,18.0,2.0,0.0,18.0,100.0,1.0,,,,,0.0,0.0,,
Jaker Ali,"Gaddafi Stadium, Lahore",3.0,51.0,31.0,2.0,4.0,31.0,164.52,1.65,,,,,0.0,0.0,Lahore,
Jaker Ali,"Nassau County International Cricket Stadium, New York",1.0,8.0,9.0,0.0,0.0,9.0,88.89,0.89,,,,,0.0,0.0,New York,
Jaker Ali,Prairie View Cricket Complex,2.0,13.0,12.0,2.0,0.0,12.0,108.33,1.08,,,,,0.0,0.0,Houston,
Jaker Ali,Rangiri Dambulla International Stadium,1.0,3.0,2.0,0.0,0.0,2.0,150.0,1.5,,,,,0.0,0.0,Dambulla,
Jaker Ali,Sharjah Cricket Stadium,3.0,72.0,57.0,2.0,6.0,57.0,126.32,1.26,,,,,0.0,0.0,Sharjah,
Jaker Ali,"Shere Bangla National Stadium, Mirpur",5.0,101.0,79.0,5.0,7.0,79.0,127.85,1.28,,,,,0.0,0.0,Dhaka,
Jaker Ali,"Shrimant Madhavrao Scindia Cricket Stadium, Gwalior",1.0,8.0,6.0,0.0,1.0,6.0,133.33,1.33,,,,,0.0,0.0,Gwalior,
Jaker Ali,"Sir Vivian Richards Stadium, North Sound, Antigua",1.0,1.0,4.0,0.0,0.0,4.0,25.0,0.25,,,,,0.0,0.0,North Sound,
Jaker Ali,Sylhet International Cricket Stadium,3.0,92.0,65.0,5.0,7.0,65.0,141.54,1.42,,,,,0.0,0.0,,
Jaker Ali,"Zahur Ahmed Chowdhury Stadium, Chattogram",2.0,57.0,47.0,3.0,3.0,47.0,121.28,1.21,,,,,0.0,0.0,Chattogram,
Jaker Ali,"Zayed Cricket Stadium, Abu Dhabi",2.0,41.0,38.0,2.0,0.0,38.0,107.89,1.08,,,,,0.0,0.0,Abu Dhabi,
Jaker Ali,Zhejiang University of Technology Cricket Field,2.0,38.0,43.0,2.0,1.0,43.0,88.37,0.88,,,,,0.0,0.0,Hangzhou,
Janak Prakash,Dubai International Cricket Stadium,,0.0,,0.0,0.0,0.0,,,1.0,10.0,17.0,10.0,10.2,1.7,,
Janak Prakash,Indian Association Ground,1.0,13.0,5.0,1.0,1.0,5.0,260.0,2.6,1.0,2.0,5.0,2.0,15.0,2.5,Singapore,
Janak Prakash,"Queens Sports Club, Bulawayo",1.0,1.0,1.0,0.0,0.0,1.0,100.0,1.0,1.0,5.0,24.0,5.0,28.8,4.8,Bulawayo,
Janak Prakash,"Tribhuvan University International Cricket Ground, Kirtipur",1.0,1.0,3.0,0.0,0.0,3.0,33.33,0.33,2.0,14.0,18.0,14.0,7.71,1.29,Kirtipur,
Jandu Hamoud,Indian Association Ground,1.0,0.0,1.0,0.0,0.0,1.0,0.0,0.0,,,,,0.0,0.0,Singapore,
Jasdeep Singh,"Grand Prairie Stadium, Dallas",2.0,16.0,11.0,0.0,1.0,11.0,145.45,1.45,4.0,38.0,66.0,38.0,10.42,1.74,Dallas,
Jasdeep Singh,"Jimmy Powell Oval, Cayman Islands",1.0,0.0,1.0,0.0,0.0,1.0,0.0,0.0,2.0,13.0,19.0,13.0,8.77,1.46,George Town,
Jasdeep Singh,"Nassau County International Cricket Stadium, New York",1.0,1.0,3.0,0.0,0.0,3.0,33.33,0.33,,,,,0.0,0.0,New York,
Jasdeep Singh,Prairie View Cricket Complex,2.0,6.0,10.0,1.0,0.0,10.0,60.0,0.6,6.0,50.0,76.0,50.0,9.12,1.52,Houston,
Jasdeep Singh,"Sportpark Maarschalkerweerd, Utrecht",,0.0,,0.0,0.0,0.0,,,1.0,2.0,1.0,2.0,3.0,0.5,Utrecht,
Jasdeep Singh,"Sportpark Westvliet, The Hague",,0.0,,0.0,0.0,0.0,,,2.0,6.0,7.0,6.0,7.0,1.17,The Hague,
Jasdeep Singh,"Wanderers Cricket Ground, Windhoek",,0.0,,0.0,0.0,0.0,,,2.0,17.0,18.0,17.0,6.35,1.06,Windhoek,
Jasdeep Singh,"White Hill Field, Sandys Parish",1.0,8.0,6.0,0.0,1.0,6.0,133.33,1.33,1.0,8.0,20.0,8.0,15.0,2.5,Hamilton,
Jaskaran Singh,"Jimmy Powell Oval, Cayman Islands",,0.0,,0.0,0.0,0.0,,,2.0,15.0,23.0,15.0,9.2,1.53,George Town,
Jaspal Singh,Marsa Sports Club,2.0,1.0,4.0,0.0,0.0,4.0,25.0,0.25,,,,,0.0,0.0,Marsa,
Jaspreet Singh,"Goldenacre, Edinburgh",,0.0,,0.0,0.0,0.0,,,1.0,1.0,1.0,1.0,6.0,1.0,Edinburgh,
Jatinder Singh,Al Amerat Cricket Ground Oman Cricket (Ministry Turf 1),9.0,99.0,77.0,8.0,5.0,77.0,128.57,1.29,1.0,1.0,6.0,1.0,36.0,6.0,Al Amarat,
Jatinder Singh,Dubai International Cricket Stadium,2.0,1.0,4.0,0.0,0.0,4.0,25.0,0.25,,,,,0.0,0.0,,
Jatinder Singh,Himachal Pradesh Cricket Association Stadium,1.0,0.0,1.0,0.0,0.0,1.0,0.0,0.0,,,,,0.0,0.0,Dharamsala,
Jatinder Singh,"Maple Leaf North-West Ground, King City",1.0,0.0,1.0,0.0,0.0,1.0,0.0,0.0,,,,,0.0,0.0,King City,
Jatinder Singh,"Zayed Cricket Stadium, Abu Dhabi",1.0,22.0,19.0,3.0,0.0,19.0,115.79,1.16,,,,,0.0,0.0,Abu Dhabi,
Jaweed Sadran,Bayer Uerdingen Cricket Ground,,0.0,,0.0,0.0,0.0,,,1.0,3.0,3.0,3.0,6.0,1.0,Krefeld,
Jay Odedra,Al Amerat Cricket Ground Oman Cricket (Ministry Turf 1),1.0,9.0,5.0,0.0,1.0,5.0,180.0,1.8,1.0,5.0,3.0,5.0,3.6,0.6,Al Amarat,
Jitin Singh,Gahanga International Cricket Stadium. Rwanda,1.0,12.0,6.0,1.0,1.0,6.0,200.0,2.0,,,,,0.0,0.0,Kigali City,
Jobayer Hossen,"Gymkhana Club Ground, Nairobi",,0.0,,0.0,0.0,0.0,,,1.0,2.0,2.0,2.0,6.0,1.0,Nairobi,
Joshua Asia,"Achimota Senior Secondary School B Field, Accra",,0.0,,0.0,0.0,0.0,,,1.0,4.0,2.0,4.0,3.0,0.5,Accra,
Joshua Asia,"Takashinga Sports Club, Highfield, Harare",,0.0,,0.0,0.0,0.0,,,1.0,10.0,14.0,10.0,8.4,1.4,Harare,
Joshua Asia,"United Cricket Club Ground, Windhoek",,0.0,,0.0,0.0,0.0,,,1.0,3.0,0.0,3.0,0.0,0.0,Windhoek,
Joshua Asia,"Wanderers Cricket Ground, Windhoek",1.0,0.0,1.0,0.0,0.0,1.0,0.0,0.0,1.0,4.0,3.0,4.0,4.5,0.75,Windhoek,
Junaid Aziz,Al Amerat Cricket Ground Oman Cricket (Ministry Turf 1),1.0,0.0,3.0,0.0,0.0,3.0,0.0,0.0,,,,,0.0,0.0,Al Amarat,
Junaid Aziz,"ICC Academy, Dubai",1.0,3.0,3.0,0.0,0.0,3.0,100.0,1.0,,,,,0.0,0.0,Dubai,
Junaid Aziz,"Tribhuvan University International Cricket Ground, Kirtipur",1.0,2.0,9.0,0.0,0.0,9.0,22.22,0.22,,,,,0.0,0.0,Kirtipur,
Junaid Aziz,"West End Park International Cricket Stadium, Doha",1.0,11.0,11.0,0.0,1.0,11.0,100.0,1.0,,,,,0.0,0.0,Doha,
Junaid Siddique,Al Amerat Cricket Ground Oman Cricket (Ministry Turf 1),,0.0,,0.0,0.0,0.0,,,9.0,59.0,81.0,59.0,8.24,1.37,Al Amarat,
Junaid Siddique,Dubai International Cricket Stadium,1.0,11.0,9.0,1.0,0.0,9.0,122.22,1.22,3.0,48.0,56.0,48.0,7.0,1.17,,
Junaid Siddique,"GMHBA Stadium, South Geelong, Victoria",,0.0,,0.0,0.0,0.0,,,1.0,5.0,11.0,5.0,13.2,2.2,Geelong,
Junaid Siddique,"ICC Academy, Dubai",,0.0,,0.0,0.0,0.0,,,1.0,6.0,11.0,6.0,11.0,1.83,Dubai,
Junaid Siddique,Mulpani Cricket Ground,1.0,3.0,4.0,0.0,0.0,4.0,75.0,0.75,1.0,7.0,11.0,7.0,9.43,1.57,Kathmandu,
Junaid Siddique,Sharjah Cricket Stadium,1.0,0.0,2.0,0.0,0.0,2.0,0.0,0.0,2.0,52.0,102.0,52.0,11.77,1.96,Sharjah,
Junaid Siddique,Sheikh Zayed Stadium,1.0,2.0,4.0,0.0,0.0,4.0,50.0,0.5,1.0,11.0,20.0,11.0,10.91,1.82,Abu Dhabi,
Junaid Siddique,"Tribhuvan University International Cricket Ground, Kirtipur",,0.0,,0.0,0.0,0.0,,,1.0,17.0,32.0,17.0,11.29,1.88,Kirtipur,
Junaid Siddique,"Wanderers Cricket Ground, Windhoek",,0.0,,0.0,0.0,0.0,,,4.0,25.0,35.0,25.0,8.4,1.4,Windhoek,
Junaid Siddique,"West End Park International Cricket Stadium, Doha",,0.0,,0.0,0.0,0.0,,,1.0,9.0,8.0,9.0,5.33,0.89,Doha,
Junaid Siddique,"Zayed Cricket Stadium, Abu Dhabi",,0.0,,0.0,0.0,0.0,,,1.0,5.0,3.0,5.0,3.6,0.6,Abu Dhabi,
Junaid Siddiqui,Al Amerat Cricket Ground Oman Cricket (Ministry Turf 1),1.0,2.0,3.0,0.0,0.0,3.0,66.67,0.67,1.0,4.0,1.0,4.0,1.5,0.25,Al Amarat,
Junaid Siddiqui,Dubai International Cricket Stadium,1.0,2.0,2.0,0.0,0.0,2.0,100.0,1.0,,,,,0.0,0.0,,
Junaid Siddiqui,"Nassau County International Cricket Stadium, New York",,0.0,,0.0,0.0,0.0,,,2.0,24.0,41.0,24.0,10.25,1.71,New York,
Junaid Siddiqui,"White Hill Field, Sandys Parish",,0.0,,0.0,0.0,0.0,,,1.0,6.0,6.0,6.0,6.0,1.0,Hamilton,
K Bhurtel,Al Amerat Cricket Ground Oman Cricket (Ministry Turf 1),3.0,49.0,40.0,6.0,1.0,40.0,122.5,1.23,1.0,3.0,3.0,3.0,6.0,1.0,Al Amarat,
K Bhurtel,Al Amerat Cricket Ground Oman Cricket (Ministry Turf 2),1.0,45.0,33.0,3.0,2.0,33.0,136.36,1.36,,,,,0.0,0.0,Al Amarat,
K Bhurtel,"Arnos Vale Ground, Kingstown, St Vincent",1.0,4.0,9.0,1.0,0.0,9.0,44.44,0.44,1.0,24.0,23.0,24.0,5.75,0.96,Kingstown,
K Bhurtel,"Grand Prairie Stadium, Dallas",3.0,65.0,47.0,4.0,4.0,47.0,138.3,1.38,1.0,1.0,1.0,1.0,6.0,1.0,Dallas,
K Bhurtel,"Maple Leaf North-West Ground, King City",4.0,39.0,32.0,2.0,2.0,32.0,121.88,1.22,2.0,22.0,27.0,22.0,7.36,1.23,King City,
K Bhurtel,"Titwood, Glasgow",1.0,5.0,5.0,0.0,0.0,5.0,100.0,1.0,,,,,0.0,0.0,Glasgow,
K Bhurtel,"Tribhuvan University International Cricket Ground, Kirtipur",2.0,51.0,36.0,4.0,4.0,36.0,141.67,1.42,,,,,0.0,0.0,Kirtipur,
K Bhurtel,Zhejiang University of Technology Cricket Field,1.0,21.0,22.0,3.0,1.0,22.0,95.45,0.95,,,,,0.0,0.0,Hangzhou,
K Birkenstock,Kyambogo Cricket Oval,1.0,2.0,3.0,0.0,0.0,3.0,66.67,0.67,,,,,0.0,0.0,Kampala,
K Birkenstock,"Wanderers Cricket Ground, Windhoek",1.0,7.0,4.0,1.0,0.0,4.0,175.0,1.75,,,,,0.0,0.0,Windhoek,
K Burrows,"Maple Leaf North-East Ground, King City",,0.0,,0.0,0.0,0.0,,,1.0,4.0,2.0,4.0,3.0,0.5,King City,
K Cawte,Roma Cricket Ground,,0.0,,0.0,0.0,0.0,,,1.0,5.0,7.0,5.0,8.4,1.4,Spinaceto,
K Christie,Dubai International Cricket Stadium,1.0,11.0,13.0,0.0,0.0,13.0,84.62,0.85,1.0,2.0,1.0,2.0,3.0,0.5,,
K Christie,Sheikh Zayed Stadium,1.0,2.0,4.0,0.0,0.0,4.0,50.0,0.5,1.0,6.0,5.0,6.0,5.0,0.83,Abu Dhabi,
K Christie,Tolerance Oval,,0.0,,0.0,0.0,0.0,,,1.0,3.0,2.0,3.0,4.0,0.67,Abu Dhabi,
K Doriga,Al Amerat Cricket Ground Oman Cricket (Ministry Turf 1),3.0,46.0,37.0,2.0,2.0,37.0,124.32,1.24,,,,,0.0,0.0,Al Amarat,
K Doriga,Dubai International Cricket Stadium,1.0,0.0,1.0,0.0,0.0,1.0,0.0,0.0,,,,,0.0,0.0,,
K Doriga,ICC Academy,1.0,1.0,1.0,0.0,0.0,1.0,100.0,1.0,,,,,0.0,0.0,Dubai,
K Doriga,"ICC Academy, Dubai",2.0,5.0,9.0,0.0,0.0,9.0,55.56,0.56,,,,,0.0,0.0,Dubai,
K Doriga,"Mission Road Ground, Mong Kok, Hong Kong",1.0,8.0,3.0,0.0,1.0,3.0,266.67,2.67,,,,,0.0,0.0,Mong Kok,
K Fletcher,Marsa Sports Club,,0.0,,0.0,0.0,0.0,,,1.0,2.0,1.0,2.0,3.0,0.5,Marsa,
K Gore,"Coolidge Cricket Ground, Antigua",1.0,8.0,4.0,0.0,1.0,4.0,200.0,2.0,1.0,2.0,1.0,2.0,3.0,0.5,Coolidge,
K Gore,"White Hill Field, Sandys Parish",,0.0,,0.0,0.0,0.0,,,2.0,13.0,17.0,13.0,7.85,1.31,Hamilton,
K Hinds,"Coolidge Cricket Ground, Antigua",,0.0,,0.0,0.0,0.0,,,1.0,5.0,3.0,5.0,3.6,0.6,Coolidge,
K Hinds,"Jimmy Powell Oval, Cayman Islands",1.0,0.0,3.0,0.0,0.0,3.0,0.0,0.0,1.0,7.0,10.0,7.0,8.57,1.43,George Town,
K Hinds,"Maple Leaf North-West Ground, King City",1.0,2.0,7.0,0.0,0.0,7.0,28.57,0.29,1.0,1.0,1.0,1.0,6.0,1.0,King City,
K Irakoze,"Gymkhana Club Ground, Nairobi",,0.0,,0.0,0.0,0.0,,,2.0,5.0,12.0,5.0,14.4,2.4,Nairobi,
K Juma,Harare Sports Club,1.0,1.0,1.0,0.0,0.0,1.0,100.0,1.0,1.0,1.0,1.0,1.0,6.0,1.0,,
K Juma,"Takashinga Sports Club, Highfield, Harare",,0.0,,0.0,0.0,0.0,,,1.0,3.0,1.0,3.0,2.0,0.33,Harare,
K Kadowaki-Fleming,Al Amerat Cricket Ground Oman Cricket (Ministry Turf 1),1.0,2.0,5.0,0.0,0.0,5.0,40.0,0.4,,,,,0.0,0.0,Al Amarat,
K Kadowaki-Fleming,Al Amerat Cricket Ground Oman Cricket (Ministry Turf 2),1.0,10.0,8.0,1.0,1.0,8.0,125.0,1.25,,,,,0.0,0.0,Al Amarat,
K Klein,Al Amerat Cricket Ground Oman Cricket (Ministry Turf 1),1.0,1.0,2.0,0.0,0.0,2.0,50.0,0.5,2.0,17.0,5.0,17.0,1.76,0.29,Al Amarat,
K Klein,"Sportpark Maarschalkerweerd, Utrecht",1.0,3.0,4.0,0.0,0.0,4.0,75.0,0.75,3.0,7.0,15.0,7.0,12.86,2.14,Utrecht,
K Klein,"Sportpark Westvliet, The Hague",1.0,9.0,7.0,1.0,0.0,7.0,128.57,1.29,,,,,0.0,0.0,The Hague,
K Klein,Sylhet International Cricket Stadium,2.0,13.0,19.0,1.0,0.0,19.0,68.42,0.68,3.0,58.0,102.0,58.0,10.55,1.76,,
K Macheka,"Achimota Senior Secondary School A Field, Accra",,0.0,,0.0,0.0,0.0,,,1.0,6.0,8.0,6.0,8.0,1.33,Accra,
K Mishara,Dubai International Cricket Stadium,1.0,5.0,11.0,0.0,0.0,11.0,45.45,0.45,,,,,0.0,0.0,,
K Mishara,Harare Sports Club,1.0,10.0,12.0,0.0,0.0,12.0,83.33,0.83,,,,,0.0,0.0,,
K Mishara,"Zayed Cricket Stadium, Abu Dhabi",1.0,46.0,35.0,4.0,2.0,35.0,131.43,1.31,,,,,0.0,0.0,Abu Dhabi,
K Modise,Lugogo Cricket Oval,,0.0,,0.0,0.0,0.0,,,1.0,5.0,4.0,5.0,4.8,0.8,Kampala,
K Motlanka,"Gahanga International Cricket Stadium, Rwanda",2.0,6.0,9.0,0.0,0.0,9.0,66.67,0.67,,,,,0.0,0.0,Kigali City,
K Motlanka,"Takashinga Sports Club, Highfield, Harare",1.0,1.0,2.0,0.0,0.0,2.0,50.0,0.5,,,,,0.0,0.0,Harare,
K Motlanka,"Willowmoore Park, Benoni",1.0,0.0,3.0,0.0,0.0,3.0,0.0,0.0,,,,,0.0,0.0,Benoni,
K Nassoro,"Achimota Senior Secondary School B Field, Accra",,0.0,,0.0,0.0,0.0,,,1.0,4.0,6.0,4.0,9.0,1.5,Accra,
K Nassoro,Gahanga International Cricket Stadium. Rwanda,1.0,10.0,10.0,1.0,0.0,10.0,100.0,1.0,1.0,4.0,0.0,4.0,0.0,0.0,Kigali City,
K Nassoro,Harare Sports Club,1.0,3.0,5.0,0.0,0.0,5.0,60.0,0.6,1.0,2.0,2.0,2.0,6.0,1.0,,
K Nassoro,"United Cricket Club Ground, Windhoek",1.0,2.0,7.0,0.0,0.0,7.0,28.57,0.29,,,,,0.0,0.0,Windhoek,
K Nassoro,"Wanderers Cricket Ground, Windhoek",2.0,6.0,8.0,0.0,0.0,8.0,75.0,0.75,2.0,6.0,15.0,6.0,15.0,2.5,Windhoek,
K Nassoro,"Willowmoore Park, Benoni",,0.0,,0.0,0.0,0.0,,,1.0,10.0,14.0,10.0,8.4,1.4,Benoni,
K Pierre,Bharat Ratna Shri Atal Bihari Vajpayee Ekana Cricket Stadium,,0.0,,0.0,0.0,0.0,,,1.0,6.0,12.0,6.0,12.0,2.0,Lucknow,
K Pierre,"Bir Sreshtho Flight Lieutenant Matiur Rahman Stadium, Chattogram",1.0,0.0,1.0,0.0,0.0,1.0,0.0,0.0,3.0,50.0,69.0,50.0,8.28,1.38,Chattogram,
K Pierre,Greenfield International Stadium,,0.0,,0.0,0.0,0.0,,,1.0,6.0,6.0,6.0,6.0,1.0,Thiruvananthapuram,
K Pierre,"MA Chidambaram Stadium, Chepauk",,0.0,,0.0,0.0,0.0,,,1.0,6.0,8.0,6.0,8.0,1.33,Chennai,
K Pierre,"Rajiv Gandhi International Stadium, Uppal",,0.0,,0.0,0.0,0.0,,,1.0,12.0,23.0,12.0,11.5,1.92,Hyderabad,
K Pierre,Wankhede Stadium,1.0,2.0,3.0,0.0,0.0,3.0,66.67,0.67,1.0,4.0,5.0,4.0,7.5,1.25,Mumbai,
K Piet,"Gahanga International Cricket Stadium, Rwanda",1.0,5.0,3.0,1.0,0.0,3.0,166.67,1.67,2.0,8.0,3.0,8.0,2.25,0.38,Kigali City,
K Piet,"Gymkhana Club Ground, Nairobi",,0.0,,0.0,0.0,0.0,,,2.0,6.0,11.0,6.0,11.0,1.83,Nairobi,
K Piet,Harare Sports Club,1.0,0.0,1.0,0.0,0.0,1.0,0.0,0.0,,,,,0.0,0.0,,
K Rabada,"Arnos Vale Ground, Kingstown, St Vincent",,0.0,,0.0,0.0,0.0,,,1.0,11.0,16.0,11.0,8.73,1.45,Kingstown,
K Rabada,"Arun Jaitley Stadium, Delhi",,0.0,,0.0,0.0,0.0,,,1.0,7.0,11.0,7.0,9.43,1.57,Delhi,
K Rabada,"Barabati Stadium, Cuttack",,0.0,,0.0,0.0,0.0,,,1.0,2.0,1.0,2.0,3.0,0.5,Cuttack,
K Rabada,"Barsapara Cricket Stadium, Guwahati",,0.0,,0.0,0.0,0.0,,,1.0,8.0,11.0,8.0,8.25,1.38,Guwahati,
K Rabada,"Dr. Y.S. Rajasekhara Reddy ACA-VDCA Cricket Stadium, Visakhapatnam",1.0,7.0,5.0,1.0,0.0,5.0,140.0,1.4,1.0,1.0,1.0,1.0,6.0,1.0,Visakhapatnam,
K Rabada,"Greenfield International Stadium, Thiruvananthapuram",1.0,1.0,1.0,0.0,0.0,1.0,100.0,1.0,1.0,14.0,5.0,14.0,2.14,0.36,Thiruvananthapuram,
K Rabada,"Holkar Cricket Stadium, Indore",,0.0,,0.0,0.0,0.0,,,1.0,4.0,4.0,4.0,6.0,1.0,Indore,
K Rabada,Kingsmead,,0.0,,0.0,0.0,0.0,,,1.0,2.0,2.0,2.0,6.0,1.0,Durban,
K Rabada,M.Chinnaswamy Stadium,,0.0,,0.0,0.0,0.0,,,1.0,2.0,5.0,2.0,15.0,2.5,Bengaluru,
K Rabada,"Nassau County International Cricket Stadium, New York",,0.0,,0.0,0.0,0.0,,,2.0,23.0,20.0,23.0,5.22,0.87,New York,
K Rabada,Perth Stadium,,0.0,,0.0,0.0,0.0,,,1.0,1.0,1.0,1.0,6.0,1.0,Perth,
K Rabada,Shere Bangla National Stadium,,0.0,,0.0,0.0,0.0,,,1.0,9.0,16.0,9.0,10.67,1.78,Mirpur,
K Rabada,"Sir Vivian Richards Stadium, North Sound, Antigua",,0.0,,0.0,0.0,0.0,,,1.0,8.0,7.0,8.0,5.25,0.88,North Sound,
K Rabada,SuperSport Park,1.0,2.0,3.0,0.0,0.0,3.0,66.67,0.67,1.0,2.0,1.0,2.0,3.0,0.5,Centurion,
K Rabada,Sydney Cricket Ground,1.0,1.0,1.0,0.0,0.0,1.0,100.0,1.0,2.0,26.0,49.0,26.0,11.31,1.88,,
K Rabada,"The Village, Malahide, Dublin",,0.0,,0.0,0.0,0.0,,,1.0,1.0,1.0,1.0,6.0,1.0,Dublin,
K Rabada,"Zayed Cricket Stadium, Abu Dhabi",,0.0,,0.0,0.0,0.0,,,1.0,21.0,16.0,21.0,4.57,0.76,Abu Dhabi,
K Tathgur,"Maple Leaf North-West Ground, King City",1.0,3.0,8.0,0.0,0.0,8.0,37.5,0.38,,,,,0.0,0.0,King City,
K Tathgur,"Namibia Cricket Ground, Windhoek",2.0,1.0,3.0,0.0,0.0,3.0,33.33,0.33,,,,,0.0,0.0,Windhoek,
K Tathgur,"Sportpark Westvliet, The Hague",1.0,0.0,1.0,0.0,0.0,1.0,0.0,0.0,,,,,0.0,0.0,The Hague,
K Thagunna,"Titwood, Glasgow",1.0,6.0,8.0,0.0,0.0,8.0,75.0,0.75,,,,,0.0,0.0,Glasgow,
K Thuchila,Harare Sports Club,1.0,1.0,1.0,0.0,0.0,1.0,100.0,1.0,,,,,0.0,0.0,,
K Waiswa,"Achimota Senior Secondary School A Field, Accra",,0.0,,0.0,0.0,0.0,,,1.0,4.0,3.0,4.0,4.5,0.75,Accra,
K Waiswa,"United Cricket Club Ground, Windhoek",4.0,8.0,23.0,1.0,0.0,23.0,34.78,0.35,2.0,20.0,38.0,20.0,11.4,1.9,Windhoek,
K Waiswa,"Wanderers Cricket Ground, Windhoek",,0.0,,0.0,0.0,0.0,,,2.0,21.0,36.0,21.0,10.29,1.71,Windhoek,
KA Bazil,"National Stadium, Hamilton",1.0,1.0,2.0,0.0,0.0,2.0,50.0,0.5,1.0,12.0,18.0,12.0,9.0,1.5,Hamilton,
KA Bazil,"White Hill Field, Sandys Parish",1.0,0.0,2.0,0.0,0.0,2.0,0.0,0.0,1.0,2.0,7.0,2.0,21.0,3.5,Hamilton,
KA Jamieson,"Eden Park, Auckland",1.0,0.0,1.0,0.0,0.0,1.0,0.0,0.0,1.0,11.0,22.0,11.0,12.0,2.0,Auckland,
KA Jamieson,"Hagley Oval, Christchurch",,0.0,,0.0,0.0,0.0,,,1.0,24.0,9.0,24.0,2.25,0.38,Christchurch,
KA Jamieson,McLean Park,,0.0,,0.0,0.0,0.0,,,1.0,10.0,14.0,10.0,8.4,1.4,Napier,
KA Jamieson,Seddon Park,,0.0,,0.0,0.0,0.0,,,1.0,10.0,14.0,10.0,8.4,1.4,Hamilton,
KA Maharaj,"Arun Jaitley Stadium, Delhi",,0.0,,0.0,0.0,0.0,,,1.0,16.0,41.0,16.0,15.38,2.56,Delhi,
KA Maharaj,"Barsapara Cricket Stadium, Guwahati",,0.0,,0.0,0.0,0.0,,,1.0,6.0,5.0,6.0,5.0,0.83,Guwahati,
KA Maharaj,"County Ground, Bristol",,0.0,,0.0,0.0,0.0,,,1.0,6.0,5.0,6.0,5.0,0.83,Bristol,
KA Maharaj,"Dr. Y.S. Rajasekhara Reddy ACA-VDCA Cricket Stadium, Visakhapatnam",1.0,10.0,5.0,0.0,1.0,5.0,200.0,2.0,1.0,5.0,16.0,5.0,19.2,3.2,Visakhapatnam,
KA Maharaj,"Greenfield International Stadium, Thiruvananthapuram",1.0,16.0,5.0,2.0,1.0,5.0,320.0,3.2,1.0,6.0,5.0,6.0,5.0,0.83,Thiruvananthapuram,
KA Maharaj,"Kensington Oval, Bridgetown, Barbados",1.0,1.0,4.0,0.0,0.0,4.0,25.0,0.25,,,,,0.0,0.0,Bridgetown,
KA Maharaj,"Kingsmead, Durban",1.0,4.0,7.0,0.0,0.0,7.0,57.14,0.57,1.0,5.0,6.0,5.0,7.2,1.2,Durban,
KA Maharaj,"M Chinnaswamy Stadium, Bangalore",,0.0,,0.0,0.0,0.0,,,1.0,5.0,15.0,5.0,18.0,3.0,Bengaluru,
KA Maharaj,"Nassau County International Cricket Stadium, New York",1.0,4.0,9.0,0.0,0.0,9.0,44.44,0.44,1.0,16.0,20.0,16.0,7.5,1.25,New York,
KA Maharaj,"Saurashtra Cricket Association Stadium, Rajkot",1.0,0.0,2.0,0.0,0.0,2.0,0.0,0.0,,,,,0.0,0.0,Rajkot,
KA Maharaj,"Sir Vivian Richards Stadium, North Sound, Antigua",,0.0,,0.0,0.0,0.0,,,1.0,10.0,10.0,10.0,6.0,1.0,North Sound,
KA Maharaj,"St George's Park, Gqeberha",,0.0,,0.0,0.0,0.0,,,1.0,4.0,5.0,4.0,7.5,1.25,Gqeberha,
KA Maharaj,"SuperSport Park, Centurion",,0.0,,0.0,0.0,0.0,,,1.0,10.0,25.0,10.0,15.0,2.5,Centurion,
KA Maharaj,Sydney Cricket Ground,,0.0,,0.0,0.0,0.0,,,1.0,18.0,18.0,18.0,6.0,1.0,,
KA Maharaj,"The Wanderers Stadium, Johannesburg",2.0,6.0,7.0,0.0,0.0,7.0,85.71,0.86,2.0,14.0,27.0,14.0,11.57,1.93,Johannesburg,
KA Maharaj,"Zayed Cricket Stadium, Abu Dhabi",,0.0,,0.0,0.0,0.0,,,1.0,24.0,23.0,24.0,5.75,0.96,Abu Dhabi,
KA Pollard,Bharat Ratna Shri Atal Bihari Vajpayee Ekana Cricket Stadium,1.0,4.0,5.0,1.0,0.0,5.0,80.0,0.8,,,,,0.0,0.0,Lucknow,
KA Pollard,Central Broward Regional Park Stadium Turf Ground,,0.0,,0.0,0.0,0.0,,,1.0,9.0,13.0,9.0,8.67,1.44,Lauderhill,
KA Pollard,Dubai International Cricket Stadium,2.0,3.0,8.0,0.0,0.0,8.0,37.5,0.38,1.0,7.0,9.0,7.0,7.71,1.29,,
KA Pollard,Eden Gardens,1.0,2.0,4.0,0.0,0.0,4.0,50.0,0.5,,,,,0.0,0.0,Kolkata,
KA Pollard,"Eden Gardens, Kolkata",2.0,1.0,10.0,0.0,0.0,10.0,10.0,0.1,,,,,0.0,0.0,Kolkata,
KA Pollard,"Kensington Oval, Bridgetown",1.0,6.0,13.0,0.0,0.0,13.0,46.15,0.46,1.0,4.0,8.0,4.0,12.0,2.0,Barbados,
KA Pollard,"Kensington Oval, Bridgetown, Barbados",1.0,21.0,7.0,1.0,2.0,7.0,300.0,3.0,,,,,0.0,0.0,Bridgetown,
KA Pollard,"National Cricket Stadium, Grenada",1.0,16.0,8.0,0.0,2.0,8.0,200.0,2.0,,,,,0.0,0.0,St George's,
KA Pollard,"Providence Stadium, Guyana",2.0,29.0,29.0,1.0,1.0,29.0,100.0,1.0,,,,,0.0,0.0,Providence,
KA Pollard,"Queen's Park Oval, Port of Spain",2.0,6.0,9.0,0.0,0.0,9.0,66.67,0.67,,,,,0.0,0.0,Trinidad,
KA Pollard,Sharjah Cricket Stadium,1.0,11.0,13.0,0.0,1.0,13.0,84.62,0.85,,,,,0.0,0.0,Sharjah,
KA Pollard,Wankhede Stadium,1.0,26.0,15.0,1.0,3.0,15.0,173.33,1.73,1.0,5.0,5.0,5.0,6.0,1.0,Mumbai,
KA Pollard,"Warner Park, St Kitts",,0.0,,0.0,0.0,0.0,,,1.0,1.0,0.0,1.0,0.0,0.0,Basseterre,
KAJ Roach,Providence Stadium,,0.0,,0.0,0.0,0.0,,,1.0,5.0,2.0,5.0,2.4,0.4,Guyana,
KB Ahir,"Coolidge Cricket Ground, Antigua",1.0,0.0,5.0,0.0,0.0,5.0,0.0,0.0,,,,,0.0,0.0,Coolidge,
KD Karthik,Adelaide Oval,1.0,7.0,5.0,1.0,0.0,5.0,140.0,1.4,,,,,0.0,0.0,Adelaide,
KD Karthik,Dubai International Cricket Stadium,1.0,1.0,1.0,0.0,0.0,1.0,100.0,1.0,,,,,0.0,0.0,,
KD Karthik,Melbourne Cricket Ground,1.0,1.0,2.0,0.0,0.0,2.0,50.0,0.5,,,,,0.0,0.0,,
KD Karthik,"R.Premadasa Stadium, Khettarama",2.0,8.0,3.0,0.0,1.0,3.0,266.67,2.67,,,,,0.0,0.0,Colombo,
KD Shah,Al Amerat Cricket Ground Oman Cricket (Ministry Turf 1),1.0,17.0,9.0,2.0,1.0,9.0,188.89,1.89,1.0,3.0,2.0,3.0,4.0,0.67,Al Amarat,
KD Shah,Bulawayo Athletic Club,1.0,9.0,9.0,1.0,0.0,9.0,100.0,1.0,1.0,1.0,0.0,1.0,0.0,0.0,Bulawayo,
KD Shah,Dubai International Cricket Stadium,2.0,19.0,13.0,2.0,1.0,13.0,146.15,1.46,,,,,0.0,0.0,,
KD Shah,Khan Shaheb Osman Ali Stadium,1.0,0.0,1.0,0.0,0.0,1.0,0.0,0.0,,,,,0.0,0.0,Fatullah,
KD Shah,P Sara Oval,1.0,0.0,4.0,0.0,0.0,4.0,0.0,0.0,,,,,0.0,0.0,Colombo,
KD Shah,"Queens Sports Club, Bulawayo",1.0,8.0,4.0,0.0,1.0,4.0,200.0,2.0,,,,,0.0,0.0,Bulawayo,
KD Shah,Sharjah Cricket Stadium,1.0,5.0,6.0,1.0,0.0,6.0,83.33,0.83,,,,,0.0,0.0,Sharjah,
KD Shah,Sheikh Zayed Stadium,3.0,30.0,27.0,2.0,0.0,27.0,111.11,1.11,1.0,12.0,12.0,12.0,6.0,1.0,Abu Dhabi,
KD Shah,Terdthai Cricket Ground,,0.0,,0.0,0.0,0.0,,,1.0,8.0,15.0,8.0,11.25,1.88,Bangkok,
KD Shah,Tolerance Oval,1.0,9.0,7.0,0.0,1.0,7.0,128.57,1.29,,,,,0.0,0.0,Abu Dhabi,
KD Shah,"Zayed Cricket Stadium, Abu Dhabi",1.0,0.0,1.0,0.0,0.0,1.0,0.0,0.0,1.0,6.0,11.0,6.0,11.0,1.83,Abu Dhabi,
KH Pandya,Arun Jaitley Stadium,1.0,1.0,1.0,0.0,0.0,1.0,100.0,1.0,1.0,9.0,15.0,9.0,10.0,1.67,Delhi,
KH Pandya,Saurashtra Cricket Association Stadium,,0.0,,0.0,0.0,0.0,,,1.0,8.0,11.0,8.0,8.25,1.38,Rajkot,
KH Prajapati,Al Amerat Cricket Ground Oman Cricket (Ministry Turf 1),4.0,62.0,66.0,4.0,5.0,66.0,93.94,0.94,,,,,0.0,0.0,Al Amarat,
KH Prajapati,"Maple Leaf North-West Ground, King City",3.0,11.0,12.0,2.0,0.0,12.0,91.67,0.92,,,,,0.0,0.0,King City,
KH Prajapati,"Tribhuvan University International Cricket Ground, Kirtipur",2.0,53.0,32.0,5.0,4.0,32.0,165.62,1.66,,,,,0.0,0.0,Kirtipur,
KIC Asalanka,Dubai International Cricket Stadium,2.0,21.0,14.0,1.0,1.0,14.0,150.0,1.5,1.0,7.0,14.0,7.0,12.0,2.0,,
KIC Asalanka,"Eden Park, Auckland",1.0,20.0,6.0,1.0,2.0,6.0,333.33,3.33,,,,,0.0,0.0,Auckland,
KIC Asalanka,"Grand Prairie Stadium, Dallas",1.0,15.0,14.0,1.0,1.0,14.0,107.14,1.07,,,,,0.0,0.0,Dallas,
KIC Asalanka,Harare Sports Club,2.0,4.0,11.0,0.0,0.0,11.0,36.36,0.36,1.0,3.0,4.0,3.0,8.0,1.33,,
KIC Asalanka,"Himachal Pradesh Cricket Association Stadium, Dharamsala",1.0,4.0,6.0,1.0,0.0,6.0,66.67,0.67,,,,,0.0,0.0,Dharamsala,
KIC Asalanka,"John Davies Oval, Queenstown",1.0,1.0,2.0,0.0,0.0,2.0,50.0,0.5,,,,,0.0,0.0,Queenstown,
KIC Asalanka,Pallekele International Cricket Stadium,4.0,12.0,13.0,0.0,1.0,13.0,92.31,0.92,,,,,0.0,0.0,Kandy,
KIC Asalanka,"R Premadasa Stadium, Colombo",3.0,25.0,29.0,2.0,0.0,29.0,86.21,0.86,1.0,6.0,16.0,6.0,16.0,2.67,Colombo,
KIC Asalanka,Rangiri Dambulla International Stadium,1.0,5.0,5.0,1.0,0.0,5.0,100.0,1.0,,,,,0.0,0.0,Dambulla,
KIC Asalanka,Sharjah Cricket Stadium,1.0,54.0,39.0,5.0,2.0,39.0,138.46,1.38,1.0,2.0,5.0,2.0,15.0,2.5,Sharjah,
KIC Asalanka,Sylhet International Cricket Stadium,3.0,75.0,43.0,1.0,9.0,43.0,174.42,1.74,,,,,0.0,0.0,,
KIC Asalanka,"University Oval, Dunedin",1.0,3.0,4.0,0.0,0.0,4.0,75.0,0.75,,,,,0.0,0.0,Dunedin,
KIC Asalanka,"Zayed Cricket Stadium, Abu Dhabi",2.0,30.0,23.0,2.0,2.0,23.0,130.43,1.3,2.0,18.0,18.0,18.0,6.0,1.0,Abu Dhabi,
KJ Abbott,Shere Bangla National Stadium,,0.0,,0.0,0.0,0.0,,,2.0,13.0,13.0,13.0,6.0,1.0,Mirpur,
KJ Abbott,SuperSport Park,1.0,3.0,3.0,0.0,0.0,3.0,100.0,1.0,1.0,5.0,9.0,5.0,10.8,1.8,Centurion,
KJ Coetzer,Al Amerat Cricket Ground Oman Cricket (Ministry Turf 1),4.0,54.0,52.0,3.0,4.0,52.0,103.85,1.04,,,,,0.0,0.0,Al Amarat,
KJ Coetzer,"Bready Cricket Club, Magheramason",1.0,1.0,2.0,0.0,0.0,2.0,50.0,0.5,,,,,0.0,0.0,Bready,
KJ Coetzer,Dubai International Cricket Stadium,4.0,29.0,37.0,1.0,0.0,37.0,78.38,0.78,,,,,0.0,0.0,,
KJ Coetzer,"Grange Cricket Club, Raeburn Place",2.0,9.0,11.0,1.0,0.0,11.0,81.82,0.82,,,,,0.0,0.0,Edinburgh,
KJ Coetzer,ICC Academy,1.0,0.0,3.0,0.0,0.0,3.0,0.0,0.0,,,,,0.0,0.0,Dubai,
KJ Coetzer,"ICC Academy, Dubai",1.0,0.0,2.0,0.0,0.0,2.0,0.0,0.0,,,,,0.0,0.0,Dubai,
KJ Coetzer,Sharjah Cricket Stadium,1.0,3.0,7.0,0.0,0.0,7.0,42.86,0.43,,,,,0.0,0.0,Sharjah,
KJ Coetzer,Sportpark Het Schootsveld,2.0,12.0,11.0,1.0,0.0,11.0,109.09,1.09,,,,,0.0,0.0,Deventer,
KJ O'Brien,Al Amerat Cricket Ground Oman Cricket (Ministry Turf 1),2.0,33.0,20.0,2.0,3.0,20.0,165.0,1.65,,,,,0.0,0.0,Al Amarat,
KJ O'Brien,"Civil Service Cricket Club, Stormont",1.0,1.0,1.0,0.0,0.0,1.0,100.0,1.0,1.0,5.0,0.0,5.0,0.0,0.0,Belfast,
KJ O'Brien,Dubai International Cricket Stadium,1.0,4.0,3.0,0.0,0.0,3.0,133.33,1.33,,,,,0.0,0.0,,
KJ O'Brien,Himachal Pradesh Cricket Association Stadium,1.0,12.0,8.0,1.0,0.0,8.0,150.0,1.5,2.0,15.0,24.0,15.0,9.6,1.6,Dharamsala,
KJ O'Brien,Sharjah Cricket Stadium,1.0,7.0,6.0,0.0,0.0,6.0,116.67,1.17,,,,,0.0,0.0,Sharjah,
KJ O'Brien,Sheikh Zayed Stadium,1.0,4.0,4.0,0.0,0.0,4.0,100.0,1.0,,,,,0.0,0.0,Abu Dhabi,
KJ O'Brien,Sportpark Het Schootsveld,1.0,1.0,1.0,0.0,0.0,1.0,100.0,1.0,,,,,0.0,0.0,Deventer,
KJ O'Brien,"The Village, Malahide",2.0,7.0,5.0,1.0,0.0,5.0,140.0,1.4,1.0,1.0,0.0,1.0,0.0,0.0,Dublin,
KJ O'Brien,Tolerance Oval,1.0,28.0,18.0,2.0,1.0,18.0,155.56,1.56,,,,,0.0,0.0,Abu Dhabi,
KJ Young,"Coolidge Cricket Ground, Antigua",1.0,7.0,11.0,1.0,0.0,11.0,63.64,0.64,1.0,10.0,16.0,10.0,9.6,1.6,Coolidge,
KK Ahmed,Arun Jaitley Stadium,,0.0,,0.0,0.0,0.0,,,1.0,11.0,12.0,11.0,6.55,1.09,Delhi,
KK Ahmed,Harare Sports Club,,0.0,,0.0,0.0,0.0,,,2.0,10.0,14.0,10.0,8.4,1.4,,
KK Ahmed,Saurashtra Cricket Association Stadium,,0.0,,0.0,0.0,0.0,,,1.0,13.0,24.0,13.0,11.08,1.85,Rajkot,
KK Ahmed,"Vidarbha Cricket Association Stadium, Jamtha",,0.0,,0.0,0.0,0.0,,,1.0,17.0,17.0,17.0,6.0,1.0,Nagpur,
KL Rahul,Adelaide Oval,2.0,55.0,38.0,4.0,4.0,38.0,144.74,1.45,,,,,0.0,0.0,Adelaide,
KL Rahul,Arun Jaitley Stadium,1.0,15.0,17.0,2.0,0.0,17.0,88.24,0.88,,,,,0.0,0.0,Delhi,
KL Rahul,Barabati Stadium,1.0,61.0,49.0,7.0,1.0,49.0,124.49,1.24,,,,,0.0,0.0,Cuttack,
KL Rahul,"Barsapara Cricket Stadium, Guwahati",1.0,57.0,30.0,5.0,4.0,30.0,190.0,1.9,,,,,0.0,0.0,Guwahati,
KL Rahul,Bay Oval,1.0,45.0,34.0,4.0,2.0,34.0,132.35,1.32,,,,,0.0,0.0,Mount Maunganui,
KL Rahul,Bharat Ratna Shri Atal Bihari Vajpayee Ekana Cricket Stadium,1.0,26.0,16.0,2.0,1.0,16.0,162.5,1.62,,,,,0.0,0.0,Lucknow,
KL Rahul,"Brisbane Cricket Ground, Woolloongabba",1.0,13.0,12.0,1.0,0.0,12.0,108.33,1.08,,,,,0.0,0.0,Brisbane,
KL Rahul,Central Broward Regional Park Stadium Turf Ground,1.0,110.0,53.0,12.0,5.0,53.0,207.55,2.08,,,,,0.0,0.0,Lauderhill,
KL Rahul,County Ground,1.0,19.0,10.0,1.0,2.0,10.0,190.0,1.9,,,,,0.0,0.0,Bristol,
KL Rahul,Dr. Y.S. Rajasekhara Reddy ACA-VDCA Cricket Stadium,1.0,50.0,38.0,6.0,1.0,38.0,131.58,1.32,,,,,0.0,0.0,Visakhapatnam,
KL Rahul,Dubai International Cricket Stadium,8.0,195.0,150.0,15.0,9.0,150.0,130.0,1.3,,,,,0.0,0.0,,
KL Rahul,Eden Gardens,1.0,16.0,23.0,2.0,0.0,23.0,69.57,0.7,,,,,0.0,0.0,Kolkata,
KL Rahul,Eden Park,2.0,113.0,83.0,7.0,5.0,83.0,136.14,1.36,,,,,0.0,0.0,Auckland,
KL Rahul,Green Park,1.0,8.0,10.0,1.0,0.0,10.0,80.0,0.8,,,,,0.0,0.0,Kanpur,
KL Rahul,Greenfield International Stadium,1.0,11.0,12.0,1.0,0.0,12.0,91.67,0.92,,,,,0.0,0.0,Thiruvananthapuram,
KL Rahul,"Greenfield International Stadium, Thiruvananthapuram",1.0,51.0,57.0,2.0,4.0,57.0,89.47,0.89,,,,,0.0,0.0,Thiruvananthapuram,
KL Rahul,Harare Sports Club,3.0,69.0,63.0,5.0,3.0,63.0,109.52,1.1,,,,,0.0,0.0,,
KL Rahul,Holkar Cricket Stadium,2.0,134.0,83.0,11.0,8.0,83.0,161.45,1.61,,,,,0.0,0.0,Indore,
KL Rahul,"JSCA International Stadium Complex, Ranchi",1.0,65.0,52.0,6.0,2.0,52.0,125.0,1.25,,,,,0.0,0.0,Ranchi,
KL Rahul,M Chinnaswamy Stadium,1.0,22.0,18.0,2.0,1.0,18.0,122.22,1.22,,,,,0.0,0.0,Bangalore,
KL Rahul,M.Chinnaswamy Stadium,1.0,47.0,26.0,3.0,4.0,26.0,180.77,1.81,,,,,0.0,0.0,Bengaluru,
KL Rahul,"MA Chidambaram Stadium, Chepauk",1.0,17.0,11.0,4.0,0.0,11.0,154.55,1.55,,,,,0.0,0.0,Chennai,
KL Rahul,Maharashtra Cricket Association Stadium,1.0,54.0,36.0,5.0,1.0,36.0,150.0,1.5,,,,,0.0,0.0,Pune,
KL Rahul,Manuka Oval,1.0,51.0,40.0,5.0,1.0,40.0,127.5,1.27,,,,,0.0,0.0,Canberra,
KL Rahul,Melbourne Cricket Ground,2.0,55.0,43.0,3.0,3.0,43.0,127.91,1.28,,,,,0.0,0.0,,
KL Rahul,Narendra Modi Stadium,4.0,15.0,32.0,2.0,0.0,32.0,46.88,0.47,,,,,0.0,0.0,Ahmedabad,
KL Rahul,Old Trafford,1.0,101.0,55.0,10.0,5.0,55.0,183.64,1.84,,,,,0.0,0.0,Manchester,
KL Rahul,Perth Stadium,1.0,9.0,14.0,0.0,1.0,14.0,64.29,0.64,,,,,0.0,0.0,Perth,
KL Rahul,"Providence Stadium, Guyana",1.0,20.0,19.0,2.0,1.0,19.0,105.26,1.05,,,,,0.0,0.0,Providence,
KL Rahul,"Punjab Cricket Association IS Bindra Stadium, Mohali, Chandigarh",1.0,55.0,36.0,4.0,3.0,36.0,152.78,1.53,,,,,0.0,0.0,Chandigarh,
KL Rahul,"R.Premadasa Stadium, Khettarama",3.0,66.0,52.0,6.0,1.0,52.0,126.92,1.27,,,,,0.0,0.0,Colombo,
KL Rahul,"Rajiv Gandhi International Stadium, Uppal",1.0,62.0,43.0,5.0,4.0,43.0,144.19,1.44,,,,,0.0,0.0,Hyderabad,
KL Rahul,"Rajiv Gandhi International Stadium, Uppal, Hyderabad",1.0,1.0,5.0,0.0,0.0,5.0,20.0,0.2,,,,,0.0,0.0,Hyderabad,
KL Rahul,Saurashtra Cricket Association Stadium,1.0,8.0,11.0,0.0,0.0,11.0,72.73,0.73,,,,,0.0,0.0,Rajkot,
KL Rahul,"Sawai Mansingh Stadium, Jaipur",1.0,15.0,14.0,1.0,1.0,14.0,107.14,1.07,,,,,0.0,0.0,Jaipur,
KL Rahul,Seddon Park,1.0,32.0,21.0,3.0,1.0,21.0,152.38,1.52,,,,,0.0,0.0,Hamilton,
KL Rahul,Sophia Gardens,1.0,6.0,8.0,0.0,0.0,8.0,75.0,0.75,,,,,0.0,0.0,Cardiff,
KL Rahul,Sydney Cricket Ground,4.0,53.0,58.0,3.0,2.0,58.0,91.38,0.91,,,,,0.0,0.0,,
KL Rahul,"The Village, Malahide",1.0,70.0,40.0,3.0,6.0,40.0,175.0,1.75,,,,,0.0,0.0,Dublin,
KL Rahul,"Vidarbha Cricket Association Stadium, Jamtha",2.0,123.0,83.0,13.0,2.0,83.0,148.19,1.48,,,,,0.0,0.0,Nagpur,
KL Rahul,"Vidarbha Cricket Association Stadium, Jamtha, Nagpur",1.0,10.0,6.0,0.0,1.0,6.0,166.67,1.67,,,,,0.0,0.0,Nagpur,
KL Rahul,Wankhede Stadium,2.0,95.0,67.0,9.0,4.0,67.0,141.79,1.42,,,,,0.0,0.0,Mumbai,
KL Rahul,Westpac Stadium,1.0,49.0,31.0,4.0,3.0,31.0,158.06,1.58,,,,,0.0,0.0,Wellington,
KM Jadhav,Harare Sports Club,1.0,11.0,6.0,0.0,1.0,6.0,183.33,1.83,,,,,0.0,0.0,,
KM Jarvis,Harare Sports Club,,0.0,,0.0,0.0,0.0,,,1.0,10.0,8.0,10.0,4.8,0.8,,
KM Jarvis,"Shere Bangla National Stadium, Mirpur",,0.0,,0.0,0.0,0.0,,,1.0,11.0,18.0,11.0,9.82,1.64,Dhaka,
KM Jarvis,Zahur Ahmed Chowdhury Stadium,1.0,11.0,12.0,0.0,1.0,12.0,91.67,0.92,1.0,15.0,25.0,15.0,10.0,1.67,Chattogram,
KMA Paul,Bharat Ratna Shri Atal Bihari Vajpayee Ekana Cricket Stadium,1.0,13.0,4.0,0.0,2.0,4.0,325.0,3.25,1.0,5.0,5.0,5.0,6.0,1.0,Lucknow,
KMA Paul,"Brian Lara Stadium, Tarouba, Trinidad",1.0,17.0,20.0,2.0,0.0,20.0,85.0,0.85,,,,,0.0,0.0,Tarouba,
KMA Paul,Central Broward Regional Park Stadium Turf Ground,1.0,1.0,1.0,0.0,0.0,1.0,100.0,1.0,3.0,8.0,11.0,8.0,8.25,1.38,Lauderhill,
KMA Paul,"Central Broward Regional Park Stadium Turf Ground, Lauderhill",1.0,0.0,2.0,0.0,0.0,2.0,0.0,0.0,1.0,2.0,2.0,2.0,6.0,1.0,Lauderhill,
KMA Paul,Eden Gardens,1.0,0.0,1.0,0.0,0.0,1.0,0.0,0.0,1.0,11.0,10.0,11.0,5.45,0.91,Kolkata,
KMA Paul,"MA Chidambaram Stadium, Chepauk",,0.0,,0.0,0.0,0.0,,,1.0,3.0,9.0,3.0,18.0,3.0,Chennai,
KMA Paul,National Stadium,2.0,14.0,9.0,2.0,0.0,9.0,155.56,1.56,3.0,56.0,77.0,56.0,8.25,1.38,Karachi,
KMA Paul,"Shere Bangla National Stadium, Mirpur",2.0,30.0,18.0,1.0,2.0,18.0,166.67,1.67,2.0,21.0,30.0,21.0,8.57,1.43,Dhaka,
KMA Paul,Sylhet International Cricket Stadium,,0.0,,0.0,0.0,0.0,,,1.0,2.0,0.0,2.0,0.0,0.0,,
KMA Paul,"Warner Park, Basseterre",,0.0,,0.0,0.0,0.0,,,1.0,2.0,2.0,2.0,6.0,1.0,St Kitts,
KMA Paul,"Windsor Park, Roseau, Dominica",,0.0,,0.0,0.0,0.0,,,1.0,3.0,3.0,3.0,6.0,1.0,Roseau,
KMDN Kulasekara,R Premadasa Stadium,1.0,2.0,4.0,0.0,0.0,4.0,50.0,0.5,2.0,15.0,21.0,15.0,8.4,1.4,Colombo,
KMDN Kulasekara,Shere Bangla National Stadium,,0.0,,0.0,0.0,0.0,,,1.0,4.0,1.0,4.0,1.5,0.25,Mirpur,
KOA Powell,Eden Park,1.0,1.0,4.0,0.0,0.0,4.0,25.0,0.25,,,,,0.0,0.0,Auckland,
KOK Williams,Central Broward Regional Park Stadium Turf Ground,,0.0,,0.0,0.0,0.0,,,1.0,5.0,4.0,5.0,4.8,0.8,Lauderhill,
KOK Williams,"Kensington Oval, Bridgetown",,0.0,,0.0,0.0,0.0,,,1.0,8.0,4.0,8.0,3.0,0.5,Barbados,
KOK Williams,National Stadium,1.0,0.0,1.0,0.0,0.0,1.0,0.0,0.0,2.0,36.0,69.0,36.0,11.5,1.92,Karachi,
KOK Williams,"Queen's Park Oval, Port of Spain",,0.0,,0.0,0.0,0.0,,,3.0,31.0,25.0,31.0,4.84,0.81,Trinidad,
KOK Williams,"Rajiv Gandhi International Stadium, Uppal",,0.0,,0.0,0.0,0.0,,,1.0,8.0,14.0,8.0,10.5,1.75,Hyderabad,
KOK Williams,Sheikh Zayed Stadium,,0.0,,0.0,0.0,0.0,,,1.0,7.0,5.0,7.0,4.29,0.71,Abu Dhabi,
KOK Williams,Wankhede Stadium,1.0,2.0,4.0,0.0,0.0,4.0,50.0,0.5,1.0,14.0,27.0,14.0,11.57,1.93,Mumbai,
KOK Williams,"Warner Park, Basseterre",,0.0,,0.0,0.0,0.0,,,1.0,2.0,1.0,2.0,3.0,0.5,St Kitts,
KP Meiyappan,Al Amerat Cricket Ground Oman Cricket (Ministry Turf 1),,0.0,,0.0,0.0,0.0,,,2.0,7.0,12.0,7.0,10.29,1.71,Al Amarat,
KP Meiyappan,Dubai International Cricket Stadium,1.0,12.0,11.0,2.0,0.0,11.0,109.09,1.09,2.0,24.0,37.0,24.0,9.25,1.54,,
KP Meiyappan,"GMHBA Stadium, South Geelong, Victoria",,0.0,,0.0,0.0,0.0,,,1.0,3.0,3.0,3.0,6.0,1.0,Geelong,
KP Meiyappan,"ICC Academy, Dubai",,0.0,,0.0,0.0,0.0,,,1.0,9.0,10.0,9.0,6.67,1.11,Dubai,
KP Pietersen,Providence Stadium,1.0,4.0,6.0,0.0,0.0,6.0,66.67,0.67,,,,,0.0,0.0,Guyana,
KR Ebanks,"Maple Leaf North-East Ground, King City",1.0,1.0,2.0,0.0,0.0,2.0,50.0,0.5,1.0,9.0,13.0,9.0,8.67,1.44,King City,
KR Ebanks,"Maple Leaf North-West Ground, King City",1.0,2.0,3.0,0.0,0.0,3.0,66.67,0.67,,,,,0.0,0.0,King City,
KR Ebanks,"White Hill Field, Sandys Parish",2.0,2.0,8.0,0.0,0.0,8.0,25.0,0.25,1.0,2.0,5.0,2.0,15.0,2.5,Hamilton,
KR Mayers,"Brian Lara Stadium, Tarouba, Trinidad",2.0,10.0,9.0,1.0,1.0,9.0,111.11,1.11,,,,,0.0,0.0,Tarouba,
KR Mayers,"Central Broward Regional Park Stadium Turf Ground, Lauderhill",3.0,10.0,9.0,2.0,0.0,9.0,111.11,1.11,1.0,4.0,2.0,4.0,3.0,0.5,Lauderhill,
KR Mayers,"Kensington Oval, Bridgetown, Barbados",1.0,13.0,5.0,0.0,2.0,5.0,260.0,2.6,,,,,0.0,0.0,Bridgetown,
KR Mayers,"Providence Stadium, Guyana",3.0,53.0,39.0,4.0,4.0,39.0,135.9,1.36,2.0,15.0,22.0,15.0,8.8,1.47,Providence,
KR Mayers,Sharjah Cricket Stadium,2.0,2.0,5.0,0.0,0.0,5.0,40.0,0.4,2.0,7.0,13.0,7.0,11.14,1.86,Sharjah,
KR Mayers,"Warner Park, Basseterre, St Kitts",2.0,33.0,21.0,5.0,1.0,21.0,157.14,1.57,,,,,0.0,0.0,Basseterre,
KR Mayers,"Windsor Park, Roseau, Dominica",1.0,17.0,9.0,2.0,1.0,9.0,188.89,1.89,,,,,0.0,0.0,Roseau,
KS Airee,Al Amerat Cricket Ground Oman Cricket (Ministry Turf 1),,0.0,,0.0,0.0,0.0,,,3.0,24.0,19.0,24.0,4.75,0.79,Al Amarat,
KS Airee,Al Amerat Cricket Ground Oman Cricket (Ministry Turf 2),,0.0,,0.0,0.0,0.0,,,1.0,10.0,6.0,10.0,3.6,0.6,Al Amarat,
KS Bagabena,Gahanga International Cricket Stadium. Rwanda,,0.0,,0.0,0.0,0.0,,,1.0,3.0,5.0,3.0,10.0,1.67,Kigali City,
KS Bagabena,Kyambogo Cricket Oval,,0.0,,0.0,0.0,0.0,,,1.0,3.0,11.0,3.0,22.0,3.67,Kampala,
KS Bagabena,"Willowmoore Park, Benoni",1.0,2.0,2.0,0.0,0.0,2.0,100.0,1.0,,,,,0.0,0.0,Benoni,
KS Leverock,Dubai International Cricket Stadium,1.0,7.0,2.0,0.0,1.0,2.0,350.0,3.5,,,,,0.0,0.0,,
KS Leverock,ICC Academy Ground No 2,,0.0,,0.0,0.0,0.0,,,1.0,2.0,1.0,2.0,3.0,0.5,Dubai,
KS Leverock,National Stadium,1.0,2.0,5.0,0.0,0.0,5.0,40.0,0.4,,,,,0.0,0.0,Karachi,
KS Leverock,"National Stadium, Hamilton",1.0,2.0,9.0,0.0,0.0,9.0,22.22,0.22,,,,,0.0,0.0,Hamilton,
KS Leverock,"Sir Vivian Richards Stadium, North Sound, Antigua",,0.0,,0.0,0.0,0.0,,,1.0,7.0,8.0,7.0,6.86,1.14,North Sound,
KS Leverock,"White Hill Field, Sandys Parish",1.0,16.0,15.0,3.0,0.0,15.0,106.67,1.07,2.0,18.0,18.0,18.0,6.0,1.0,Hamilton,
KS Williamson,Adelaide Oval,1.0,14.0,8.0,2.0,0.0,8.0,175.0,1.75,,,,,0.0,0.0,Adelaide,
KS Williamson,Bay Oval,3.0,22.0,20.0,3.0,1.0,20.0,110.0,1.1,1.0,10.0,3.0,10.0,1.8,0.3,Mount Maunganui,
KS Williamson,"Bay Oval, Mount Maunganui",1.0,43.0,32.0,4.0,2.0,32.0,134.38,1.34,,,,,0.0,0.0,Mount Maunganui,
KS Williamson,Dubai International Cricket Stadium,2.0,44.0,36.0,4.0,1.0,36.0,122.22,1.22,,,,,0.0,0.0,,
KS Williamson,Eden Gardens,1.0,5.0,6.0,1.0,0.0,6.0,83.33,0.83,,,,,0.0,0.0,Kolkata,
KS Williamson,"Eden Park, Auckland",1.0,31.0,25.0,4.0,0.0,25.0,124.0,1.24,,,,,0.0,0.0,Auckland,
KS Williamson,Greenfield International Stadium,1.0,1.0,2.0,0.0,0.0,2.0,50.0,0.5,,,,,0.0,0.0,Thiruvananthapuram,
KS Williamson,"Hagley Oval, Christchurch",4.0,95.0,78.0,5.0,1.0,78.0,121.79,1.22,,,,,0.0,0.0,Christchurch,
KS Williamson,McLean Park,2.0,16.0,16.0,0.0,1.0,16.0,100.0,1.0,,,,,0.0,0.0,Napier,
KS Williamson,Saurashtra Cricket Association Stadium,1.0,4.0,2.0,1.0,0.0,2.0,200.0,2.0,,,,,0.0,0.0,Rajkot,
KS Williamson,Seddon Park,2.0,55.0,45.0,7.0,1.0,45.0,122.22,1.22,,,,,0.0,0.0,Hamilton,
KS Williamson,Sharjah Cricket Stadium,1.0,9.0,12.0,1.0,0.0,12.0,75.0,0.75,,,,,0.0,0.0,Sharjah,
KS Williamson,Sheikh Zayed Stadium,1.0,6.0,7.0,0.0,0.0,7.0,85.71,0.86,,,,,0.0,0.0,Abu Dhabi,
KS Williamson,Sydney Cricket Ground,1.0,35.0,35.0,1.0,0.0,35.0,100.0,1.0,,,,,0.0,0.0,,
KT Maphaka,"Kingsmead, Durban",1.0,12.0,11.0,2.0,0.0,11.0,109.09,1.09,1.0,26.0,43.0,26.0,9.92,1.65,Durban,
KT Maphaka,"SuperSport Park, Centurion",,0.0,,0.0,0.0,0.0,,,1.0,21.0,41.0,21.0,11.71,1.95,Centurion,
KU Carty,"Central Broward Regional Park Stadium Turf Ground, Lauderhill",1.0,3.0,5.0,0.0,0.0,5.0,60.0,0.6,,,,,0.0,0.0,Lauderhill,
KU Carty,Sharjah Cricket Stadium,1.0,0.0,2.0,0.0,0.0,2.0,0.0,0.0,,,,,0.0,0.0,Sharjah,
KV Morea,Al Amerat Cricket Ground Oman Cricket (Ministry Turf 1),3.0,10.0,16.0,0.0,0.0,16.0,62.5,0.62,5.0,43.0,55.0,43.0,7.67,1.28,Al Amarat,
KV Morea,"Mission Road Ground, Mong Kok, Hong Kong",1.0,2.0,2.0,0.0,0.0,2.0,100.0,1.0,,,,,0.0,0.0,Mong Kok,
KV Morea,"Queens Sports Club, Bulawayo",,0.0,,0.0,0.0,0.0,,,1.0,2.0,2.0,2.0,6.0,1.0,Bulawayo,
KV Morea,"Tribhuvan University International Cricket Ground, Kirtipur",1.0,4.0,2.0,1.0,0.0,2.0,200.0,2.0,2.0,21.0,31.0,21.0,8.86,1.48,Kirtipur,
KW Richardson,"Barsapara Cricket Stadium, Guwahati",,0.0,,0.0,0.0,0.0,,,1.0,5.0,9.0,5.0,10.8,1.8,Guwahati,
KW Richardson,Manuka Oval,,0.0,,0.0,0.0,0.0,,,1.0,7.0,12.0,7.0,10.29,1.71,Canberra,
KW Richardson,Perth Stadium,,0.0,,0.0,0.0,0.0,,,1.0,11.0,4.0,11.0,2.18,0.36,Perth,
KW Richardson,Sydney Cricket Ground,,0.0,,0.0,0.0,0.0,,,1.0,13.0,15.0,13.0,6.92,1.15,,
Kaleem Sana,Al Amerat Cricket Ground Oman Cricket (Ministry Turf 1),1.0,1.0,6.0,0.0,0.0,6.0,16.67,0.17,10.0,236.0,264.0,236.0,6.71,1.12,Al Amarat,
Kaleem Sana,Al Amerat Cricket Ground Oman Cricket (Ministry Turf 2),,0.0,,0.0,0.0,0.0,,,1.0,25.0,20.0,25.0,4.8,0.8,Al Amarat,
Kaleem Sana,"Grand Prairie Stadium, Dallas",,0.0,,0.0,0.0,0.0,,,1.0,27.0,34.0,27.0,7.56,1.26,Dallas,
Kaleem Sana,"Jimmy Powell Oval, Cayman Islands",2.0,13.0,11.0,0.0,1.0,11.0,118.18,1.18,6.0,130.0,118.0,130.0,5.45,0.91,George Town,
Kaleem Sana,"Maple Leaf North-East Ground, King City",,0.0,,0.0,0.0,0.0,,,1.0,12.0,4.0,12.0,2.0,0.33,King City,
Kaleem Sana,"Maple Leaf North-West Ground, King City",1.0,2.0,4.0,0.0,0.0,4.0,50.0,0.5,8.0,170.0,147.0,170.0,5.19,0.86,King City,
Kaleem Sana,"Namibia Cricket Ground, Windhoek",1.0,6.0,7.0,1.0,0.0,7.0,85.71,0.86,3.0,42.0,69.0,42.0,9.86,1.64,Windhoek,
Kaleem Sana,"Nassau County International Cricket Stadium, New York",1.0,13.0,14.0,0.0,1.0,14.0,92.86,0.93,2.0,46.0,59.0,46.0,7.7,1.28,New York,
Kaleem Sana,"National Stadium, Hamilton",,0.0,,0.0,0.0,0.0,,,3.0,78.0,40.0,78.0,3.08,0.51,Hamilton,
Kaleem Sana,"Sportpark Maarschalkerweerd, Utrecht",1.0,9.0,4.0,0.0,1.0,4.0,225.0,2.25,2.0,43.0,45.0,43.0,6.28,1.05,Utrecht,
Kaleem Sana,"Sportpark Westvliet, The Hague",,0.0,,0.0,0.0,0.0,,,1.0,24.0,35.0,24.0,8.75,1.46,The Hague,
Kaleem Sana,"White Hill Field, Sandys Parish",1.0,2.0,5.0,0.0,0.0,5.0,40.0,0.4,2.0,45.0,31.0,45.0,4.13,0.69,Hamilton,
Kaleemullah,Al Amerat Cricket Ground Oman Cricket (Ministry Turf 1),8.0,45.0,49.0,2.0,3.0,49.0,91.84,0.92,22.0,435.0,500.0,435.0,6.9,1.15,Al Amarat,
Kaleemullah,Al Amerat Cricket Ground Oman Cricket (Ministry Turf 2),2.0,22.0,17.0,0.0,2.0,17.0,129.41,1.29,3.0,60.0,65.0,60.0,6.5,1.08,Al Amarat,
Kaleemullah,Dubai International Cricket Stadium,1.0,0.0,1.0,0.0,0.0,1.0,0.0,0.0,1.0,19.0,16.0,19.0,5.05,0.84,,
Kaleemullah,"Kensington Oval, Bridgetown, Barbados",2.0,8.0,7.0,0.0,0.0,7.0,114.29,1.14,2.0,30.0,41.0,30.0,8.2,1.37,Bridgetown,
Kaleemullah,"Maple Leaf North-West Ground, King City",3.0,5.0,13.0,0.0,0.0,13.0,38.46,0.38,4.0,89.0,111.0,89.0,7.48,1.25,King City,
Kaleemullah,Sheikh Zayed Stadium,1.0,9.0,6.0,0.0,1.0,6.0,150.0,1.5,3.0,70.0,84.0,70.0,7.2,1.2,Abu Dhabi,
Kaleemullah,"Sir Vivian Richards Stadium, North Sound, Antigua",1.0,5.0,5.0,1.0,0.0,5.0,100.0,1.0,2.0,19.0,27.0,19.0,8.53,1.42,North Sound,
Kaleemullah,Tolerance Oval,,0.0,,0.0,0.0,0.0,,,1.0,12.0,13.0,12.0,6.5,1.08,Abu Dhabi,
Kaleemullah,"Tribhuvan University International Cricket Ground, Kirtipur",1.0,5.0,7.0,0.0,0.0,7.0,71.43,0.71,1.0,19.0,37.0,19.0,11.68,1.95,Kirtipur,
Kalhan Challu,"Zayed Cricket Stadium, Abu Dhabi",1.0,4.0,3.0,0.0,0.0,3.0,133.33,1.33,,,,,0.0,0.0,Abu Dhabi,
Kamran Khan,Indian Association Ground,1.0,0.0,1.0,0.0,0.0,1.0,0.0,0.0,,,,,0.0,0.0,Singapore,
Kamran Khan (2),Al Amerat Cricket Ground Oman Cricket (Ministry Turf 1),1.0,13.0,7.0,1.0,1.0,7.0,185.71,1.86,,,,,0.0,0.0,Al Amarat,
Kapil Kumar,Al Amerat Cricket Ground Oman Cricket (Ministry Turf 2),1.0,4.0,15.0,0.0,0.0,15.0,26.67,0.27,,,,,0.0,0.0,Al Amarat,
Karan KC,Al Amerat Cricket Ground Oman Cricket (Ministry Turf 1),6.0,76.0,52.0,3.0,6.0,52.0,146.15,1.46,9.0,187.0,210.0,187.0,6.74,1.12,Al Amarat,
Karan KC,Al Amerat Cricket Ground Oman Cricket (Ministry Turf 2),,0.0,,0.0,0.0,0.0,,,1.0,12.0,21.0,12.0,10.5,1.75,Al Amarat,
Karan KC,"Arnos Vale Ground, Kingstown, St Vincent",,0.0,,0.0,0.0,0.0,,,1.0,6.0,9.0,6.0,9.0,1.5,Kingstown,
Karan KC,"Grand Prairie Stadium, Dallas",3.0,23.0,14.0,0.0,3.0,14.0,164.29,1.64,3.0,67.0,71.0,67.0,6.36,1.06,Dallas,
Karan KC,"Gymkhana Club Ground, Nairobi",2.0,7.0,7.0,0.0,0.0,7.0,100.0,1.0,4.0,79.0,73.0,79.0,5.54,0.92,Nairobi,
Karan KC,Hazelaarweg,1.0,1.0,1.0,0.0,0.0,1.0,100.0,1.0,1.0,18.0,24.0,18.0,8.0,1.33,Rotterdam,
Karan KC,ICC Academy,3.0,34.0,35.0,2.0,2.0,35.0,97.14,0.97,3.0,57.0,79.0,57.0,8.32,1.39,Dubai,
Karan KC,Indian Association Ground,3.0,22.0,17.0,1.0,1.0,17.0,129.41,1.29,7.0,146.0,184.0,146.0,7.56,1.26,Singapore,
Karan KC,Kinrara Academy Oval,1.0,16.0,10.0,1.0,1.0,10.0,160.0,1.6,2.0,43.0,57.0,43.0,7.95,1.33,Kuala Lumpur,
Karan KC,Lord's,,0.0,,0.0,0.0,0.0,,,1.0,10.0,17.0,10.0,10.2,1.7,London,
Karan KC,"Maple Leaf North-West Ground, King City",2.0,13.0,4.0,1.0,1.0,4.0,325.0,3.25,3.0,75.0,96.0,75.0,7.68,1.28,King City,
Karan KC,"Mission Road Ground, Mong Kok, Hong Kong",2.0,7.0,13.0,0.0,0.0,13.0,53.85,0.54,6.0,123.0,184.0,123.0,8.98,1.5,Mong Kok,
Karan KC,Mulpani Cricket Ground,,0.0,,0.0,0.0,0.0,,,5.0,116.0,141.0,116.0,7.29,1.22,Kathmandu,
Karan KC,Sharjah Cricket Stadium,2.0,0.0,2.0,0.0,0.0,2.0,0.0,0.0,3.0,42.0,39.0,42.0,5.57,0.93,Sharjah,
Karan KC,Terdthai Cricket Ground,1.0,7.0,6.0,0.0,1.0,6.0,116.67,1.17,2.0,43.0,49.0,43.0,6.84,1.14,Bangkok,
Karan KC,"The Village, Malahide",1.0,0.0,2.0,0.0,0.0,2.0,0.0,0.0,1.0,8.0,16.0,8.0,12.0,2.0,Dublin,
Karan KC,"Titwood, Glasgow",2.0,11.0,8.0,0.0,1.0,8.0,137.5,1.38,3.0,62.0,90.0,62.0,8.71,1.45,Glasgow,
Karan KC,Tribhuvan University International Cricket Ground,1.0,40.0,18.0,2.0,4.0,18.0,222.22,2.22,3.0,68.0,48.0,68.0,4.24,0.71,Kirtipur,
Karan KC,"Tribhuvan University International Cricket Ground, Kirtipur",12.0,181.0,94.0,9.0,17.0,94.0,192.55,1.93,20.0,418.0,620.0,418.0,8.9,1.48,Kirtipur,
Karan KC,VRA Ground,1.0,2.0,10.0,0.0,0.0,10.0,20.0,0.2,1.0,26.0,42.0,26.0,9.69,1.62,Amstelveen,
Karan KC,Zhejiang University of Technology Cricket Field,1.0,18.0,13.0,1.0,2.0,13.0,138.46,1.38,2.0,25.0,25.0,25.0,6.0,1.0,Hangzhou,
Karanbir Singh,"Simar Cricket Ground, Rome",1.0,1.0,1.0,0.0,0.0,1.0,100.0,1.0,,,,,0.0,0.0,Rome,
Kashif Abbas,Al Amerat Cricket Ground Oman Cricket (Ministry Turf 2),1.0,7.0,4.0,0.0,1.0,4.0,175.0,1.75,,,,,0.0,0.0,Al Amarat,
Kashif Daud,Al Amerat Cricket Ground Oman Cricket (Ministry Turf 1),1.0,4.0,5.0,0.0,0.0,5.0,80.0,0.8,1.0,8.0,11.0,8.0,8.25,1.38,Al Amarat,
Kashif Daud,"ICC Academy, Dubai",,0.0,,0.0,0.0,0.0,,,1.0,1.0,1.0,1.0,6.0,1.0,Dubai,
Kashif Siddique,Al Amerat Cricket Ground Oman Cricket (Ministry Turf 1),4.0,19.0,16.0,2.0,1.0,16.0,118.75,1.19,,,,,0.0,0.0,Al Amarat,
Khaled Ahmed,"Gaddafi Stadium, Lahore",,0.0,,0.0,0.0,0.0,,,1.0,21.0,35.0,21.0,10.0,1.67,Lahore,
Khalid Ahmadi,Dreux Sport Cricket Club,1.0,7.0,4.0,0.0,1.0,4.0,175.0,1.75,2.0,6.0,3.0,6.0,3.0,0.5,Dreux,
Khalid Ahmadi,"Moara Vlasiei Cricket Ground, Ilfov County",1.0,7.0,4.0,0.0,1.0,4.0,175.0,1.75,,,,,0.0,0.0,Ilfov County,
Khalid Kail,Al Amerat Cricket Ground Oman Cricket (Ministry Turf 1),9.0,194.0,170.0,17.0,7.0,170.0,114.12,1.14,,,,,0.0,0.0,Al Amarat,
Khalid Kail,Al Amerat Cricket Ground Oman Cricket (Ministry Turf 2),2.0,34.0,20.0,2.0,2.0,20.0,170.0,1.7,,,,,0.0,0.0,Al Amarat,
Khalid Kail,"Kensington Oval, Bridgetown, Barbados",2.0,42.0,52.0,2.0,1.0,52.0,80.77,0.81,,,,,0.0,0.0,Bridgetown,
Khalid Kail,"Maple Leaf North-West Ground, King City",3.0,18.0,17.0,1.0,1.0,17.0,105.88,1.06,,,,,0.0,0.0,King City,
Khalid Kail,"Sir Vivian Richards Stadium, North Sound, Antigua",2.0,6.0,10.0,0.0,0.0,10.0,60.0,0.6,,,,,0.0,0.0,North Sound,
Khalid Latif,"Punjab Cricket Association IS Bindra Stadium, Mohali",1.0,0.0,1.0,0.0,0.0,1.0,0.0,0.0,,,,,0.0,0.0,Chandigarh,
Khalid Shah,Mulpani Cricket Ground,3.0,15.0,17.0,3.0,0.0,17.0,88.24,0.88,,,,,0.0,0.0,Kathmandu,
Khawar Ali,Al Amerat Cricket Ground Oman Cricket (Ministry Turf 1),1.0,6.0,12.0,0.0,0.0,12.0,50.0,0.5,3.0,13.0,15.0,13.0,6.92,1.15,Al Amarat,
Khawar Ali,Al Amerat Cricket Ground Oman Cricket (Ministry Turf 2),,0.0,,0.0,0.0,0.0,,,1.0,8.0,3.0,8.0,2.25,0.38,Al Amarat,
Khawar Ali,Dubai International Cricket Stadium,,0.0,,0.0,0.0,0.0,,,1.0,4.0,14.0,4.0,21.0,3.5,,
Khawar Ali,Himachal Pradesh Cricket Association Stadium,1.0,7.0,9.0,0.0,1.0,9.0,77.78,0.78,,,,,0.0,0.0,Dharamsala,
Khawar Ali,Sheikh Zayed Stadium,1.0,0.0,1.0,0.0,0.0,1.0,0.0,0.0,1.0,3.0,1.0,3.0,2.0,0.33,Abu Dhabi,
Khizar Hayat,"Tribhuvan University International Cricket Ground, Kirtipur",2.0,4.0,10.0,0.0,0.0,10.0,40.0,0.4,2.0,23.0,36.0,23.0,9.39,1.57,Kirtipur,
Khurram Khan,Sylhet Stadium,1.0,1.0,1.0,0.0,0.0,1.0,100.0,1.0,,,,,0.0,0.0,,
Khurram Manzoor,Shere Bangla National Stadium,1.0,1.0,6.0,0.0,0.0,6.0,16.67,0.17,,,,,0.0,0.0,Mirpur,
Khurram Nawaz,Al Amerat Cricket Ground Oman Cricket (Ministry Turf 1),1.0,8.0,5.0,0.0,1.0,5.0,160.0,1.6,,,,,0.0,0.0,Al Amarat,
Khurram Nawaz,Dubai International Cricket Stadium,2.0,1.0,3.0,0.0,0.0,3.0,33.33,0.33,,,,,0.0,0.0,,
Khurram Nawaz,Tolerance Oval,1.0,4.0,4.0,0.0,0.0,4.0,100.0,1.0,,,,,0.0,0.0,Abu Dhabi,
Khushdil Shah,"Bay Oval, Mount Maunganui",1.0,6.0,9.0,1.0,0.0,9.0,66.67,0.67,1.0,8.0,12.0,8.0,9.0,1.5,Mount Maunganui,
Khushdil Shah,"Central Broward Regional Park Stadium Turf Ground, Lauderhill",1.0,11.0,6.0,0.0,1.0,6.0,183.33,1.83,,,,,0.0,0.0,Lauderhill,
Khushdil Shah,Dubai International Cricket Stadium,5.0,26.0,40.0,1.0,0.0,40.0,65.0,0.65,,,,,0.0,0.0,,
Khushdil Shah,Eden Park,1.0,16.0,20.0,2.0,0.0,20.0,80.0,0.8,,,,,0.0,0.0,Auckland,
Khushdil Shah,"Eden Park, Auckland",,0.0,,0.0,0.0,0.0,,,1.0,6.0,18.0,6.0,18.0,3.0,Auckland,
Khushdil Shah,Gaddafi Stadium,2.0,27.0,30.0,2.0,1.0,30.0,90.0,0.9,1.0,6.0,6.0,6.0,6.0,1.0,Lahore,
Khushdil Shah,"Gaddafi Stadium, Lahore",3.0,56.0,56.0,4.0,1.0,56.0,100.0,1.0,3.0,30.0,40.0,30.0,8.0,1.33,Lahore,
Khushdil Shah,"Hagley Oval, Christchurch",1.0,32.0,31.0,0.0,3.0,31.0,103.23,1.03,,,,,0.0,0.0,Christchurch,
Khushdil Shah,McLean Park,1.0,13.0,10.0,2.0,0.0,10.0,130.0,1.3,,,,,0.0,0.0,Napier,
Khushdil Shah,"National Stadium, Karachi",3.0,36.0,31.0,1.0,2.0,31.0,116.13,1.16,,,,,0.0,0.0,Karachi,
Khushdil Shah,Perth Stadium,1.0,8.0,11.0,0.0,0.0,11.0,72.73,0.73,,,,,0.0,0.0,Perth,
Khushdil Shah,Rawalpindi Cricket Stadium,3.0,52.0,30.0,6.0,3.0,30.0,173.33,1.73,,,,,0.0,0.0,,
Khushdil Shah,Seddon Park,1.0,14.0,20.0,1.0,0.0,20.0,70.0,0.7,,,,,0.0,0.0,Hamilton,
Khushdil Shah,Sharjah Cricket Stadium,1.0,35.0,20.0,0.0,5.0,20.0,175.0,1.75,,,,,0.0,0.0,Sharjah,
Khushdil Shah,"Shere Bangla National Stadium, Mirpur",3.0,64.0,79.0,5.0,2.0,79.0,81.01,0.81,1.0,6.0,12.0,6.0,12.0,2.0,Dhaka,
Khushdil Shah,"University Oval, Dunedin",1.0,2.0,2.0,0.0,0.0,2.0,100.0,1.0,1.0,19.0,16.0,19.0,5.05,0.84,Dunedin,
Khushdil Shah,Zhejiang University of Technology Cricket Field,2.0,27.0,26.0,1.0,2.0,26.0,103.85,1.04,1.0,26.0,13.0,26.0,3.0,0.5,Hangzhou,
Kuldeep Yadav,Barabati Stadium,,0.0,,0.0,0.0,0.0,,,1.0,24.0,18.0,24.0,4.5,0.75,Cuttack,
Kuldeep Yadav,Barsapara Cricket Stadium,1.0,16.0,21.0,1.0,0.0,21.0,76.19,0.76,1.0,24.0,46.0,24.0,11.5,1.92,Guwahati,
Kuldeep Yadav,Bharat Ratna Shri Atal Bihari Vajpayee Ekana Cricket Stadium,,0.0,,0.0,0.0,0.0,,,1.0,24.0,32.0,24.0,8.0,1.33,Lucknow,
Kuldeep Yadav,"Bharat Ratna Shri Atal Bihari Vajpayee Ekana Cricket Stadium, Lucknow",,0.0,,0.0,0.0,0.0,,,1.0,24.0,17.0,24.0,4.25,0.71,Lucknow,
Kuldeep Yadav,"Brian Lara Stadium, Tarouba, Trinidad",1.0,3.0,9.0,0.0,0.0,9.0,33.33,0.33,1.0,25.0,21.0,25.0,5.04,0.84,Tarouba,
Kuldeep Yadav,"Brisbane Cricket Ground, Woolloongabba",1.0,4.0,1.0,1.0,0.0,1.0,400.0,4.0,1.0,26.0,24.0,26.0,5.54,0.92,Brisbane,
Kuldeep Yadav,"Central Broward Regional Park Stadium Turf Ground, Lauderhill",1.0,0.0,1.0,0.0,0.0,1.0,0.0,0.0,3.0,75.0,58.0,75.0,4.64,0.77,Lauderhill,
Kuldeep Yadav,"Daren Sammy National Cricket Stadium, Gros Islet, St Lucia",,0.0,,0.0,0.0,0.0,,,1.0,24.0,24.0,24.0,6.0,1.0,Gros Islet,
Kuldeep Yadav,Dubai International Cricket Stadium,,0.0,,0.0,0.0,0.0,,,6.0,141.0,136.0,141.0,5.79,0.96,,
Kuldeep Yadav,Eden Gardens,,0.0,,0.0,0.0,0.0,,,1.0,24.0,14.0,24.0,3.5,0.58,Kolkata,
Kuldeep Yadav,Greenfield International Stadium,,0.0,,0.0,0.0,0.0,,,1.0,6.0,10.0,6.0,10.0,1.67,Thiruvananthapuram,
Kuldeep Yadav,"Himachal Pradesh Cricket Association Stadium, Dharamsala",,0.0,,0.0,0.0,0.0,,,1.0,24.0,29.0,24.0,7.25,1.21,Dharamsala,
Kuldeep Yadav,Holkar Cricket Stadium,,0.0,,0.0,0.0,0.0,,,2.0,49.0,92.0,49.0,11.27,1.88,Indore,
Kuldeep Yadav,JSCA International Stadium Complex,,0.0,,0.0,0.0,0.0,,,1.0,24.0,16.0,24.0,4.0,0.67,Ranchi,
Kuldeep Yadav,"JSCA International Stadium Complex, Ranchi",1.0,0.0,1.0,0.0,0.0,1.0,0.0,0.0,1.0,24.0,20.0,24.0,5.0,0.83,Ranchi,
Kuldeep Yadav,"Kensington Oval, Bridgetown, Barbados",,0.0,,0.0,0.0,0.0,,,1.0,24.0,45.0,24.0,11.25,1.88,Bridgetown,
Kuldeep Yadav,Melbourne Cricket Ground,1.0,0.0,6.0,0.0,0.0,6.0,0.0,0.0,2.0,45.0,68.0,45.0,9.07,1.51,,
Kuldeep Yadav,"Narendra Modi Stadium, Ahmedabad",,0.0,,0.0,0.0,0.0,,,1.0,6.0,12.0,6.0,12.0,2.0,Ahmedabad,
Kuldeep Yadav,Old Trafford,,0.0,,0.0,0.0,0.0,,,1.0,24.0,24.0,24.0,6.0,1.0,Manchester,
Kuldeep Yadav,"Providence Stadium, Guyana",,0.0,,0.0,0.0,0.0,,,2.0,48.0,48.0,48.0,6.0,1.0,Providence,
Kuldeep Yadav,"R Premadasa Stadium, Colombo",1.0,23.0,29.0,0.0,0.0,29.0,79.31,0.79,2.0,38.0,46.0,38.0,7.26,1.21,Colombo,
Kuldeep Yadav,"R.Premadasa Stadium, Khettarama",,0.0,,0.0,0.0,0.0,,,1.0,24.0,20.0,24.0,5.0,0.83,Colombo,
Kuldeep Yadav,"Sabina Park, Kingston",,0.0,,0.0,0.0,0.0,,,1.0,27.0,39.0,27.0,8.67,1.44,Jamaica,
Kuldeep Yadav,Seddon Park,,0.0,,0.0,0.0,0.0,,,1.0,24.0,26.0,24.0,6.5,1.08,Hamilton,
Kuldeep Yadav,"Sir Vivian Richards Stadium, North Sound, Antigua",,0.0,,0.0,0.0,0.0,,,1.0,24.0,19.0,24.0,4.75,0.79,North Sound,
Kuldeep Yadav,Sophia Gardens,,0.0,,0.0,0.0,0.0,,,1.0,24.0,37.0,24.0,9.25,1.54,Cardiff,
Kuldeep Yadav,"St George's Park, Gqeberha",,0.0,,0.0,0.0,0.0,,,1.0,18.0,26.0,18.0,8.67,1.44,Gqeberha,
Kuldeep Yadav,Sydney Cricket Ground,,0.0,,0.0,0.0,0.0,,,1.0,26.0,20.0,26.0,4.62,0.77,,
Kuldeep Yadav,"The Village, Malahide",,0.0,,0.0,0.0,0.0,,,2.0,39.0,38.0,39.0,5.85,0.97,Dublin,
Kuldeep Yadav,"The Wanderers Stadium, Johannesburg",,0.0,,0.0,0.0,0.0,,,1.0,17.0,17.0,17.0,6.0,1.0,Johannesburg,
Kuldeep Yadav,Wankhede Stadium,,0.0,,0.0,0.0,0.0,,,2.0,49.0,72.0,49.0,8.82,1.47,Mumbai,
Kuldeep Yadav,"Zayed Cricket Stadium, Abu Dhabi",1.0,1.0,3.0,0.0,0.0,3.0,33.33,0.33,1.0,19.0,24.0,19.0,7.58,1.26,Abu Dhabi,
Kushal Malla,Al Amerat Cricket Ground Oman Cricket (Ministry Turf 1),11.0,100.0,112.0,3.0,5.0,112.0,89.29,0.89,6.0,68.0,74.0,68.0,6.53,1.09,Al Amarat,
Kushal Malla,Al Amerat Cricket Ground Oman Cricket (Ministry Turf 2),2.0,14.0,17.0,2.0,0.0,17.0,82.35,0.82,1.0,24.0,18.0,24.0,4.5,0.75,Al Amarat,
Kushal Malla,"Arnos Vale Ground, Kingstown, St Vincent",2.0,28.0,44.0,1.0,1.0,44.0,63.64,0.64,1.0,12.0,18.0,12.0,9.0,1.5,Kingstown,
Kushal Malla,"Grand Prairie Stadium, Dallas",2.0,53.0,40.0,5.0,1.0,40.0,132.5,1.32,1.0,6.0,9.0,6.0,9.0,1.5,Dallas,
Kushal Malla,Indian Association Ground,2.0,7.0,16.0,1.0,0.0,16.0,43.75,0.44,2.0,24.0,38.0,24.0,9.5,1.58,Singapore,
Kushal Malla,"Maple Leaf North-West Ground, King City",4.0,65.0,83.0,3.0,4.0,83.0,78.31,0.78,,,,,0.0,0.0,King City,
Kushal Malla,"Mission Road Ground, Mong Kok, Hong Kong",2.0,4.0,8.0,0.0,0.0,8.0,50.0,0.5,,,,,0.0,0.0,Mong Kok,
Kushal Malla,Mulpani Cricket Ground,4.0,104.0,63.0,5.0,9.0,63.0,165.08,1.65,4.0,69.0,45.0,69.0,3.91,0.65,Kathmandu,
Kushal Malla,Sharjah Cricket Stadium,3.0,49.0,55.0,4.0,2.0,55.0,89.09,0.89,,,,,0.0,0.0,Sharjah,
Kushal Malla,Terdthai Cricket Ground,2.0,55.0,32.0,8.0,2.0,32.0,171.88,1.72,2.0,30.0,22.0,30.0,4.4,0.73,Bangkok,
Kushal Malla,"Tribhuvan University International Cricket Ground, Kirtipur",15.0,320.0,202.0,12.0,28.0,202.0,158.42,1.58,10.0,151.0,175.0,151.0,6.95,1.16,Kirtipur,
Kushal Malla,Zhejiang University of Technology Cricket Field,2.0,166.0,83.0,10.0,14.0,83.0,200.0,2.0,,,,,0.0,0.0,Hangzhou,
L Denny,Sano International Cricket Ground,1.0,1.0,3.0,0.0,0.0,3.0,33.33,0.33,,,,,0.0,0.0,Sano,
L Erdenebulgan,Sano International Cricket Ground,2.0,1.0,10.0,0.0,0.0,10.0,10.0,0.1,,,,,0.0,0.0,Sano,
L Erdenebulgan,Zhejiang University of Technology Cricket Field,1.0,0.0,3.0,0.0,0.0,3.0,0.0,0.0,1.0,13.0,21.0,13.0,9.69,1.62,Hangzhou,
L Gregory,Old Trafford,2.0,12.0,7.0,2.0,0.0,7.0,171.43,1.71,2.0,12.0,19.0,12.0,9.5,1.58,Manchester,
L Gregory,"Trent Bridge, Nottingham",1.0,10.0,10.0,0.0,0.0,10.0,100.0,1.0,1.0,10.0,20.0,10.0,12.0,2.0,Nottingham,
L Ngidi,"Bellerive Oval, Hobart",,0.0,,0.0,0.0,0.0,,,1.0,2.0,0.0,2.0,0.0,0.0,Hobart,
L Ngidi,"County Ground, Bristol",,0.0,,0.0,0.0,0.0,,,1.0,2.0,2.0,2.0,6.0,1.0,Bristol,
L Ngidi,"Gaddafi Stadium, Lahore",1.0,7.0,3.0,0.0,1.0,3.0,233.33,2.33,1.0,13.0,14.0,13.0,6.46,1.08,Lahore,
L Ngidi,Harare Sports Club,,0.0,,0.0,0.0,0.0,,,1.0,2.0,1.0,2.0,3.0,0.5,,
L Ngidi,"M Chinnaswamy Stadium, Bangalore",,0.0,,0.0,0.0,0.0,,,1.0,3.0,2.0,3.0,4.0,0.67,Bengaluru,
L Ngidi,Perth Stadium,,0.0,,0.0,0.0,0.0,,,1.0,2.0,1.0,2.0,3.0,0.5,Perth,
L Ngidi,Rawalpindi Cricket Stadium,,0.0,,0.0,0.0,0.0,,,1.0,21.0,33.0,21.0,9.43,1.57,,
L Ngidi,"Saurashtra Cricket Association Stadium, Rajkot",1.0,3.0,5.0,0.0,0.0,5.0,60.0,0.6,1.0,6.0,3.0,6.0,3.0,0.5,Rajkot,
L Ngidi,Sydney Cricket Ground,1.0,4.0,1.0,1.0,0.0,1.0,400.0,4.0,1.0,16.0,21.0,16.0,7.88,1.31,,
L Ngidi,"The Village, Malahide, Dublin",,0.0,,0.0,0.0,0.0,,,1.0,1.0,0.0,1.0,0.0,0.0,Dublin,
L Ngidi,"Zayed Cricket Stadium, Abu Dhabi",,0.0,,0.0,0.0,0.0,,,1.0,1.0,1.0,1.0,6.0,1.0,Abu Dhabi,
L Nou,"Civil Service Cricket Club, Stormont",,0.0,,0.0,0.0,0.0,,,1.0,3.0,3.0,3.0,6.0,1.0,Belfast,
L Ronchi,Eden Gardens,1.0,1.0,1.0,0.0,0.0,1.0,100.0,1.0,,,,,0.0,0.0,Kolkata,
L Ronchi,Harare Sports Club,1.0,18.0,10.0,1.0,1.0,10.0,180.0,1.8,,,,,0.0,0.0,,
L Shafeeg,Tribhuvan University International Cricket Ground,1.0,1.0,3.0,0.0,0.0,3.0,33.33,0.33,1.0,5.0,9.0,5.0,10.8,1.8,Kirtipur,
L Siaka,Al Amerat Cricket Ground Oman Cricket (Ministry Turf 1),6.0,21.0,25.0,2.0,0.0,25.0,84.0,0.84,1.0,5.0,5.0,5.0,6.0,1.0,Al Amarat,
L Siaka,Dubai International Cricket Stadium,1.0,1.0,3.0,0.0,0.0,3.0,33.33,0.33,,,,,0.0,0.0,,
L Siaka,ICC Academy,1.0,7.0,10.0,0.0,0.0,10.0,70.0,0.7,,,,,0.0,0.0,Dubai,
L Siaka,ICC Academy Ground No 2,1.0,5.0,5.0,0.0,0.0,5.0,100.0,1.0,,,,,0.0,0.0,Dubai,
L Siaka,"Mission Road Ground, Mong Kok, Hong Kong",2.0,1.0,3.0,0.0,0.0,3.0,33.33,0.33,,,,,0.0,0.0,Mong Kok,
L Siaka,"The Village, Malahide",1.0,0.0,2.0,0.0,0.0,2.0,0.0,0.0,,,,,0.0,0.0,Dublin,
L Siaka,Tony Ireland Stadium,1.0,1.0,4.0,0.0,0.0,4.0,25.0,0.25,,,,,0.0,0.0,Townsville,
L Siaka,"Tribhuvan University International Cricket Ground, Kirtipur",3.0,30.0,27.0,4.0,1.0,27.0,111.11,1.11,1.0,2.0,3.0,2.0,9.0,1.5,Kirtipur,
L Sipamla,Gaddafi Stadium,1.0,8.0,10.0,1.0,0.0,10.0,80.0,0.8,3.0,36.0,70.0,36.0,11.67,1.94,Lahore,
L Sipamla,SuperSport Park,1.0,0.0,1.0,0.0,0.0,1.0,0.0,0.0,1.0,12.0,28.0,12.0,14.0,2.33,Centurion,
L Sipamla,"SuperSport Park, Centurion",,0.0,,0.0,0.0,0.0,,,1.0,20.0,37.0,20.0,11.1,1.85,Centurion,
L Sipamla,The Wanderers Stadium,,0.0,,0.0,0.0,0.0,,,1.0,25.0,23.0,25.0,5.52,0.92,Johannesburg,
L Sipamla,"The Wanderers Stadium, Johannesburg",1.0,2.0,2.0,0.0,0.0,2.0,100.0,1.0,1.0,13.0,30.0,13.0,13.85,2.31,Johannesburg,
L Steenkamp,Harare Sports Club,1.0,4.0,4.0,0.0,0.0,4.0,100.0,1.0,,,,,0.0,0.0,,
L Tucker,Al Amerat Cricket Ground Oman Cricket (Ministry Turf 1),2.0,23.0,18.0,3.0,0.0,18.0,127.78,1.28,,,,,0.0,0.0,Al Amarat,
L Tucker,Al Amerat Cricket Ground Oman Cricket (Ministry Turf 2),1.0,0.0,1.0,0.0,0.0,1.0,0.0,0.0,,,,,0.0,0.0,Al Amarat,
L Tucker,"Castle Avenue, Dublin",3.0,103.0,62.0,17.0,2.0,62.0,166.13,1.66,,,,,0.0,0.0,Dublin,
L Tucker,"Central Broward Regional Park Stadium Turf Ground, Lauderhill",3.0,51.0,30.0,4.0,4.0,30.0,170.0,1.7,,,,,0.0,0.0,Lauderhill,
L Tucker,Harare Sports Club,2.0,10.0,13.0,0.0,0.0,13.0,76.92,0.77,,,,,0.0,0.0,,
L Tucker,"Nassau County International Cricket Stadium, New York",2.0,14.0,17.0,2.0,0.0,17.0,82.35,0.82,,,,,0.0,0.0,New York,
L Tucker,"The Village, Malahide",1.0,3.0,3.0,0.0,0.0,3.0,100.0,1.0,,,,,0.0,0.0,Dublin,
L Tucker,"The Village, Malahide, Dublin",4.0,4.0,8.0,0.0,0.0,8.0,50.0,0.5,,,,,0.0,0.0,Dublin,
L Tucker,"Zahur Ahmed Chowdhury Stadium, Chattogram",3.0,9.0,12.0,1.0,0.0,12.0,75.0,0.75,,,,,0.0,0.0,Chattogram,
L Ward,Roma Cricket Ground,1.0,1.0,2.0,0.0,0.0,2.0,50.0,0.5,,,,,0.0,0.0,Spinaceto,
L Wood,"National Stadium, Karachi",,0.0,,0.0,0.0,0.0,,,2.0,48.0,65.0,48.0,8.12,1.35,Karachi,
LA Dawson,"National Stadium, Karachi",1.0,32.0,15.0,5.0,1.0,15.0,213.33,2.13,3.0,53.0,64.0,53.0,7.25,1.21,Karachi,
LA Dawson,"Vidarbha Cricket Association Stadium, Jamtha",,0.0,,0.0,0.0,0.0,,,1.0,8.0,16.0,8.0,12.0,2.0,Nagpur,
LA Musiani,"Sir Vivian Richards Stadium, North Sound, Antigua",1.0,4.0,4.0,1.0,0.0,4.0,100.0,1.0,1.0,2.0,2.0,2.0,6.0,1.0,North Sound,
LA Simango,"Willowmoore Park, Benoni",1.0,1.0,3.0,0.0,0.0,3.0,33.33,0.33,1.0,1.0,1.0,1.0,6.0,1.0,Benoni,
LB Williams,"Gaddafi Stadium, Lahore",1.0,5.0,5.0,0.0,0.0,5.0,100.0,1.0,1.0,15.0,22.0,15.0,8.8,1.47,Lahore,
LB Williams,Rawalpindi Cricket Stadium,1.0,3.0,2.0,0.0,0.0,2.0,150.0,1.5,1.0,21.0,21.0,21.0,6.0,1.0,,
LB Williams,"St George's Park, Gqeberha",,0.0,,0.0,0.0,0.0,,,1.0,9.0,9.0,9.0,6.0,1.0,Gqeberha,
LB Williams,"SuperSport Park, Centurion",1.0,2.0,5.0,0.0,0.0,5.0,40.0,0.4,2.0,43.0,58.0,43.0,8.09,1.35,Centurion,
LB Williams,"The Wanderers Stadium, Johannesburg",1.0,0.0,2.0,0.0,0.0,2.0,0.0,0.0,3.0,39.0,64.0,39.0,9.85,1.64,Johannesburg,
LB Williams,"Zayed Cricket Stadium, Abu Dhabi",,0.0,,0.0,0.0,0.0,,,2.0,11.0,15.0,11.0,8.18,1.36,Abu Dhabi,
LD Chandimal,"Himachal Pradesh Cricket Association Stadium, Dharamsala",1.0,20.0,23.0,2.0,0.0,23.0,86.96,0.87,,,,,0.0,0.0,Dharamsala,
LD Chandimal,"R Premadasa Stadium, Colombo",1.0,4.0,5.0,0.0,0.0,5.0,80.0,0.8,,,,,0.0,0.0,Colombo,
LD Chandimal,"R.Premadasa Stadium, Khettarama",2.0,5.0,6.0,0.0,0.0,6.0,83.33,0.83,,,,,0.0,0.0,Colombo,
LD Chandimal,Shere Bangla National Stadium,1.0,12.0,18.0,2.0,0.0,18.0,66.67,0.67,,,,,0.0,0.0,Mirpur,
LD Chandimal,Sylhet International Cricket Stadium,1.0,2.0,1.0,0.0,0.0,1.0,200.0,2.0,,,,,0.0,0.0,,
LD Chandimal,"Zayed Cricket Stadium, Abu Dhabi",1.0,0.0,1.0,0.0,0.0,1.0,0.0,0.0,,,,,0.0,0.0,Abu Dhabi,
LD Madushanka,Gaddafi Stadium,,0.0,,0.0,0.0,0.0,,,1.0,6.0,7.0,6.0,7.0,1.17,Lahore,
LE Plunkett,County Ground,,0.0,,0.0,0.0,0.0,,,1.0,4.0,8.0,4.0,12.0,2.0,Bristol,
LE Plunkett,Green Park,,0.0,,0.0,0.0,0.0,,,1.0,1.0,1.0,1.0,6.0,1.0,Kanpur,
LE Plunkett,M Chinnaswamy Stadium,,0.0,,0.0,0.0,0.0,,,1.0,4.0,10.0,4.0,15.0,2.5,Bangalore,
LE Plunkett,Old Trafford,,0.0,,0.0,0.0,0.0,,,2.0,19.0,43.0,19.0,13.58,2.26,Manchester,
LE Plunkett,Sophia Gardens,,0.0,,0.0,0.0,0.0,,,1.0,3.0,0.0,3.0,0.0,0.0,Cardiff,
LG Pretorius,"Gaddafi Stadium, Lahore",1.0,0.0,1.0,0.0,0.0,1.0,0.0,0.0,,,,,0.0,0.0,Lahore,
LG Pretorius,Harare Sports Club,1.0,12.0,6.0,2.0,0.0,6.0,200.0,2.0,,,,,0.0,0.0,,
LG Pretorius,"Namibia Cricket Ground, Windhoek",1.0,3.0,3.0,0.0,0.0,3.0,100.0,1.0,,,,,0.0,0.0,Windhoek,
LH Ferguson,Adelaide Oval,,0.0,,0.0,0.0,0.0,,,1.0,8.0,10.0,8.0,7.5,1.25,Adelaide,
LH Ferguson,"Bay Oval, Mount Maunganui",,0.0,,0.0,0.0,0.0,,,1.0,5.0,8.0,5.0,9.6,1.6,Mount Maunganui,
LH Ferguson,"Bharat Ratna Shri Atal Bihari Vajpayee Ekana Cricket Stadium, Lucknow",1.0,0.0,2.0,0.0,0.0,2.0,0.0,0.0,,,,,0.0,0.0,Lucknow,
LH Ferguson,"Brian Lara Stadium, Tarouba, Trinidad",,0.0,,0.0,0.0,0.0,,,1.0,3.0,1.0,3.0,2.0,0.33,Tarouba,
LH Ferguson,Dubai International Cricket Stadium,,0.0,,0.0,0.0,0.0,,,1.0,16.0,21.0,16.0,7.88,1.31,,
LH Ferguson,"Eden Gardens, Kolkata",,0.0,,0.0,0.0,0.0,,,1.0,5.0,6.0,5.0,7.2,1.2,Kolkata,
LH Ferguson,Eden Park,,0.0,,0.0,0.0,0.0,,,1.0,4.0,6.0,4.0,9.0,1.5,Auckland,
LH Ferguson,"Hagley Oval, Christchurch",1.0,0.0,1.0,0.0,0.0,1.0,0.0,0.0,2.0,43.0,51.0,43.0,7.12,1.19,Christchurch,
LH Ferguson,"JSCA International Stadium Complex, Ranchi",,0.0,,0.0,0.0,0.0,,,1.0,18.0,15.0,18.0,5.0,0.83,Ranchi,
LH Ferguson,McLean Park,,0.0,,0.0,0.0,0.0,,,1.0,3.0,1.0,3.0,2.0,0.33,Napier,
LH Ferguson,"Narendra Modi Stadium, Ahmedabad",,0.0,,0.0,0.0,0.0,,,1.0,11.0,26.0,11.0,14.18,2.36,Ahmedabad,
LH Ferguson,"Sawai Mansingh Stadium, Jaipur",,0.0,,0.0,0.0,0.0,,,1.0,3.0,2.0,3.0,4.0,0.67,Jaipur,
LH Ferguson,Seddon Park,,0.0,,0.0,0.0,0.0,,,1.0,20.0,22.0,20.0,6.6,1.1,Hamilton,
LH Ferguson,"Sportpark Westvliet, The Hague",,0.0,,0.0,0.0,0.0,,,1.0,1.0,0.0,1.0,0.0,0.0,The Hague,
LH Ferguson,Sydney Cricket Ground,,0.0,,0.0,0.0,0.0,,,1.0,24.0,38.0,24.0,9.5,1.58,,
LH Ferguson,"University Oval, Dunedin",,0.0,,0.0,0.0,0.0,,,1.0,23.0,30.0,23.0,7.83,1.3,Dunedin,
LHB Harrington-Myers,National Stadium,1.0,2.0,3.0,0.0,0.0,3.0,66.67,0.67,1.0,4.0,4.0,4.0,6.0,1.0,Karachi,
LHB Harrington-Myers,"White Hill Field, Sandys Parish",1.0,0.0,2.0,0.0,0.0,2.0,0.0,0.0,,,,,0.0,0.0,Hamilton,
LJ Wright,Providence Stadium,1.0,2.0,7.0,0.0,0.0,7.0,28.57,0.29,,,,,0.0,0.0,Guyana,
LM Jongwe,"Bellerive Oval, Hobart",,0.0,,0.0,0.0,0.0,,,1.0,7.0,16.0,7.0,13.71,2.29,Hobart,
LM Jongwe,"Bready Cricket Club, Magheramason, Bready",,0.0,,0.0,0.0,0.0,,,1.0,5.0,10.0,5.0,12.0,2.0,Bready,
LM Jongwe,"Castle Avenue, Dublin",,0.0,,0.0,0.0,0.0,,,1.0,10.0,12.0,10.0,7.2,1.2,Dublin,
LM Jongwe,Harare Sports Club,10.0,138.0,107.0,14.0,5.0,107.0,128.97,1.29,16.0,171.0,231.0,171.0,8.11,1.35,,
LM Jongwe,Perth Stadium,,0.0,,0.0,0.0,0.0,,,1.0,1.0,1.0,1.0,6.0,1.0,Perth,
LM Jongwe,"Queens Sports Club, Bulawayo",,0.0,,0.0,0.0,0.0,,,1.0,2.0,2.0,2.0,6.0,1.0,Bulawayo,
LM Jongwe,Sheikh Abu Naser Stadium,1.0,0.0,1.0,0.0,0.0,1.0,0.0,0.0,2.0,7.0,11.0,7.0,9.43,1.57,Khulna,
LM Jongwe,Shere Bangla National Stadium,1.0,2.0,5.0,0.0,0.0,5.0,40.0,0.4,,,,,0.0,0.0,Mirpur,
LM Jongwe,"Shere Bangla National Stadium, Mirpur",1.0,1.0,2.0,0.0,0.0,2.0,50.0,0.5,2.0,27.0,37.0,27.0,8.22,1.37,Dhaka,
LM Jongwe,"United Cricket Club Ground, Windhoek",1.0,6.0,3.0,1.0,0.0,3.0,200.0,2.0,1.0,17.0,25.0,17.0,8.82,1.47,Windhoek,
LM Jongwe,"Wanderers Cricket Ground, Windhoek",,0.0,,0.0,0.0,0.0,,,2.0,7.0,13.0,7.0,11.14,1.86,Windhoek,
LM Jongwe,"Zahur Ahmed Chowdhury Stadium, Chattogram",3.0,6.0,12.0,0.0,0.0,12.0,50.0,0.5,3.0,46.0,69.0,46.0,9.0,1.5,Chattogram,
LMP Simmons,Eden Park,1.0,0.0,4.0,0.0,0.0,4.0,0.0,0.0,,,,,0.0,0.0,Auckland,
LMP Simmons,Greenfield International Stadium,1.0,10.0,6.0,0.0,1.0,6.0,166.67,1.67,,,,,0.0,0.0,Thiruvananthapuram,
LMP Simmons,"Kensington Oval, Bridgetown",1.0,0.0,1.0,0.0,0.0,1.0,0.0,0.0,,,,,0.0,0.0,Barbados,
LMP Simmons,"Kensington Oval, Bridgetown, Barbados",1.0,5.0,6.0,1.0,0.0,6.0,83.33,0.83,,,,,0.0,0.0,Bridgetown,
LMP Simmons,"Queen's Park Oval, Port of Spain",3.0,5.0,4.0,1.0,0.0,4.0,125.0,1.25,,,,,0.0,0.0,Trinidad,
LMP Simmons,"Rajiv Gandhi International Stadium, Uppal",1.0,2.0,2.0,0.0,0.0,2.0,100.0,1.0,,,,,0.0,0.0,Hyderabad,
LMP Simmons,"Sabina Park, Kingston",2.0,7.0,7.0,1.0,0.0,7.0,100.0,1.0,,,,,0.0,0.0,Jamaica,
LMP Simmons,Westpac Stadium,1.0,5.0,2.0,1.0,0.0,2.0,250.0,2.5,,,,,0.0,0.0,Wellington,
LN Oluoch,Dubai International Cricket Stadium,1.0,2.0,3.0,0.0,0.0,3.0,66.67,0.67,1.0,7.0,4.0,7.0,3.43,0.57,,
LN Oluoch,"Gymkhana Club Ground, Nairobi",6.0,49.0,28.0,4.0,3.0,28.0,175.0,1.75,2.0,16.0,9.0,16.0,3.38,0.56,Nairobi,
LN Oluoch,Harare Sports Club,,0.0,,0.0,0.0,0.0,,,1.0,10.0,39.0,10.0,23.4,3.9,,
LN Oluoch,Lugogo Cricket Oval,,0.0,,0.0,0.0,0.0,,,1.0,4.0,8.0,4.0,12.0,2.0,Kampala,
LN Oluoch,"United Cricket Club Ground, Windhoek",,0.0,,0.0,0.0,0.0,,,2.0,9.0,13.0,9.0,8.67,1.44,Windhoek,
LN Oluoch,"Willowmoore Park, Benoni",,0.0,,0.0,0.0,0.0,,,1.0,8.0,22.0,8.0,16.5,2.75,Benoni,
LN Rajbanshi,"Grand Prairie Stadium, Dallas",,0.0,,0.0,0.0,0.0,,,1.0,11.0,9.0,11.0,4.91,0.82,Dallas,
LN Rajbanshi,"Titwood, Glasgow",,0.0,,0.0,0.0,0.0,,,2.0,9.0,9.0,9.0,6.0,1.0,Glasgow,
LR Gaonkar,"National Stadium, Hamilton",1.0,5.0,3.0,1.0,0.0,3.0,166.67,1.67,,,,,0.0,0.0,Hamilton,
LR Naylor,"Titwood, Glasgow",1.0,1.0,1.0,0.0,0.0,1.0,100.0,1.0,,,,,0.0,0.0,Glasgow,
LRPL Taylor,Al Amerat Cricket Ground Oman Cricket (Ministry Turf 2),1.0,7.0,10.0,0.0,0.0,10.0,70.0,0.7,,,,,0.0,0.0,Al Amarat,
LRPL Taylor,Bay Oval,2.0,17.0,9.0,0.0,2.0,9.0,188.89,1.89,,,,,0.0,0.0,Mount Maunganui,
LRPL Taylor,Dubai International Cricket Stadium,2.0,5.0,7.0,0.0,0.0,7.0,71.43,0.71,,,,,0.0,0.0,,
LRPL Taylor,Eden Gardens,1.0,3.0,3.0,0.0,0.0,3.0,100.0,1.0,,,,,0.0,0.0,Kolkata,
LRPL Taylor,Sheikh Zayed Stadium,1.0,41.0,26.0,3.0,0.0,26.0,157.69,1.58,,,,,0.0,0.0,Abu Dhabi,
LRPL Taylor,Westpac Stadium,1.0,19.0,10.0,3.0,0.0,10.0,190.0,1.9,,,,,0.0,0.0,Wellington,
LS Barkania,Harare Sports Club,1.0,0.0,3.0,0.0,0.0,3.0,0.0,0.0,2.0,14.0,27.0,14.0,11.57,1.93,,
LS Livingstone,"Eden Gardens, Kolkata",,0.0,,0.0,0.0,0.0,,,1.0,6.0,7.0,6.0,7.0,1.17,Kolkata,
LS Livingstone,"Edgbaston, Birmingham",1.0,1.0,1.0,0.0,0.0,1.0,100.0,1.0,1.0,3.0,7.0,3.0,14.0,2.33,Birmingham,
LS Livingstone,"Headingley, Leeds",1.0,28.0,20.0,2.0,2.0,20.0,140.0,1.4,,,,,0.0,0.0,Leeds,
LS Livingstone,"Kennington Oval, London",,0.0,,0.0,0.0,0.0,,,1.0,15.0,13.0,15.0,5.2,0.87,London,
LS Livingstone,"Kensington Oval, Bridgetown, Barbados",,0.0,,0.0,0.0,0.0,,,1.0,8.0,5.0,8.0,3.75,0.62,Bridgetown,
LS Livingstone,"MA Chidambaram Stadium, Chepauk, Chennai",1.0,1.0,3.0,0.0,0.0,3.0,33.33,0.33,1.0,10.0,13.0,10.0,7.8,1.3,Chennai,
LS Livingstone,"Maharashtra Cricket Association Stadium, Pune",1.0,4.0,7.0,0.0,0.0,7.0,57.14,0.57,,,,,0.0,0.0,Pune,
LS Livingstone,Melbourne Cricket Ground,,0.0,,0.0,0.0,0.0,,,2.0,3.0,3.0,3.0,6.0,1.0,,
LS Livingstone,"Old Trafford, Manchester",,0.0,,0.0,0.0,0.0,,,1.0,14.0,19.0,14.0,8.14,1.36,Manchester,
LS Livingstone,"Providence Stadium, Guyana",1.0,3.0,6.0,0.0,0.0,6.0,50.0,0.5,,,,,0.0,0.0,Providence,
LS Livingstone,"Riverside Ground, Chester-le-Street",1.0,6.0,1.0,0.0,1.0,1.0,600.0,6.0,1.0,5.0,9.0,5.0,10.8,1.8,Chester-le-Street,
LS Livingstone,"Saurashtra Cricket Association Stadium, Rajkot",1.0,32.0,15.0,1.0,4.0,15.0,213.33,2.13,1.0,4.0,9.0,4.0,13.5,2.25,Rajkot,
LS Livingstone,"Trent Bridge, Nottingham",2.0,112.0,52.0,5.0,11.0,52.0,215.38,2.15,1.0,12.0,24.0,12.0,12.0,2.0,Nottingham,
LS Livingstone,"Wankhede Stadium, Mumbai",1.0,9.0,4.0,2.0,0.0,4.0,225.0,2.25,1.0,12.0,31.0,12.0,15.5,2.58,Mumbai,
LS Livingstone,"Zayed Cricket Stadium, Abu Dhabi",1.0,7.0,4.0,0.0,1.0,4.0,175.0,1.75,1.0,10.0,11.0,10.0,6.6,1.1,Abu Dhabi,
LV van Beek,Adelaide Oval,,0.0,,0.0,0.0,0.0,,,1.0,2.0,7.0,2.0,21.0,3.5,Adelaide,
LV van Beek,"Arnos Vale Ground, Kingstown, St Vincent",1.0,0.0,1.0,0.0,0.0,1.0,0.0,0.0,1.0,8.0,14.0,8.0,10.5,1.75,Kingstown,
LV van Beek,"Bellerive Oval, Hobart",1.0,0.0,3.0,0.0,0.0,3.0,0.0,0.0,1.0,16.0,10.0,16.0,3.75,0.62,Hobart,
LV van Beek,"Grand Prairie Stadium, Dallas",,0.0,,0.0,0.0,0.0,,,1.0,6.0,6.0,6.0,6.0,1.0,Dallas,
LV van Beek,Himachal Pradesh Cricket Association Stadium,1.0,4.0,3.0,0.0,0.0,3.0,133.33,1.33,,,,,0.0,0.0,Dharamsala,
LV van Beek,Perth Stadium,1.0,6.0,8.0,0.0,0.0,8.0,75.0,0.75,1.0,5.0,3.0,5.0,3.6,0.6,Perth,
LV van Beek,"Queens Sports Club, Bulawayo",1.0,0.0,3.0,0.0,0.0,3.0,0.0,0.0,1.0,1.0,0.0,1.0,0.0,0.0,Bulawayo,
LV van Beek,"Sportpark Westvliet, The Hague",,0.0,,0.0,0.0,0.0,,,2.0,11.0,11.0,11.0,6.0,1.0,The Hague,
LV van Beek,Sydney Cricket Ground,1.0,3.0,3.0,0.0,0.0,3.0,100.0,1.0,,,,,0.0,0.0,,
LV van Beek,Sylhet Stadium,1.0,1.0,1.0,0.0,0.0,1.0,100.0,1.0,,,,,0.0,0.0,,
LV van Beek,"Zayed Cricket Stadium, Abu Dhabi",,0.0,,0.0,0.0,0.0,,,1.0,8.0,15.0,8.0,11.25,1.88,Abu Dhabi,
Lakshit Gupta,Al Amerat Cricket Ground Oman Cricket (Ministry Turf 2),1.0,0.0,2.0,0.0,0.0,2.0,0.0,0.0,,,,,0.0,0.0,Al Amarat,
Liton Das,Adelaide Oval,2.0,70.0,35.0,7.0,4.0,35.0,200.0,2.0,,,,,0.0,0.0,Adelaide,
Liton Das,Al Amerat Cricket Ground Oman Cricket (Ministry Turf 1),3.0,40.0,39.0,1.0,1.0,39.0,102.56,1.03,,,,,0.0,0.0,Al Amarat,
Liton Das,"Arnos Vale Ground, Kingstown, St Vincent",5.0,28.0,38.0,4.0,0.0,38.0,73.68,0.74,,,,,0.0,0.0,Kingstown,
Liton Das,Arun Jaitley Stadium,1.0,7.0,4.0,1.0,0.0,4.0,175.0,1.75,,,,,0.0,0.0,Delhi,
Liton Das,"Arun Jaitley Stadium, Delhi",1.0,14.0,11.0,0.0,1.0,11.0,127.27,1.27,,,,,0.0,0.0,Delhi,
Liton Das,"Bellerive Oval, Hobart",1.0,9.0,11.0,0.0,0.0,11.0,81.82,0.82,,,,,0.0,0.0,Hobart,
Liton Das,"Bir Sreshtho Flight Lieutenant Matiur Rahman Stadium, Chattogram",3.0,34.0,34.0,6.0,0.0,34.0,100.0,1.0,,,,,0.0,0.0,Chattogram,
Liton Das,"Brisbane Cricket Ground, Woolloongabba, Brisbane",1.0,14.0,12.0,3.0,0.0,12.0,116.67,1.17,,,,,0.0,0.0,Brisbane,
Liton Das,Central Broward Regional Park Stadium Turf Ground,2.0,62.0,37.0,6.0,3.0,37.0,167.57,1.68,,,,,0.0,0.0,Lauderhill,
Liton Das,Dubai International Cricket Stadium,4.0,61.0,47.0,10.0,0.0,47.0,129.79,1.3,,,,,0.0,0.0,,
Liton Das,Eden Park,1.0,0.0,1.0,0.0,0.0,1.0,0.0,0.0,,,,,0.0,0.0,Auckland,
Liton Das,Gaddafi Stadium,2.0,20.0,27.0,3.0,0.0,27.0,74.07,0.74,,,,,0.0,0.0,Lahore,
Liton Das,"Gaddafi Stadium, Lahore",3.0,76.0,58.0,2.0,4.0,58.0,131.03,1.31,,,,,0.0,0.0,Lahore,
Liton Das,"Grand Prairie Stadium, Dallas",1.0,36.0,40.0,2.0,1.0,40.0,90.0,0.9,,,,,0.0,0.0,Dallas,
Liton Das,"Hagley Oval, Christchurch",4.0,142.0,101.0,15.0,4.0,101.0,140.59,1.41,,,,,0.0,0.0,Christchurch,
Liton Das,Harare Sports Club,3.0,101.0,60.0,14.0,2.0,60.0,168.33,1.68,,,,,0.0,0.0,,
Liton Das,McLean Park,1.0,6.0,6.0,1.0,0.0,6.0,100.0,1.0,,,,,0.0,0.0,Napier,
Liton Das,"McLean Park, Napier",1.0,42.0,36.0,2.0,1.0,36.0,116.67,1.17,,,,,0.0,0.0,Napier,
Liton Das,"Nassau County International Cricket Stadium, New York",1.0,9.0,14.0,1.0,0.0,14.0,64.29,0.64,,,,,0.0,0.0,New York,
Liton Das,Pallekele International Cricket Stadium,1.0,6.0,11.0,0.0,0.0,11.0,54.55,0.55,,,,,0.0,0.0,Kandy,
Liton Das,Prairie View Cricket Complex,1.0,14.0,15.0,1.0,1.0,15.0,93.33,0.93,,,,,0.0,0.0,Houston,
Liton Das,"Providence Stadium, Guyana",1.0,49.0,46.0,3.0,2.0,46.0,106.52,1.07,,,,,0.0,0.0,Providence,
Liton Das,"R Premadasa Stadium, Colombo",1.0,32.0,26.0,2.0,1.0,26.0,123.08,1.23,,,,,0.0,0.0,Colombo,
Liton Das,"R.Premadasa Stadium, Khettarama",5.0,95.0,74.0,6.0,6.0,74.0,128.38,1.28,,,,,0.0,0.0,Colombo,
Liton Das,"Rajiv Gandhi International Stadium, Uppal, Hyderabad",1.0,42.0,26.0,8.0,0.0,26.0,161.54,1.62,,,,,0.0,0.0,Hyderabad,
Liton Das,Rangiri Dambulla International Stadium,1.0,76.0,52.0,1.0,5.0,52.0,146.15,1.46,,,,,0.0,0.0,Dambulla,
Liton Das,Saurashtra Cricket Association Stadium,1.0,29.0,21.0,4.0,0.0,21.0,138.1,1.38,,,,,0.0,0.0,Rajkot,
Liton Das,Seddon Park,1.0,4.0,6.0,1.0,0.0,6.0,66.67,0.67,,,,,0.0,0.0,Hamilton,
Liton Das,Senwes Park,1.0,9.0,7.0,0.0,1.0,7.0,128.57,1.29,,,,,0.0,0.0,Potchefstroom,
Liton Das,Sharjah Cricket Stadium,5.0,125.0,113.0,10.0,3.0,113.0,110.62,1.11,,,,,0.0,0.0,Sharjah,
Liton Das,Shere Bangla National Stadium,3.0,49.0,47.0,3.0,1.0,47.0,104.26,1.04,,,,,0.0,0.0,Mirpur,
Liton Das,"Shere Bangla National Stadium, Mirpur",15.0,405.0,325.0,44.0,13.0,325.0,124.62,1.25,,,,,0.0,0.0,Dhaka,
Liton Das,"Shrimant Madhavrao Scindia Cricket Stadium, Gwalior",1.0,4.0,2.0,1.0,0.0,2.0,200.0,2.0,,,,,0.0,0.0,Gwalior,
Liton Das,"Sir Vivian Richards Stadium, North Sound, Antigua",2.0,29.0,36.0,3.0,1.0,36.0,80.56,0.81,,,,,0.0,0.0,North Sound,
Liton Das,Sydney Cricket Ground,1.0,34.0,31.0,1.0,1.0,31.0,109.68,1.1,,,,,0.0,0.0,,
Liton Das,Sylhet International Cricket Stadium,7.0,194.0,140.0,21.0,7.0,140.0,138.57,1.39,,,,,0.0,0.0,,
Liton Das,"Vidarbha Cricket Association Stadium, Jamtha",1.0,9.0,8.0,2.0,0.0,8.0,112.5,1.12,,,,,0.0,0.0,Nagpur,
Liton Das,"Warner Park, Basseterre",1.0,24.0,21.0,3.0,0.0,21.0,114.29,1.14,,,,,0.0,0.0,St Kitts,
Liton Das,"Windsor Park, Roseau, Dominica",2.0,14.0,18.0,3.0,0.0,18.0,77.78,0.78,,,,,0.0,0.0,Roseau,
Liton Das,Zahur Ahmed Chowdhury Stadium,1.0,38.0,22.0,4.0,2.0,22.0,172.73,1.73,,,,,0.0,0.0,Chattogram,
Liton Das,"Zahur Ahmed Chowdhury Stadium, Chattogram",7.0,183.0,125.0,21.0,7.0,125.0,146.4,1.46,,,,,0.0,0.0,Chattogram,
Liton Das,"Zayed Cricket Stadium, Abu Dhabi",4.0,120.0,112.0,13.0,1.0,112.0,107.14,1.07,,,,,0.0,0.0,Abu Dhabi,
Lokesh Bam,Al Amerat Cricket Ground Oman Cricket (Ministry Turf 1),1.0,11.0,9.0,0.0,1.0,9.0,122.22,1.22,,,,,0.0,0.0,Al Amarat,
Luqman Butt,Al Amerat Cricket Ground Oman Cricket (Ministry Turf 2),1.0,28.0,14.0,0.0,3.0,14.0,200.0,2.0,1.0,10.0,30.0,10.0,18.0,3.0,Al Amarat,
M Abdulla,Integrated Polytechnic Regional Centre,1.0,1.0,3.0,0.0,0.0,3.0,33.33,0.33,,,,,0.0,0.0,Kigali City,
M Aboagye,Kyambogo Cricket Oval,1.0,4.0,6.0,0.0,0.0,6.0,66.67,0.67,,,,,0.0,0.0,Kampala,
M Akayezu,"Gahanga International Cricket Stadium, Rwanda",,0.0,,0.0,0.0,0.0,,,2.0,6.0,10.0,6.0,10.0,1.67,Kigali City,
M Akayezu,"Gymkhana Club Ground, Nairobi",,0.0,,0.0,0.0,0.0,,,3.0,19.0,35.0,19.0,11.05,1.84,Nairobi,
M Akayezu,"Ruaraka Sports Club Ground, Nairobi",1.0,0.0,2.0,0.0,0.0,2.0,0.0,0.0,,,,,0.0,0.0,Nairobi,
M Akayezu,"Wanderers Cricket Ground, Windhoek",,0.0,,0.0,0.0,0.0,,,2.0,9.0,28.0,9.0,18.67,3.11,Windhoek,
M Altankhuyag,Zhejiang University of Technology Cricket Field,,0.0,,0.0,0.0,0.0,,,1.0,6.0,20.0,6.0,20.0,3.33,Hangzhou,
M Badenhorst,"Gahanga International Cricket Stadium, Rwanda",1.0,1.0,3.0,0.0,0.0,3.0,33.33,0.33,1.0,6.0,23.0,6.0,23.0,3.83,Kigali City,
M Bhanuka,Gaddafi Stadium,1.0,0.0,1.0,0.0,0.0,1.0,0.0,0.0,,,,,0.0,0.0,Lahore,
M Bhanuka,"R Premadasa Stadium, Colombo",1.0,8.0,8.0,0.0,0.0,8.0,100.0,1.0,,,,,0.0,0.0,Colombo,
M Campopiano,"Simar Cricket Ground, Rome",1.0,11.0,9.0,1.0,0.0,9.0,122.22,1.22,,,,,0.0,0.0,Rome,
M Choamba,"Takashinga Sports Club, Highfield, Harare",1.0,5.0,6.0,0.0,0.0,6.0,83.33,0.83,,,,,0.0,0.0,Harare,
M Coetzee,Al Amerat Cricket Ground Oman Cricket (Ministry Turf 1),2.0,20.0,14.0,4.0,0.0,14.0,142.86,1.43,,,,,0.0,0.0,Al Amarat,
M Coetzee,"Mission Road Ground, Mong Kok, Hong Kong",2.0,9.0,6.0,2.0,0.0,6.0,150.0,1.5,,,,,0.0,0.0,Mong Kok,
M Coetzee,Mulpani Cricket Ground,2.0,2.0,10.0,0.0,0.0,10.0,20.0,0.2,,,,,0.0,0.0,Kathmandu,
M Faraz Akram,Harare Sports Club,1.0,4.0,5.0,0.0,0.0,5.0,80.0,0.8,2.0,20.0,36.0,20.0,10.8,1.8,,
M Faraz Akram,Rawalpindi Cricket Stadium,1.0,2.0,4.0,0.0,0.0,4.0,50.0,0.5,1.0,8.0,9.0,8.0,6.75,1.12,,
M Faraz Akram,"Shere Bangla National Stadium, Mirpur",1.0,10.0,11.0,0.0,1.0,11.0,90.91,0.91,1.0,6.0,10.0,6.0,10.0,1.67,Dhaka,
M Faraz Akram,"Zahur Ahmed Chowdhury Stadium, Chattogram",1.0,34.0,22.0,2.0,2.0,22.0,154.55,1.55,1.0,24.0,33.0,24.0,8.25,1.38,Chattogram,
M Jansen,"Arnos Vale Ground, Kingstown, St Vincent",,0.0,,0.0,0.0,0.0,,,1.0,4.0,4.0,4.0,6.0,1.0,Kingstown,
M Jansen,"Kingsmead, Durban",1.0,6.0,4.0,0.0,1.0,4.0,150.0,1.5,1.0,9.0,4.0,9.0,2.67,0.44,Durban,
M Jansen,"Nassau County International Cricket Stadium, New York",1.0,5.0,5.0,0.0,0.0,5.0,100.0,1.0,2.0,30.0,22.0,30.0,4.4,0.73,New York,
M Jansen,"Saurashtra Cricket Association Stadium, Rajkot",1.0,1.0,3.0,0.0,0.0,3.0,33.33,0.33,1.0,15.0,24.0,15.0,9.6,1.6,Rajkot,
M Jansen,"St George's Park, Gqeberha",1.0,4.0,4.0,1.0,0.0,4.0,100.0,1.0,2.0,19.0,27.0,19.0,8.53,1.42,Gqeberha,
M Jansen,"SuperSport Park, Centurion",1.0,27.0,10.0,1.0,3.0,10.0,270.0,2.7,1.0,18.0,26.0,18.0,8.67,1.44,Centurion,
M Jansen,"The Wanderers Stadium, Johannesburg",1.0,24.0,8.0,1.0,3.0,8.0,300.0,3.0,1.0,15.0,29.0,15.0,11.6,1.93,Johannesburg,
M Jobarteh,"Ruaraka Sports Club Ground, Nairobi",,0.0,,0.0,0.0,0.0,,,1.0,11.0,47.0,11.0,25.64,4.27,Nairobi,
M Kasselman,"Gahanga International Cricket Stadium, Rwanda",,0.0,,0.0,0.0,0.0,,,1.0,3.0,4.0,3.0,8.0,1.33,Kigali City,
M Kasselman,Harare Sports Club,1.0,5.0,4.0,1.0,0.0,4.0,125.0,1.25,,,,,0.0,0.0,,
M Kasselman,"Takashinga Sports Club, Highfield, Harare",1.0,0.0,2.0,0.0,0.0,2.0,0.0,0.0,,,,,0.0,0.0,Harare,
M Koli,Marsa Sports Club,,0.0,,0.0,0.0,0.0,,,1.0,9.0,11.0,9.0,7.33,1.22,Marsa,
M Levitt,Al Amerat Cricket Ground Oman Cricket (Ministry Turf 1),1.0,1.0,3.0,0.0,0.0,3.0,33.33,0.33,,,,,0.0,0.0,Al Amarat,
M Levitt,"Arnos Vale Ground, Kingstown, St Vincent",1.0,13.0,11.0,1.0,1.0,11.0,118.18,1.18,,,,,0.0,0.0,Kingstown,
M Levitt,"Grand Prairie Stadium, Dallas",1.0,1.0,3.0,0.0,0.0,3.0,33.33,0.33,,,,,0.0,0.0,Dallas,
M Levitt,"Sportpark Maarschalkerweerd, Utrecht",3.0,49.0,49.0,5.0,1.0,49.0,100.0,1.0,,,,,0.0,0.0,Utrecht,
M Levitt,"Sportpark Westvliet, The Hague",1.0,5.0,4.0,0.0,0.0,4.0,125.0,1.25,,,,,0.0,0.0,The Hague,
M Levitt,"Titwood, Glasgow",2.0,29.0,16.0,2.0,2.0,16.0,181.25,1.81,,,,,0.0,0.0,Glasgow,
M Levitt,"Tribhuvan University International Cricket Ground, Kirtipur",3.0,76.0,42.0,10.0,4.0,42.0,180.95,1.81,3.0,23.0,52.0,23.0,13.57,2.26,Kirtipur,
M Magagula,Integrated Polytechnic Regional Centre,1.0,1.0,2.0,0.0,0.0,2.0,50.0,0.5,1.0,2.0,1.0,2.0,3.0,0.5,Kigali City,
M Manivannan,"National Stadium, Hamilton",1.0,4.0,3.0,1.0,0.0,3.0,133.33,1.33,1.0,8.0,7.0,8.0,5.25,0.88,Hamilton,
M Mooketsi,"Gahanga International Cricket Stadium, Rwanda",,0.0,,0.0,0.0,0.0,,,1.0,7.0,6.0,7.0,5.14,0.86,Kigali City,
M Mooketsi,"Gymkhana Club Ground, Nairobi",,0.0,,0.0,0.0,0.0,,,1.0,11.0,12.0,11.0,6.55,1.09,Nairobi,
M Mooketsi,United Cricket Club Ground,,0.0,,0.0,0.0,0.0,,,3.0,21.0,45.0,21.0,12.86,2.14,Windhoek,
M Morkel,Gaddafi Stadium,,0.0,,0.0,0.0,0.0,,,3.0,33.0,37.0,33.0,6.73,1.12,Lahore,
M Mosehle,Senwes Park,1.0,1.0,1.0,0.0,0.0,1.0,100.0,1.0,,,,,0.0,0.0,Potchefstroom,
M Ozturk,Roma Cricket Ground,,0.0,,0.0,0.0,0.0,,,1.0,1.0,0.0,1.0,0.0,0.0,Spinaceto,
M Pathirana,"Grand Prairie Stadium, Dallas",1.0,0.0,1.0,0.0,0.0,1.0,0.0,0.0,1.0,21.0,24.0,21.0,6.86,1.14,Dallas,
M Pathirana,Pallekele International Cricket Stadium,1.0,6.0,7.0,1.0,0.0,7.0,85.71,0.86,,,,,0.0,0.0,Kandy,
M Pathirana,Sylhet International Cricket Stadium,,0.0,,0.0,0.0,0.0,,,2.0,41.0,62.0,41.0,9.07,1.51,,
M Pathirana,"Zayed Cricket Stadium, Abu Dhabi",,0.0,,0.0,0.0,0.0,,,1.0,28.0,42.0,28.0,9.0,1.5,Abu Dhabi,
M Podosky,Al Amerat Cricket Ground Oman Cricket (Ministry Turf 2),2.0,8.0,7.0,1.0,0.0,7.0,114.29,1.14,1.0,2.0,0.0,2.0,0.0,0.0,Al Amarat,
M Prasidh Krishna,"Malahide, Dublin",,0.0,,0.0,0.0,0.0,,,2.0,5.0,3.0,5.0,3.6,0.6,Dublin,
M Shumba,"Brisbane Cricket Ground, Woolloongabba, Brisbane",1.0,7.0,12.0,1.0,0.0,12.0,58.33,0.58,,,,,0.0,0.0,Brisbane,
M Shumba,"Castle Avenue, Dublin",,0.0,,0.0,0.0,0.0,,,1.0,1.0,1.0,1.0,6.0,1.0,Dublin,
M Shumba,Harare Sports Club,2.0,1.0,7.0,0.0,0.0,7.0,14.29,0.14,,,,,0.0,0.0,,
M Shumba,Perth Stadium,1.0,8.0,10.0,1.0,0.0,10.0,80.0,0.8,,,,,0.0,0.0,Perth,
M Shumba,"Queens Sports Club, Bulawayo",2.0,7.0,3.0,1.0,0.0,3.0,233.33,2.33,,,,,0.0,0.0,Bulawayo,
M Shumba,Rawalpindi Cricket Stadium,,0.0,,0.0,0.0,0.0,,,1.0,6.0,18.0,6.0,18.0,3.0,,
M Simmons,"Sir Vivian Richards Stadium, North Sound, Antigua",1.0,4.0,6.0,0.0,0.0,6.0,66.67,0.67,,,,,0.0,0.0,North Sound,
M Sohel Patel,"Coolidge Cricket Ground, Antigua",1.0,0.0,3.0,0.0,0.0,3.0,0.0,0.0,,,,,0.0,0.0,Coolidge,
M Sohel Patel,"National Stadium, Hamilton",1.0,1.0,2.0,0.0,0.0,2.0,50.0,0.5,,,,,0.0,0.0,Hamilton,
M Spoors,Al Amerat Cricket Ground Oman Cricket (Ministry Turf 1),2.0,12.0,17.0,2.0,0.0,17.0,70.59,0.71,,,,,0.0,0.0,Al Amarat,
M Syahadat Ramli,Indian Association Ground,1.0,0.0,1.0,0.0,0.0,1.0,0.0,0.0,,,,,0.0,0.0,Singapore,
M Syahadat Ramli,Kinrara Academy Oval,2.0,14.0,7.0,1.0,1.0,7.0,200.0,2.0,,,,,0.0,0.0,Kuala Lumpur,
M Taylor,"Jimmy Powell Oval, Cayman Islands",1.0,0.0,6.0,0.0,0.0,6.0,0.0,0.0,1.0,9.0,26.0,9.0,17.33,2.89,George Town,
M Taylor,"Maple Leaf North-East Ground, King City",1.0,11.0,12.0,2.0,0.0,12.0,91.67,0.92,,,,,0.0,0.0,King City,
M Taylor,"Maple Leaf North-West Ground, King City",2.0,11.0,15.0,2.0,0.0,15.0,73.33,0.73,,,,,0.0,0.0,King City,
M Theekshana,"Bellerive Oval, Hobart",,0.0,,0.0,0.0,0.0,,,1.0,7.0,6.0,7.0,5.14,0.86,Hobart,
M Theekshana,"Daren Sammy National Cricket Stadium, Gros Islet, St Lucia",,0.0,,0.0,0.0,0.0,,,1.0,4.0,1.0,4.0,1.5,0.25,Gros Islet,
M Theekshana,Dubai International Cricket Stadium,1.0,0.0,1.0,0.0,0.0,1.0,0.0,0.0,5.0,62.0,74.0,62.0,7.16,1.19,,
M Theekshana,"GMHBA Stadium, South Geelong, Victoria",1.0,2.0,2.0,0.0,0.0,2.0,100.0,1.0,2.0,6.0,4.0,6.0,4.0,0.67,Geelong,
M Theekshana,"Grand Prairie Stadium, Dallas",1.0,0.0,4.0,0.0,0.0,4.0,0.0,0.0,1.0,16.0,18.0,16.0,6.75,1.12,Dallas,
M Theekshana,Harare Sports Club,1.0,2.0,3.0,0.0,0.0,3.0,66.67,0.67,2.0,3.0,1.0,3.0,2.0,0.33,,
M Theekshana,Pallekele International Cricket Stadium,2.0,3.0,5.0,0.0,0.0,5.0,60.0,0.6,3.0,35.0,46.0,35.0,7.89,1.31,Kandy,
M Theekshana,"R Premadasa Stadium, Colombo",1.0,6.0,9.0,0.0,0.0,9.0,66.67,0.67,4.0,31.0,41.0,31.0,7.94,1.32,Colombo,
M Theekshana,Rangiri Dambulla International Stadium,1.0,5.0,10.0,0.0,0.0,10.0,50.0,0.5,1.0,25.0,30.0,25.0,7.2,1.2,Dambulla,
M Theekshana,"Saurashtra Cricket Association Stadium, Rajkot",,0.0,,0.0,0.0,0.0,,,1.0,3.0,6.0,3.0,12.0,2.0,Rajkot,
M Theekshana,Sylhet International Cricket Stadium,,0.0,,0.0,0.0,0.0,,,3.0,50.0,81.0,50.0,9.72,1.62,,
M Theekshana,"Wankhede Stadium, Mumbai",,0.0,,0.0,0.0,0.0,,,1.0,8.0,4.0,8.0,3.0,0.5,Mumbai,
M Theekshana,"Zayed Cricket Stadium, Abu Dhabi",1.0,0.0,1.0,0.0,0.0,1.0,0.0,0.0,2.0,25.0,30.0,25.0,7.2,1.2,Abu Dhabi,
M Vivekanandan,Sano International Cricket Ground,2.0,1.0,6.0,0.0,0.0,6.0,16.67,0.17,,,,,0.0,0.0,Sano,
M van Lingen,Dubai International Cricket Stadium,,0.0,,0.0,0.0,0.0,,,1.0,5.0,12.0,5.0,14.4,2.4,,
M van Lingen,"Kensington Oval, Bridgetown, Barbados",1.0,0.0,2.0,0.0,0.0,2.0,0.0,0.0,,,,,0.0,0.0,Bridgetown,
M van Lingen,"Queens Sports Club, Bulawayo",1.0,8.0,11.0,0.0,0.0,11.0,72.73,0.73,,,,,0.0,0.0,Bulawayo,
M van Lingen,Sharjah Cricket Stadium,1.0,12.0,7.0,1.0,1.0,7.0,171.43,1.71,,,,,0.0,0.0,Sharjah,
M van Lingen,"Tribhuvan University International Cricket Ground, Kirtipur",2.0,26.0,23.0,3.0,1.0,23.0,113.04,1.13,,,,,0.0,0.0,Kirtipur,
M van Lingen,"United Cricket Club Ground, Windhoek",1.0,2.0,2.0,0.0,0.0,2.0,100.0,1.0,,,,,0.0,0.0,Windhoek,
M van Lingen,"Wanderers Cricket Ground, Windhoek",3.0,30.0,19.0,2.0,2.0,19.0,157.89,1.58,,,,,0.0,0.0,Windhoek,
M van Lingen,"Zayed Cricket Stadium, Abu Dhabi",1.0,4.0,2.0,1.0,0.0,2.0,200.0,2.0,,,,,0.0,0.0,Abu Dhabi,
MA Aponso,"R.Premadasa Stadium, Khettarama",,0.0,,0.0,0.0,0.0,,,1.0,2.0,2.0,2.0,6.0,1.0,Colombo,
MA Aponso,Sylhet International Cricket Stadium,,0.0,,0.0,0.0,0.0,,,1.0,13.0,16.0,13.0,7.38,1.23,,
MA Baig,Harare Sports Club,1.0,1.0,5.0,0.0,0.0,5.0,20.0,0.2,,,,,0.0,0.0,,
MA Baig,Integrated Polytechnic Regional Centre,1.0,5.0,8.0,0.0,0.0,8.0,62.5,0.62,,,,,0.0,0.0,Kigali City,
MA Jones,"Bellerive Oval, Hobart",1.0,6.0,3.0,1.0,0.0,3.0,200.0,2.0,,,,,0.0,0.0,Hobart,
MA Jones,"Sir Vivian Richards Stadium, North Sound, Antigua",1.0,16.0,13.0,1.0,2.0,13.0,123.08,1.23,,,,,0.0,0.0,North Sound,
MA Leask,Al Amerat Cricket Ground Oman Cricket (Ministry Turf 1),,0.0,,0.0,0.0,0.0,,,1.0,18.0,13.0,18.0,4.33,0.72,Al Amarat,
MA Leask,"Bellerive Oval, Hobart",,0.0,,0.0,0.0,0.0,,,2.0,11.0,20.0,11.0,10.91,1.82,Hobart,
MA Leask,"Bready Cricket Club, Magheramason",1.0,1.0,3.0,0.0,0.0,3.0,33.33,0.33,,,,,0.0,0.0,Bready,
MA Leask,Dubai International Cricket Stadium,1.0,7.0,4.0,1.0,0.0,4.0,175.0,1.75,1.0,8.0,8.0,8.0,6.0,1.0,,
MA Leask,"Grange Cricket Club Ground, Raeburn Place, Edinburgh",,0.0,,0.0,0.0,0.0,,,1.0,3.0,9.0,3.0,18.0,3.0,Edinburgh,
MA Leask,"Grange Cricket Club, Raeburn Place",2.0,24.0,21.0,1.0,1.0,21.0,114.29,1.14,2.0,18.0,13.0,18.0,4.33,0.72,Edinburgh,
MA Leask,ICC Academy,1.0,12.0,6.0,2.0,0.0,6.0,200.0,2.0,,,,,0.0,0.0,Dubai,
MA Leask,"ICC Academy, Dubai",1.0,2.0,3.0,0.0,0.0,3.0,66.67,0.67,1.0,6.0,6.0,6.0,6.0,1.0,Dubai,
MA Leask,Sharjah Cricket Stadium,1.0,14.0,14.0,2.0,0.0,14.0,100.0,1.0,,,,,0.0,0.0,Sharjah,
MA Leask,"Sportpark Westvliet, The Hague",1.0,3.0,4.0,0.0,0.0,4.0,75.0,0.75,2.0,11.0,13.0,11.0,7.09,1.18,The Hague,
MA Leask,"The Village, Malahide",,0.0,,0.0,0.0,0.0,,,1.0,2.0,5.0,2.0,15.0,2.5,Dublin,
MA Leask,"Titwood, Glasgow",2.0,18.0,15.0,2.0,1.0,15.0,120.0,1.2,1.0,2.0,1.0,2.0,3.0,0.5,Glasgow,
MA Leask,"Vidarbha Cricket Association Stadium, Jamtha",,0.0,,0.0,0.0,0.0,,,1.0,5.0,7.0,5.0,8.4,1.4,Nagpur,
MA Leask,"Zayed Cricket Stadium, Abu Dhabi",1.0,9.0,6.0,0.0,1.0,6.0,150.0,1.5,,,,,0.0,0.0,Abu Dhabi,
MA Ouma,Mombasa Sports Club Ground,1.0,4.0,6.0,1.0,0.0,6.0,66.67,0.67,,,,,0.0,0.0,,
MA Starc,"Brisbane Cricket Ground, Woolloongabba, Brisbane",,0.0,,0.0,0.0,0.0,,,1.0,4.0,0.0,4.0,0.0,0.0,Brisbane,
MA Starc,"Daren Sammy National Cricket Stadium, Gros Islet, St Lucia",1.0,1.0,1.0,0.0,0.0,1.0,100.0,1.0,,,,,0.0,0.0,Gros Islet,
MA Starc,Dubai International Cricket Stadium,,0.0,,0.0,0.0,0.0,,,2.0,41.0,49.0,41.0,7.17,1.2,,
MA Starc,"Kensington Oval, Bridgetown, Barbados",,0.0,,0.0,0.0,0.0,,,1.0,14.0,12.0,14.0,5.14,0.86,Bridgetown,
MA Starc,Manuka Oval,,0.0,,0.0,0.0,0.0,,,2.0,28.0,29.0,28.0,6.21,1.04,Canberra,
MA Starc,Perth Stadium,,0.0,,0.0,0.0,0.0,,,1.0,10.0,7.0,10.0,4.2,0.7,Perth,
MA Starc,"Shere Bangla National Stadium, Mirpur",2.0,27.0,26.0,2.0,0.0,26.0,103.85,1.04,2.0,42.0,50.0,42.0,7.14,1.19,Dhaka,
MA Starc,"Sir Vivian Richards Stadium, North Sound, Antigua",,0.0,,0.0,0.0,0.0,,,1.0,16.0,13.0,16.0,4.88,0.81,North Sound,
MA Starc,Sydney Cricket Ground,,0.0,,0.0,0.0,0.0,,,1.0,12.0,18.0,12.0,9.0,1.5,,
MA Wood,"Eden Gardens, Kolkata",,0.0,,0.0,0.0,0.0,,,1.0,8.0,23.0,8.0,17.25,2.88,Kolkata,
MA Wood,"Gaddafi Stadium, Lahore",,0.0,,0.0,0.0,0.0,,,1.0,17.0,16.0,17.0,5.65,0.94,Lahore,
MA Wood,"Kennington Oval, London",,0.0,,0.0,0.0,0.0,,,1.0,21.0,29.0,21.0,8.29,1.38,London,
MA Wood,"MA Chidambaram Stadium, Chepauk, Chennai",1.0,5.0,3.0,1.0,0.0,3.0,166.67,1.67,1.0,16.0,22.0,16.0,8.25,1.38,Chennai,
MA Wood,Narendra Modi Stadium,,0.0,,0.0,0.0,0.0,,,2.0,8.0,2.0,8.0,1.5,0.25,Ahmedabad,
MA Wood,"National Stadium, Karachi",,0.0,,0.0,0.0,0.0,,,1.0,13.0,19.0,13.0,8.77,1.46,Karachi,
MA Wood,"Saurashtra Cricket Association Stadium, Rajkot",,0.0,,0.0,0.0,0.0,,,1.0,6.0,11.0,6.0,11.0,1.83,Rajkot,
MA Wood,"Sir Vivian Richards Stadium, North Sound, Antigua",,0.0,,0.0,0.0,0.0,,,1.0,10.0,11.0,10.0,6.6,1.1,North Sound,
MA Wood,"Wankhede Stadium, Mumbai",,0.0,,0.0,0.0,0.0,,,1.0,13.0,22.0,13.0,10.15,1.69,Mumbai,
MA Wood,"Zahur Ahmed Chowdhury Stadium, Chattogram",,0.0,,0.0,0.0,0.0,,,1.0,3.0,5.0,3.0,10.0,1.67,Chattogram,
MADI Hemantha,Harare Sports Club,1.0,3.0,4.0,0.0,0.0,4.0,75.0,0.75,2.0,22.0,28.0,22.0,7.64,1.27,,
MB Kruger,Al Amerat Cricket Ground Oman Cricket (Ministry Turf 1),5.0,25.0,48.0,3.0,0.0,48.0,52.08,0.52,,,,,0.0,0.0,Al Amarat,
MB Kruger,"Queens Sports Club, Bulawayo",1.0,16.0,12.0,0.0,1.0,12.0,133.33,1.33,,,,,0.0,0.0,Bulawayo,
MB Kruger,"Tribhuvan University International Cricket Ground, Kirtipur",2.0,24.0,22.0,3.0,0.0,22.0,109.09,1.09,,,,,0.0,0.0,Kirtipur,
MB Kruger,"Wanderers Cricket Ground, Windhoek",1.0,3.0,2.0,0.0,0.0,2.0,150.0,1.5,,,,,0.0,0.0,Windhoek,
MB van Schelven,VRA Ground,,0.0,,0.0,0.0,0.0,,,1.0,3.0,4.0,3.0,8.0,1.33,Amstelveen,
MBS Jonkman,Dubai International Cricket Stadium,1.0,1.0,3.0,0.0,0.0,3.0,33.33,0.33,,,,,0.0,0.0,,
MC Henriques,Barsapara Cricket Stadium,1.0,30.0,13.0,1.0,3.0,13.0,230.77,2.31,,,,,0.0,0.0,Guwahati,
MC Henriques,JSCA International Stadium Complex,1.0,1.0,2.0,0.0,0.0,2.0,50.0,0.5,,,,,0.0,0.0,Ranchi,
MC Henriques,Manuka Oval,1.0,2.0,4.0,0.0,0.0,4.0,50.0,0.5,1.0,4.0,3.0,4.0,4.5,0.75,Canberra,
MC Henriques,"Shere Bangla National Stadium, Mirpur",5.0,26.0,29.0,2.0,1.0,29.0,89.66,0.9,1.0,6.0,5.0,6.0,5.0,0.83,Dhaka,
MC Henriques,Sydney Cricket Ground,1.0,2.0,2.0,0.0,0.0,2.0,100.0,1.0,,,,,0.0,0.0,,
MC Sorensen,Dubai International Cricket Stadium,,0.0,,0.0,0.0,0.0,,,1.0,1.0,0.0,1.0,0.0,0.0,,
MC Sorensen,Sheikh Zayed Stadium,,0.0,,0.0,0.0,0.0,,,1.0,1.0,0.0,1.0,0.0,0.0,Abu Dhabi,
MD Dai,"Civil Service Cricket Club, Stormont",1.0,1.0,3.0,0.0,0.0,3.0,33.33,0.33,,,,,0.0,0.0,Belfast,
MD Dai,Tony Ireland Stadium,2.0,6.0,9.0,0.0,0.0,9.0,66.67,0.67,,,,,0.0,0.0,Townsville,
MD Gunathilaka,Dubai International Cricket Stadium,3.0,8.0,11.0,1.0,0.0,11.0,72.73,0.73,,,,,0.0,0.0,,
MD Gunathilaka,Eden Park,1.0,7.0,4.0,1.0,0.0,4.0,175.0,1.75,,,,,0.0,0.0,Auckland,
MD Gunathilaka,Gaddafi Stadium,1.0,42.0,27.0,6.0,1.0,27.0,155.56,1.56,2.0,9.0,13.0,9.0,8.67,1.44,Lahore,
MD Gunathilaka,"Himachal Pradesh Cricket Association Stadium, Dharamsala",1.0,0.0,1.0,0.0,0.0,1.0,0.0,0.0,,,,,0.0,0.0,Dharamsala,
MD Gunathilaka,Holkar Cricket Stadium,1.0,8.0,6.0,1.0,0.0,6.0,133.33,1.33,,,,,0.0,0.0,Indore,
MD Gunathilaka,"R.Premadasa Stadium, Khettarama",3.0,36.0,24.0,2.0,3.0,24.0,150.0,1.5,2.0,7.0,9.0,7.0,7.71,1.29,Colombo,
MD Gunathilaka,Sheikh Zayed Stadium,1.0,23.0,19.0,1.0,1.0,19.0,121.05,1.21,,,,,0.0,0.0,Abu Dhabi,
MD Gunathilaka,"Shere Bangla National Stadium, Mirpur",1.0,13.0,5.0,3.0,0.0,5.0,260.0,2.6,1.0,7.0,8.0,7.0,6.86,1.14,Dhaka,
MD Gunathilaka,Sylhet International Cricket Stadium,1.0,26.0,20.0,3.0,1.0,20.0,130.0,1.3,1.0,1.0,0.0,1.0,0.0,0.0,,
MD Gunathilaka,Wankhede Stadium,1.0,3.0,6.0,0.0,0.0,6.0,50.0,0.5,,,,,0.0,0.0,Mumbai,
MD Patel,Al Amerat Cricket Ground Oman Cricket (Ministry Turf 1),2.0,21.0,21.0,2.0,0.0,21.0,100.0,1.0,,,,,0.0,0.0,Al Amarat,
MD Patel,Bulawayo Athletic Club,1.0,0.0,2.0,0.0,0.0,2.0,0.0,0.0,,,,,0.0,0.0,Bulawayo,
MD Patel,"Grand Prairie Stadium, Dallas",5.0,44.0,43.0,5.0,1.0,43.0,102.33,1.02,,,,,0.0,0.0,Dallas,
MD Patel,"Jimmy Powell Oval, Cayman Islands",1.0,14.0,13.0,1.0,0.0,13.0,107.69,1.08,,,,,0.0,0.0,George Town,
MD Patel,Prairie View Cricket Complex,4.0,67.0,50.0,6.0,3.0,50.0,134.0,1.34,,,,,0.0,0.0,Houston,
MD Patel,"Queens Sports Club, Bulawayo",1.0,2.0,3.0,0.0,0.0,3.0,66.67,0.67,,,,,0.0,0.0,Bulawayo,
MD Patel,"Sportpark Westvliet, The Hague",1.0,8.0,10.0,2.0,0.0,10.0,80.0,0.8,,,,,0.0,0.0,The Hague,
MD Patel,"White Hill Field, Sandys Parish",2.0,0.0,3.0,0.0,0.0,3.0,0.0,0.0,,,,,0.0,0.0,Hamilton,
MD Shanaka,Barabati Stadium,1.0,0.0,1.0,0.0,0.0,1.0,0.0,0.0,,,,,0.0,0.0,Cuttack,
MD Shanaka,"Bharat Ratna Shri Atal Bihari Vajpayee Ekana Cricket Stadium, Lucknow",,0.0,,0.0,0.0,0.0,,,1.0,6.0,9.0,6.0,9.0,1.5,Lucknow,
MD Shanaka,"Daren Sammy National Cricket Stadium, Gros Islet, St Lucia",,0.0,,0.0,0.0,0.0,,,1.0,2.0,3.0,2.0,9.0,1.5,Gros Islet,
MD Shanaka,Dubai International Cricket Stadium,6.0,129.0,88.0,10.0,8.0,88.0,146.59,1.47,2.0,26.0,34.0,26.0,7.85,1.31,,
MD Shanaka,"GMHBA Stadium, South Geelong, Victoria",1.0,1.0,2.0,0.0,0.0,2.0,50.0,0.5,,,,,0.0,0.0,Geelong,
MD Shanaka,Gaddafi Stadium,4.0,74.0,45.0,3.0,6.0,45.0,164.44,1.64,1.0,1.0,1.0,1.0,6.0,1.0,Lahore,
MD Shanaka,"Grand Prairie Stadium, Dallas",1.0,3.0,7.0,0.0,0.0,7.0,42.86,0.43,1.0,2.0,1.0,2.0,3.0,0.5,Dallas,
MD Shanaka,Harare Sports Club,1.0,2.0,3.0,0.0,0.0,3.0,66.67,0.67,2.0,6.0,10.0,6.0,10.0,1.67,,
MD Shanaka,"Himachal Pradesh Cricket Association Stadium, Dharamsala",1.0,55.0,31.0,7.0,1.0,31.0,177.42,1.77,,,,,0.0,0.0,Dharamsala,
MD Shanaka,Holkar Cricket Stadium,1.0,4.0,4.0,0.0,0.0,4.0,100.0,1.0,1.0,6.0,5.0,6.0,5.0,0.83,Indore,
MD Shanaka,"John Davies Oval, Queenstown",1.0,8.0,5.0,1.0,0.0,5.0,160.0,1.6,,,,,0.0,0.0,Queenstown,
MD Shanaka,Maharashtra Cricket Association Stadium,1.0,1.0,2.0,0.0,0.0,2.0,50.0,0.5,,,,,0.0,0.0,Pune,
MD Shanaka,"Maharashtra Cricket Association Stadium, Pune",1.0,13.0,5.0,1.0,1.0,5.0,260.0,2.6,,,,,0.0,0.0,Pune,
MD Shanaka,Pallekele International Cricket Stadium,1.0,0.0,1.0,0.0,0.0,1.0,0.0,0.0,1.0,18.0,12.0,18.0,4.0,0.67,Kandy,
MD Shanaka,"R Premadasa Stadium, Colombo",2.0,37.0,31.0,4.0,2.0,31.0,119.35,1.19,2.0,18.0,17.0,18.0,5.67,0.94,Colombo,
MD Shanaka,"R.Premadasa Stadium, Khettarama",3.0,1.0,7.0,0.0,0.0,7.0,14.29,0.14,1.0,2.0,1.0,2.0,3.0,0.5,Colombo,
MD Shanaka,Rangiri Dambulla International Stadium,1.0,9.0,10.0,1.0,0.0,10.0,90.0,0.9,1.0,12.0,23.0,12.0,11.5,1.92,Dambulla,
MD Shanaka,"Saurashtra Cricket Association Stadium, Rajkot",1.0,0.0,1.0,0.0,0.0,1.0,0.0,0.0,,,,,0.0,0.0,Rajkot,
MD Shanaka,Sharjah Cricket Stadium,1.0,1.0,1.0,0.0,0.0,1.0,100.0,1.0,1.0,6.0,8.0,6.0,8.0,1.33,Sharjah,
MD Shanaka,Sheikh Zayed Stadium,1.0,1.0,3.0,0.0,0.0,3.0,33.33,0.33,,,,,0.0,0.0,Abu Dhabi,
MD Shanaka,Shere Bangla National Stadium,1.0,4.0,7.0,0.0,0.0,7.0,57.14,0.57,,,,,0.0,0.0,Mirpur,
MD Shanaka,"Shere Bangla National Stadium, Mirpur",1.0,18.0,10.0,2.0,1.0,10.0,180.0,1.8,,,,,0.0,0.0,Dhaka,
MD Shanaka,Sylhet International Cricket Stadium,3.0,68.0,39.0,8.0,3.0,39.0,174.36,1.74,4.0,31.0,38.0,31.0,7.35,1.23,,
MD Shanaka,Wankhede Stadium,1.0,14.0,10.0,0.0,1.0,10.0,140.0,1.4,,,,,0.0,0.0,Mumbai,
MD Shanaka,"Zayed Cricket Stadium, Abu Dhabi",2.0,1.0,4.0,0.0,0.0,4.0,25.0,0.25,1.0,18.0,27.0,18.0,9.0,1.5,Abu Dhabi,
MD du Preez,Wanderers,1.0,2.0,2.0,0.0,0.0,2.0,100.0,1.0,,,,,0.0,0.0,Windhoek,
MD du Preez,"Wanderers Cricket Ground, Windhoek",1.0,3.0,4.0,0.0,0.0,4.0,75.0,0.75,,,,,0.0,0.0,Windhoek,
MDKJ Perera,Barabati Stadium,1.0,10.0,14.0,0.0,0.0,14.0,71.43,0.71,,,,,0.0,0.0,Cuttack,
MDKJ Perera,Dubai International Cricket Stadium,2.0,57.0,37.0,6.0,1.0,37.0,154.05,1.54,,,,,0.0,0.0,,
MDKJ Perera,"Eden Park, Auckland",1.0,5.0,11.0,0.0,0.0,11.0,45.45,0.45,,,,,0.0,0.0,Auckland,
MDKJ Perera,Harare Sports Club,2.0,21.0,15.0,1.0,1.0,15.0,140.0,1.4,,,,,0.0,0.0,,
MDKJ Perera,Holkar Cricket Stadium,2.0,64.0,32.0,2.0,7.0,32.0,200.0,2.0,,,,,0.0,0.0,Indore,
MDKJ Perera,"John Davies Oval, Queenstown",1.0,2.0,3.0,0.0,0.0,3.0,66.67,0.67,,,,,0.0,0.0,Queenstown,
MDKJ Perera,Pallekele International Cricket Stadium,4.0,91.0,54.0,13.0,2.0,54.0,168.52,1.69,,,,,0.0,0.0,Kandy,
MDKJ Perera,R Premadasa Stadium,1.0,31.0,22.0,4.0,0.0,22.0,140.91,1.41,,,,,0.0,0.0,Colombo,
MDKJ Perera,"R Premadasa Stadium, Colombo",1.0,0.0,1.0,0.0,0.0,1.0,0.0,0.0,,,,,0.0,0.0,Colombo,
MDKJ Perera,"R.Premadasa Stadium, Khettarama",4.0,53.0,41.0,5.0,2.0,41.0,129.27,1.29,,,,,0.0,0.0,Colombo,
MDKJ Perera,Rangiri Dambulla International Stadium,1.0,0.0,4.0,0.0,0.0,4.0,0.0,0.0,,,,,0.0,0.0,Dambulla,
MDKJ Perera,Sharjah Cricket Stadium,1.0,1.0,3.0,0.0,0.0,3.0,33.33,0.33,,,,,0.0,0.0,Sharjah,
MDKJ Perera,"University Oval, Dunedin",1.0,4.0,4.0,1.0,0.0,4.0,100.0,1.0,,,,,0.0,0.0,Dunedin,
MDKJ Perera,Wankhede Stadium,1.0,4.0,4.0,1.0,0.0,4.0,100.0,1.0,,,,,0.0,0.0,Mumbai,
MDKJ Perera,"Zayed Cricket Stadium, Abu Dhabi",2.0,24.0,21.0,2.0,1.0,21.0,114.29,1.14,,,,,0.0,0.0,Abu Dhabi,
MEK Hussey,R Premadasa Stadium,1.0,5.0,6.0,0.0,0.0,6.0,83.33,0.83,,,,,0.0,0.0,Colombo,
MG Bracewell,"Bay Oval, Mount Maunganui",1.0,46.0,28.0,5.0,2.0,28.0,164.29,1.64,,,,,0.0,0.0,Mount Maunganui,
MG Bracewell,"Bharat Ratna Shri Atal Bihari Vajpayee Ekana Cricket Stadium, Lucknow",1.0,6.0,9.0,0.0,0.0,9.0,66.67,0.67,1.0,18.0,9.0,18.0,3.0,0.5,Lucknow,
MG Bracewell,"Civil Service Cricket Club, Stormont, Belfast",1.0,5.0,5.0,0.0,0.0,5.0,100.0,1.0,,,,,0.0,0.0,Belfast,
MG Bracewell,"Eden Park, Auckland",1.0,31.0,20.0,3.0,2.0,20.0,155.0,1.55,1.0,7.0,10.0,7.0,8.57,1.43,Auckland,
MG Bracewell,"Gaddafi Stadium, Lahore",2.0,21.0,17.0,2.0,1.0,17.0,123.53,1.24,2.0,35.0,48.0,35.0,8.23,1.37,Lahore,
MG Bracewell,"Grange Cricket Club Ground, Raeburn Place, Edinburgh",1.0,7.0,2.0,0.0,1.0,2.0,350.0,3.5,,,,,0.0,0.0,Edinburgh,
MG Bracewell,"Hagley Oval, Christchurch",2.0,1.0,5.0,0.0,0.0,5.0,20.0,0.2,6.0,86.0,72.0,86.0,5.02,0.84,Christchurch,
MG Bracewell,Harare Sports Club,1.0,1.0,2.0,0.0,0.0,2.0,50.0,0.5,1.0,1.0,1.0,1.0,6.0,1.0,,
MG Bracewell,"JSCA International Stadium Complex, Ranchi",1.0,1.0,2.0,0.0,0.0,2.0,50.0,0.5,1.0,8.0,9.0,8.0,6.75,1.12,Ranchi,
MG Bracewell,"Narendra Modi Stadium, Ahmedabad",1.0,2.0,3.0,0.0,0.0,3.0,66.67,0.67,1.0,4.0,6.0,4.0,9.0,1.5,Ahmedabad,
MG Bracewell,Rawalpindi Cricket Stadium,1.0,4.0,11.0,0.0,0.0,11.0,36.36,0.36,2.0,37.0,59.0,37.0,9.57,1.59,,
MG Bracewell,"Sportpark Westvliet, The Hague",,0.0,,0.0,0.0,0.0,,,1.0,2.0,2.0,2.0,6.0,1.0,The Hague,
MG Bracewell,"University Oval, Dunedin",1.0,5.0,2.0,1.0,0.0,2.0,250.0,2.5,1.0,6.0,14.0,6.0,14.0,2.33,Dunedin,
MG Erasmus,Al Amerat Cricket Ground Oman Cricket (Ministry Turf 1),5.0,98.0,88.0,6.0,4.0,88.0,111.36,1.11,4.0,51.0,49.0,51.0,5.76,0.96,Al Amarat,
MG Erasmus,Dubai International Cricket Stadium,1.0,3.0,8.0,0.0,0.0,8.0,37.5,0.38,1.0,2.0,1.0,2.0,3.0,0.5,,
MG Erasmus,"GMHBA Stadium, South Geelong, Victoria",,0.0,,0.0,0.0,0.0,,,1.0,12.0,5.0,12.0,2.5,0.42,Geelong,
MG Erasmus,Harare Sports Club,1.0,13.0,10.0,1.0,0.0,10.0,130.0,1.3,,,,,0.0,0.0,,
MG Erasmus,ICC Academy,1.0,6.0,9.0,0.0,0.0,9.0,66.67,0.67,,,,,0.0,0.0,Dubai,
MG Erasmus,ICC Academy Ground No 2,1.0,0.0,1.0,0.0,0.0,1.0,0.0,0.0,,,,,0.0,0.0,Dubai,
MG Erasmus,"Kensington Oval, Bridgetown, Barbados",1.0,19.0,13.0,3.0,0.0,13.0,146.15,1.46,1.0,11.0,12.0,11.0,6.55,1.09,Bridgetown,
MG Erasmus,Kyambogo Cricket Oval,,0.0,,0.0,0.0,0.0,,,1.0,5.0,2.0,5.0,2.4,0.4,Kampala,
MG Erasmus,"Namibia Cricket Ground, Windhoek",2.0,8.0,11.0,0.0,0.0,11.0,72.73,0.73,1.0,3.0,2.0,3.0,4.0,0.67,Windhoek,
MG Erasmus,"Queens Sports Club, Bulawayo",5.0,37.0,36.0,1.0,1.0,36.0,102.78,1.03,1.0,1.0,0.0,1.0,0.0,0.0,Bulawayo,
MG Erasmus,"United Cricket Club Ground, Windhoek",2.0,32.0,21.0,3.0,2.0,21.0,152.38,1.52,4.0,14.0,15.0,14.0,6.43,1.07,Windhoek,
MG Erasmus,Wanderers,1.0,15.0,7.0,2.0,1.0,7.0,214.29,2.14,,,,,0.0,0.0,Windhoek,
MG Erasmus,"Wanderers Cricket Ground, Windhoek",6.0,40.0,35.0,5.0,0.0,35.0,114.29,1.14,6.0,37.0,53.0,37.0,8.59,1.43,Windhoek,
MG Erasmus,"Zayed Cricket Stadium, Abu Dhabi",1.0,14.0,8.0,1.0,1.0,8.0,175.0,1.75,,,,,0.0,0.0,Abu Dhabi,
MH Cross,Al Amerat Cricket Ground Oman Cricket (Ministry Turf 1),3.0,34.0,48.0,2.0,0.0,48.0,70.83,0.71,,,,,0.0,0.0,Al Amarat,
MH Cross,"Bready Cricket Club, Magheramason",1.0,8.0,7.0,1.0,0.0,7.0,114.29,1.14,,,,,0.0,0.0,Bready,
MH Cross,Dubai International Cricket Stadium,3.0,66.0,43.0,10.0,2.0,43.0,153.49,1.53,,,,,0.0,0.0,,
MH Cross,"Grange Cricket Club, Raeburn Place",2.0,9.0,11.0,1.0,0.0,11.0,81.82,0.82,,,,,0.0,0.0,Edinburgh,
MH Cross,ICC Academy,2.0,44.0,34.0,7.0,0.0,34.0,129.41,1.29,,,,,0.0,0.0,Dubai,
MH Cross,Sharjah Cricket Stadium,1.0,3.0,6.0,0.0,0.0,6.0,50.0,0.5,,,,,0.0,0.0,Sharjah,
MH Cross,"Sir Vivian Richards Stadium, North Sound, Antigua",1.0,2.0,4.0,0.0,0.0,4.0,50.0,0.5,,,,,0.0,0.0,North Sound,
MH Cross,Sportpark Het Schootsveld,1.0,2.0,2.0,0.0,0.0,2.0,100.0,1.0,,,,,0.0,0.0,Deventer,
MH Cross,"Sportpark Westvliet, The Hague",2.0,5.0,5.0,0.0,0.0,5.0,100.0,1.0,,,,,0.0,0.0,The Hague,
MH Cross,"Titwood, Glasgow",1.0,5.0,3.0,1.0,0.0,3.0,166.67,1.67,,,,,0.0,0.0,Glasgow,
MH Cross,"Zayed Cricket Stadium, Abu Dhabi",1.0,3.0,9.0,0.0,0.0,9.0,33.33,0.33,,,,,0.0,0.0,Abu Dhabi,
MJ Ansell,Roma Cricket Ground,,0.0,,0.0,0.0,0.0,,,1.0,9.0,11.0,9.0,7.33,1.22,Spinaceto,
MJ Guptill,Bay Oval,2.0,29.0,24.0,2.0,1.0,24.0,120.83,1.21,,,,,0.0,0.0,Mount Maunganui,
MJ Guptill,"Civil Service Cricket Club, Stormont, Belfast",2.0,2.0,4.0,0.0,0.0,4.0,50.0,0.5,,,,,0.0,0.0,Belfast,
MJ Guptill,Eden Park,3.0,46.0,31.0,1.0,5.0,31.0,148.39,1.48,,,,,0.0,0.0,Auckland,
MJ Guptill,"Grange Cricket Club Ground, Raeburn Place, Edinburgh",1.0,4.0,6.0,0.0,0.0,6.0,66.67,0.67,,,,,0.0,0.0,Edinburgh,
MJ Guptill,"Hagley Oval, Christchurch",1.0,16.0,12.0,1.0,1.0,12.0,133.33,1.33,,,,,0.0,0.0,Christchurch,
MJ Guptill,McLean Park,2.0,40.0,34.0,4.0,2.0,34.0,117.65,1.18,,,,,0.0,0.0,Napier,
MJ Guptill,Saurashtra Cricket Association Stadium,1.0,6.0,5.0,1.0,0.0,5.0,120.0,1.2,,,,,0.0,0.0,Rajkot,
MJ Guptill,"Sawai Mansingh Stadium, Jaipur",1.0,29.0,12.0,1.0,2.0,12.0,241.67,2.42,,,,,0.0,0.0,Jaipur,
MJ Guptill,Seddon Park,2.0,56.0,38.0,4.0,4.0,38.0,147.37,1.47,,,,,0.0,0.0,Hamilton,
MJ Guptill,Sharjah Cricket Stadium,2.0,10.0,15.0,1.0,0.0,15.0,66.67,0.67,,,,,0.0,0.0,Sharjah,
MJ Guptill,"Sportpark Westvliet, The Hague",1.0,5.0,5.0,0.0,0.0,5.0,100.0,1.0,,,,,0.0,0.0,The Hague,
MJ Hay,"Bay Oval, Mount Maunganui",1.0,3.0,6.0,0.0,0.0,6.0,50.0,0.5,,,,,0.0,0.0,Mount Maunganui,
MJ Hay,"Eden Park, Auckland",1.0,9.0,8.0,0.0,1.0,8.0,112.5,1.12,,,,,0.0,0.0,Auckland,
MJ Hay,"University Oval, Dunedin",1.0,21.0,17.0,1.0,1.0,17.0,123.53,1.24,,,,,0.0,0.0,Dunedin,
MJ Henry,"Eden Park, Auckland",1.0,0.0,1.0,0.0,0.0,1.0,0.0,0.0,1.0,13.0,22.0,13.0,10.15,1.69,Auckland,
MJ Henry,"Gaddafi Stadium, Lahore",,0.0,,0.0,0.0,0.0,,,3.0,71.0,87.0,71.0,7.35,1.23,Lahore,
MJ Henry,"Hagley Oval, Christchurch",,0.0,,0.0,0.0,0.0,,,2.0,43.0,53.0,43.0,7.4,1.23,Christchurch,
MJ Henry,Harare Sports Club,,0.0,,0.0,0.0,0.0,,,1.0,5.0,9.0,5.0,10.8,1.8,,
MJ Henry,McLean Park,,0.0,,0.0,0.0,0.0,,,1.0,3.0,5.0,3.0,10.0,1.67,Napier,
MJ Henry,"Trent Bridge, Nottingham",,0.0,,0.0,0.0,0.0,,,1.0,2.0,0.0,2.0,0.0,0.0,Nottingham,
MJ Henry,"University Oval, Dunedin",1.0,1.0,1.0,0.0,0.0,1.0,100.0,1.0,1.0,22.0,44.0,22.0,12.0,2.0,Dunedin,
MJ Humphreys,Harare Sports Club,,0.0,,0.0,0.0,0.0,,,1.0,9.0,14.0,9.0,9.33,1.56,,
MJ Humphreys,"Zahur Ahmed Chowdhury Stadium, Chattogram",,0.0,,0.0,0.0,0.0,,,1.0,12.0,10.0,12.0,5.0,0.83,Chattogram,
MJ McClenaghan,Eden Gardens,1.0,6.0,1.0,0.0,1.0,1.0,600.0,6.0,,,,,0.0,0.0,Kolkata,
MJ McClenaghan,Harare Sports Club,,0.0,,0.0,0.0,0.0,,,1.0,4.0,5.0,4.0,7.5,1.25,,
MJ Owen,Melbourne Cricket Ground,1.0,10.0,4.0,0.0,1.0,4.0,250.0,2.5,1.0,7.0,13.0,7.0,11.14,1.86,,
MJ Richardson,Al Amerat Cricket Ground Oman Cricket (Ministry Turf 1),1.0,11.0,13.0,1.0,0.0,13.0,84.62,0.85,,,,,0.0,0.0,Al Amarat,
MJ Santner,Bay Oval,2.0,15.0,8.0,1.0,1.0,8.0,187.5,1.88,4.0,29.0,32.0,29.0,6.62,1.1,Mount Maunganui,
MJ Santner,"Bay Oval, Mount Maunganui",2.0,17.0,23.0,1.0,0.0,23.0,73.91,0.74,2.0,28.0,18.0,28.0,3.86,0.64,Mount Maunganui,
MJ Santner,"Bharat Ratna Shri Atal Bihari Vajpayee Ekana Cricket Stadium, Lucknow",1.0,12.0,15.0,1.0,0.0,15.0,80.0,0.8,1.0,12.0,10.0,12.0,5.0,0.83,Lucknow,
MJ Santner,"Brian Lara Stadium, Tarouba, Trinidad",,0.0,,0.0,0.0,0.0,,,1.0,10.0,3.0,10.0,1.8,0.3,Tarouba,
MJ Santner,"Civil Service Cricket Club, Stormont, Belfast",,0.0,,0.0,0.0,0.0,,,2.0,5.0,11.0,5.0,13.2,2.2,Belfast,
MJ Santner,Dubai International Cricket Stadium,,0.0,,0.0,0.0,0.0,,,1.0,1.0,1.0,1.0,6.0,1.0,,
MJ Santner,Eden Gardens,1.0,3.0,3.0,0.0,0.0,3.0,100.0,1.0,1.0,2.0,2.0,2.0,6.0,1.0,Kolkata,
MJ Santner,"Eden Gardens, Kolkata",,0.0,,0.0,0.0,0.0,,,1.0,2.0,0.0,2.0,0.0,0.0,Kolkata,
MJ Santner,Eden Park,2.0,28.0,23.0,2.0,0.0,23.0,121.74,1.22,4.0,52.0,72.0,52.0,8.31,1.38,Auckland,
MJ Santner,"Hagley Oval, Christchurch",,0.0,,0.0,0.0,0.0,,,3.0,52.0,63.0,52.0,7.27,1.21,Christchurch,
MJ Santner,Harare Sports Club,,0.0,,0.0,0.0,0.0,,,1.0,5.0,3.0,5.0,3.6,0.6,,
MJ Santner,"JSCA International Stadium Complex, Ranchi",1.0,1.0,1.0,0.0,0.0,1.0,100.0,1.0,2.0,12.0,10.0,12.0,5.0,0.83,Ranchi,
MJ Santner,"McLean Park, Napier",2.0,24.0,25.0,2.0,0.0,25.0,96.0,0.96,1.0,24.0,17.0,24.0,4.25,0.71,Napier,
MJ Santner,"Narendra Modi Stadium, Ahmedabad",1.0,5.0,4.0,0.0,0.0,4.0,125.0,1.25,1.0,13.0,17.0,13.0,7.85,1.31,Ahmedabad,
MJ Santner,"Sawai Mansingh Stadium, Jaipur",1.0,1.0,1.0,0.0,0.0,1.0,100.0,1.0,1.0,1.0,0.0,1.0,0.0,0.0,Jaipur,
MJ Santner,Seddon Park,,0.0,,0.0,0.0,0.0,,,1.0,3.0,3.0,3.0,6.0,1.0,Hamilton,
MJ Santner,"Seddon Park, Hamilton",1.0,11.0,7.0,1.0,1.0,7.0,157.14,1.57,1.0,20.0,38.0,20.0,11.4,1.9,Hamilton,
MJ Santner,Sharjah Cricket Stadium,1.0,6.0,5.0,1.0,0.0,5.0,120.0,1.2,1.0,15.0,16.0,15.0,6.4,1.07,Sharjah,
MJ Santner,"Sportpark Westvliet, The Hague",1.0,25.0,9.0,2.0,2.0,9.0,277.78,2.78,,,,,0.0,0.0,The Hague,
MJ Santner,Sydney Cricket Ground,,0.0,,0.0,0.0,0.0,,,1.0,22.0,26.0,22.0,7.09,1.18,,
MJ Santner,"University Oval, Dunedin",1.0,4.0,2.0,1.0,0.0,2.0,200.0,2.0,1.0,23.0,26.0,23.0,6.78,1.13,Dunedin,
MJ Santner,Westpac Stadium,,0.0,,0.0,0.0,0.0,,,2.0,25.0,24.0,25.0,5.76,0.96,Wellington,
MJ Scotland,"Jimmy Powell Oval, Cayman Islands",1.0,3.0,3.0,0.0,0.0,3.0,100.0,1.0,,,,,0.0,0.0,George Town,
MJ Scotland,"Maple Leaf North-West Ground, King City",1.0,0.0,1.0,0.0,0.0,1.0,0.0,0.0,,,,,0.0,0.0,King City,
MJ Swepson,Manuka Oval,,0.0,,0.0,0.0,0.0,,,1.0,6.0,12.0,6.0,12.0,2.0,Canberra,
MJ Swepson,"Shere Bangla National Stadium, Mirpur",1.0,1.0,1.0,0.0,0.0,1.0,100.0,1.0,2.0,20.0,13.0,20.0,3.9,0.65,Dhaka,
MJ Tugaga,Al Amerat Cricket Ground Oman Cricket (Ministry Turf 2),,0.0,,0.0,0.0,0.0,,,1.0,1.0,1.0,1.0,6.0,1.0,Al Amarat,
MJG Rippon,"Grange Cricket Club Ground, Raeburn Place, Edinburgh",,0.0,,0.0,0.0,0.0,,,1.0,1.0,0.0,1.0,0.0,0.0,Edinburgh,
MJG Rippon,Lord's,1.0,16.0,7.0,1.0,1.0,7.0,228.57,2.29,,,,,0.0,0.0,London,
MJG Rippon,Sheikh Zayed Stadium,1.0,27.0,28.0,2.0,0.0,28.0,96.43,0.96,1.0,10.0,6.0,10.0,3.6,0.6,Abu Dhabi,
MJG Rippon,VRA Ground,,0.0,,0.0,0.0,0.0,,,1.0,6.0,4.0,6.0,4.0,0.67,Amstelveen,
MK Anafie,Gahanga International Cricket Stadium. Rwanda,1.0,1.0,6.0,0.0,0.0,6.0,16.67,0.17,,,,,0.0,0.0,Kigali City,
MK Pandey,Harare Sports Club,2.0,5.0,10.0,0.0,0.0,10.0,50.0,0.5,,,,,0.0,0.0,,
MK Pandey,"R.Premadasa Stadium, Khettarama",2.0,37.0,24.0,5.0,0.0,24.0,154.17,1.54,,,,,0.0,0.0,Colombo,
MK Pandey,"The Village, Malahide",1.0,2.0,4.0,0.0,0.0,4.0,50.0,0.5,,,,,0.0,0.0,Dublin,
MK Pandey,"Vidarbha Cricket Association Stadium, Jamtha",1.0,9.0,7.0,1.0,0.0,7.0,128.57,1.29,,,,,0.0,0.0,Nagpur,
MK Thakur,Sano International Cricket Ground,,0.0,,0.0,0.0,0.0,,,1.0,2.0,3.0,2.0,9.0,1.5,Sano,
ML Udawatte,Gaddafi Stadium,1.0,3.0,6.0,0.0,0.0,6.0,50.0,0.5,,,,,0.0,0.0,Lahore,
ML Udawatte,Sheikh Zayed Stadium,2.0,6.0,6.0,1.0,0.0,6.0,100.0,1.0,,,,,0.0,0.0,Abu Dhabi,
MM Ali,Dubai International Cricket Stadium,,0.0,,0.0,0.0,0.0,,,1.0,5.0,5.0,5.0,6.0,1.0,,
MM Ali,"Edgbaston, Birmingham",1.0,2.0,6.0,0.0,0.0,6.0,33.33,0.33,1.0,24.0,26.0,24.0,6.5,1.08,Birmingham,
MM Ali,"Gaddafi Stadium, Lahore",1.0,18.0,14.0,0.0,2.0,14.0,128.57,1.29,1.0,5.0,4.0,5.0,4.8,0.8,Lahore,
MM Ali,"Headingley, Leeds",1.0,35.0,17.0,6.0,1.0,17.0,205.88,2.06,1.0,7.0,12.0,7.0,10.29,1.71,Leeds,
MM Ali,"Kennington Oval, London",,0.0,,0.0,0.0,0.0,,,1.0,12.0,23.0,12.0,11.5,1.92,London,
MM Ali,M Chinnaswamy Stadium,,0.0,,0.0,0.0,0.0,,,1.0,3.0,9.0,3.0,18.0,3.0,Bangalore,
MM Ali,Melbourne Cricket Ground,2.0,5.0,7.0,0.0,0.0,7.0,71.43,0.71,,,,,0.0,0.0,,
MM Ali,"National Stadium, Karachi",3.0,54.0,33.0,4.0,3.0,33.0,163.64,1.64,3.0,25.0,50.0,25.0,12.0,2.0,Karachi,
MM Ali,Old Trafford,4.0,58.0,29.0,4.0,4.0,29.0,200.0,2.0,4.0,21.0,41.0,21.0,11.71,1.95,Manchester,
MM Ali,"Old Trafford, Manchester",,0.0,,0.0,0.0,0.0,,,1.0,24.0,19.0,24.0,4.75,0.79,Manchester,
MM Ali,"Providence Stadium, Guyana",1.0,2.0,3.0,0.0,0.0,3.0,66.67,0.67,,,,,0.0,0.0,Providence,
MM Ali,Sharjah Cricket Stadium,,0.0,,0.0,0.0,0.0,,,1.0,6.0,3.0,6.0,3.0,0.5,Sharjah,
MM Ali,"Shere Bangla National Stadium, Mirpur",2.0,22.0,23.0,1.0,2.0,23.0,95.65,0.96,2.0,8.0,6.0,8.0,4.5,0.75,Dhaka,
MM Ali,"The Rose Bowl, Southampton",,0.0,,0.0,0.0,0.0,,,1.0,2.0,1.0,2.0,3.0,0.5,Southampton,
MM Ali,"Trent Bridge, Nottingham",2.0,1.0,5.0,0.0,0.0,5.0,20.0,0.2,,,,,0.0,0.0,Nottingham,
MM Ali,"Vidarbha Cricket Association Stadium, Jamtha",,0.0,,0.0,0.0,0.0,,,1.0,9.0,9.0,9.0,6.0,1.0,Nagpur,
MM Ali,"Zahur Ahmed Chowdhury Stadium, Chattogram",1.0,8.0,7.0,0.0,0.0,7.0,114.29,1.14,1.0,6.0,2.0,6.0,2.0,0.33,Chattogram,
MM Ali,"Zayed Cricket Stadium, Abu Dhabi",1.0,13.0,9.0,0.0,1.0,9.0,144.44,1.44,1.0,9.0,11.0,9.0,7.33,1.22,Abu Dhabi,
MM Baig,Al Amerat Cricket Ground Oman Cricket (Ministry Turf 1),,0.0,,0.0,0.0,0.0,,,1.0,9.0,4.0,9.0,2.67,0.44,Al Amarat,
MM Baig,Al Amerat Cricket Ground Oman Cricket (Ministry Turf 2),1.0,2.0,3.0,0.0,0.0,3.0,66.67,0.67,,,,,0.0,0.0,Al Amarat,
MM Sharma,Harare Sports Club,,0.0,,0.0,0.0,0.0,,,2.0,5.0,1.0,5.0,1.2,0.2,,
MN Samuels,Central Broward Regional Park Stadium Turf Ground,2.0,11.0,5.0,1.0,1.0,5.0,220.0,2.2,,,,,0.0,0.0,Lauderhill,
MN Samuels,National Stadium,3.0,19.0,28.0,2.0,0.0,28.0,67.86,0.68,1.0,3.0,7.0,3.0,14.0,2.33,Karachi,
MN Samuels,"Queen's Park Oval, Port of Spain",3.0,30.0,31.0,6.0,0.0,31.0,96.77,0.97,2.0,12.0,18.0,12.0,9.0,1.5,Trinidad,
MN Samuels,"Sabina Park, Kingston",3.0,8.0,11.0,1.0,0.0,11.0,72.73,0.73,,,,,0.0,0.0,Jamaica,
MN Waller,Harare Sports Club,,0.0,,0.0,0.0,0.0,,,1.0,12.0,18.0,12.0,9.0,1.5,,
MN Waller,Sheikh Abu Naser Stadium,1.0,0.0,1.0,0.0,0.0,1.0,0.0,0.0,,,,,0.0,0.0,Khulna,
MN Waller,Shere Bangla National Stadium,2.0,11.0,15.0,1.0,0.0,15.0,73.33,0.73,,,,,0.0,0.0,Mirpur,
MN van Wyk,Kingsmead,1.0,3.0,9.0,0.0,0.0,9.0,33.33,0.33,,,,,0.0,0.0,Durban,
MNK Fernando,Harare Sports Club,1.0,2.0,3.0,0.0,0.0,3.0,66.67,0.67,,,,,0.0,0.0,,
MNM Aslam,Al Amerat Cricket Ground Oman Cricket (Ministry Turf 1),1.0,1.0,2.0,0.0,0.0,2.0,50.0,0.5,1.0,2.0,3.0,2.0,9.0,1.5,Al Amarat,
MNM Aslam,Al Amerat Cricket Ground Oman Cricket (Ministry Turf 2),1.0,1.0,4.0,0.0,0.0,4.0,25.0,0.25,1.0,1.0,0.0,1.0,0.0,0.0,Al Amarat,
MNM Aslam,"ICC Academy, Dubai",1.0,4.0,1.0,1.0,0.0,1.0,400.0,4.0,1.0,3.0,1.0,3.0,2.0,0.33,Dubai,
MNM Aslam,Indian Association Ground,1.0,2.0,2.0,0.0,0.0,2.0,100.0,1.0,,,,,0.0,0.0,Singapore,
MNM Aslam,"Mission Road Ground, Mong Kok, Hong Kong",2.0,4.0,8.0,0.0,0.0,8.0,50.0,0.5,2.0,21.0,22.0,21.0,6.29,1.05,Mong Kok,
MNM Aslam,"West End Park International Cricket Stadium, Doha",1.0,23.0,21.0,1.0,1.0,21.0,109.52,1.1,1.0,9.0,7.0,9.0,4.67,0.78,Doha,
MNR Cooray,Al Amerat Cricket Ground Oman Cricket (Ministry Turf 1),1.0,3.0,8.0,0.0,0.0,8.0,37.5,0.38,,,,,0.0,0.0,Al Amarat,
MO Jones,Bermuda National Stadium,,0.0,,0.0,0.0,0.0,,,1.0,1.0,1.0,1.0,6.0,1.0,Hamilton,
MO Jones,ICC Academy Ground No 2,1.0,2.0,3.0,0.0,0.0,3.0,66.67,0.67,,,,,0.0,0.0,Dubai,
MO Jones,National Stadium,1.0,1.0,3.0,0.0,0.0,3.0,33.33,0.33,,,,,0.0,0.0,Karachi,
MO Jones,"Sir Vivian Richards Stadium, North Sound, Antigua",,0.0,,0.0,0.0,0.0,,,1.0,3.0,3.0,3.0,6.0,1.0,North Sound,
MO Jones,"White Hill Field, Sandys Parish",,0.0,,0.0,0.0,0.0,,,1.0,3.0,7.0,3.0,14.0,2.33,Hamilton,
MO Kain,"Queens Sports Club, Bulawayo",1.0,6.0,3.0,1.0,0.0,3.0,200.0,2.0,,,,,0.0,0.0,Bulawayo,
MO Kitunda,"Wanderers Cricket Ground, Windhoek",2.0,4.0,3.0,1.0,0.0,3.0,133.33,1.33,,,,,0.0,0.0,Windhoek,
MP Ainsworth,"Moara Vlasiei Cricket Ground, Ilfov County",1.0,4.0,4.0,0.0,0.0,4.0,100.0,1.0,1.0,2.0,4.0,2.0,12.0,2.0,Ilfov County,
MP Biddappa,Al Amerat Cricket Ground Oman Cricket (Ministry Turf 2),1.0,2.0,13.0,0.0,0.0,13.0,15.38,0.15,,,,,0.0,0.0,Al Amarat,
MP Breetzke,"Gaddafi Stadium, Lahore",2.0,6.0,10.0,1.0,0.0,10.0,60.0,0.6,,,,,0.0,0.0,Lahore,
MP Breetzke,"Kingsmead, Durban",1.0,8.0,5.0,0.0,1.0,5.0,160.0,1.6,,,,,0.0,0.0,Durban,
MP Breetzke,Rawalpindi Cricket Stadium,1.0,1.0,4.0,0.0,0.0,4.0,25.0,0.25,,,,,0.0,0.0,,
MP Breetzke,"St George's Park, Gqeberha",1.0,14.0,5.0,1.0,1.0,5.0,280.0,2.8,,,,,0.0,0.0,Gqeberha,
MP Breetzke,"SuperSport Park, Centurion",1.0,12.0,10.0,1.0,1.0,10.0,120.0,1.2,,,,,0.0,0.0,Centurion,
MP Breetzke,"The Wanderers Stadium, Johannesburg",1.0,4.0,3.0,1.0,0.0,3.0,133.33,1.33,,,,,0.0,0.0,Johannesburg,
MP Kuhnemann,"Bellerive Oval, Hobart",,0.0,,0.0,0.0,0.0,,,1.0,16.0,17.0,16.0,6.38,1.06,Hobart,
MP Kuhnemann,"Manuka Oval, Canberra",,0.0,,0.0,0.0,0.0,,,1.0,6.0,13.0,6.0,13.0,2.17,Canberra,
MP Kuhnemann,Melbourne Cricket Ground,,0.0,,0.0,0.0,0.0,,,1.0,12.0,14.0,12.0,7.0,1.17,,
MP O'Dowd,Adelaide Oval,1.0,3.0,3.0,0.0,0.0,3.0,100.0,1.0,,,,,0.0,0.0,Adelaide,
MP O'Dowd,Al Amerat Cricket Ground Oman Cricket (Ministry Turf 1),7.0,84.0,69.0,6.0,4.0,69.0,121.74,1.22,,,,,0.0,0.0,Al Amarat,
MP O'Dowd,"Arnos Vale Ground, Kingstown, St Vincent",1.0,12.0,15.0,3.0,0.0,15.0,80.0,0.8,,,,,0.0,0.0,Kingstown,
MP O'Dowd,"Bellerive Oval, Hobart",1.0,1.0,6.0,0.0,0.0,6.0,16.67,0.17,,,,,0.0,0.0,Hobart,
MP O'Dowd,"GMHBA Stadium, South Geelong, Victoria",1.0,4.0,8.0,0.0,0.0,8.0,50.0,0.5,,,,,0.0,0.0,Geelong,
MP O'Dowd,"Grand Prairie Stadium, Dallas",1.0,17.0,17.0,2.0,0.0,17.0,100.0,1.0,,,,,0.0,0.0,Dallas,
MP O'Dowd,Hazelaarweg,5.0,18.0,19.0,1.0,0.0,19.0,94.74,0.95,1.0,2.0,2.0,2.0,6.0,1.0,Rotterdam,
MP O'Dowd,ICC Academy,1.0,5.0,4.0,1.0,0.0,4.0,125.0,1.25,,,,,0.0,0.0,Dubai,
MP O'Dowd,Lord's,1.0,3.0,2.0,0.0,0.0,2.0,150.0,1.5,,,,,0.0,0.0,London,
MP O'Dowd,Perth Stadium,1.0,7.0,13.0,0.0,0.0,13.0,53.85,0.54,,,,,0.0,0.0,Perth,
MP O'Dowd,"Queens Sports Club, Bulawayo",1.0,11.0,8.0,1.0,0.0,8.0,137.5,1.38,,,,,0.0,0.0,Bulawayo,
MP O'Dowd,Sheikh Zayed Stadium,1.0,9.0,6.0,0.0,1.0,6.0,150.0,1.5,1.0,5.0,6.0,5.0,7.2,1.2,Abu Dhabi,
MP O'Dowd,"Sportpark Maarschalkerweerd, Utrecht",1.0,2.0,7.0,0.0,0.0,7.0,28.57,0.29,,,,,0.0,0.0,Utrecht,
MP O'Dowd,"Sportpark Westvliet, The Hague",3.0,10.0,13.0,0.0,0.0,13.0,76.92,0.77,1.0,7.0,3.0,7.0,2.57,0.43,The Hague,
MP O'Dowd,Sydney Cricket Ground,1.0,9.0,6.0,2.0,0.0,6.0,150.0,1.5,,,,,0.0,0.0,,
MP O'Dowd,Sylhet International Cricket Stadium,2.0,31.0,25.0,4.0,1.0,25.0,124.0,1.24,1.0,13.0,26.0,13.0,12.0,2.0,,
MP O'Dowd,"The Village, Malahide",2.0,16.0,10.0,0.0,2.0,10.0,160.0,1.6,,,,,0.0,0.0,Dublin,
MP O'Dowd,"Titwood, Glasgow",1.0,21.0,8.0,1.0,2.0,8.0,262.5,2.62,,,,,0.0,0.0,Glasgow,
MP O'Dowd,"Tribhuvan University International Cricket Ground, Kirtipur",6.0,70.0,75.0,10.0,2.0,75.0,93.33,0.93,,,,,0.0,0.0,Kirtipur,
MP O'Dowd,VRA Ground,,0.0,,0.0,0.0,0.0,,,1.0,5.0,0.0,5.0,0.0,0.0,Amstelveen,
MP O'Dowd,"Zayed Cricket Stadium, Abu Dhabi",1.0,12.0,13.0,0.0,0.0,13.0,92.31,0.92,,,,,0.0,0.0,Abu Dhabi,
MP Stoinis,Barsapara Cricket Stadium,,0.0,,0.0,0.0,0.0,,,1.0,3.0,3.0,3.0,6.0,1.0,Guwahati,
MP Stoinis,"Barsapara Cricket Stadium, Guwahati",1.0,12.0,13.0,2.0,0.0,13.0,92.31,0.92,,,,,0.0,0.0,Guwahati,
MP Stoinis,"Bellerive Oval, Hobart",2.0,82.0,39.0,9.0,5.0,39.0,210.26,2.1,2.0,14.0,33.0,14.0,14.14,2.36,Hobart,
MP Stoinis,"Brisbane Cricket Ground, Woolloongabba",1.0,8.0,5.0,1.0,0.0,5.0,160.0,1.6,1.0,1.0,4.0,1.0,24.0,4.0,Brisbane,
MP Stoinis,"Brisbane Cricket Ground, Woolloongabba, Brisbane",2.0,27.0,16.0,2.0,1.0,16.0,168.75,1.69,,,,,0.0,0.0,Brisbane,
MP Stoinis,Carrara Oval,1.0,1.0,5.0,0.0,0.0,5.0,20.0,0.2,1.0,17.0,24.0,17.0,8.47,1.41,Carrara,
MP Stoinis,"Daren Sammy National Cricket Stadium, Gros Islet, St Lucia",1.0,2.0,3.0,0.0,0.0,3.0,66.67,0.67,,,,,0.0,0.0,Gros Islet,
MP Stoinis,"Dr. Y.S. Rajasekhara Reddy ACA-VDCA Cricket Stadium, Visakhapatnam",1.0,4.0,4.0,0.0,0.0,4.0,100.0,1.0,1.0,4.0,3.0,4.0,4.5,0.75,Visakhapatnam,
MP Stoinis,Dubai International Cricket Stadium,1.0,39.0,27.0,2.0,2.0,27.0,144.44,1.44,,,,,0.0,0.0,,
MP Stoinis,"Greenfield International Stadium, Thiruvananthapuram",1.0,37.0,17.0,1.0,4.0,17.0,217.65,2.18,1.0,6.0,8.0,6.0,8.0,1.33,Thiruvananthapuram,
MP Stoinis,Harare Sports Club,2.0,17.0,14.0,2.0,0.0,14.0,121.43,1.21,3.0,22.0,39.0,22.0,10.64,1.77,,
MP Stoinis,"Kensington Oval, Bridgetown, Barbados",1.0,38.0,26.0,2.0,2.0,26.0,146.15,1.46,1.0,17.0,18.0,17.0,6.35,1.06,Bridgetown,
MP Stoinis,"Manuka Oval, Canberra",,0.0,,0.0,0.0,0.0,,,1.0,3.0,6.0,3.0,12.0,2.0,Canberra,
MP Stoinis,Melbourne Cricket Ground,1.0,5.0,4.0,0.0,0.0,4.0,125.0,1.25,1.0,24.0,25.0,24.0,6.25,1.04,,
MP Stoinis,"Sir Vivian Richards Stadium, North Sound, Antigua",,0.0,,0.0,0.0,0.0,,,2.0,7.0,15.0,7.0,12.86,2.14,North Sound,
MP Stoinis,Sydney Cricket Ground,1.0,14.0,16.0,1.0,0.0,16.0,87.5,0.88,1.0,18.0,27.0,18.0,9.0,1.5,,
MP Yadav,"Arun Jaitley Stadium, Delhi",1.0,1.0,1.0,0.0,0.0,1.0,100.0,1.0,1.0,9.0,10.0,9.0,6.67,1.11,Delhi,
MP Yadav,"Rajiv Gandhi International Stadium, Uppal, Hyderabad",,0.0,,0.0,0.0,0.0,,,1.0,17.0,15.0,17.0,5.29,0.88,Hyderabad,
MP Yadav,"Shrimant Madhavrao Scindia Cricket Stadium, Gwalior",,0.0,,0.0,0.0,0.0,,,1.0,15.0,12.0,15.0,4.8,0.8,Gwalior,
MR Adair,Al Amerat Cricket Ground Oman Cricket (Ministry Turf 1),2.0,7.0,11.0,0.0,0.0,11.0,63.64,0.64,4.0,35.0,57.0,35.0,9.77,1.63,Al Amarat,
MR Adair,Al Amerat Cricket Ground Oman Cricket (Ministry Turf 2),,0.0,,0.0,0.0,0.0,,,1.0,7.0,7.0,7.0,6.0,1.0,Al Amarat,
MR Adair,"Bellerive Oval, Hobart",1.0,0.0,3.0,0.0,0.0,3.0,0.0,0.0,1.0,10.0,20.0,10.0,12.0,2.0,Hobart,
MR Adair,"Castle Avenue, Dublin",2.0,10.0,9.0,2.0,0.0,9.0,111.11,1.11,3.0,55.0,47.0,55.0,5.13,0.85,Dublin,
MR Adair,"Central Broward Regional Park Stadium Turf Ground, Lauderhill",2.0,14.0,16.0,2.0,0.0,16.0,87.5,0.88,1.0,25.0,24.0,25.0,5.76,0.96,Lauderhill,
MR Adair,Dubai International Cricket Stadium,1.0,2.0,2.0,0.0,0.0,2.0,100.0,1.0,1.0,4.0,1.0,4.0,1.5,0.25,,
MR Adair,Harare Sports Club,1.0,7.0,5.0,1.0,0.0,5.0,140.0,1.4,1.0,9.0,19.0,9.0,12.67,2.11,,
MR Adair,"Malahide, Dublin",2.0,15.0,11.0,0.0,1.0,11.0,136.36,1.36,1.0,1.0,1.0,1.0,6.0,1.0,Dublin,
MR Adair,"Nassau County International Cricket Stadium, New York",2.0,31.0,15.0,3.0,1.0,15.0,206.67,2.07,1.0,4.0,2.0,4.0,3.0,0.5,New York,
MR Adair,Sharjah Cricket Stadium,1.0,2.0,2.0,0.0,0.0,2.0,100.0,1.0,,,,,0.0,0.0,Sharjah,
MR Adair,Sheikh Zayed Stadium,1.0,7.0,7.0,1.0,0.0,7.0,100.0,1.0,1.0,9.0,8.0,9.0,5.33,0.89,Abu Dhabi,
MR Adair,"Sportpark Westvliet, The Hague",,0.0,,0.0,0.0,0.0,,,1.0,3.0,5.0,3.0,10.0,1.67,The Hague,
MR Adair,"The Village, Malahide, Dublin",,0.0,,0.0,0.0,0.0,,,2.0,7.0,5.0,7.0,4.29,0.71,Dublin,
MR Adair,Tolerance Oval,1.0,11.0,10.0,0.0,0.0,10.0,110.0,1.1,1.0,12.0,14.0,12.0,7.0,1.17,Abu Dhabi,
MR Adair,"Zahur Ahmed Chowdhury Stadium, Chattogram",1.0,2.0,6.0,0.0,0.0,6.0,33.33,0.33,3.0,36.0,57.0,36.0,9.5,1.58,Chattogram,
MR Kumar,Al Amerat Cricket Ground Oman Cricket (Ministry Turf 1),1.0,1.0,3.0,0.0,0.0,3.0,33.33,0.33,,,,,0.0,0.0,Al Amarat,
MR Marsh,"Bellerive Oval, Hobart",1.0,1.0,1.0,0.0,0.0,1.0,100.0,1.0,,,,,0.0,0.0,Hobart,
MR Marsh,"Brisbane Cricket Ground, Woolloongabba, Brisbane",1.0,4.0,3.0,0.0,0.0,3.0,133.33,1.33,,,,,0.0,0.0,Brisbane,
MR Marsh,Carrara Oval,1.0,5.0,4.0,1.0,0.0,4.0,125.0,1.25,,,,,0.0,0.0,Carrara,
MR Marsh,"Daren Sammy National Cricket Stadium, Gros Islet, St Lucia",1.0,19.0,14.0,2.0,1.0,14.0,135.71,1.36,,,,,0.0,0.0,Gros Islet,
MR Marsh,Dubai International Cricket Stadium,5.0,79.0,62.0,8.0,3.0,62.0,127.42,1.27,3.0,11.0,11.0,11.0,6.0,1.0,,
MR Marsh,"Eden Park, Auckland",1.0,1.0,1.0,0.0,0.0,1.0,100.0,1.0,,,,,0.0,0.0,Auckland,
MR Marsh,Himachal Pradesh Cricket Association Stadium,1.0,1.0,2.0,0.0,0.0,2.0,50.0,0.5,,,,,0.0,0.0,Dharamsala,
MR Marsh,"Kensington Oval, Bridgetown, Barbados",1.0,13.0,16.0,2.0,0.0,16.0,81.25,0.81,,,,,0.0,0.0,Bridgetown,
MR Marsh,M Chinnaswamy Stadium,1.0,0.0,2.0,0.0,0.0,2.0,0.0,0.0,,,,,0.0,0.0,Bangalore,
MR Marsh,Melbourne Cricket Ground,1.0,29.0,11.0,2.0,3.0,11.0,263.64,2.64,,,,,0.0,0.0,,
MR Marsh,"Shere Bangla National Stadium, Mirpur",5.0,110.0,117.0,11.0,1.0,117.0,94.02,0.94,1.0,6.0,6.0,6.0,6.0,1.0,Dhaka,
MR Marsh,"Sir Vivian Richards Stadium, North Sound, Antigua",1.0,1.0,6.0,0.0,0.0,6.0,16.67,0.17,,,,,0.0,0.0,North Sound,
MR Marsh,"Sky Stadium, Wellington",1.0,15.0,7.0,0.0,2.0,7.0,214.29,2.14,,,,,0.0,0.0,Wellington,
MR Montfort,"White Hill Field, Sandys Parish",,0.0,,0.0,0.0,0.0,,,1.0,6.0,4.0,6.0,4.0,0.67,Hamilton,
MR Swart,"The Village, Malahide",1.0,2.0,5.0,0.0,0.0,5.0,40.0,0.4,,,,,0.0,0.0,Dublin,
MR Swart,VRA Ground,1.0,37.0,29.0,6.0,0.0,29.0,127.59,1.28,,,,,0.0,0.0,Amstelveen,
MRJ Watt,Al Amerat Cricket Ground Oman Cricket (Ministry Turf 1),1.0,15.0,13.0,1.0,0.0,13.0,115.38,1.15,3.0,36.0,35.0,36.0,5.83,0.97,Al Amarat,
MRJ Watt,"Bellerive Oval, Hobart",,0.0,,0.0,0.0,0.0,,,2.0,11.0,12.0,11.0,6.55,1.09,Hobart,
MRJ Watt,Dubai International Cricket Stadium,1.0,0.0,1.0,0.0,0.0,1.0,0.0,0.0,2.0,18.0,26.0,18.0,8.67,1.44,,
MRJ Watt,"Grange Cricket Club Ground, Raeburn Place, Edinburgh",,0.0,,0.0,0.0,0.0,,,1.0,6.0,12.0,6.0,12.0,2.0,Edinburgh,
MRJ Watt,"Grange Cricket Club, Raeburn Place",1.0,1.0,2.0,0.0,0.0,2.0,50.0,0.5,2.0,18.0,19.0,18.0,6.33,1.06,Edinburgh,
MRJ Watt,ICC Academy,1.0,4.0,4.0,0.0,0.0,4.0,100.0,1.0,2.0,19.0,23.0,19.0,7.26,1.21,Dubai,
MRJ Watt,"ICC Academy, Dubai",,0.0,,0.0,0.0,0.0,,,1.0,3.0,1.0,3.0,2.0,0.33,Dubai,
MRJ Watt,Sharjah Cricket Stadium,1.0,2.0,3.0,0.0,0.0,3.0,66.67,0.67,1.0,24.0,34.0,24.0,8.5,1.42,Sharjah,
MRJ Watt,"Sir Vivian Richards Stadium, North Sound, Antigua",,0.0,,0.0,0.0,0.0,,,1.0,7.0,5.0,7.0,4.29,0.71,North Sound,
MRJ Watt,"Sportpark Westvliet, The Hague",,0.0,,0.0,0.0,0.0,,,1.0,7.0,15.0,7.0,12.86,2.14,The Hague,
MRJ Watt,"Titwood, Glasgow",,0.0,,0.0,0.0,0.0,,,1.0,1.0,1.0,1.0,6.0,1.0,Glasgow,
MRJ Watt,"Vidarbha Cricket Association Stadium, Jamtha",,0.0,,0.0,0.0,0.0,,,1.0,3.0,2.0,3.0,4.0,0.67,Nagpur,
MRJ Watt,"Zayed Cricket Stadium, Abu Dhabi",1.0,1.0,2.0,0.0,0.0,2.0,50.0,0.5,1.0,6.0,4.0,6.0,4.0,0.67,Abu Dhabi,
MS Chapman,"Bay Oval, Mount Maunganui",2.0,25.0,21.0,2.0,2.0,21.0,119.05,1.19,,,,,0.0,0.0,Mount Maunganui,
MS Chapman,"Bharat Ratna Shri Atal Bihari Vajpayee Ekana Cricket Stadium, Lucknow",1.0,6.0,7.0,0.0,0.0,7.0,85.71,0.86,,,,,0.0,0.0,Lucknow,
MS Chapman,Dubai International Cricket Stadium,1.0,1.0,1.0,0.0,0.0,1.0,100.0,1.0,,,,,0.0,0.0,,
MS Chapman,Eden Park,1.0,18.0,15.0,2.0,0.0,15.0,120.0,1.2,,,,,0.0,0.0,Auckland,
MS Chapman,"Eden Park, Auckland",2.0,119.0,55.0,13.0,6.0,55.0,216.36,2.16,,,,,0.0,0.0,Auckland,
MS Chapman,"Gaddafi Stadium, Lahore",4.0,92.0,59.0,10.0,4.0,59.0,155.93,1.56,,,,,0.0,0.0,Lahore,
MS Chapman,"Grange Cricket Club Ground, Raeburn Place, Edinburgh",1.0,22.0,8.0,1.0,2.0,8.0,275.0,2.75,,,,,0.0,0.0,Edinburgh,
MS Chapman,"Hagley Oval, Christchurch",4.0,46.0,30.0,3.0,3.0,30.0,153.33,1.53,,,,,0.0,0.0,Christchurch,
MS Chapman,"JSCA International Stadium Complex, Ranchi",1.0,0.0,4.0,0.0,0.0,4.0,0.0,0.0,,,,,0.0,0.0,Ranchi,
MS Chapman,McLean Park,1.0,7.0,9.0,1.0,0.0,9.0,77.78,0.78,,,,,0.0,0.0,Napier,
MS Chapman,"McLean Park, Napier",2.0,24.0,27.0,3.0,1.0,27.0,88.89,0.89,,,,,0.0,0.0,Napier,
MS Chapman,"Narendra Modi Stadium, Ahmedabad",1.0,0.0,1.0,0.0,0.0,1.0,0.0,0.0,,,,,0.0,0.0,Ahmedabad,
MS Chapman,Rawalpindi Cricket Stadium,4.0,221.0,116.0,26.0,8.0,116.0,190.52,1.91,,,,,0.0,0.0,,
MS Chapman,"Sawai Mansingh Stadium, Jaipur",1.0,3.0,6.0,0.0,0.0,6.0,50.0,0.5,,,,,0.0,0.0,Jaipur,
MS Chapman,Seddon Park,,0.0,,0.0,0.0,0.0,,,1.0,2.0,5.0,2.0,15.0,2.5,Hamilton,
MS Chapman,"Seddon Park, Hamilton",1.0,1.0,5.0,0.0,0.0,5.0,20.0,0.2,,,,,0.0,0.0,Hamilton,
MS Chapman,Sheikh Zayed Stadium,3.0,29.0,20.0,3.0,1.0,20.0,145.0,1.45,,,,,0.0,0.0,Abu Dhabi,
MS Chapman,"Sky Stadium, Wellington",1.0,3.0,7.0,0.0,0.0,7.0,42.86,0.43,,,,,0.0,0.0,Wellington,
MS Chapman,"The Village, Malahide",1.0,10.0,9.0,2.0,0.0,9.0,111.11,1.11,,,,,0.0,0.0,Dublin,
MS Chapman,"Trent Bridge, Nottingham",1.0,9.0,8.0,1.0,0.0,8.0,112.5,1.12,,,,,0.0,0.0,Nottingham,
MS Chapman,"University Oval, Dunedin",2.0,1.0,7.0,0.0,0.0,7.0,14.29,0.14,,,,,0.0,0.0,Dunedin,
MS Chapman,"Vidarbha Cricket Association Stadium, Jamtha",1.0,4.0,5.0,1.0,0.0,5.0,80.0,0.8,,,,,0.0,0.0,Nagpur,
MS Dhoni,M Chinnaswamy Stadium,1.0,6.0,5.0,0.0,0.0,5.0,120.0,1.2,,,,,0.0,0.0,Bangalore,
MS Dhoni,Saurashtra Cricket Association Stadium,1.0,16.0,10.0,2.0,0.0,10.0,160.0,1.6,,,,,0.0,0.0,Rajkot,
MS Dhoni,Shere Bangla National Stadium,1.0,3.0,2.0,0.0,0.0,2.0,150.0,1.5,,,,,0.0,0.0,Mirpur,
MS Dhoni,"Vidarbha Cricket Association Stadium, Jamtha",1.0,3.0,3.0,0.0,0.0,3.0,100.0,1.0,,,,,0.0,0.0,Nagpur,
MS Graham,"Coolidge Cricket Ground, Antigua",,0.0,,0.0,0.0,0.0,,,1.0,5.0,8.0,5.0,9.6,1.6,Coolidge,
MS Maker,Harare Sports Club,1.0,4.0,2.0,1.0,0.0,2.0,200.0,2.0,,,,,0.0,0.0,,
MS Wade,"Barsapara Cricket Stadium, Guwahati",1.0,4.0,6.0,0.0,0.0,6.0,66.67,0.67,,,,,0.0,0.0,Guwahati,
MS Wade,"Daren Sammy National Cricket Stadium, Gros Islet, St Lucia",1.0,0.0,1.0,0.0,0.0,1.0,0.0,0.0,,,,,0.0,0.0,Gros Islet,
MS Wade,Dubai International Cricket Stadium,1.0,41.0,18.0,2.0,4.0,18.0,227.78,2.28,,,,,0.0,0.0,,
MS Wade,"Greenfield International Stadium, Thiruvananthapuram",1.0,30.0,17.0,1.0,3.0,17.0,176.47,1.76,,,,,0.0,0.0,Thiruvananthapuram,
MS Wade,"M Chinnaswamy Stadium, Bengaluru",1.0,22.0,15.0,4.0,0.0,15.0,146.67,1.47,,,,,0.0,0.0,Bengaluru,
MS Wade,Manuka Oval,1.0,3.0,5.0,0.0,0.0,5.0,60.0,0.6,,,,,0.0,0.0,Canberra,
MS Wade,"Shaheed Veer Narayan Singh International Stadium, Raipur",1.0,33.0,20.0,2.0,2.0,20.0,165.0,1.65,,,,,0.0,0.0,Raipur,
MS Wade,"Shere Bangla National Stadium, Mirpur",5.0,36.0,46.0,0.0,2.0,46.0,78.26,0.78,,,,,0.0,0.0,Dhaka,
MS Wade,Sydney Cricket Ground,2.0,37.0,25.0,5.0,1.0,25.0,148.0,1.48,,,,,0.0,0.0,,
MTMMJ Ave,Sano International Cricket Ground,2.0,3.0,8.0,0.0,0.0,8.0,37.5,0.38,,,,,0.0,0.0,Sano,
MVT Fernando,Barabati Stadium,,0.0,,0.0,0.0,0.0,,,1.0,7.0,6.0,7.0,5.14,0.86,Cuttack,
MW Jones,"Titwood, Glasgow",,0.0,,0.0,0.0,0.0,,,1.0,2.0,2.0,2.0,6.0,1.0,Glasgow,
MW Parkinson,"Headingley, Leeds",1.0,5.0,4.0,1.0,0.0,4.0,125.0,1.25,1.0,8.0,8.0,8.0,6.0,1.0,Leeds,
MW Parkinson,"The Rose Bowl, Southampton",1.0,0.0,2.0,0.0,0.0,2.0,0.0,0.0,,,,,0.0,0.0,Southampton,
MW Parkinson,"Trent Bridge, Nottingham",1.0,0.0,2.0,0.0,0.0,2.0,0.0,0.0,1.0,24.0,47.0,24.0,11.75,1.96,Nottingham,
MW Short,"Bellerive Oval, Hobart",2.0,15.0,9.0,1.0,1.0,9.0,166.67,1.67,1.0,5.0,11.0,5.0,13.2,2.2,Hobart,
MW Short,"Brisbane Cricket Ground, Woolloongabba, Brisbane",1.0,7.0,4.0,0.0,1.0,4.0,175.0,1.75,,,,,0.0,0.0,Brisbane,
MW Short,Carrara Oval,1.0,16.0,8.0,2.0,1.0,8.0,200.0,2.0,,,,,0.0,0.0,Carrara,
MW Short,"Dr. Y.S. Rajasekhara Reddy ACA-VDCA Cricket Stadium, Visakhapatnam",1.0,1.0,4.0,0.0,0.0,4.0,25.0,0.25,1.0,2.0,1.0,2.0,3.0,0.5,Visakhapatnam,
MW Short,"Eden Park, Auckland",1.0,14.0,5.0,0.0,2.0,5.0,280.0,2.8,,,,,0.0,0.0,Auckland,
MW Short,"Greenfield International Stadium, Thiruvananthapuram",1.0,8.0,6.0,1.0,0.0,6.0,133.33,1.33,,,,,0.0,0.0,Thiruvananthapuram,
MW Short,"M Chinnaswamy Stadium, Bengaluru",1.0,15.0,8.0,2.0,0.0,8.0,187.5,1.88,,,,,0.0,0.0,Bengaluru,
MW Short,"Shaheed Veer Narayan Singh International Stadium, Raipur",1.0,10.0,11.0,2.0,0.0,11.0,90.91,0.91,,,,,0.0,0.0,Raipur,
MW Short,Sydney Cricket Ground,1.0,32.0,18.0,2.0,2.0,18.0,177.78,1.78,,,,,0.0,0.0,,
Mahedi Hasan,Al Amerat Cricket Ground Oman Cricket (Ministry Turf 1),3.0,15.0,12.0,1.0,1.0,12.0,125.0,1.25,3.0,72.0,53.0,72.0,4.42,0.74,Al Amarat,
Mahedi Hasan,"Arnos Vale Ground, Kingstown, St Vincent",2.0,37.0,37.0,3.0,1.0,37.0,100.0,1.0,3.0,69.0,46.0,69.0,4.0,0.67,Kingstown,
Mahedi Hasan,"Bay Oval, Mount Maunganui",1.0,4.0,13.0,0.0,0.0,13.0,30.77,0.31,2.0,37.0,35.0,37.0,5.68,0.95,Mount Maunganui,
Mahedi Hasan,"Bir Sreshtho Flight Lieutenant Matiur Rahman Stadium, Chattogram",,0.0,,0.0,0.0,0.0,,,1.0,24.0,18.0,24.0,4.5,0.75,Chattogram,
Mahedi Hasan,Dubai International Cricket Stadium,4.0,12.0,15.0,0.0,1.0,15.0,80.0,0.8,3.0,66.0,84.0,66.0,7.64,1.27,,
Mahedi Hasan,Eden Park,1.0,0.0,2.0,0.0,0.0,2.0,0.0,0.0,1.0,12.0,34.0,12.0,17.0,2.83,Auckland,
Mahedi Hasan,Gaddafi Stadium,1.0,9.0,12.0,0.0,1.0,12.0,75.0,0.75,1.0,24.0,28.0,24.0,7.0,1.17,Lahore,
Mahedi Hasan,"Gaddafi Stadium, Lahore",1.0,2.0,3.0,0.0,0.0,3.0,66.67,0.67,1.0,24.0,36.0,24.0,9.0,1.5,Lahore,
Mahedi Hasan,Harare Sports Club,2.0,37.0,36.0,4.0,1.0,36.0,102.78,1.03,4.0,55.0,72.0,55.0,7.85,1.31,,
Mahedi Hasan,McLean Park,1.0,12.0,8.0,0.0,1.0,8.0,150.0,1.5,1.0,27.0,45.0,27.0,10.0,1.67,Napier,
Mahedi Hasan,"McLean Park, Napier",1.0,19.0,16.0,1.0,1.0,16.0,118.75,1.19,1.0,24.0,15.0,24.0,3.75,0.62,Napier,
Mahedi Hasan,Prairie View Cricket Complex,,0.0,,0.0,0.0,0.0,,,1.0,24.0,27.0,24.0,6.75,1.12,Houston,
Mahedi Hasan,"Providence Stadium, Guyana",,0.0,,0.0,0.0,0.0,,,1.0,26.0,22.0,26.0,5.08,0.85,Providence,
Mahedi Hasan,"R Premadasa Stadium, Colombo",,0.0,,0.0,0.0,0.0,,,1.0,25.0,11.0,25.0,2.64,0.44,Colombo,
Mahedi Hasan,"Rajiv Gandhi International Stadium, Uppal, Hyderabad",1.0,3.0,9.0,0.0,0.0,9.0,33.33,0.33,1.0,24.0,45.0,24.0,11.25,1.88,Hyderabad,
Mahedi Hasan,Seddon Park,1.0,0.0,1.0,0.0,0.0,1.0,0.0,0.0,1.0,24.0,37.0,24.0,9.25,1.54,Hamilton,
Mahedi Hasan,Sharjah Cricket Stadium,2.0,4.0,14.0,0.0,0.0,14.0,28.57,0.29,4.0,101.0,149.0,101.0,8.85,1.48,Sharjah,
Mahedi Hasan,"Shere Bangla National Stadium, Mirpur",11.0,144.0,138.0,7.0,6.0,138.0,104.35,1.04,18.0,398.0,406.0,398.0,6.12,1.02,Dhaka,
Mahedi Hasan,"Sir Vivian Richards Stadium, North Sound, Antigua",2.0,5.0,5.0,1.0,0.0,5.0,100.0,1.0,2.0,48.0,51.0,48.0,6.38,1.06,North Sound,
Mahedi Hasan,Sylhet International Cricket Stadium,3.0,46.0,46.0,5.0,0.0,46.0,100.0,1.0,6.0,120.0,162.0,120.0,8.1,1.35,,
Mahedi Hasan,"Windsor Park, Roseau, Dominica",2.0,6.0,5.0,1.0,0.0,5.0,120.0,1.2,1.0,25.0,31.0,25.0,7.44,1.24,Roseau,
Mahedi Hasan,"Zahur Ahmed Chowdhury Stadium, Chattogram",,0.0,,0.0,0.0,0.0,,,2.0,48.0,34.0,48.0,4.25,0.71,Chattogram,
Mahedi Hasan,"Zayed Cricket Stadium, Abu Dhabi",3.0,47.0,43.0,5.0,1.0,43.0,109.3,1.09,4.0,77.0,98.0,77.0,7.64,1.27,Abu Dhabi,
Mahmudul Hasan Joy,Zhejiang University of Technology Cricket Field,1.0,3.0,6.0,0.0,0.0,6.0,50.0,0.5,,,,,0.0,0.0,Hangzhou,
Mahmudullah,Al Amerat Cricket Ground Oman Cricket (Ministry Turf 1),1.0,17.0,10.0,1.0,1.0,10.0,170.0,1.7,,,,,0.0,0.0,Al Amarat,
Mahmudullah,"Arnos Vale Ground, Kingstown, St Vincent",,0.0,,0.0,0.0,0.0,,,2.0,11.0,14.0,11.0,7.64,1.27,Kingstown,
Mahmudullah,"Arun Jaitley Stadium, Delhi",1.0,7.0,8.0,0.0,0.0,8.0,87.5,0.88,,,,,0.0,0.0,Delhi,
Mahmudullah,Gaddafi Stadium,2.0,31.0,27.0,3.0,0.0,27.0,114.81,1.15,1.0,1.0,1.0,1.0,6.0,1.0,Lahore,
Mahmudullah,Harare Sports Club,1.0,7.0,9.0,0.0,0.0,9.0,77.78,0.78,,,,,0.0,0.0,,
Mahmudullah,McLean Park,1.0,4.0,2.0,1.0,0.0,2.0,200.0,2.0,,,,,0.0,0.0,Napier,
Mahmudullah,Prairie View Cricket Complex,1.0,27.0,18.0,2.0,1.0,18.0,150.0,1.5,1.0,4.0,6.0,4.0,9.0,1.5,Houston,
Mahmudullah,Queens Sports Club,,0.0,,0.0,0.0,0.0,,,2.0,11.0,14.0,11.0,7.64,1.27,Bulawayo,
Mahmudullah,"R.Premadasa Stadium, Khettarama",1.0,8.0,2.0,2.0,0.0,2.0,400.0,4.0,,,,,0.0,0.0,Colombo,
Mahmudullah,"Rajiv Gandhi International Stadium, Uppal, Hyderabad",1.0,0.0,2.0,0.0,0.0,2.0,0.0,0.0,,,,,0.0,0.0,Hyderabad,
Mahmudullah,Sheikh Abu Naser Stadium,2.0,14.0,13.0,0.0,1.0,13.0,107.69,1.08,,,,,0.0,0.0,Khulna,
Mahmudullah,Shere Bangla National Stadium,1.0,1.0,1.0,0.0,0.0,1.0,100.0,1.0,,,,,0.0,0.0,Mirpur,
Mahmudullah,"Shere Bangla National Stadium, Mirpur",5.0,37.0,43.0,3.0,0.0,43.0,86.05,0.86,2.0,19.0,23.0,19.0,7.26,1.21,Dhaka,
Mahmudullah,"Sir Vivian Richards Stadium, North Sound, Antigua",1.0,3.0,8.0,0.0,0.0,8.0,37.5,0.38,,,,,0.0,0.0,North Sound,
Mahmudullah,"Zayed Cricket Stadium, Abu Dhabi",1.0,1.0,1.0,0.0,0.0,1.0,100.0,1.0,,,,,0.0,0.0,Abu Dhabi,
Manan Ali,Al Amerat Cricket Ground Oman Cricket (Ministry Turf 2),1.0,1.0,4.0,0.0,0.0,4.0,25.0,0.25,,,,,0.0,0.0,Al Amarat,
Manan Ali,"ICC Academy, Dubai",1.0,14.0,10.0,0.0,1.0,10.0,140.0,1.4,1.0,3.0,6.0,3.0,12.0,2.0,Dubai,
Mandeep Singh,Harare Sports Club,2.0,10.0,9.0,1.0,0.0,9.0,111.11,1.11,,,,,0.0,0.0,,
Manpreet Singh,ICC Academy,1.0,8.0,7.0,1.0,0.0,7.0,114.29,1.14,,,,,0.0,0.0,Dubai,
Manpreet Singh,Indian Association Ground,2.0,9.0,9.0,0.0,1.0,9.0,100.0,1.0,,,,,0.0,0.0,Singapore,
Manpreet Singh,"Tribhuvan University International Cricket Ground, Kirtipur",2.0,34.0,27.0,0.0,2.0,27.0,125.93,1.26,,,,,0.0,0.0,Kirtipur,
Mashrafe Mortaza,Sheikh Abu Naser Stadium,1.0,10.0,3.0,1.0,1.0,3.0,333.33,3.33,2.0,6.0,8.0,6.0,8.0,1.33,Khulna,
Mashrafe Mortaza,Shere Bangla National Stadium,,0.0,,0.0,0.0,0.0,,,2.0,10.0,10.0,10.0,6.0,1.0,Mirpur,
Matiullah Khan,Sharjah Cricket Stadium,2.0,1.0,6.0,0.0,0.0,6.0,16.67,0.17,3.0,64.0,111.0,64.0,10.41,1.73,Sharjah,
Mazharul Islam,"Gymkhana Club Ground, Nairobi",1.0,0.0,3.0,0.0,0.0,3.0,0.0,0.0,,,,,0.0,0.0,Nairobi,
Meet Bhavsar,Al Amerat Cricket Ground Oman Cricket (Ministry Turf 1),2.0,6.0,6.0,1.0,0.0,6.0,100.0,1.0,1.0,6.0,5.0,6.0,5.0,0.83,Al Amarat,
Meet Bhavsar,Al Amerat Cricket Ground Oman Cricket (Ministry Turf 2),1.0,29.0,28.0,2.0,1.0,28.0,103.57,1.04,,,,,0.0,0.0,Al Amarat,
Meet Bhavsar,"ICC Academy, Dubai",1.0,23.0,15.0,3.0,1.0,15.0,153.33,1.53,1.0,7.0,9.0,7.0,7.71,1.29,Dubai,
Meet Bhavsar,Indian Association Ground,1.0,5.0,5.0,1.0,0.0,5.0,100.0,1.0,,,,,0.0,0.0,Singapore,
Meet Bhavsar,"Mission Road Ground, Mong Kok, Hong Kong",1.0,3.0,5.0,0.0,0.0,5.0,60.0,0.6,1.0,6.0,16.0,6.0,16.0,2.67,Mong Kok,
Meet Bhavsar,"West End Park International Cricket Stadium, Doha",1.0,0.0,2.0,0.0,0.0,2.0,0.0,0.0,,,,,0.0,0.0,Doha,
Mehboob Ali,"Moara Vlasiei Cricket Ground, Ilfov County",1.0,4.0,2.0,1.0,0.0,2.0,200.0,2.0,1.0,1.0,0.0,1.0,0.0,0.0,Ilfov County,
Mehedi Hasan Miraz,"Arnos Vale Ground, Kingstown, St Vincent",1.0,0.0,1.0,0.0,0.0,1.0,0.0,0.0,,,,,0.0,0.0,Kingstown,
Mehedi Hasan Miraz,"Arun Jaitley Stadium, Delhi",1.0,4.0,5.0,0.0,0.0,5.0,80.0,0.8,1.0,2.0,6.0,2.0,18.0,3.0,Delhi,
Mehedi Hasan Miraz,"Gaddafi Stadium, Lahore",2.0,24.0,20.0,2.0,0.0,20.0,120.0,1.2,2.0,31.0,42.0,31.0,8.13,1.35,Lahore,
Mehedi Hasan Miraz,"Hagley Oval, Christchurch",1.0,7.0,5.0,0.0,1.0,5.0,140.0,1.4,1.0,4.0,3.0,4.0,4.5,0.75,Christchurch,
Mehedi Hasan Miraz,"R.Premadasa Stadium, Khettarama",1.0,5.0,3.0,1.0,0.0,3.0,166.67,1.67,,,,,0.0,0.0,Colombo,
Mehedi Hasan Miraz,"Shere Bangla National Stadium, Mirpur",2.0,14.0,13.0,2.0,0.0,13.0,107.69,1.08,1.0,6.0,14.0,6.0,14.0,2.33,Dhaka,
Mehedi Hasan Miraz,"Shrimant Madhavrao Scindia Cricket Stadium, Gwalior",1.0,11.0,12.0,0.0,0.0,12.0,91.67,0.92,,,,,0.0,0.0,Gwalior,
Mehran Khan,Al Amerat Cricket Ground Oman Cricket (Ministry Turf 1),1.0,0.0,4.0,0.0,0.0,4.0,0.0,0.0,2.0,12.0,13.0,12.0,6.5,1.08,Al Amarat,
Mehran Khan,"Kensington Oval, Bridgetown, Barbados",,0.0,,0.0,0.0,0.0,,,1.0,3.0,4.0,3.0,8.0,1.33,Bridgetown,
Mehran Khan,"Maple Leaf North-West Ground, King City",1.0,0.0,6.0,0.0,0.0,6.0,0.0,0.0,,,,,0.0,0.0,King City,
Mehran Khan,"Tribhuvan University International Cricket Ground, Kirtipur",1.0,10.0,3.0,1.0,1.0,3.0,333.33,3.33,1.0,7.0,3.0,7.0,2.57,0.43,Kirtipur,
Milad Momend,"Simar Cricket Ground, Rome",,0.0,,0.0,0.0,0.0,,,1.0,2.0,2.0,2.0,6.0,1.0,Rome,
Milind Kumar,Al Amerat Cricket Ground Oman Cricket (Ministry Turf 1),2.0,56.0,39.0,4.0,3.0,39.0,143.59,1.44,2.0,32.0,36.0,32.0,6.75,1.12,Al Amarat,
Milind Kumar,"Grand Prairie Stadium, Dallas",3.0,80.0,74.0,6.0,0.0,74.0,108.11,1.08,1.0,6.0,16.0,6.0,16.0,2.67,Dallas,
Milind Kumar,"Jimmy Powell Oval, Cayman Islands",4.0,94.0,92.0,3.0,3.0,92.0,102.17,1.02,4.0,60.0,37.0,60.0,3.7,0.62,George Town,
Milind Kumar,"Kensington Oval, Bridgetown, Barbados",2.0,23.0,30.0,1.0,0.0,30.0,76.67,0.77,1.0,7.0,22.0,7.0,18.86,3.14,Bridgetown,
Milind Kumar,Prairie View Cricket Complex,3.0,27.0,49.0,1.0,0.0,49.0,55.1,0.55,1.0,24.0,29.0,24.0,7.25,1.21,Houston,
Milind Kumar,"Wanderers Cricket Ground, Windhoek",3.0,42.0,35.0,4.0,0.0,35.0,120.0,1.2,3.0,51.0,58.0,51.0,6.82,1.14,Windhoek,
Mirza Baig,Zhejiang University of Technology Cricket Field,1.0,14.0,4.0,2.0,1.0,4.0,350.0,3.5,,,,,0.0,0.0,Hangzhou,
Mohamed Azzam,Al Amerat Cricket Ground Oman Cricket (Ministry Turf 1),1.0,5.0,7.0,0.0,0.0,7.0,71.43,0.71,,,,,0.0,0.0,Al Amarat,
Mohamed Azzam,Tribhuvan University International Cricket Ground,1.0,3.0,3.0,0.0,0.0,3.0,100.0,1.0,,,,,0.0,0.0,Kirtipur,
Mohamed Rishwan,Al Amerat Cricket Ground Oman Cricket (Ministry Turf 1),1.0,22.0,10.0,2.0,2.0,10.0,220.0,2.2,,,,,0.0,0.0,Al Amarat,
Mohamed Rishwan,Tribhuvan University International Cricket Ground,2.0,20.0,22.0,3.0,1.0,22.0,90.91,0.91,,,,,0.0,0.0,Kirtipur,
Mohamed Shafeeq,Al Amerat Cricket Ground Oman Cricket (Ministry Turf 1),,0.0,,0.0,0.0,0.0,,,1.0,6.0,11.0,6.0,11.0,1.83,Al Amarat,
Mohamed Shafeeq,"ICC Academy, Dubai",,0.0,,0.0,0.0,0.0,,,1.0,2.0,1.0,2.0,3.0,0.5,Dubai,
Mohamed Shafeeq,"Mission Road Ground, Mong Kok, Hong Kong",,0.0,,0.0,0.0,0.0,,,1.0,6.0,16.0,6.0,16.0,2.67,Mong Kok,
Mohameed Taiwo,Entebbe Cricket Oval,1.0,5.0,5.0,0.0,0.0,5.0,100.0,1.0,2.0,6.0,5.0,6.0,5.0,0.83,Entebbe,
Mohameed Taiwo,"Gahanga International Cricket Stadium, Rwanda",,0.0,,0.0,0.0,0.0,,,1.0,9.0,9.0,9.0,6.0,1.0,Kigali City,
Mohameed Taiwo,Integrated Polytechnic Regional Centre,1.0,0.0,1.0,0.0,0.0,1.0,0.0,0.0,1.0,11.0,14.0,11.0,7.64,1.27,Kigali City,
Mohameed Taiwo,"United Cricket Club Ground, Windhoek",1.0,1.0,1.0,0.0,0.0,1.0,100.0,1.0,,,,,0.0,0.0,Windhoek,
Mohammad Ahnaff,Al Amerat Cricket Ground Oman Cricket (Ministry Turf 1),1.0,13.0,4.0,3.0,0.0,4.0,325.0,3.25,,,,,0.0,0.0,Al Amarat,
Mohammad Ahsan,Indian Association Ground,1.0,2.0,3.0,0.0,0.0,3.0,66.67,0.67,,,,,0.0,0.0,Singapore,
Mohammad Ali,"Hagley Oval, Christchurch",1.0,1.0,1.0,0.0,0.0,1.0,100.0,1.0,1.0,18.0,26.0,18.0,8.67,1.44,Christchurch,
Mohammad Ali,"Sky Stadium, Wellington",,0.0,,0.0,0.0,0.0,,,1.0,12.0,27.0,12.0,13.5,2.25,Wellington,
Mohammad Ali,"University Oval, Dunedin",,0.0,,0.0,0.0,0.0,,,1.0,14.0,34.0,14.0,14.57,2.43,Dunedin,
Mohammad Amir,"Castle Avenue, Dublin",,0.0,,0.0,0.0,0.0,,,2.0,6.0,9.0,6.0,9.0,1.5,Dublin,
Mohammad Amir,"Central Broward Regional Park Stadium Turf Ground, Lauderhill",,0.0,,0.0,0.0,0.0,,,1.0,4.0,0.0,4.0,0.0,0.0,Lauderhill,
Mohammad Amir,Eden Gardens,,0.0,,0.0,0.0,0.0,,,1.0,2.0,0.0,2.0,0.0,0.0,Kolkata,
Mohammad Amir,"Grand Prairie Stadium, Dallas",,0.0,,0.0,0.0,0.0,,,1.0,15.0,23.0,15.0,9.2,1.53,Dallas,
Mohammad Amir,"Nassau County International Cricket Stadium, New York",,0.0,,0.0,0.0,0.0,,,2.0,18.0,10.0,18.0,3.33,0.56,New York,
Mohammad Amir,Shere Bangla National Stadium,,0.0,,0.0,0.0,0.0,,,1.0,9.0,6.0,9.0,4.0,0.67,Mirpur,
Mohammad Amir,Westpac Stadium,1.0,0.0,3.0,0.0,0.0,3.0,0.0,0.0,,,,,0.0,0.0,Wellington,
Mohammad Boota,ICC Academy,3.0,10.0,10.0,1.0,0.0,10.0,100.0,1.0,,,,,0.0,0.0,Dubai,
Mohammad Ghazanfar,Bulawayo Athletic Club,1.0,2.0,3.0,0.0,0.0,3.0,66.67,0.67,1.0,9.0,9.0,9.0,6.0,1.0,Bulawayo,
Mohammad Ghazanfar,Dubai International Cricket Stadium,1.0,6.0,5.0,1.0,0.0,5.0,120.0,1.2,1.0,4.0,3.0,4.0,4.5,0.75,,
Mohammad Ghazanfar,Mulpani Cricket Ground,1.0,0.0,1.0,0.0,0.0,1.0,0.0,0.0,1.0,17.0,46.0,17.0,16.24,2.71,Kathmandu,
Mohammad Ghazanfar,"Queens Sports Club, Bulawayo",,0.0,,0.0,0.0,0.0,,,1.0,4.0,3.0,4.0,4.5,0.75,Bulawayo,
Mohammad Ghazanfar,Sharjah Cricket Stadium,1.0,0.0,3.0,0.0,0.0,3.0,0.0,0.0,1.0,24.0,38.0,24.0,9.5,1.58,Sharjah,
Mohammad Ghazanfar,Zhejiang University of Technology Cricket Field,1.0,2.0,7.0,0.0,0.0,7.0,28.57,0.29,1.0,8.0,3.0,8.0,2.25,0.38,Hangzhou,
Mohammad Hafeez,AMI Stadium,1.0,1.0,1.0,0.0,0.0,1.0,100.0,1.0,,,,,0.0,0.0,Christchurch,
Mohammad Hafeez,Dubai International Cricket Stadium,2.0,8.0,5.0,1.0,0.0,5.0,160.0,1.6,,,,,0.0,0.0,,
Mohammad Hafeez,Eden Gardens,1.0,1.0,1.0,0.0,0.0,1.0,100.0,1.0,,,,,0.0,0.0,Kolkata,
Mohammad Hafeez,Eden Park,2.0,11.0,9.0,2.0,0.0,9.0,122.22,1.22,,,,,0.0,0.0,Auckland,
Mohammad Hafeez,Gaddafi Stadium,2.0,35.0,23.0,3.0,1.0,23.0,152.17,1.52,,,,,0.0,0.0,Lahore,
Mohammad Hafeez,Pallekele International Cricket Stadium,1.0,4.0,3.0,0.0,0.0,3.0,133.33,1.33,,,,,0.0,0.0,Kandy,
Mohammad Hafeez,Rawalpindi Cricket Stadium,1.0,10.0,6.0,0.0,1.0,6.0,166.67,1.67,,,,,0.0,0.0,,
Mohammad Hafeez,Seddon Park,1.0,2.0,2.0,0.0,0.0,2.0,100.0,1.0,,,,,0.0,0.0,Hamilton,
Mohammad Hafeez,Sharjah Cricket Stadium,1.0,7.0,4.0,1.0,0.0,4.0,175.0,1.75,,,,,0.0,0.0,Sharjah,
Mohammad Hafeez,Sheikh Zayed Stadium,1.0,9.0,7.0,2.0,0.0,7.0,128.57,1.29,,,,,0.0,0.0,Abu Dhabi,
Mohammad Hafeez,Shere Bangla National Stadium,2.0,5.0,12.0,1.0,0.0,12.0,41.67,0.42,1.0,1.0,0.0,1.0,0.0,0.0,Mirpur,
Mohammad Hafeez,"Zayed Cricket Stadium, Abu Dhabi",1.0,11.0,6.0,2.0,0.0,6.0,183.33,1.83,,,,,0.0,0.0,Abu Dhabi,
Mohammad Haris,Adelaide Oval,1.0,31.0,18.0,1.0,2.0,18.0,172.22,1.72,,,,,0.0,0.0,Adelaide,
Mohammad Haris,"Bay Oval, Mount Maunganui",1.0,2.0,2.0,0.0,0.0,2.0,100.0,1.0,,,,,0.0,0.0,Mount Maunganui,
Mohammad Haris,"Central Broward Regional Park Stadium Turf Ground, Lauderhill",3.0,12.0,9.0,0.0,1.0,9.0,133.33,1.33,,,,,0.0,0.0,Lauderhill,
Mohammad Haris,Dubai International Cricket Stadium,5.0,118.0,88.0,12.0,4.0,88.0,134.09,1.34,,,,,0.0,0.0,,
Mohammad Haris,"Eden Park, Auckland",1.0,41.0,20.0,4.0,3.0,20.0,205.0,2.05,,,,,0.0,0.0,Auckland,
Mohammad Haris,"Gaddafi Stadium, Lahore",4.0,186.0,100.0,16.0,11.0,100.0,186.0,1.86,,,,,0.0,0.0,Lahore,
Mohammad Haris,"Hagley Oval, Christchurch",1.0,0.0,6.0,0.0,0.0,6.0,0.0,0.0,,,,,0.0,0.0,Christchurch,
Mohammad Haris,Melbourne Cricket Ground,1.0,8.0,13.0,1.0,0.0,13.0,61.54,0.62,,,,,0.0,0.0,,
Mohammad Haris,Rawalpindi Cricket Stadium,1.0,0.0,1.0,0.0,0.0,1.0,0.0,0.0,,,,,0.0,0.0,,
Mohammad Haris,Sharjah Cricket Stadium,2.0,15.0,20.0,1.0,1.0,20.0,75.0,0.75,,,,,0.0,0.0,Sharjah,
Mohammad Haris,"Shere Bangla National Stadium, Mirpur",3.0,9.0,19.0,1.0,0.0,19.0,47.37,0.47,,,,,0.0,0.0,Dhaka,
Mohammad Haris,"Sky Stadium, Wellington",1.0,11.0,20.0,2.0,0.0,20.0,55.0,0.55,,,,,0.0,0.0,Wellington,
Mohammad Haris,Sydney Cricket Ground,2.0,58.0,37.0,4.0,4.0,37.0,156.76,1.57,,,,,0.0,0.0,,
Mohammad Haris,"University Oval, Dunedin",1.0,11.0,10.0,2.0,0.0,10.0,110.0,1.1,,,,,0.0,0.0,Dunedin,
Mohammad Haris,"Zayed Cricket Stadium, Abu Dhabi",1.0,13.0,11.0,1.0,0.0,11.0,118.18,1.18,,,,,0.0,0.0,Abu Dhabi,
Mohammad Hasnain,Dubai International Cricket Stadium,2.0,8.0,5.0,0.0,1.0,5.0,160.0,1.6,3.0,70.0,107.0,70.0,9.17,1.53,,
Mohammad Hasnain,Gaddafi Stadium,1.0,1.0,2.0,0.0,0.0,2.0,50.0,0.5,4.0,101.0,143.0,101.0,8.5,1.42,Lahore,
Mohammad Hasnain,"Gaddafi Stadium, Lahore",1.0,5.0,4.0,0.0,0.0,4.0,125.0,1.25,1.0,26.0,33.0,26.0,7.62,1.27,Lahore,
Mohammad Hasnain,"Hagley Oval, Christchurch",,0.0,,0.0,0.0,0.0,,,1.0,25.0,38.0,25.0,9.12,1.52,Christchurch,
Mohammad Hasnain,Harare Sports Club,,0.0,,0.0,0.0,0.0,,,3.0,73.0,73.0,73.0,6.0,1.0,,
Mohammad Hasnain,"Headingley, Leeds",1.0,0.0,1.0,0.0,0.0,1.0,0.0,0.0,1.0,26.0,51.0,26.0,11.77,1.96,Leeds,
Mohammad Hasnain,McLean Park,,0.0,,0.0,0.0,0.0,,,1.0,24.0,30.0,24.0,7.5,1.25,Napier,
Mohammad Hasnain,"National Stadium, Karachi",1.0,6.0,4.0,1.0,0.0,4.0,150.0,1.5,4.0,101.0,178.0,101.0,10.57,1.76,Karachi,
Mohammad Hasnain,Perth Stadium,1.0,4.0,10.0,1.0,0.0,10.0,40.0,0.4,1.0,27.0,33.0,27.0,7.33,1.22,Perth,
Mohammad Hasnain,"Queens Sports Club, Bulawayo",,0.0,,0.0,0.0,0.0,,,1.0,14.0,24.0,14.0,10.29,1.71,Bulawayo,
Mohammad Hasnain,Rawalpindi Cricket Stadium,,0.0,,0.0,0.0,0.0,,,3.0,73.0,75.0,73.0,6.16,1.03,,
Mohammad Hasnain,Sophia Gardens,,0.0,,0.0,0.0,0.0,,,1.0,25.0,30.0,25.0,7.2,1.2,Cardiff,
Mohammad Hasnain,"The Wanderers Stadium, Johannesburg",,0.0,,0.0,0.0,0.0,,,1.0,12.0,25.0,12.0,12.5,2.08,Johannesburg,
Mohammad Hasnain,"Trent Bridge, Nottingham",,0.0,,0.0,0.0,0.0,,,1.0,25.0,28.0,25.0,6.72,1.12,Nottingham,
Mohammad Irfan,Shere Bangla National Stadium,,0.0,,0.0,0.0,0.0,,,1.0,11.0,9.0,11.0,4.91,0.82,Mirpur,
Mohammad Mithun,Gaddafi Stadium,1.0,5.0,3.0,1.0,0.0,3.0,166.67,1.67,,,,,0.0,0.0,Lahore,
Mohammad Mithun,McLean Park,1.0,1.0,1.0,0.0,0.0,1.0,100.0,1.0,,,,,0.0,0.0,Napier,
Mohammad Mithun,"Vidarbha Cricket Association Stadium, Jamtha",1.0,10.0,9.0,0.0,1.0,9.0,111.11,1.11,,,,,0.0,0.0,Nagpur,
Mohammad Nadeem,Al Amerat Cricket Ground Oman Cricket (Ministry Turf 1),22.0,442.0,441.0,19.0,16.0,441.0,100.23,1.0,26.0,405.0,539.0,405.0,7.99,1.33,Al Amarat,
Mohammad Nadeem,Al Amerat Cricket Ground Oman Cricket (Ministry Turf 2),2.0,22.0,29.0,2.0,0.0,29.0,75.86,0.76,3.0,39.0,43.0,39.0,6.62,1.1,Al Amarat,
Mohammad Nadeem,Dubai International Cricket Stadium,4.0,7.0,22.0,0.0,0.0,22.0,31.82,0.32,4.0,62.0,84.0,62.0,8.13,1.35,,
Mohammad Nadeem,ICC Academy,1.0,0.0,1.0,0.0,0.0,1.0,0.0,0.0,1.0,24.0,32.0,24.0,8.0,1.33,Dubai,
Mohammad Nadeem,"ICC Academy, Dubai",4.0,140.0,125.0,12.0,1.0,125.0,112.0,1.12,5.0,60.0,89.0,60.0,8.9,1.48,Dubai,
Mohammad Nadeem,"Kensington Oval, Bridgetown, Barbados",1.0,6.0,10.0,0.0,0.0,10.0,60.0,0.6,,,,,0.0,0.0,Bridgetown,
Mohammad Nadeem,Sheikh Zayed Stadium,1.0,4.0,3.0,0.0,0.0,3.0,133.33,1.33,6.0,115.0,113.0,115.0,5.9,0.98,Abu Dhabi,
Mohammad Nadeem,Tolerance Oval,1.0,5.0,5.0,1.0,0.0,5.0,100.0,1.0,2.0,38.0,39.0,38.0,6.16,1.03,Abu Dhabi,
Mohammad Nadeem,"Tribhuvan University International Cricket Ground, Kirtipur",3.0,47.0,25.0,7.0,1.0,25.0,188.0,1.88,1.0,13.0,21.0,13.0,9.69,1.62,Kirtipur,
Mohammad Nadeem,"West End Park International Cricket Stadium, Doha",3.0,27.0,26.0,1.0,1.0,26.0,103.85,1.04,3.0,52.0,58.0,52.0,6.69,1.12,Doha,
Mohammad Nadeem,"Zayed Cricket Stadium, Abu Dhabi",,0.0,,0.0,0.0,0.0,,,1.0,7.0,19.0,7.0,16.29,2.71,Abu Dhabi,
Mohammad Naim,Al Amerat Cricket Ground Oman Cricket (Ministry Turf 1),2.0,64.0,55.0,3.0,4.0,55.0,116.36,1.16,,,,,0.0,0.0,Al Amarat,
Mohammad Naim,Arun Jaitley Stadium,1.0,26.0,28.0,2.0,1.0,28.0,92.86,0.93,,,,,0.0,0.0,Delhi,
Mohammad Naim,Dubai International Cricket Stadium,1.0,17.0,16.0,3.0,0.0,16.0,106.25,1.06,,,,,0.0,0.0,,
Mohammad Naim,Eden Park,1.0,19.0,13.0,1.0,2.0,13.0,146.15,1.46,,,,,0.0,0.0,Auckland,
Mohammad Naim,Gaddafi Stadium,2.0,43.0,43.0,3.0,2.0,43.0,100.0,1.0,,,,,0.0,0.0,Lahore,
Mohammad Naim,Harare Sports Club,3.0,71.0,69.0,7.0,0.0,69.0,102.9,1.03,,,,,0.0,0.0,,
Mohammad Naim,McLean Park,1.0,38.0,37.0,4.0,0.0,37.0,102.7,1.03,,,,,0.0,0.0,Napier,
Mohammad Naim,Pallekele International Cricket Stadium,1.0,32.0,29.0,1.0,1.0,29.0,110.34,1.1,,,,,0.0,0.0,Kandy,
Mohammad Naim,Saurashtra Cricket Association Stadium,1.0,36.0,31.0,5.0,0.0,31.0,116.13,1.16,,,,,0.0,0.0,Rajkot,
Mohammad Naim,Seddon Park,1.0,27.0,19.0,5.0,0.0,19.0,142.11,1.42,,,,,0.0,0.0,Hamilton,
Mohammad Naim,Sharjah Cricket Stadium,2.0,79.0,71.0,8.0,0.0,71.0,111.27,1.11,,,,,0.0,0.0,Sharjah,
Mohammad Naim,"Shere Bangla National Stadium, Mirpur",16.0,292.0,348.0,21.0,6.0,348.0,83.91,0.84,,,,,0.0,0.0,Dhaka,
Mohammad Naim,"Vidarbha Cricket Association Stadium, Jamtha",1.0,81.0,49.0,10.0,2.0,49.0,165.31,1.65,,,,,0.0,0.0,Nagpur,
Mohammad Naim,"Zayed Cricket Stadium, Abu Dhabi",2.0,14.0,19.0,1.0,0.0,19.0,73.68,0.74,,,,,0.0,0.0,Abu Dhabi,
Mohammad Naveed,Dubai International Cricket Stadium,,0.0,,0.0,0.0,0.0,,,1.0,1.0,1.0,1.0,6.0,1.0,,
Mohammad Naveed,ICC Academy,1.0,0.0,1.0,0.0,0.0,1.0,0.0,0.0,3.0,14.0,9.0,14.0,3.86,0.64,Dubai,
Mohammad Naveed,Shere Bangla National Stadium,1.0,8.0,7.0,2.0,0.0,7.0,114.29,1.14,2.0,14.0,16.0,14.0,6.86,1.14,Mirpur,
Mohammad Nawaz,Adelaide Oval,1.0,4.0,13.0,0.0,0.0,13.0,30.77,0.31,,,,,0.0,0.0,Adelaide,
Mohammad Nawaz,"Central Broward Regional Park Stadium Turf Ground, Lauderhill",2.0,11.0,14.0,0.0,1.0,14.0,78.57,0.79,3.0,68.0,70.0,68.0,6.18,1.03,Lauderhill,
Mohammad Nawaz,Dubai International Cricket Stadium,10.0,150.0,115.0,13.0,7.0,115.0,130.43,1.3,9.0,148.0,169.0,148.0,6.85,1.14,,
Mohammad Nawaz,"Gaddafi Stadium, Lahore",4.0,21.0,21.0,1.0,1.0,21.0,100.0,1.0,5.0,85.0,122.0,85.0,8.61,1.44,Lahore,
Mohammad Nawaz,"Hagley Oval, Christchurch",7.0,129.0,83.0,9.0,8.0,83.0,155.42,1.55,7.0,162.0,228.0,162.0,8.44,1.41,Christchurch,
Mohammad Nawaz,Melbourne Cricket Ground,2.0,14.0,14.0,2.0,0.0,14.0,100.0,1.0,1.0,27.0,45.0,27.0,10.0,1.67,,
Mohammad Nawaz,"National Stadium, Karachi",5.0,55.0,43.0,5.0,2.0,43.0,127.91,1.28,7.0,164.0,226.0,164.0,8.27,1.38,Karachi,
Mohammad Nawaz,Perth Stadium,1.0,22.0,18.0,1.0,1.0,18.0,122.22,1.22,1.0,12.0,11.0,12.0,5.5,0.92,Perth,
Mohammad Nawaz,Rawalpindi Cricket Stadium,1.0,36.0,23.0,4.0,2.0,23.0,156.52,1.57,1.0,27.0,26.0,27.0,5.78,0.96,,
Mohammad Nawaz,Sharjah Cricket Stadium,2.0,62.0,42.0,5.0,3.0,42.0,147.62,1.48,3.0,56.0,56.0,56.0,6.0,1.0,Sharjah,
Mohammad Nawaz,"Shere Bangla National Stadium, Mirpur",5.0,52.0,32.0,4.0,4.0,32.0,162.5,1.62,6.0,90.0,88.0,90.0,5.87,0.98,Dhaka,
Mohammad Nawaz,Sydney Cricket Ground,1.0,28.0,23.0,4.0,1.0,23.0,121.74,1.22,2.0,18.0,14.0,18.0,4.67,0.78,,
Mohammad Nawaz,"University Oval, Dunedin",1.0,28.0,16.0,2.0,2.0,16.0,175.0,1.75,1.0,25.0,44.0,25.0,10.56,1.76,Dunedin,
Mohammad Nawaz,"Zayed Cricket Stadium, Abu Dhabi",1.0,38.0,24.0,3.0,3.0,24.0,158.33,1.58,,,,,0.0,0.0,Abu Dhabi,
Mohammad Rizlan,Indian Association Ground,1.0,6.0,8.0,1.0,0.0,8.0,75.0,0.75,,,,,0.0,0.0,Singapore,
Mohammad Rizwan,Adelaide Oval,1.0,32.0,32.0,2.0,1.0,32.0,100.0,1.0,,,,,0.0,0.0,Adelaide,
Mohammad Rizwan,"Brisbane Cricket Ground, Woolloongabba, Brisbane",1.0,0.0,2.0,0.0,0.0,2.0,0.0,0.0,,,,,0.0,0.0,Brisbane,
Mohammad Rizwan,"Castle Avenue, Dublin",3.0,132.0,90.0,10.0,7.0,90.0,146.67,1.47,,,,,0.0,0.0,Dublin,
Mohammad Rizwan,"Central Broward Regional Park Stadium Turf Ground, Lauderhill",1.0,17.0,18.0,3.0,0.0,18.0,94.44,0.94,,,,,0.0,0.0,Lauderhill,
Mohammad Rizwan,Dubai International Cricket Stadium,7.0,335.0,284.0,24.0,11.0,284.0,117.96,1.18,,,,,0.0,0.0,,
Mohammad Rizwan,Eden Park,1.0,17.0,17.0,3.0,0.0,17.0,100.0,1.0,,,,,0.0,0.0,Auckland,
Mohammad Rizwan,"Eden Park, Auckland",1.0,25.0,15.0,2.0,2.0,15.0,166.67,1.67,,,,,0.0,0.0,Auckland,
Mohammad Rizwan,"Edgbaston, Birmingham",1.0,0.0,3.0,0.0,0.0,3.0,0.0,0.0,,,,,0.0,0.0,Birmingham,
Mohammad Rizwan,Gaddafi Stadium,5.0,208.0,150.0,17.0,10.0,150.0,138.67,1.39,,,,,0.0,0.0,Lahore,
Mohammad Rizwan,"Gaddafi Stadium, Lahore",6.0,151.0,126.0,11.0,5.0,126.0,119.84,1.2,,,,,0.0,0.0,Lahore,
Mohammad Rizwan,"Grand Prairie Stadium, Dallas",1.0,9.0,8.0,0.0,1.0,8.0,112.5,1.12,,,,,0.0,0.0,Dallas,
Mohammad Rizwan,"Hagley Oval, Christchurch",7.0,329.0,276.0,28.0,4.0,276.0,119.2,1.19,,,,,0.0,0.0,Christchurch,
Mohammad Rizwan,Harare Sports Club,5.0,235.0,191.0,18.0,5.0,191.0,123.04,1.23,,,,,0.0,0.0,,
Mohammad Rizwan,"Headingley, Leeds",1.0,37.0,30.0,3.0,1.0,30.0,123.33,1.23,,,,,0.0,0.0,Leeds,
Mohammad Rizwan,"Kennington Oval, London",1.0,23.0,16.0,3.0,0.0,16.0,143.75,1.44,,,,,0.0,0.0,London,
Mohammad Rizwan,"Kingsmead, Durban",1.0,74.0,65.0,5.0,3.0,65.0,113.85,1.14,,,,,0.0,0.0,Durban,
Mohammad Rizwan,Manuka Oval,1.0,14.0,16.0,1.0,0.0,16.0,87.5,0.88,,,,,0.0,0.0,Canberra,
Mohammad Rizwan,McLean Park,1.0,89.0,60.0,10.0,3.0,60.0,148.33,1.48,,,,,0.0,0.0,Napier,
Mohammad Rizwan,Melbourne Cricket Ground,2.0,19.0,28.0,1.0,1.0,28.0,67.86,0.68,,,,,0.0,0.0,,
Mohammad Rizwan,"Nassau County International Cricket Stadium, New York",2.0,84.0,98.0,3.0,2.0,98.0,85.71,0.86,,,,,0.0,0.0,New York,
Mohammad Rizwan,"National Stadium, Karachi",7.0,455.0,314.0,45.0,11.0,314.0,144.9,1.45,,,,,0.0,0.0,Karachi,
Mohammad Rizwan,Newlands,1.0,2.0,2.0,0.0,0.0,2.0,100.0,1.0,,,,,0.0,0.0,Cape Town,
Mohammad Rizwan,"Old Trafford, Manchester",1.0,76.0,58.0,5.0,3.0,58.0,131.03,1.31,,,,,0.0,0.0,Manchester,
Mohammad Rizwan,Perth Stadium,3.0,63.0,56.0,6.0,1.0,56.0,112.5,1.12,,,,,0.0,0.0,Perth,
Mohammad Rizwan,"Providence Stadium, Guyana",1.0,46.0,37.0,2.0,2.0,37.0,124.32,1.24,,,,,0.0,0.0,Providence,
Mohammad Rizwan,R Premadasa Stadium,1.0,17.0,18.0,1.0,0.0,18.0,94.44,0.94,,,,,0.0,0.0,Colombo,
Mohammad Rizwan,Rawalpindi Cricket Stadium,4.0,165.0,122.0,12.0,5.0,122.0,135.25,1.35,,,,,0.0,0.0,,
Mohammad Rizwan,Seddon Park,1.0,22.0,20.0,4.0,0.0,20.0,110.0,1.1,,,,,0.0,0.0,Hamilton,
Mohammad Rizwan,"Seddon Park, Hamilton",1.0,7.0,5.0,0.0,1.0,5.0,140.0,1.4,,,,,0.0,0.0,Hamilton,
Mohammad Rizwan,Sharjah Cricket Stadium,4.0,150.0,138.0,15.0,2.0,138.0,108.7,1.09,,,,,0.0,0.0,Sharjah,
Mohammad Rizwan,"Shere Bangla National Stadium, Mirpur",3.0,90.0,103.0,7.0,1.0,103.0,87.38,0.87,,,,,0.0,0.0,Dhaka,
Mohammad Rizwan,SuperSport Park,1.0,26.0,22.0,3.0,0.0,22.0,118.18,1.18,,,,,0.0,0.0,Centurion,
Mohammad Rizwan,"SuperSport Park, Centurion",3.0,84.0,64.0,6.0,2.0,64.0,131.25,1.31,,,,,0.0,0.0,Centurion,
Mohammad Rizwan,Sydney Cricket Ground,4.0,108.0,109.0,8.0,1.0,109.0,99.08,0.99,,,,,0.0,0.0,,
Mohammad Rizwan,The Wanderers Stadium,1.0,1.0,1.0,0.0,0.0,1.0,100.0,1.0,,,,,0.0,0.0,Johannesburg,
Mohammad Rizwan,"The Wanderers Stadium, Johannesburg",2.0,74.0,55.0,9.0,2.0,55.0,134.55,1.35,,,,,0.0,0.0,Johannesburg,
Mohammad Rizwan,"Trent Bridge, Nottingham",1.0,63.0,42.0,8.0,1.0,42.0,150.0,1.5,,,,,0.0,0.0,Nottingham,
Mohammad Rizwan,"University Oval, Dunedin",1.0,24.0,21.0,0.0,2.0,21.0,114.29,1.14,,,,,0.0,0.0,Dunedin,
Mohammad Rizwan,Westpac Stadium,1.0,4.0,4.0,1.0,0.0,4.0,100.0,1.0,,,,,0.0,0.0,Wellington,
Mohammad Rizwan,"Zayed Cricket Stadium, Abu Dhabi",1.0,79.0,50.0,8.0,4.0,50.0,158.0,1.58,,,,,0.0,0.0,Abu Dhabi,
Mohammad Saifuddin,Al Amerat Cricket Ground Oman Cricket (Ministry Turf 1),3.0,24.0,9.0,2.0,2.0,9.0,266.67,2.67,3.0,77.0,69.0,77.0,5.38,0.9,Al Amarat,
Mohammad Saifuddin,Dubai International Cricket Stadium,1.0,4.0,7.0,0.0,0.0,7.0,57.14,0.57,3.0,62.0,103.0,62.0,9.97,1.66,,
Mohammad Saifuddin,"Hagley Oval, Christchurch",2.0,4.0,6.0,0.0,0.0,6.0,66.67,0.67,2.0,50.0,90.0,50.0,10.8,1.8,Christchurch,
Mohammad Saifuddin,Harare Sports Club,1.0,19.0,16.0,1.0,1.0,16.0,118.75,1.19,3.0,74.0,117.0,74.0,9.49,1.58,,
Mohammad Saifuddin,Mangaung Oval,1.0,39.0,29.0,3.0,1.0,29.0,134.48,1.34,1.0,12.0,21.0,12.0,10.5,1.75,Bloemfontein,
Mohammad Saifuddin,McLean Park,1.0,3.0,6.0,0.0,0.0,6.0,50.0,0.5,1.0,19.0,35.0,19.0,11.05,1.84,Napier,
Mohammad Saifuddin,Pallekele International Cricket Stadium,,0.0,,0.0,0.0,0.0,,,1.0,18.0,22.0,18.0,7.33,1.22,Kandy,
Mohammad Saifuddin,R Premadasa Stadium,1.0,6.0,5.0,1.0,0.0,5.0,120.0,1.2,2.0,36.0,47.0,36.0,7.83,1.31,Colombo,
Mohammad Saifuddin,Rangiri Dambulla International Stadium,1.0,6.0,2.0,1.0,0.0,2.0,300.0,3.0,1.0,19.0,21.0,19.0,6.63,1.11,Dambulla,
Mohammad Saifuddin,Seddon Park,1.0,34.0,36.0,3.0,1.0,36.0,94.44,0.94,1.0,26.0,45.0,26.0,10.38,1.73,Hamilton,
Mohammad Saifuddin,Senwes Park,1.0,23.0,28.0,1.0,1.0,28.0,82.14,0.82,1.0,24.0,53.0,24.0,13.25,2.21,Potchefstroom,
Mohammad Saifuddin,Sharjah Cricket Stadium,,0.0,,0.0,0.0,0.0,,,1.0,20.0,38.0,20.0,11.4,1.9,Sharjah,
Mohammad Saifuddin,"Shere Bangla National Stadium, Mirpur",5.0,60.0,60.0,5.0,2.0,60.0,100.0,1.0,13.0,282.0,375.0,282.0,7.98,1.33,Dhaka,
Mohammad Saifuddin,Sylhet International Cricket Stadium,2.0,21.0,25.0,1.0,1.0,25.0,84.0,0.84,2.0,33.0,59.0,33.0,10.73,1.79,,
Mohammad Saifuddin,Zahur Ahmed Chowdhury Stadium,1.0,6.0,2.0,1.0,0.0,2.0,300.0,3.0,1.0,24.0,15.0,24.0,3.75,0.62,Chattogram,
Mohammad Saifuddin,"Zahur Ahmed Chowdhury Stadium, Chattogram",,0.0,,0.0,0.0,0.0,,,3.0,78.0,96.0,78.0,7.38,1.23,Chattogram,
Mohammad Sami,Gaddafi Stadium,,0.0,,0.0,0.0,0.0,,,1.0,5.0,12.0,5.0,14.4,2.4,Lahore,
Mohammad Sami,Shere Bangla National Stadium,,0.0,,0.0,0.0,0.0,,,1.0,8.0,4.0,8.0,3.0,0.5,Mirpur,
Mohammad Shahzad,Sheikh Zayed Stadium,2.0,14.0,13.0,0.0,1.0,13.0,107.69,1.08,2.0,7.0,13.0,7.0,11.14,1.86,Abu Dhabi,
Mohammad Shahzad,Shere Bangla National Stadium,2.0,12.0,11.0,1.0,0.0,11.0,109.09,1.09,2.0,20.0,23.0,20.0,6.9,1.15,Mirpur,
Mohammad Wasim,Adelaide Oval,,0.0,,0.0,0.0,0.0,,,1.0,5.0,10.0,5.0,12.0,2.0,Adelaide,
Mohammad Wasim,"Hagley Oval, Christchurch",,0.0,,0.0,0.0,0.0,,,2.0,25.0,26.0,25.0,6.24,1.04,Christchurch,
Mohammad Wasim,Perth Stadium,1.0,1.0,2.0,0.0,0.0,2.0,50.0,0.5,1.0,3.0,0.0,3.0,0.0,0.0,Perth,
Mohammad Wasim,"Shere Bangla National Stadium, Mirpur",,0.0,,0.0,0.0,0.0,,,3.0,52.0,39.0,52.0,4.5,0.75,Dhaka,
Mohammed Faraazuddin,Mulpani Cricket Ground,1.0,0.0,3.0,0.0,0.0,3.0,0.0,0.0,,,,,0.0,0.0,Kathmandu,
Mohammed Irshad,Al Amerat Cricket Ground Oman Cricket (Ministry Turf 1),1.0,1.0,2.0,0.0,0.0,2.0,50.0,0.5,1.0,9.0,15.0,9.0,10.0,1.67,Al Amarat,
Mohammed Irshad,"Mission Road Ground, Mong Kok, Hong Kong",1.0,12.0,3.0,0.0,2.0,3.0,400.0,4.0,1.0,3.0,6.0,3.0,12.0,2.0,Mong Kok,
Mohammed Nadeem,Indian Association Ground,,0.0,,0.0,0.0,0.0,,,1.0,5.0,6.0,5.0,7.2,1.2,Singapore,
Mohammed Qasim,"Moara Vlasiei Cricket Ground, Ilfov County",1.0,3.0,4.0,0.0,0.0,4.0,75.0,0.75,,,,,0.0,0.0,Ilfov County,
Mohammed Shami,Adelaide Oval,,0.0,,0.0,0.0,0.0,,,1.0,10.0,22.0,10.0,13.2,2.2,Adelaide,
Mohammed Shami,Dubai International Cricket Stadium,,0.0,,0.0,0.0,0.0,,,1.0,23.0,43.0,23.0,11.22,1.87,,
Mohammed Shami,Melbourne Cricket Ground,,0.0,,0.0,0.0,0.0,,,2.0,7.0,8.0,7.0,6.86,1.14,,
Mohammed Shami,Sydney Cricket Ground,,0.0,,0.0,0.0,0.0,,,1.0,5.0,7.0,5.0,8.4,1.4,,
Mohammed Siraj,"Bay Oval, Mount Maunganui",,0.0,,0.0,0.0,0.0,,,1.0,25.0,25.0,25.0,6.0,1.0,Mount Maunganui,
Mohammed Siraj,"Himachal Pradesh Cricket Association Stadium, Dharamsala",,0.0,,0.0,0.0,0.0,,,1.0,24.0,22.0,24.0,5.5,0.92,Dharamsala,
Mohammed Siraj,"Holkar Cricket Stadium, Indore",1.0,5.0,7.0,1.0,0.0,7.0,71.43,0.71,1.0,26.0,45.0,26.0,10.38,1.73,Indore,
Mohammed Siraj,"McLean Park, Napier",,0.0,,0.0,0.0,0.0,,,1.0,25.0,17.0,25.0,4.08,0.68,Napier,
Mohammed Siraj,"Nassau County International Cricket Stadium, New York",1.0,7.0,7.0,0.0,0.0,7.0,100.0,1.0,3.0,68.0,58.0,68.0,5.12,0.85,New York,
Mohammed Siraj,Pallekele International Cricket Stadium,1.0,0.0,1.0,0.0,0.0,1.0,0.0,0.0,3.0,55.0,61.0,55.0,6.65,1.11,Kandy,
Mohammed Siraj,"R.Premadasa Stadium, Khettarama",,0.0,,0.0,0.0,0.0,,,1.0,27.0,50.0,27.0,11.11,1.85,Colombo,
Mohammed Siraj,Saurashtra Cricket Association Stadium,,0.0,,0.0,0.0,0.0,,,1.0,25.0,53.0,25.0,12.72,2.12,Rajkot,
Mohammed Siraj,"Sawai Mansingh Stadium, Jaipur",,0.0,,0.0,0.0,0.0,,,1.0,25.0,41.0,25.0,9.84,1.64,Jaipur,
Mohammed Siraj,"St George's Park, Gqeberha",,0.0,,0.0,0.0,0.0,,,1.0,18.0,31.0,18.0,10.33,1.72,Gqeberha,
Mohammed Siraj,"The Wanderers Stadium, Johannesburg",1.0,2.0,1.0,0.0,0.0,1.0,200.0,2.0,1.0,19.0,13.0,19.0,4.11,0.68,Johannesburg,
Mohammed Siraj,Wankhede Stadium,,0.0,,0.0,0.0,0.0,,,1.0,26.0,45.0,26.0,10.38,1.73,Mumbai,
Mominul Haque,Queens Sports Club,,0.0,,0.0,0.0,0.0,,,1.0,7.0,13.0,7.0,11.14,1.86,Bulawayo,
Mosaddek Hossain,Adelaide Oval,1.0,1.0,4.0,0.0,0.0,4.0,25.0,0.25,,,,,0.0,0.0,Adelaide,
Mosaddek Hossain,"Brisbane Cricket Ground, Woolloongabba, Brisbane",1.0,6.0,5.0,0.0,0.0,5.0,120.0,1.2,,,,,0.0,0.0,Brisbane,
Mosaddek Hossain,Eden Park,1.0,1.0,1.0,0.0,0.0,1.0,100.0,1.0,,,,,0.0,0.0,Auckland,
Mosaddek Hossain,"Hagley Oval, Christchurch",2.0,1.0,2.0,0.0,0.0,2.0,50.0,0.5,1.0,8.0,7.0,8.0,5.25,0.88,Christchurch,
Mosaddek Hossain,Harare Sports Club,,0.0,,0.0,0.0,0.0,,,1.0,6.0,8.0,6.0,8.0,1.33,,
Mosaddek Hossain,Sheikh Abu Naser Stadium,1.0,2.0,5.0,0.0,0.0,5.0,40.0,0.4,,,,,0.0,0.0,Khulna,
Mosaddek Hossain,"Shere Bangla National Stadium, Mirpur",1.0,0.0,1.0,0.0,0.0,1.0,0.0,0.0,,,,,0.0,0.0,Dhaka,
Mrittunjoy Chowdhury,Zhejiang University of Technology Cricket Field,1.0,2.0,6.0,0.0,0.0,6.0,33.33,0.33,1.0,5.0,14.0,5.0,16.8,2.8,Hangzhou,
Mudassar Bukhari,Dubai International Cricket Stadium,1.0,10.0,4.0,0.0,1.0,4.0,250.0,2.5,2.0,3.0,0.0,3.0,0.0,0.0,,
Mudassar Bukhari,Himachal Pradesh Cricket Association Stadium,1.0,3.0,2.0,0.0,0.0,2.0,150.0,1.5,1.0,7.0,10.0,7.0,8.57,1.43,Dharamsala,
Mudassar Bukhari,Sylhet Stadium,,0.0,,0.0,0.0,0.0,,,1.0,1.0,0.0,1.0,0.0,0.0,,
Mudassar Bukhari,"The Village, Malahide",,0.0,,0.0,0.0,0.0,,,1.0,2.0,1.0,2.0,3.0,0.5,Dublin,
Mudassar Bukhari,VRA Ground,1.0,1.0,2.0,0.0,0.0,2.0,50.0,0.5,,,,,0.0,0.0,Amstelveen,
Muhammad Amir,Al Amerat Cricket Ground Oman Cricket (Ministry Turf 1),1.0,15.0,13.0,3.0,0.0,13.0,115.38,1.15,1.0,5.0,4.0,5.0,4.8,0.8,Al Amarat,
Muhammad Amir,"Tribhuvan University International Cricket Ground, Kirtipur",3.0,9.0,13.0,1.0,0.0,13.0,69.23,0.69,2.0,13.0,20.0,13.0,9.23,1.54,Kirtipur,
Muhammad Amir,Zhejiang University of Technology Cricket Field,1.0,0.0,3.0,0.0,0.0,3.0,0.0,0.0,1.0,16.0,14.0,16.0,5.25,0.88,Hangzhou,
Muhammad Arfan,Al Amerat Cricket Ground Oman Cricket (Ministry Turf 1),,0.0,,0.0,0.0,0.0,,,2.0,12.0,9.0,12.0,4.5,0.75,Al Amarat,
Muhammad Asim,Al Amerat Cricket Ground Oman Cricket (Ministry Turf 1),,0.0,,0.0,0.0,0.0,,,1.0,11.0,14.0,11.0,7.64,1.27,Al Amarat,
Muhammad Asim,Al Amerat Cricket Ground Oman Cricket (Ministry Turf 2),1.0,6.0,7.0,0.0,0.0,7.0,85.71,0.86,,,,,0.0,0.0,Al Amarat,
Muhammad Asim,"ICC Academy, Dubai",1.0,8.0,5.0,1.0,0.0,5.0,160.0,1.6,,,,,0.0,0.0,Dubai,
Muhammad Burhan,"Moara Vlasiei Cricket Ground, Ilfov County",,0.0,,0.0,0.0,0.0,,,1.0,6.0,8.0,6.0,8.0,1.33,Ilfov County,
Muhammad Farooq,Al Amerat Cricket Ground Oman Cricket (Ministry Turf 1),,0.0,,0.0,0.0,0.0,,,4.0,24.0,38.0,24.0,9.5,1.58,Al Amarat,
Muhammad Farooq,"Wanderers Cricket Ground, Windhoek",1.0,4.0,6.0,0.0,0.0,6.0,66.67,0.67,1.0,9.0,11.0,9.0,7.33,1.22,Windhoek,
Muhammad Jawadullah,"ICC Academy, Dubai",,0.0,,0.0,0.0,0.0,,,1.0,6.0,12.0,6.0,12.0,2.0,Dubai,
Muhammad Jawadullah,Mulpani Cricket Ground,,0.0,,0.0,0.0,0.0,,,2.0,24.0,23.0,24.0,5.75,0.96,Kathmandu,
Muhammad Jawadullah,Sharjah Cricket Stadium,1.0,6.0,5.0,1.0,0.0,5.0,120.0,1.2,4.0,84.0,138.0,84.0,9.86,1.64,Sharjah,
Muhammad Jawadullah,"Tribhuvan University International Cricket Ground, Kirtipur",,0.0,,0.0,0.0,0.0,,,1.0,3.0,0.0,3.0,0.0,0.0,Kirtipur,
Muhammad Jawadullah,"Wanderers Cricket Ground, Windhoek",,0.0,,0.0,0.0,0.0,,,4.0,32.0,44.0,32.0,8.25,1.38,Windhoek,
Muhammad Jawadullah,"West End Park International Cricket Stadium, Doha",,0.0,,0.0,0.0,0.0,,,1.0,14.0,29.0,14.0,12.43,2.07,Doha,
Muhammad Jawadullah,"Zayed Cricket Stadium, Abu Dhabi",,0.0,,0.0,0.0,0.0,,,1.0,4.0,5.0,4.0,7.5,1.25,Abu Dhabi,
Muhammad Kaleem,Shere Bangla National Stadium,2.0,17.0,17.0,1.0,1.0,17.0,100.0,1.0,,,,,0.0,0.0,Mirpur,
Muhammad Kashif,Indian Association Ground,1.0,21.0,14.0,1.0,2.0,14.0,150.0,1.5,,,,,0.0,0.0,Singapore,
Muhammad Khan,Zhejiang University of Technology Cricket Field,1.0,0.0,3.0,0.0,0.0,3.0,0.0,0.0,,,,,0.0,0.0,Hangzhou,
Muhammad Muneeb,Dreux Sport Cricket Club,1.0,2.0,2.0,0.0,0.0,2.0,100.0,1.0,,,,,0.0,0.0,Dreux,
Muhammad Nadir,"Gahanga International Cricket Stadium, Rwanda",,0.0,,0.0,0.0,0.0,,,2.0,20.0,16.0,20.0,4.8,0.8,Kigali City,
Muhammad Nadir,"Ruaraka Sports Club Ground, Nairobi",1.0,5.0,3.0,1.0,0.0,3.0,166.67,1.67,1.0,3.0,1.0,3.0,2.0,0.33,Nairobi,
Muhammad Nadir,"Wanderers Cricket Ground, Windhoek",2.0,0.0,9.0,0.0,0.0,9.0,0.0,0.0,1.0,16.0,19.0,16.0,7.12,1.19,Windhoek,
Muhammad Rohid,Al Amerat Cricket Ground Oman Cricket (Ministry Turf 1),,0.0,,0.0,0.0,0.0,,,1.0,13.0,16.0,13.0,7.38,1.23,Al Amarat,
Muhammad Rohid,Dubai International Cricket Stadium,1.0,2.0,1.0,0.0,0.0,1.0,200.0,2.0,2.0,32.0,53.0,32.0,9.94,1.66,,
Muhammad Rohid,Sharjah Cricket Stadium,,0.0,,0.0,0.0,0.0,,,1.0,24.0,21.0,24.0,5.25,0.88,Sharjah,
Muhammad Rohid,"Zayed Cricket Stadium, Abu Dhabi",,0.0,,0.0,0.0,0.0,,,1.0,2.0,7.0,2.0,21.0,3.5,Abu Dhabi,
Muhammad Saqib,Al Amerat Cricket Ground Oman Cricket (Ministry Turf 1),,0.0,,0.0,0.0,0.0,,,4.0,32.0,53.0,32.0,9.94,1.66,Al Amarat,
Muhammad Saqlain,"Moara Vlasiei Cricket Ground, Ilfov County",,0.0,,0.0,0.0,0.0,,,1.0,1.0,0.0,1.0,0.0,0.0,Ilfov County,
Muhammad Tanveer,Al Amerat Cricket Ground Oman Cricket (Ministry Turf 1),1.0,15.0,14.0,2.0,0.0,14.0,107.14,1.07,,,,,0.0,0.0,Al Amarat,
Muhammad Tanveer,Al Amerat Cricket Ground Oman Cricket (Ministry Turf 2),1.0,5.0,5.0,0.0,0.0,5.0,100.0,1.0,,,,,0.0,0.0,Al Amarat,
Muhammad Tanveer,Indian Association Ground,1.0,2.0,6.0,0.0,0.0,6.0,33.33,0.33,,,,,0.0,0.0,Singapore,
Muhammad Umar,Al Amerat Cricket Ground Oman Cricket (Ministry Turf 1),1.0,7.0,10.0,1.0,0.0,10.0,70.0,0.7,,,,,0.0,0.0,Al Amarat,
Muhammad Umar,"ICC Academy, Dubai",1.0,2.0,4.0,0.0,0.0,4.0,50.0,0.5,,,,,0.0,0.0,Dubai,
Muhammad Umar,"Mission Road Ground, Mong Kok, Hong Kong",2.0,4.0,7.0,0.0,0.0,7.0,57.14,0.57,,,,,0.0,0.0,Mong Kok,
Muhammad Usman,Al Amerat Cricket Ground Oman Cricket (Ministry Turf 1),1.0,2.0,3.0,0.0,0.0,3.0,66.67,0.67,,,,,0.0,0.0,Al Amarat,
Muhammad Usman,Dubai International Cricket Stadium,1.0,11.0,6.0,2.0,0.0,6.0,183.33,1.83,,,,,0.0,0.0,,
Muhammad Usman,ICC Academy,1.0,7.0,2.0,0.0,1.0,2.0,350.0,3.5,,,,,0.0,0.0,Dubai,
Muhammad Usman,Sheikh Zayed Stadium,2.0,38.0,25.0,4.0,1.0,25.0,152.0,1.52,,,,,0.0,0.0,Abu Dhabi,
Muhammad Usman,Shere Bangla National Stadium,2.0,24.0,9.0,1.0,3.0,9.0,266.67,2.67,,,,,0.0,0.0,Mirpur,
Muhammad Wafiq,Al Amerat Cricket Ground Oman Cricket (Ministry Turf 1),,0.0,,0.0,0.0,0.0,,,1.0,1.0,0.0,1.0,0.0,0.0,Al Amarat,
Muhammad Wafiq,"Tribhuvan University International Cricket Ground, Kirtipur",1.0,6.0,8.0,0.0,0.0,8.0,75.0,0.75,4.0,34.0,56.0,34.0,9.88,1.65,Kirtipur,
Muhammad Younis,Al Amerat Cricket Ground Oman Cricket (Ministry Turf 1),1.0,8.0,9.0,1.0,0.0,9.0,88.89,0.89,,,,,0.0,0.0,Al Amarat,
Muhammad Zohaib,Dubai International Cricket Stadium,1.0,4.0,10.0,0.0,0.0,10.0,40.0,0.4,,,,,0.0,0.0,,
Muhammad Zohaib,Sharjah Cricket Stadium,4.0,89.0,84.0,10.0,4.0,84.0,105.95,1.06,,,,,0.0,0.0,Sharjah,
Muhammad Zohaib,"Zayed Cricket Stadium, Abu Dhabi",1.0,11.0,4.0,1.0,1.0,4.0,275.0,2.75,,,,,0.0,0.0,Abu Dhabi,
Muhammed Imran,Al Amerat Cricket Ground Oman Cricket (Ministry Turf 1),,0.0,,0.0,0.0,0.0,,,2.0,4.0,4.0,4.0,6.0,1.0,Al Amarat,
Muhammed Turkmen,Roma Cricket Ground,1.0,0.0,2.0,0.0,0.0,2.0,0.0,0.0,,,,,0.0,0.0,Spinaceto,
Mujeeb-ur-Rehman,Al Amerat Cricket Ground Oman Cricket (Ministry Turf 1),,0.0,,0.0,0.0,0.0,,,1.0,5.0,7.0,5.0,8.4,1.4,Al Amarat,
Mujeeb-ur-Rehman,"ICC Academy, Dubai",1.0,1.0,6.0,0.0,0.0,6.0,16.67,0.17,,,,,0.0,0.0,Dubai,
Mujeeb-ur-Rehman,"Mission Road Ground, Mong Kok, Hong Kong",1.0,11.0,9.0,1.0,0.0,9.0,122.22,1.22,1.0,6.0,3.0,6.0,3.0,0.5,Mong Kok,
Mujibur Ali,Al Amerat Cricket Ground Oman Cricket (Ministry Turf 1),3.0,14.0,12.0,2.0,0.0,12.0,116.67,1.17,1.0,6.0,11.0,6.0,11.0,1.83,Al Amarat,
Mukesh Kumar,"Brian Lara Stadium, Tarouba, Trinidad",1.0,1.0,1.0,0.0,0.0,1.0,100.0,1.0,1.0,19.0,24.0,19.0,7.58,1.26,Tarouba,
Mukesh Kumar,"Central Broward Regional Park Stadium Turf Ground, Lauderhill",1.0,4.0,1.0,1.0,0.0,1.0,400.0,4.0,2.0,26.0,35.0,26.0,8.08,1.35,Lauderhill,
Mukesh Kumar,"Dr. Y.S. Rajasekhara Reddy ACA-VDCA Cricket Stadium, Visakhapatnam",,0.0,,0.0,0.0,0.0,,,1.0,25.0,29.0,25.0,6.96,1.16,Visakhapatnam,
Mukesh Kumar,"Greenfield International Stadium, Thiruvananthapuram",,0.0,,0.0,0.0,0.0,,,1.0,26.0,43.0,26.0,9.92,1.65,Thiruvananthapuram,
Mukesh Kumar,Harare Sports Club,1.0,0.0,3.0,0.0,0.0,3.0,0.0,0.0,3.0,68.0,77.0,68.0,6.79,1.13,,
Mukesh Kumar,"M Chinnaswamy Stadium, Bengaluru",,0.0,,0.0,0.0,0.0,,,1.0,24.0,32.0,24.0,8.0,1.33,Bengaluru,
Mukesh Kumar,"Providence Stadium, Guyana",,0.0,,0.0,0.0,0.0,,,2.0,36.0,55.0,36.0,9.17,1.53,Providence,
Mukesh Kumar,"Shaheed Veer Narayan Singh International Stadium, Raipur",,0.0,,0.0,0.0,0.0,,,1.0,28.0,43.0,28.0,9.21,1.54,Raipur,
Mukesh Kumar,"St George's Park, Gqeberha",,0.0,,0.0,0.0,0.0,,,1.0,19.0,34.0,19.0,10.74,1.79,Gqeberha,
Mukesh Kumar,"The Wanderers Stadium, Johannesburg",,0.0,,0.0,0.0,0.0,,,1.0,12.0,21.0,12.0,10.5,1.75,Johannesburg,
Mukhtar Ahmed,Gaddafi Stadium,2.0,20.0,11.0,1.0,1.0,11.0,181.82,1.82,,,,,0.0,0.0,Lahore,
Mukhtar Ahmed,Shere Bangla National Stadium,1.0,11.0,12.0,0.0,1.0,12.0,91.67,0.92,,,,,0.0,0.0,Mirpur,
Murid Ekrami,Dreux Sport Cricket Club,1.0,5.0,3.0,1.0,0.0,3.0,166.67,1.67,1.0,3.0,3.0,3.0,6.0,1.0,Dreux,
Musawar Shah,Al Amerat Cricket Ground Oman Cricket (Ministry Turf 1),,0.0,,0.0,0.0,0.0,,,1.0,11.0,16.0,11.0,8.73,1.45,Al Amarat,
Mushfiqur Rahim,Al Amerat Cricket Ground Oman Cricket (Ministry Turf 1),1.0,6.0,5.0,1.0,0.0,5.0,120.0,1.2,,,,,0.0,0.0,Al Amarat,
Mushfiqur Rahim,Arun Jaitley Stadium,1.0,2.0,2.0,0.0,0.0,2.0,100.0,1.0,,,,,0.0,0.0,Delhi,
Mushfiqur Rahim,"R.Premadasa Stadium, Khettarama",2.0,41.0,27.0,6.0,1.0,27.0,151.85,1.52,,,,,0.0,0.0,Colombo,
Mushfiqur Rahim,Saurashtra Cricket Association Stadium,1.0,2.0,2.0,0.0,0.0,2.0,100.0,1.0,,,,,0.0,0.0,Rajkot,
Mushfiqur Rahim,"Shere Bangla National Stadium, Mirpur",1.0,2.0,2.0,0.0,0.0,2.0,100.0,1.0,,,,,0.0,0.0,Dhaka,
Mustafizur Rahman,Adelaide Oval,1.0,0.0,1.0,0.0,0.0,1.0,0.0,0.0,2.0,48.0,53.0,48.0,6.62,1.1,Adelaide,
Mustafizur Rahman,Al Amerat Cricket Ground Oman Cricket (Ministry Turf 1),1.0,2.0,3.0,0.0,0.0,3.0,66.67,0.67,3.0,83.0,104.0,83.0,7.52,1.25,Al Amarat,
Mustafizur Rahman,"Arnos Vale Ground, Kingstown, St Vincent",1.0,3.0,4.0,0.0,0.0,4.0,75.0,0.75,2.0,49.0,20.0,49.0,2.45,0.41,Kingstown,
Mustafizur Rahman,Arun Jaitley Stadium,,0.0,,0.0,0.0,0.0,,,1.0,12.0,15.0,12.0,7.5,1.25,Delhi,
Mustafizur Rahman,"Arun Jaitley Stadium, Delhi",1.0,1.0,2.0,0.0,0.0,2.0,50.0,0.5,1.0,24.0,36.0,24.0,9.0,1.5,Delhi,
Mustafizur Rahman,Bay Oval,1.0,0.0,4.0,0.0,0.0,4.0,0.0,0.0,1.0,26.0,31.0,26.0,7.15,1.19,Mount Maunganui,
Mustafizur Rahman,"Bay Oval, Mount Maunganui",1.0,3.0,4.0,0.0,0.0,4.0,75.0,0.75,2.0,30.0,29.0,30.0,5.8,0.97,Mount Maunganui,
Mustafizur Rahman,"Bellerive Oval, Hobart",,0.0,,0.0,0.0,0.0,,,1.0,26.0,20.0,26.0,4.62,0.77,Hobart,
Mustafizur Rahman,"Bir Sreshtho Flight Lieutenant Matiur Rahman Stadium, Chattogram",1.0,11.0,9.0,1.0,0.0,9.0,122.22,1.22,2.0,50.0,48.0,50.0,5.76,0.96,Chattogram,
Mustafizur Rahman,"Brisbane Cricket Ground, Woolloongabba, Brisbane",,0.0,,0.0,0.0,0.0,,,1.0,24.0,15.0,24.0,3.75,0.62,Brisbane,
Mustafizur Rahman,Central Broward Regional Park Stadium Turf Ground,,0.0,,0.0,0.0,0.0,,,2.0,49.0,81.0,49.0,9.92,1.65,Lauderhill,
Mustafizur Rahman,Dubai International Cricket Stadium,3.0,16.0,25.0,2.0,0.0,25.0,64.0,0.64,6.0,137.0,184.0,137.0,8.06,1.34,,
Mustafizur Rahman,Eden Gardens,1.0,6.0,3.0,0.0,1.0,3.0,200.0,2.0,1.0,24.0,22.0,24.0,5.5,0.92,Kolkata,
Mustafizur Rahman,Gaddafi Stadium,,0.0,,0.0,0.0,0.0,,,2.0,44.0,70.0,44.0,9.55,1.59,Lahore,
Mustafizur Rahman,"Grand Prairie Stadium, Dallas",,0.0,,0.0,0.0,0.0,,,1.0,25.0,18.0,25.0,4.32,0.72,Dallas,
Mustafizur Rahman,"Hagley Oval, Christchurch",,0.0,,0.0,0.0,0.0,,,1.0,26.0,48.0,26.0,11.08,1.85,Christchurch,
Mustafizur Rahman,Harare Sports Club,,0.0,,0.0,0.0,0.0,,,4.0,100.0,135.0,100.0,8.1,1.35,,
Mustafizur Rahman,M Chinnaswamy Stadium,,0.0,,0.0,0.0,0.0,,,2.0,49.0,66.0,49.0,8.08,1.35,Bangalore,
Mustafizur Rahman,McLean Park,,0.0,,0.0,0.0,0.0,,,1.0,25.0,21.0,25.0,5.04,0.84,Napier,
Mustafizur Rahman,"McLean Park, Napier",,0.0,,0.0,0.0,0.0,,,1.0,24.0,15.0,24.0,3.75,0.62,Napier,
Mustafizur Rahman,"Nassau County International Cricket Stadium, New York",,0.0,,0.0,0.0,0.0,,,1.0,25.0,19.0,25.0,4.56,0.76,New York,
Mustafizur Rahman,Prairie View Cricket Complex,1.0,1.0,3.0,0.0,0.0,3.0,33.33,0.33,3.0,82.0,87.0,82.0,6.37,1.06,Houston,
Mustafizur Rahman,"Providence Stadium, Guyana",,0.0,,0.0,0.0,0.0,,,1.0,13.0,27.0,13.0,12.46,2.08,Providence,
Mustafizur Rahman,R Premadasa Stadium,,0.0,,0.0,0.0,0.0,,,2.0,37.0,46.0,37.0,7.46,1.24,Colombo,
Mustafizur Rahman,"R Premadasa Stadium, Colombo",,0.0,,0.0,0.0,0.0,,,1.0,24.0,18.0,24.0,4.5,0.75,Colombo,
Mustafizur Rahman,"R.Premadasa Stadium, Khettarama",3.0,1.0,7.0,0.0,0.0,7.0,14.29,0.14,5.0,126.0,183.0,126.0,8.71,1.45,Colombo,
Mustafizur Rahman,"Rajiv Gandhi International Stadium, Uppal, Hyderabad",,0.0,,0.0,0.0,0.0,,,1.0,25.0,53.0,25.0,12.72,2.12,Hyderabad,
Mustafizur Rahman,Rangiri Dambulla International Stadium,,0.0,,0.0,0.0,0.0,,,1.0,19.0,14.0,19.0,4.42,0.74,Dambulla,
Mustafizur Rahman,Saurashtra Cricket Association Stadium,,0.0,,0.0,0.0,0.0,,,1.0,24.0,36.0,24.0,9.0,1.5,Rajkot,
Mustafizur Rahman,Seddon Park,,0.0,,0.0,0.0,0.0,,,1.0,25.0,48.0,25.0,11.52,1.92,Hamilton,
Mustafizur Rahman,Sharjah Cricket Stadium,,0.0,,0.0,0.0,0.0,,,3.0,70.0,84.0,70.0,7.2,1.2,Sharjah,
Mustafizur Rahman,Sheikh Abu Naser Stadium,,0.0,,0.0,0.0,0.0,,,2.0,48.0,40.0,48.0,5.0,0.83,Khulna,
Mustafizur Rahman,Shere Bangla National Stadium,3.0,2.0,9.0,0.0,0.0,9.0,22.22,0.22,8.0,199.0,189.0,199.0,5.7,0.95,Mirpur,
Mustafizur Rahman,"Shere Bangla National Stadium, Mirpur",5.0,14.0,27.0,0.0,1.0,27.0,51.85,0.52,23.0,518.0,493.0,518.0,5.71,0.95,Dhaka,
Mustafizur Rahman,"Shrimant Madhavrao Scindia Cricket Stadium, Gwalior",1.0,1.0,5.0,0.0,0.0,5.0,20.0,0.2,1.0,19.0,37.0,19.0,11.68,1.95,Gwalior,
Mustafizur Rahman,"Sir Vivian Richards Stadium, North Sound, Antigua",,0.0,,0.0,0.0,0.0,,,2.0,38.0,71.0,38.0,11.21,1.87,North Sound,
Mustafizur Rahman,Sydney Cricket Ground,1.0,9.0,4.0,0.0,1.0,4.0,225.0,2.25,1.0,24.0,25.0,24.0,6.25,1.04,,
Mustafizur Rahman,Sylhet International Cricket Stadium,3.0,15.0,15.0,1.0,1.0,15.0,100.0,1.0,7.0,153.0,230.0,153.0,9.02,1.5,,
Mustafizur Rahman,"Vidarbha Cricket Association Stadium, Jamtha",1.0,1.0,3.0,0.0,0.0,3.0,33.33,0.33,1.0,26.0,42.0,26.0,9.69,1.62,Nagpur,
Mustafizur Rahman,"Warner Park, Basseterre",1.0,3.0,5.0,0.0,0.0,5.0,60.0,0.6,1.0,12.0,18.0,12.0,9.0,1.5,St Kitts,
Mustafizur Rahman,"Windsor Park, Roseau, Dominica",,0.0,,0.0,0.0,0.0,,,1.0,28.0,38.0,28.0,8.14,1.36,Roseau,
Mustafizur Rahman,Zahur Ahmed Chowdhury Stadium,,0.0,,0.0,0.0,0.0,,,1.0,25.0,38.0,25.0,9.12,1.52,Chattogram,
Mustafizur Rahman,"Zahur Ahmed Chowdhury Stadium, Chattogram",,0.0,,0.0,0.0,0.0,,,3.0,57.0,76.0,57.0,8.0,1.33,Chattogram,
Mustafizur Rahman,"Zayed Cricket Stadium, Abu Dhabi",1.0,0.0,1.0,0.0,0.0,1.0,0.0,0.0,3.0,64.0,87.0,64.0,8.16,1.36,Abu Dhabi,
Mustapha Yusuf,Entebbe Cricket Oval,1.0,5.0,2.0,0.0,0.0,2.0,250.0,2.5,1.0,7.0,16.0,7.0,13.71,2.29,Entebbe,
Muzahir Raza,Al Amerat Cricket Ground Oman Cricket (Ministry Turf 1),,0.0,,0.0,0.0,0.0,,,1.0,5.0,7.0,5.0,8.4,1.4,Al Amarat,
Muzammil Shahzad,Al Amerat Cricket Ground Oman Cricket (Ministry Turf 2),1.0,0.0,2.0,0.0,0.0,2.0,0.0,0.0,,,,,0.0,0.0,Al Amarat,
N Ahir,"Coolidge Cricket Ground, Antigua",1.0,0.0,11.0,0.0,0.0,11.0,0.0,0.0,,,,,0.0,0.0,Coolidge,
N Ahir,"National Stadium, Hamilton",1.0,9.0,10.0,0.0,1.0,10.0,90.0,0.9,,,,,0.0,0.0,Hamilton,
N Bidaisee,Sharjah Cricket Stadium,1.0,13.0,7.0,1.0,1.0,7.0,185.71,1.86,2.0,13.0,12.0,13.0,5.54,0.92,Sharjah,
N Burger,"Gaddafi Stadium, Lahore",1.0,9.0,16.0,0.0,0.0,16.0,56.25,0.56,1.0,13.0,14.0,13.0,6.46,1.08,Lahore,
N Burger,Harare Sports Club,,0.0,,0.0,0.0,0.0,,,1.0,6.0,7.0,6.0,7.0,1.17,,
N Burger,"Namibia Cricket Ground, Windhoek",,0.0,,0.0,0.0,0.0,,,1.0,1.0,1.0,1.0,6.0,1.0,Windhoek,
N Burger,Rawalpindi Cricket Stadium,1.0,0.0,2.0,0.0,0.0,2.0,0.0,0.0,1.0,28.0,37.0,28.0,7.93,1.32,,
N Burger,"The Wanderers Stadium, Johannesburg",1.0,1.0,3.0,0.0,0.0,3.0,33.33,0.33,1.0,5.0,13.0,5.0,15.6,2.6,Johannesburg,
N Davin,Dubai International Cricket Stadium,1.0,21.0,12.0,3.0,1.0,12.0,175.0,1.75,,,,,0.0,0.0,,
N Davin,ICC Academy,1.0,5.0,3.0,1.0,0.0,3.0,166.67,1.67,,,,,0.0,0.0,Dubai,
N Davin,"Kensington Oval, Bridgetown, Barbados",1.0,22.0,29.0,2.0,1.0,29.0,75.86,0.76,,,,,0.0,0.0,Bridgetown,
N Davin,"Namibia Cricket Ground, Windhoek",2.0,26.0,25.0,2.0,0.0,25.0,104.0,1.04,,,,,0.0,0.0,Windhoek,
N Davin,"United Cricket Club Ground, Windhoek",2.0,15.0,10.0,0.0,1.0,10.0,150.0,1.5,,,,,0.0,0.0,Windhoek,
N Davin,"Wanderers Cricket Ground, Windhoek",4.0,40.0,21.0,4.0,1.0,21.0,190.48,1.9,,,,,0.0,0.0,Windhoek,
N Deonarine,Providence Stadium,1.0,6.0,7.0,0.0,0.0,7.0,85.71,0.86,,,,,0.0,0.0,Guyana,
N Dickwella,"Shere Bangla National Stadium, Mirpur",1.0,5.0,3.0,1.0,0.0,3.0,166.67,1.67,,,,,0.0,0.0,Dhaka,
N Dickwella,Wankhede Stadium,1.0,1.0,3.0,0.0,0.0,3.0,33.33,0.33,,,,,0.0,0.0,Mumbai,
N Dutta,Al Amerat Cricket Ground Oman Cricket (Ministry Turf 1),1.0,15.0,11.0,1.0,1.0,11.0,136.36,1.36,3.0,31.0,46.0,31.0,8.9,1.48,Al Amarat,
N Dutta,"Grand Prairie Stadium, Dallas",,0.0,,0.0,0.0,0.0,,,1.0,10.0,29.0,10.0,17.4,2.9,Dallas,
N Dutta,Prairie View Cricket Complex,,0.0,,0.0,0.0,0.0,,,1.0,10.0,9.0,10.0,5.4,0.9,Houston,
N Dutta,Sheikh Zayed Stadium,1.0,1.0,2.0,0.0,0.0,2.0,50.0,0.5,1.0,10.0,21.0,10.0,12.6,2.1,Abu Dhabi,
N Dutta,"White Hill Field, Sandys Parish",,0.0,,0.0,0.0,0.0,,,1.0,10.0,11.0,10.0,6.6,1.1,Hamilton,
N Hirani,Harare Sports Club,,0.0,,0.0,0.0,0.0,,,1.0,2.0,2.0,2.0,6.0,1.0,,
N Krishna,"Gymkhana Club Ground, Nairobi",,0.0,,0.0,0.0,0.0,,,1.0,1.0,6.0,1.0,36.0,6.0,Nairobi,
N Madziva,Harare Sports Club,,0.0,,0.0,0.0,0.0,,,2.0,6.0,8.0,6.0,8.0,1.33,,
N Madziva,Indian Association Ground,,0.0,,0.0,0.0,0.0,,,1.0,1.0,1.0,1.0,6.0,1.0,Singapore,
N Madziva,Sheikh Abu Naser Stadium,1.0,0.0,4.0,0.0,0.0,4.0,0.0,0.0,2.0,10.0,13.0,10.0,7.8,1.3,Khulna,
N Madziva,Shere Bangla National Stadium,1.0,1.0,9.0,0.0,0.0,9.0,11.11,0.11,1.0,1.0,1.0,1.0,6.0,1.0,Mirpur,
N Madziva,"Shere Bangla National Stadium, Mirpur",,0.0,,0.0,0.0,0.0,,,1.0,8.0,13.0,8.0,9.75,1.62,Dhaka,
N Madziva,Zahur Ahmed Chowdhury Stadium,1.0,2.0,4.0,0.0,0.0,4.0,50.0,0.5,,,,,0.0,0.0,Chattogram,
N Master,Lugogo Cricket Oval,,0.0,,0.0,0.0,0.0,,,1.0,5.0,2.0,5.0,2.4,0.4,Kampala,
N Naranbaatar,Zhejiang University of Technology Cricket Field,1.0,1.0,11.0,0.0,0.0,11.0,9.09,0.09,1.0,11.0,17.0,11.0,9.27,1.55,Hangzhou,
N Pathan,Terdthai Cricket Ground,1.0,8.0,6.0,2.0,0.0,6.0,133.33,1.33,,,,,0.0,0.0,Bangkok,
N Peter,Harare Sports Club,1.0,1.0,1.0,0.0,0.0,1.0,100.0,1.0,2.0,12.0,13.0,12.0,6.5,1.08,,
N Peter,"Kingsmead, Durban",2.0,8.0,10.0,1.0,0.0,10.0,80.0,0.8,2.0,30.0,39.0,30.0,7.8,1.3,Durban,
N Peter,"St George's Park, Gqeberha",,0.0,,0.0,0.0,0.0,,,1.0,4.0,6.0,4.0,9.0,1.5,Gqeberha,
N Peter,"SuperSport Park, Centurion",,0.0,,0.0,0.0,0.0,,,1.0,12.0,28.0,12.0,14.0,2.33,Centurion,
N Peter,"Zayed Cricket Stadium, Abu Dhabi",,0.0,,0.0,0.0,0.0,,,1.0,7.0,8.0,7.0,6.86,1.14,Abu Dhabi,
N Pokana,Al Amerat Cricket Ground Oman Cricket (Ministry Turf 1),1.0,5.0,11.0,0.0,0.0,11.0,45.45,0.45,2.0,25.0,36.0,25.0,8.64,1.44,Al Amarat,
N Pokana,Dubai International Cricket Stadium,,0.0,,0.0,0.0,0.0,,,1.0,10.0,11.0,10.0,6.6,1.1,,
N Pokana,ICC Academy Ground No 2,,0.0,,0.0,0.0,0.0,,,1.0,7.0,3.0,7.0,2.57,0.43,Dubai,
N Pokana,"ICC Academy, Dubai",,0.0,,0.0,0.0,0.0,,,1.0,7.0,18.0,7.0,15.43,2.57,Dubai,
N Pokana,Tony Ireland Stadium,1.0,1.0,2.0,0.0,0.0,2.0,50.0,0.5,,,,,0.0,0.0,Townsville,
N Pokana,"Tribhuvan University International Cricket Ground, Kirtipur",1.0,0.0,1.0,0.0,0.0,1.0,0.0,0.0,1.0,9.0,11.0,9.0,7.33,1.22,Kirtipur,
N Pooran,"Arnos Vale Ground, Kingstown, St Vincent",3.0,21.0,25.0,3.0,1.0,25.0,84.0,0.84,,,,,0.0,0.0,Kingstown,
N Pooran,"Bellerive Oval, Hobart",1.0,4.0,4.0,0.0,0.0,4.0,100.0,1.0,,,,,0.0,0.0,Hobart,
N Pooran,Bharat Ratna Shri Atal Bihari Vajpayee Ekana Cricket Stadium,1.0,4.0,3.0,1.0,0.0,3.0,133.33,1.33,,,,,0.0,0.0,Lucknow,
N Pooran,"Brian Lara Stadium, Tarouba, Trinidad",2.0,13.0,20.0,0.0,0.0,20.0,65.0,0.65,,,,,0.0,0.0,Tarouba,
N Pooran,Central Broward Regional Park Stadium Turf Ground,2.0,16.0,14.0,1.0,1.0,14.0,114.29,1.14,,,,,0.0,0.0,Lauderhill,
N Pooran,"Central Broward Regional Park Stadium Turf Ground, Lauderhill",4.0,24.0,35.0,1.0,1.0,35.0,68.57,0.69,,,,,0.0,0.0,Lauderhill,
N Pooran,"Daren Sammy National Cricket Stadium, Gros Islet, St Lucia",1.0,0.0,2.0,0.0,0.0,2.0,0.0,0.0,,,,,0.0,0.0,Gros Islet,
N Pooran,Dubai International Cricket Stadium,2.0,8.0,4.0,2.0,0.0,4.0,200.0,2.0,,,,,0.0,0.0,,
N Pooran,"Eden Gardens, Kolkata",3.0,63.0,52.0,8.0,1.0,52.0,121.15,1.21,,,,,0.0,0.0,Kolkata,
N Pooran,"Kensington Oval, Bridgetown, Barbados",3.0,4.0,11.0,0.0,0.0,11.0,36.36,0.36,,,,,0.0,0.0,Bridgetown,
N Pooran,"MA Chidambaram Stadium, Chepauk",1.0,1.0,1.0,0.0,0.0,1.0,100.0,1.0,,,,,0.0,0.0,Chennai,
N Pooran,"National Cricket Stadium, Grenada",1.0,3.0,6.0,0.0,0.0,6.0,50.0,0.5,,,,,0.0,0.0,St George's,
N Pooran,"National Stadium, Karachi",3.0,60.0,52.0,3.0,4.0,52.0,115.38,1.15,,,,,0.0,0.0,Karachi,
N Pooran,"Providence Stadium, Guyana",5.0,155.0,82.0,12.0,12.0,82.0,189.02,1.89,,,,,0.0,0.0,Providence,
N Pooran,Sharjah Cricket Stadium,1.0,24.0,16.0,1.0,2.0,16.0,150.0,1.5,,,,,0.0,0.0,Sharjah,
N Pooran,"Shere Bangla National Stadium, Mirpur",1.0,9.0,9.0,1.0,0.0,9.0,100.0,1.0,,,,,0.0,0.0,Dhaka,
N Pooran,Sylhet International Cricket Stadium,1.0,15.0,8.0,3.0,0.0,8.0,187.5,1.88,,,,,0.0,0.0,,
N Pooran,"Warner Park, Basseterre, St Kitts",2.0,16.0,6.0,2.0,1.0,6.0,266.67,2.67,,,,,0.0,0.0,Basseterre,
N Pooran,"Windsor Park, Roseau, Dominica",1.0,31.0,24.0,3.0,1.0,24.0,129.17,1.29,,,,,0.0,0.0,Roseau,
N Pradeep,Barabati Stadium,,0.0,,0.0,0.0,0.0,,,1.0,6.0,8.0,6.0,8.0,1.33,Cuttack,
N Pradeep,Gaddafi Stadium,,0.0,,0.0,0.0,0.0,,,2.0,20.0,23.0,20.0,6.9,1.15,Lahore,
N Pradeep,Holkar Cricket Stadium,,0.0,,0.0,0.0,0.0,,,1.0,13.0,35.0,13.0,16.15,2.69,Indore,
N Pradeep,"R.Premadasa Stadium, Khettarama",,0.0,,0.0,0.0,0.0,,,3.0,12.0,19.0,12.0,9.5,1.58,Colombo,
N Salekar,Sano International Cricket Ground,1.0,0.0,4.0,0.0,0.0,4.0,0.0,0.0,,,,,0.0,0.0,Sano,
N Senamontree,Terdthai Cricket Ground,1.0,0.0,3.0,0.0,0.0,3.0,0.0,0.0,1.0,5.0,12.0,5.0,14.4,2.4,Bangkok,
N Thushara,"Daren Sammy National Cricket Stadium, Gros Islet, St Lucia",,0.0,,0.0,0.0,0.0,,,1.0,1.0,1.0,1.0,6.0,1.0,Gros Islet,
N Thushara,Dubai International Cricket Stadium,,0.0,,0.0,0.0,0.0,,,2.0,43.0,75.0,43.0,10.47,1.74,,
N Thushara,"Grand Prairie Stadium, Dallas",1.0,0.0,1.0,0.0,0.0,1.0,0.0,0.0,1.0,19.0,13.0,19.0,4.11,0.68,Dallas,
N Thushara,Harare Sports Club,,0.0,,0.0,0.0,0.0,,,1.0,1.0,1.0,1.0,6.0,1.0,,
N Thushara,Pallekele International Cricket Stadium,,0.0,,0.0,0.0,0.0,,,1.0,21.0,32.0,21.0,9.14,1.52,Kandy,
N Thushara,"R Premadasa Stadium, Colombo",,0.0,,0.0,0.0,0.0,,,2.0,21.0,32.0,21.0,9.14,1.52,Colombo,
N Thushara,Rangiri Dambulla International Stadium,,0.0,,0.0,0.0,0.0,,,1.0,24.0,35.0,24.0,8.75,1.46,Dambulla,
N Thushara,Sylhet International Cricket Stadium,,0.0,,0.0,0.0,0.0,,,1.0,23.0,20.0,23.0,5.22,0.87,,
N Thushara,"Zayed Cricket Stadium, Abu Dhabi",,0.0,,0.0,0.0,0.0,,,2.0,42.0,48.0,42.0,6.86,1.14,Abu Dhabi,
N Vanua,Al Amerat Cricket Ground Oman Cricket (Ministry Turf 1),2.0,1.0,4.0,0.0,0.0,4.0,25.0,0.25,1.0,15.0,23.0,15.0,9.2,1.53,Al Amarat,
N Vanua,Bulawayo Athletic Club,,0.0,,0.0,0.0,0.0,,,1.0,7.0,11.0,7.0,9.43,1.57,Bulawayo,
N Vanua,"Civil Service Cricket Club, Stormont",,0.0,,0.0,0.0,0.0,,,1.0,5.0,5.0,5.0,6.0,1.0,Belfast,
N Vanua,Dubai International Cricket Stadium,1.0,12.0,8.0,0.0,1.0,8.0,150.0,1.5,1.0,12.0,11.0,12.0,5.5,0.92,,
N Vanua,ICC Academy,1.0,9.0,3.0,0.0,1.0,3.0,300.0,3.0,,,,,0.0,0.0,Dubai,
N Vanua,ICC Academy Ground No 2,,0.0,,0.0,0.0,0.0,,,1.0,5.0,6.0,5.0,7.2,1.2,Dubai,
N Vanua,"ICC Academy, Dubai",2.0,10.0,7.0,0.0,1.0,7.0,142.86,1.43,,,,,0.0,0.0,Dubai,
N Vanua,"Providence Stadium, Guyana",,0.0,,0.0,0.0,0.0,,,1.0,12.0,6.0,12.0,3.0,0.5,Providence,
N Vanua,Tony Ireland Stadium,1.0,13.0,9.0,0.0,1.0,9.0,144.44,1.44,1.0,4.0,5.0,4.0,7.5,1.25,Townsville,
N Vanua,"Tribhuvan University International Cricket Ground, Kirtipur",2.0,38.0,19.0,4.0,3.0,19.0,200.0,2.0,3.0,31.0,53.0,31.0,10.26,1.71,Kirtipur,
NA Greenwood,Bulawayo Athletic Club,1.0,4.0,10.0,0.0,0.0,10.0,40.0,0.4,,,,,0.0,0.0,Bulawayo,
NA Greenwood,Sheikh Zayed Stadium,1.0,22.0,18.0,2.0,0.0,18.0,122.22,1.22,1.0,2.0,2.0,2.0,6.0,1.0,Abu Dhabi,
NA Greenwood,Tolerance Oval,1.0,6.0,3.0,1.0,0.0,3.0,200.0,2.0,,,,,0.0,0.0,Abu Dhabi,
NA Rock,"Castle Avenue, Dublin",1.0,1.0,4.0,0.0,0.0,4.0,25.0,0.25,,,,,0.0,0.0,Dublin,
NA Rock,Harare Sports Club,1.0,1.0,1.0,0.0,0.0,1.0,100.0,1.0,,,,,0.0,0.0,,
NA Rock,Sharjah Cricket Stadium,1.0,3.0,3.0,0.0,0.0,3.0,100.0,1.0,,,,,0.0,0.0,Sharjah,
NCK Liyanage,Kinrara Academy Oval,1.0,0.0,1.0,0.0,0.0,1.0,0.0,0.0,,,,,0.0,0.0,Kuala Lumpur,
NJ Ferraby,Sheikh Zayed Stadium,1.0,29.0,29.0,2.0,0.0,29.0,100.0,1.0,,,,,0.0,0.0,Abu Dhabi,
NJ Maddinson,Harare Sports Club,1.0,4.0,5.0,0.0,0.0,5.0,80.0,0.8,,,,,0.0,0.0,,
NJ O'Brien,"Civil Service Cricket Club, Stormont",1.0,2.0,3.0,0.0,0.0,3.0,66.67,0.67,,,,,0.0,0.0,Belfast,
NJ O'Brien,Sheikh Zayed Stadium,1.0,6.0,5.0,0.0,0.0,5.0,120.0,1.2,,,,,0.0,0.0,Abu Dhabi,
NK Aneesh Kumar,Marsa Sports Club,,0.0,,0.0,0.0,0.0,,,1.0,11.0,10.0,11.0,5.45,0.91,Marsa,
NK Patel,"Coolidge Cricket Ground, Antigua",1.0,8.0,4.0,1.0,0.0,4.0,200.0,2.0,1.0,7.0,6.0,7.0,5.14,0.86,Coolidge,
NK Patel,Prairie View Cricket Complex,1.0,2.0,6.0,0.0,0.0,6.0,33.33,0.33,2.0,10.0,16.0,10.0,9.6,1.6,Houston,
NK Patel,"Queens Sports Club, Bulawayo",,0.0,,0.0,0.0,0.0,,,1.0,7.0,4.0,7.0,3.43,0.57,Bulawayo,
NK Patel,"White Hill Field, Sandys Parish",,0.0,,0.0,0.0,0.0,,,1.0,7.0,5.0,7.0,4.29,0.71,Hamilton,
NK Yadav,Al Amerat Cricket Ground Oman Cricket (Ministry Turf 1),,0.0,,0.0,0.0,0.0,,,1.0,3.0,0.0,3.0,0.0,0.0,Al Amarat,
NK Yadav,"Titwood, Glasgow",,0.0,,0.0,0.0,0.0,,,1.0,1.0,0.0,1.0,0.0,0.0,Glasgow,
NL McCullum,Eden Gardens,1.0,0.0,1.0,0.0,0.0,1.0,0.0,0.0,1.0,4.0,3.0,4.0,4.5,0.75,Kolkata,
NLTC Perera,Barabati Stadium,1.0,3.0,3.0,0.0,0.0,3.0,100.0,1.0,1.0,6.0,12.0,6.0,12.0,2.0,Cuttack,
NLTC Perera,Gaddafi Stadium,4.0,40.0,24.0,2.0,3.0,24.0,166.67,1.67,4.0,39.0,57.0,39.0,8.77,1.46,Lahore,
NLTC Perera,Holkar Cricket Stadium,1.0,0.0,1.0,0.0,0.0,1.0,0.0,0.0,1.0,8.0,11.0,8.0,8.25,1.38,Indore,
NLTC Perera,R Premadasa Stadium,2.0,20.0,13.0,3.0,0.0,13.0,153.85,1.54,1.0,3.0,6.0,3.0,12.0,2.0,Colombo,
NLTC Perera,"R.Premadasa Stadium, Khettarama",3.0,33.0,18.0,1.0,3.0,18.0,183.33,1.83,2.0,11.0,7.0,11.0,3.82,0.64,Colombo,
NLTC Perera,Sheikh Zayed Stadium,2.0,8.0,8.0,1.0,0.0,8.0,100.0,1.0,1.0,4.0,8.0,4.0,12.0,2.0,Abu Dhabi,
NLTC Perera,Shere Bangla National Stadium,1.0,0.0,1.0,0.0,0.0,1.0,0.0,0.0,,,,,0.0,0.0,Mirpur,
NLTC Perera,"Shere Bangla National Stadium, Mirpur",1.0,21.0,13.0,3.0,1.0,13.0,161.54,1.62,1.0,7.0,9.0,7.0,7.71,1.29,Dhaka,
NLTC Perera,Sylhet International Cricket Stadium,1.0,30.0,15.0,3.0,1.0,15.0,200.0,2.0,1.0,11.0,14.0,11.0,7.64,1.27,,
NLTC Perera,Wankhede Stadium,1.0,11.0,6.0,2.0,0.0,6.0,183.33,1.83,,,,,0.0,0.0,Mumbai,
NM Coulter-Nile,Barsapara Cricket Stadium,,0.0,,0.0,0.0,0.0,,,1.0,6.0,5.0,6.0,5.0,0.83,Guwahati,
NM Coulter-Nile,Dr. Y.S. Rajasekhara Reddy ACA-VDCA Cricket Stadium,,0.0,,0.0,0.0,0.0,,,1.0,4.0,5.0,4.0,7.5,1.25,Visakhapatnam,
NM Coulter-Nile,Dubai International Cricket Stadium,1.0,27.0,17.0,0.0,3.0,17.0,158.82,1.59,2.0,27.0,37.0,27.0,8.22,1.37,,
NM Coulter-Nile,Himachal Pradesh Cricket Association Stadium,,0.0,,0.0,0.0,0.0,,,1.0,2.0,2.0,2.0,6.0,1.0,Dharamsala,
NM Coulter-Nile,M Chinnaswamy Stadium,,0.0,,0.0,0.0,0.0,,,1.0,4.0,1.0,4.0,1.5,0.25,Bangalore,
NM Coulter-Nile,M.Chinnaswamy Stadium,,0.0,,0.0,0.0,0.0,,,1.0,4.0,5.0,4.0,7.5,1.25,Bengaluru,
NM Coulter-Nile,Melbourne Cricket Ground,1.0,7.0,3.0,0.0,1.0,3.0,233.33,2.33,,,,,0.0,0.0,,
NM Coulter-Nile,Sheikh Zayed Stadium,1.0,31.0,26.0,6.0,0.0,26.0,119.23,1.19,1.0,24.0,44.0,24.0,11.0,1.83,Abu Dhabi,
NM Coulter-Nile,Sydney Cricket Ground,,0.0,,0.0,0.0,0.0,,,1.0,3.0,7.0,3.0,14.0,2.33,,
NM Lyon,Dubai International Cricket Stadium,,0.0,,0.0,0.0,0.0,,,1.0,25.0,29.0,25.0,6.96,1.16,,
NM Odhiambo,Dubai International Cricket Stadium,1.0,3.0,3.0,0.0,0.0,3.0,100.0,1.0,1.0,4.0,5.0,4.0,7.5,1.25,,
NM Odhiambo,"Gymkhana Club Ground, Nairobi",3.0,4.0,8.0,0.0,0.0,8.0,50.0,0.5,1.0,3.0,8.0,3.0,16.0,2.67,Nairobi,
NM Odhiambo,ICC Global Cricket Academy,1.0,8.0,7.0,0.0,1.0,7.0,114.29,1.14,,,,,0.0,0.0,Dubai,
NM Odhiambo,Lugogo Cricket Oval,,0.0,,0.0,0.0,0.0,,,1.0,4.0,4.0,4.0,6.0,1.0,Kampala,
NM Odhiambo,Mombasa Sports Club Ground,,0.0,,0.0,0.0,0.0,,,1.0,2.0,2.0,2.0,6.0,1.0,,
NM Odhiambo,"United Cricket Club Ground, Windhoek",1.0,2.0,3.0,0.0,0.0,3.0,66.67,0.67,2.0,9.0,18.0,9.0,12.0,2.0,Windhoek,
NM Odhiambo,"Wanderers Cricket Ground, Windhoek",,0.0,,0.0,0.0,0.0,,,1.0,5.0,7.0,5.0,8.4,1.4,Windhoek,
NM Odhiambo,"Willowmoore Park, Benoni",,0.0,,0.0,0.0,0.0,,,1.0,7.0,11.0,7.0,9.43,1.57,Benoni,
NMS Param,Dubai International Cricket Stadium,1.0,5.0,4.0,1.0,0.0,4.0,125.0,1.25,1.0,4.0,6.0,4.0,9.0,1.5,,
NN Odhiambo,Gahanga International Cricket Stadium. Rwanda,,0.0,,0.0,0.0,0.0,,,1.0,2.0,2.0,2.0,6.0,1.0,Kigali City,
NN Odhiambo,"Gymkhana Club Ground, Nairobi",1.0,11.0,4.0,2.0,0.0,4.0,275.0,2.75,2.0,14.0,15.0,14.0,6.43,1.07,Nairobi,
NN Odhiambo,ICC Global Cricket Academy,1.0,1.0,3.0,0.0,0.0,3.0,33.33,0.33,,,,,0.0,0.0,Dubai,
NN Odhiambo,Integrated Polytechnic Regional Centre,,0.0,,0.0,0.0,0.0,,,1.0,1.0,0.0,1.0,0.0,0.0,Kigali City,
NN Odhiambo,Mombasa Sports Club Ground,1.0,2.0,2.0,0.0,0.0,2.0,100.0,1.0,,,,,0.0,0.0,,
NN Odhiambo,Sharjah Cricket Stadium,1.0,4.0,4.0,1.0,0.0,4.0,100.0,1.0,1.0,1.0,0.0,1.0,0.0,0.0,Sharjah,
NN Odhiambo,"Willowmoore Park, Benoni",1.0,1.0,2.0,0.0,0.0,2.0,50.0,0.5,,,,,0.0,0.0,Benoni,
NO Miller,Eden Park,1.0,2.0,4.0,0.0,0.0,4.0,50.0,0.5,,,,,0.0,0.0,Auckland,
NP Kenjige,Al Amerat Cricket Ground Oman Cricket (Ministry Turf 1),,0.0,,0.0,0.0,0.0,,,1.0,7.0,1.0,7.0,0.86,0.14,Al Amarat,
NP Kenjige,"Grand Prairie Stadium, Dallas",,0.0,,0.0,0.0,0.0,,,3.0,43.0,55.0,43.0,7.67,1.28,Dallas,
NP Kenjige,Prairie View Cricket Complex,1.0,1.0,1.0,0.0,0.0,1.0,100.0,1.0,3.0,18.0,27.0,18.0,9.0,1.5,Houston,
NP Kenjige,"Sportpark Maarschalkerweerd, Utrecht",1.0,1.0,1.0,0.0,0.0,1.0,100.0,1.0,,,,,0.0,0.0,Utrecht,
NP Kenjige,"Sportpark Westvliet, The Hague",,0.0,,0.0,0.0,0.0,,,1.0,1.0,1.0,1.0,6.0,1.0,The Hague,
NP Kenjige,"Wanderers Cricket Ground, Windhoek",,0.0,,0.0,0.0,0.0,,,1.0,8.0,14.0,8.0,10.5,1.75,Windhoek,
NR Kirton,"Grand Prairie Stadium, Dallas",1.0,4.0,8.0,0.0,0.0,8.0,50.0,0.5,,,,,0.0,0.0,Dallas,
NR Kirton,"Maple Leaf North-West Ground, King City",4.0,33.0,33.0,4.0,1.0,33.0,100.0,1.0,,,,,0.0,0.0,King City,
NR Kirton,"Namibia Cricket Ground, Windhoek",2.0,2.0,5.0,0.0,0.0,5.0,40.0,0.4,,,,,0.0,0.0,Windhoek,
NR Kirton,"Nassau County International Cricket Stadium, New York",1.0,1.0,7.0,0.0,0.0,7.0,14.29,0.14,,,,,0.0,0.0,New York,
NR Kirton,Prairie View Cricket Complex,1.0,3.0,6.0,0.0,0.0,6.0,50.0,0.5,,,,,0.0,0.0,Houston,
NR Kirton,Sheikh Zayed Stadium,1.0,3.0,5.0,0.0,0.0,5.0,60.0,0.6,,,,,0.0,0.0,Abu Dhabi,
NR Kirton,"Sportpark Maarschalkerweerd, Utrecht",1.0,12.0,11.0,0.0,0.0,11.0,109.09,1.09,1.0,4.0,13.0,4.0,19.5,3.25,Utrecht,
NR Kirton,"Sportpark Westvliet, The Hague",1.0,4.0,1.0,1.0,0.0,1.0,400.0,4.0,,,,,0.0,0.0,The Hague,
NR Kumar,"Grand Prairie Stadium, Dallas",1.0,10.0,9.0,1.0,0.0,9.0,111.11,1.11,,,,,0.0,0.0,Dallas,
NR Kumar,"Nassau County International Cricket Stadium, New York",1.0,4.0,7.0,0.0,0.0,7.0,57.14,0.57,,,,,0.0,0.0,New York,
NR Kumar,Prairie View Cricket Complex,4.0,18.0,22.0,1.0,0.0,22.0,81.82,0.82,1.0,6.0,11.0,6.0,11.0,1.83,Houston,
NR Kumar,Sheikh Zayed Stadium,2.0,23.0,15.0,2.0,0.0,15.0,153.33,1.53,1.0,6.0,4.0,6.0,4.0,0.67,Abu Dhabi,
NR Kumar,"Sportpark Westvliet, The Hague",1.0,10.0,8.0,1.0,0.0,8.0,125.0,1.25,,,,,0.0,0.0,The Hague,
NR Kumar,"White Hill Field, Sandys Parish",,0.0,,0.0,0.0,0.0,,,1.0,1.0,1.0,1.0,6.0,1.0,Hamilton,
NR Welch,"United Cricket Club Ground, Windhoek",1.0,1.0,6.0,0.0,0.0,6.0,16.67,0.17,,,,,0.0,0.0,Windhoek,
NR Welch,"Wanderers Cricket Ground, Windhoek",2.0,5.0,6.0,1.0,0.0,6.0,83.33,0.83,,,,,0.0,0.0,Windhoek,
NRJ Croes,Al Amerat Cricket Ground Oman Cricket (Ministry Turf 1),3.0,24.0,18.0,3.0,0.0,18.0,133.33,1.33,,,,,0.0,0.0,Al Amarat,
NRJ Croes,"Sportpark Maarschalkerweerd, Utrecht",1.0,7.0,10.0,0.0,0.0,10.0,70.0,0.7,,,,,0.0,0.0,Utrecht,
NRJ Croes,"Sportpark Westvliet, The Hague",1.0,0.0,2.0,0.0,0.0,2.0,0.0,0.0,,,,,0.0,0.0,The Hague,
NRJ Croes,Sylhet International Cricket Stadium,2.0,13.0,18.0,1.0,0.0,18.0,72.22,0.72,,,,,0.0,0.0,,
NRJ Croes,"Tribhuvan University International Cricket Ground, Kirtipur",1.0,3.0,6.0,0.0,0.0,6.0,50.0,0.5,,,,,0.0,0.0,Kirtipur,
NS Dhaliwal,Al Amerat Cricket Ground Oman Cricket (Ministry Turf 1),1.0,1.0,9.0,0.0,0.0,9.0,11.11,0.11,,,,,0.0,0.0,Al Amarat,
NS Dhaliwal,"Coolidge Cricket Ground, Antigua",1.0,18.0,10.0,1.0,1.0,10.0,180.0,1.8,,,,,0.0,0.0,Coolidge,
NS Dhaliwal,"Grand Prairie Stadium, Dallas",1.0,23.0,18.0,3.0,1.0,18.0,127.78,1.28,,,,,0.0,0.0,Dallas,
NS Dhaliwal,"Jimmy Powell Oval, Cayman Islands",1.0,0.0,3.0,0.0,0.0,3.0,0.0,0.0,,,,,0.0,0.0,George Town,
NS Dhaliwal,"Maple Leaf North-West Ground, King City",4.0,27.0,39.0,2.0,1.0,39.0,69.23,0.69,,,,,0.0,0.0,King City,
NS Dhaliwal,"Namibia Cricket Ground, Windhoek",1.0,7.0,5.0,1.0,0.0,5.0,140.0,1.4,,,,,0.0,0.0,Windhoek,
NS Dhaliwal,"Nassau County International Cricket Stadium, New York",1.0,0.0,1.0,0.0,0.0,1.0,0.0,0.0,,,,,0.0,0.0,New York,
NS Dhaliwal,Sheikh Zayed Stadium,2.0,20.0,15.0,0.0,1.0,15.0,133.33,1.33,,,,,0.0,0.0,Abu Dhabi,
NS Dhaliwal,"White Hill Field, Sandys Parish",1.0,2.0,2.0,0.0,0.0,2.0,100.0,1.0,,,,,0.0,0.0,Hamilton,
NT Ellis,"Barsapara Cricket Stadium, Guwahati",,0.0,,0.0,0.0,0.0,,,1.0,10.0,13.0,10.0,7.8,1.3,Guwahati,
NT Ellis,"Bellerive Oval, Hobart",,0.0,,0.0,0.0,0.0,,,2.0,36.0,43.0,36.0,7.17,1.19,Hobart,
NT Ellis,"Brisbane Cricket Ground, Woolloongabba, Brisbane",,0.0,,0.0,0.0,0.0,,,2.0,18.0,22.0,18.0,7.33,1.22,Brisbane,
NT Ellis,Carrara Oval,1.0,1.0,2.0,0.0,0.0,2.0,50.0,0.5,1.0,16.0,16.0,16.0,6.0,1.0,Carrara,
NT Ellis,"Dr. Y.S. Rajasekhara Reddy ACA-VDCA Cricket Stadium, Visakhapatnam",,0.0,,0.0,0.0,0.0,,,1.0,5.0,9.0,5.0,10.8,1.8,Visakhapatnam,
NT Ellis,"Eden Park, Auckland",1.0,3.0,5.0,0.0,0.0,5.0,60.0,0.6,,,,,0.0,0.0,Auckland,
NT Ellis,"Gaddafi Stadium, Lahore",,0.0,,0.0,0.0,0.0,,,1.0,15.0,23.0,15.0,9.2,1.53,Lahore,
NT Ellis,"Greenfield International Stadium, Thiruvananthapuram",,0.0,,0.0,0.0,0.0,,,1.0,4.0,8.0,4.0,12.0,2.0,Thiruvananthapuram,
NT Ellis,"Kensington Oval, Bridgetown, Barbados",,0.0,,0.0,0.0,0.0,,,1.0,11.0,8.0,11.0,4.36,0.73,Bridgetown,
NT Ellis,"M Chinnaswamy Stadium, Bengaluru",1.0,4.0,6.0,0.0,0.0,6.0,66.67,0.67,1.0,3.0,4.0,3.0,8.0,1.33,Bengaluru,
NT Ellis,"Manuka Oval, Canberra",,0.0,,0.0,0.0,0.0,,,1.0,5.0,9.0,5.0,10.8,1.8,Canberra,
NT Ellis,Melbourne Cricket Ground,,0.0,,0.0,0.0,0.0,,,1.0,14.0,18.0,14.0,7.71,1.29,,
NT Ellis,"Punjab Cricket Association IS Bindra Stadium, Mohali, Chandigarh",,0.0,,0.0,0.0,0.0,,,1.0,4.0,5.0,4.0,7.5,1.25,Chandigarh,
NT Ellis,"Shere Bangla National Stadium, Mirpur",1.0,1.0,2.0,0.0,0.0,2.0,50.0,0.5,2.0,27.0,22.0,27.0,4.89,0.81,Dhaka,
NT Ellis,"Sir Vivian Richards Stadium, North Sound, Antigua",,0.0,,0.0,0.0,0.0,,,1.0,4.0,0.0,4.0,0.0,0.0,North Sound,
NT Ellis,Sydney Cricket Ground,1.0,1.0,4.0,0.0,0.0,4.0,25.0,0.25,1.0,25.0,31.0,25.0,7.44,1.24,,
NT Rajendran,Al Amerat Cricket Ground Oman Cricket (Ministry Turf 1),,0.0,,0.0,0.0,0.0,,,2.0,12.0,9.0,12.0,4.5,0.75,Al Amarat,
NT Rajendran,"Mission Road Ground, Mong Kok, Hong Kong",1.0,2.0,2.0,0.0,0.0,2.0,100.0,1.0,1.0,5.0,3.0,5.0,3.6,0.6,Mong Kok,
Nadeem Ahmed,Khan Shaheb Osman Ali Stadium,,0.0,,0.0,0.0,0.0,,,1.0,3.0,1.0,3.0,2.0,0.33,Fatullah,
Nadeem Ahmed,P Sara Oval,,0.0,,0.0,0.0,0.0,,,1.0,10.0,9.0,10.0,5.4,0.9,Colombo,
Nadeem Ahmed,Sheikh Zayed Stadium,3.0,11.0,21.0,0.0,0.0,21.0,52.38,0.52,2.0,25.0,32.0,25.0,7.68,1.28,Abu Dhabi,
Nadeem Khan,Al Amerat Cricket Ground Oman Cricket (Ministry Turf 1),,0.0,,0.0,0.0,0.0,,,1.0,7.0,3.0,7.0,2.57,0.43,Al Amarat,
Nahid Rana,Sharjah Cricket Stadium,,0.0,,0.0,0.0,0.0,,,1.0,28.0,50.0,28.0,10.71,1.79,Sharjah,
Najeeb Amar,Zahur Ahmed Chowdhury Stadium,1.0,0.0,5.0,0.0,0.0,5.0,0.0,0.0,,,,,0.0,0.0,Chattogram,
Naseem Khushi,Al Amerat Cricket Ground Oman Cricket (Ministry Turf 1),20.0,363.0,232.0,24.0,27.0,232.0,156.47,1.56,,,,,0.0,0.0,Al Amarat,
Naseem Khushi,Al Amerat Cricket Ground Oman Cricket (Ministry Turf 2),4.0,98.0,56.0,9.0,7.0,56.0,175.0,1.75,,,,,0.0,0.0,Al Amarat,
Naseem Khushi,Dubai International Cricket Stadium,2.0,26.0,11.0,2.0,2.0,11.0,236.36,2.36,,,,,0.0,0.0,,
Naseem Khushi,"Kensington Oval, Bridgetown, Barbados",1.0,8.0,9.0,1.0,0.0,9.0,88.89,0.89,,,,,0.0,0.0,Bridgetown,
Naseem Khushi,Sheikh Zayed Stadium,1.0,25.0,20.0,1.0,1.0,20.0,125.0,1.25,,,,,0.0,0.0,Abu Dhabi,
Naseem Khushi,"Sir Vivian Richards Stadium, North Sound, Antigua",1.0,10.0,9.0,0.0,1.0,9.0,111.11,1.11,,,,,0.0,0.0,North Sound,
Naseem Khushi,"Tribhuvan University International Cricket Ground, Kirtipur",2.0,45.0,22.0,2.0,5.0,22.0,204.55,2.05,,,,,0.0,0.0,Kirtipur,
Naseem Khushi,"West End Park International Cricket Stadium, Doha",3.0,37.0,25.0,0.0,4.0,25.0,148.0,1.48,,,,,0.0,0.0,Doha,
Naseem Shah,Adelaide Oval,,0.0,,0.0,0.0,0.0,,,1.0,18.0,16.0,18.0,5.33,0.89,Adelaide,
Naseem Shah,"Brisbane Cricket Ground, Woolloongabba, Brisbane",1.0,0.0,1.0,0.0,0.0,1.0,0.0,0.0,1.0,13.0,37.0,13.0,17.08,2.85,Brisbane,
Naseem Shah,"Castle Avenue, Dublin",,0.0,,0.0,0.0,0.0,,,2.0,52.0,73.0,52.0,8.42,1.4,Dublin,
Naseem Shah,Dubai International Cricket Stadium,2.0,4.0,4.0,1.0,0.0,4.0,100.0,1.0,3.0,75.0,114.0,75.0,9.12,1.52,,
Naseem Shah,"Gaddafi Stadium, Lahore",1.0,0.0,3.0,0.0,0.0,3.0,0.0,0.0,2.0,50.0,58.0,50.0,6.96,1.16,Lahore,
Naseem Shah,"Grand Prairie Stadium, Dallas",,0.0,,0.0,0.0,0.0,,,1.0,26.0,26.0,26.0,6.0,1.0,Dallas,
Naseem Shah,"Hagley Oval, Christchurch",,0.0,,0.0,0.0,0.0,,,3.0,70.0,87.0,70.0,7.46,1.24,Christchurch,
Naseem Shah,"Kennington Oval, London",1.0,16.0,18.0,1.0,1.0,18.0,88.89,0.89,1.0,25.0,51.0,25.0,12.24,2.04,London,
Naseem Shah,Melbourne Cricket Ground,,0.0,,0.0,0.0,0.0,,,2.0,49.0,53.0,49.0,6.49,1.08,,
Naseem Shah,"Nassau County International Cricket Stadium, New York",1.0,10.0,4.0,2.0,0.0,4.0,250.0,2.5,2.0,51.0,46.0,51.0,5.41,0.9,New York,
Naseem Shah,"National Stadium, Karachi",1.0,0.0,1.0,0.0,0.0,1.0,0.0,0.0,1.0,25.0,41.0,25.0,9.84,1.64,Karachi,
Naseem Shah,Perth Stadium,,0.0,,0.0,0.0,0.0,,,2.0,50.0,46.0,50.0,5.52,0.92,Perth,
Naseem Shah,Rawalpindi Cricket Stadium,1.0,9.0,9.0,2.0,0.0,9.0,100.0,1.0,3.0,63.0,106.0,63.0,10.1,1.68,,
Naseem Shah,Sharjah Cricket Stadium,,0.0,,0.0,0.0,0.0,,,1.0,14.0,7.0,14.0,3.0,0.5,Sharjah,
Naseem Shah,Sydney Cricket Ground,2.0,5.0,5.0,0.0,0.0,5.0,100.0,1.0,3.0,68.0,98.0,68.0,8.65,1.44,,
Nasir Jamshed,Pallekele International Cricket Stadium,1.0,8.0,3.0,0.0,1.0,3.0,266.67,2.67,,,,,0.0,0.0,Kandy,
Nasrulla Rana,Al Amerat Cricket Ground Oman Cricket (Ministry Turf 1),1.0,2.0,4.0,0.0,0.0,4.0,50.0,0.5,3.0,15.0,24.0,15.0,9.6,1.6,Al Amarat,
Nasrulla Rana,Dubai International Cricket Stadium,1.0,4.0,7.0,0.0,0.0,7.0,57.14,0.57,1.0,9.0,18.0,9.0,12.0,2.0,,
Nasrulla Rana,Sheikh Zayed Stadium,1.0,5.0,7.0,0.0,0.0,7.0,71.43,0.71,1.0,4.0,6.0,4.0,9.0,1.5,Abu Dhabi,
Nasrulla Rana,Tolerance Oval,,0.0,,0.0,0.0,0.0,,,1.0,9.0,8.0,9.0,5.33,0.89,Abu Dhabi,
Nasrulla Rana,Zhejiang University of Technology Cricket Field,1.0,0.0,2.0,0.0,0.0,2.0,0.0,0.0,1.0,8.0,6.0,8.0,4.5,0.75,Hangzhou,
Nasum Ahmed,Adelaide Oval,1.0,7.0,6.0,1.0,0.0,6.0,116.67,1.17,1.0,26.0,16.0,26.0,3.69,0.62,Adelaide,
Nasum Ahmed,"Bir Sreshtho Flight Lieutenant Matiur Rahman Stadium, Chattogram",3.0,23.0,21.0,3.0,1.0,21.0,109.52,1.1,3.0,66.0,79.0,66.0,7.18,1.2,Chattogram,
Nasum Ahmed,Dubai International Cricket Stadium,2.0,5.0,7.0,0.0,0.0,7.0,71.43,0.71,4.0,97.0,137.0,97.0,8.47,1.41,,
Nasum Ahmed,Eden Park,1.0,3.0,4.0,0.0,0.0,4.0,75.0,0.75,1.0,12.0,29.0,12.0,14.5,2.42,Auckland,
Nasum Ahmed,"Hagley Oval, Christchurch",1.0,0.0,1.0,0.0,0.0,1.0,0.0,0.0,1.0,25.0,22.0,25.0,5.28,0.88,Christchurch,
Nasum Ahmed,Harare Sports Club,1.0,2.0,1.0,0.0,0.0,1.0,200.0,2.0,3.0,54.0,115.0,54.0,12.78,2.13,,
Nasum Ahmed,McLean Park,,0.0,,0.0,0.0,0.0,,,1.0,24.0,25.0,24.0,6.25,1.04,Napier,
Nasum Ahmed,"Providence Stadium, Guyana",,0.0,,0.0,0.0,0.0,,,1.0,26.0,44.0,26.0,10.15,1.69,Providence,
Nasum Ahmed,Seddon Park,1.0,0.0,1.0,0.0,0.0,1.0,0.0,0.0,1.0,25.0,30.0,25.0,7.2,1.2,Hamilton,
Nasum Ahmed,Sharjah Cricket Stadium,,0.0,,0.0,0.0,0.0,,,1.0,17.0,29.0,17.0,10.24,1.71,Sharjah,
Nasum Ahmed,"Shere Bangla National Stadium, Mirpur",4.0,18.0,26.0,2.0,0.0,26.0,69.23,0.69,13.0,250.0,215.0,250.0,5.16,0.86,Dhaka,
Nasum Ahmed,Sylhet International Cricket Stadium,,0.0,,0.0,0.0,0.0,,,1.0,25.0,21.0,25.0,5.04,0.84,,
Nasum Ahmed,"Windsor Park, Roseau, Dominica",1.0,7.0,4.0,1.0,0.0,4.0,175.0,1.75,,,,,0.0,0.0,Roseau,
Nasum Ahmed,"Zahur Ahmed Chowdhury Stadium, Chattogram",1.0,13.0,17.0,1.0,0.0,17.0,76.47,0.76,4.0,56.0,100.0,56.0,10.71,1.79,Chattogram,
Nasum Ahmed,"Zayed Cricket Stadium, Abu Dhabi",2.0,19.0,11.0,1.0,2.0,11.0,172.73,1.73,2.0,31.0,48.0,31.0,9.29,1.55,Abu Dhabi,
Nazmul Hossain Shanto,Adelaide Oval,2.0,36.0,33.0,4.0,0.0,33.0,109.09,1.09,,,,,0.0,0.0,Adelaide,
Nazmul Hossain Shanto,"Arnos Vale Ground, Kingstown, St Vincent",1.0,3.0,3.0,0.0,0.0,3.0,100.0,1.0,,,,,0.0,0.0,Kingstown,
Nazmul Hossain Shanto,"Arun Jaitley Stadium, Delhi",1.0,10.0,5.0,2.0,0.0,5.0,200.0,2.0,,,,,0.0,0.0,Delhi,
Nazmul Hossain Shanto,"Bay Oval, Mount Maunganui",1.0,8.0,10.0,2.0,0.0,10.0,80.0,0.8,,,,,0.0,0.0,Mount Maunganui,
Nazmul Hossain Shanto,"Brisbane Cricket Ground, Woolloongabba, Brisbane",1.0,7.0,7.0,0.0,0.0,7.0,100.0,1.0,,,,,0.0,0.0,Brisbane,
Nazmul Hossain Shanto,"Hagley Oval, Christchurch",3.0,12.0,21.0,2.0,0.0,21.0,57.14,0.57,,,,,0.0,0.0,Christchurch,
Nazmul Hossain Shanto,Harare Sports Club,3.0,28.0,25.0,3.0,0.0,25.0,112.0,1.12,,,,,0.0,0.0,,
Nazmul Hossain Shanto,"McLean Park, Napier",1.0,12.0,8.0,3.0,0.0,8.0,150.0,1.5,,,,,0.0,0.0,Napier,
Nazmul Hossain Shanto,Prairie View Cricket Complex,1.0,17.0,12.0,1.0,1.0,12.0,141.67,1.42,,,,,0.0,0.0,Houston,
Nazmul Hossain Shanto,"Rajiv Gandhi International Stadium, Uppal, Hyderabad",1.0,1.0,4.0,0.0,0.0,4.0,25.0,0.25,,,,,0.0,0.0,Hyderabad,
Nazmul Hossain Shanto,"Shere Bangla National Stadium, Mirpur",7.0,51.0,50.0,3.0,1.0,50.0,102.0,1.02,1.0,4.0,1.0,4.0,1.5,0.25,Dhaka,
Nazmul Hossain Shanto,"Shrimant Madhavrao Scindia Cricket Stadium, Gwalior",1.0,3.0,6.0,0.0,0.0,6.0,50.0,0.5,,,,,0.0,0.0,Gwalior,
Nazmul Hossain Shanto,"Sir Vivian Richards Stadium, North Sound, Antigua",1.0,8.0,9.0,0.0,0.0,9.0,88.89,0.89,,,,,0.0,0.0,North Sound,
Nazmul Hossain Shanto,"Zahur Ahmed Chowdhury Stadium, Chattogram",3.0,25.0,19.0,1.0,1.0,19.0,131.58,1.32,,,,,0.0,0.0,Chattogram,
Nazmul Islam,"R.Premadasa Stadium, Khettarama",,0.0,,0.0,0.0,0.0,,,1.0,5.0,8.0,5.0,9.6,1.6,Colombo,
Niaz Ali,Zhejiang University of Technology Cricket Field,1.0,4.0,6.0,1.0,0.0,6.0,66.67,0.67,1.0,18.0,24.0,18.0,8.0,1.33,Hangzhou,
Nilansh Keswani,Mulpani Cricket Ground,2.0,7.0,4.0,1.0,0.0,4.0,175.0,1.75,3.0,34.0,43.0,34.0,7.59,1.26,Kathmandu,
Nimish Lathief,Al Amerat Cricket Ground Oman Cricket (Ministry Turf 2),1.0,6.0,8.0,1.0,0.0,8.0,75.0,0.75,1.0,21.0,25.0,21.0,7.14,1.19,Al Amarat,
Nimish Lathief,"Mission Road Ground, Mong Kok, Hong Kong",1.0,6.0,2.0,0.0,1.0,2.0,300.0,3.0,1.0,8.0,8.0,8.0,6.0,1.0,Mong Kok,
Nithish Kumar Reddy,"Arun Jaitley Stadium, Delhi",1.0,36.0,20.0,2.0,3.0,20.0,180.0,1.8,1.0,18.0,24.0,18.0,8.0,1.33,Delhi,
Nithish Kumar Reddy,"Rajiv Gandhi International Stadium, Uppal, Hyderabad",1.0,0.0,1.0,0.0,0.0,1.0,0.0,0.0,1.0,18.0,31.0,18.0,10.33,1.72,Hyderabad,
Nithish Kumar Reddy,"Shrimant Madhavrao Scindia Cricket Stadium, Gwalior",1.0,13.0,11.0,0.0,1.0,11.0,118.18,1.18,1.0,2.0,7.0,2.0,21.0,3.5,Gwalior,
Nizakat Khan,Al Amerat Cricket Ground Oman Cricket (Ministry Turf 1),4.0,47.0,47.0,7.0,0.0,47.0,100.0,1.0,,,,,0.0,0.0,Al Amarat,
Nizakat Khan,"Civil Service Cricket Club, Stormont",1.0,7.0,6.0,1.0,0.0,6.0,116.67,1.17,1.0,4.0,1.0,4.0,1.5,0.25,Belfast,
Nizakat Khan,Dubai International Cricket Stadium,2.0,5.0,8.0,1.0,0.0,8.0,62.5,0.62,,,,,0.0,0.0,,
Nizakat Khan,Khan Shaheb Osman Ali Stadium,1.0,0.0,1.0,0.0,0.0,1.0,0.0,0.0,,,,,0.0,0.0,Fatullah,
Nizakat Khan,"Mission Road Ground, Mong Kok, Hong Kong",2.0,20.0,18.0,2.0,1.0,18.0,111.11,1.11,,,,,0.0,0.0,Mong Kok,
Nizakat Khan,Mulpani Cricket Ground,2.0,2.0,3.0,0.0,0.0,3.0,66.67,0.67,1.0,1.0,1.0,1.0,6.0,1.0,Kathmandu,
Nizakat Khan,"Queens Sports Club, Bulawayo",1.0,4.0,5.0,0.0,0.0,5.0,80.0,0.8,,,,,0.0,0.0,Bulawayo,
Nizakat Khan,Sharjah Cricket Stadium,1.0,1.0,9.0,0.0,0.0,9.0,11.11,0.11,,,,,0.0,0.0,Sharjah,
Nizakat Khan,Sheikh Zayed Stadium,3.0,37.0,32.0,2.0,1.0,32.0,115.62,1.16,,,,,0.0,0.0,Abu Dhabi,
Nizakat Khan,Terdthai Cricket Ground,1.0,9.0,5.0,2.0,0.0,5.0,180.0,1.8,,,,,0.0,0.0,Bangkok,
Nizakat Khan,"The Village, Malahide",1.0,1.0,3.0,0.0,0.0,3.0,33.33,0.33,,,,,0.0,0.0,Dublin,
Nizakat Khan,"Zayed Cricket Stadium, Abu Dhabi",1.0,42.0,40.0,2.0,1.0,40.0,105.0,1.05,,,,,0.0,0.0,Abu Dhabi,
Nizakat Khan,Zhejiang University of Technology Cricket Field,1.0,1.0,5.0,0.0,0.0,5.0,20.0,0.2,,,,,0.0,0.0,Hangzhou,
Noah Mead,Al Amerat Cricket Ground Oman Cricket (Ministry Turf 1),,0.0,,0.0,0.0,0.0,,,1.0,4.0,6.0,4.0,9.0,1.5,Al Amarat,
Nooruddin Mujadady,Bayer Uerdingen Cricket Ground,,0.0,,0.0,0.0,0.0,,,1.0,5.0,7.0,5.0,8.4,1.4,Krefeld,
Nouman Sarwar,Indian Association Ground,1.0,4.0,4.0,0.0,0.0,4.0,100.0,1.0,1.0,3.0,3.0,3.0,6.0,1.0,Singapore,
Nurul Hasan,Adelaide Oval,2.0,25.0,17.0,2.0,1.0,17.0,147.06,1.47,,,,,0.0,0.0,Adelaide,
Nurul Hasan,Al Amerat Cricket Ground Oman Cricket (Ministry Turf 1),3.0,5.0,8.0,0.0,0.0,8.0,62.5,0.62,,,,,0.0,0.0,Al Amarat,
Nurul Hasan,Bay Oval,2.0,17.0,14.0,1.0,0.0,14.0,121.43,1.21,,,,,0.0,0.0,Mount Maunganui,
Nurul Hasan,"Bellerive Oval, Hobart",1.0,13.0,19.0,0.0,0.0,19.0,68.42,0.68,,,,,0.0,0.0,Hobart,
Nurul Hasan,"Bir Sreshtho Flight Lieutenant Matiur Rahman Stadium, Chattogram",2.0,6.0,15.0,0.0,0.0,15.0,40.0,0.4,,,,,0.0,0.0,Chattogram,
Nurul Hasan,"Brisbane Cricket Ground, Woolloongabba, Brisbane",1.0,1.0,1.0,0.0,0.0,1.0,100.0,1.0,,,,,0.0,0.0,Brisbane,
Nurul Hasan,Dubai International Cricket Stadium,3.0,70.0,57.0,3.0,4.0,57.0,122.81,1.23,,,,,0.0,0.0,,
Nurul Hasan,"Hagley Oval, Christchurch",4.0,37.0,32.0,2.0,2.0,32.0,115.62,1.16,,,,,0.0,0.0,Christchurch,
Nurul Hasan,Harare Sports Club,4.0,68.0,44.0,3.0,5.0,44.0,154.55,1.55,,,,,0.0,0.0,,
Nurul Hasan,McLean Park,1.0,7.0,6.0,1.0,0.0,6.0,116.67,1.17,,,,,0.0,0.0,Napier,
Nurul Hasan,"Providence Stadium, Guyana",1.0,2.0,2.0,0.0,0.0,2.0,100.0,1.0,,,,,0.0,0.0,Providence,
Nurul Hasan,Sheikh Abu Naser Stadium,3.0,52.0,38.0,7.0,0.0,38.0,136.84,1.37,,,,,0.0,0.0,Khulna,
Nurul Hasan,Shere Bangla National Stadium,2.0,2.0,6.0,0.0,0.0,6.0,33.33,0.33,,,,,0.0,0.0,Mirpur,
Nurul Hasan,"Shere Bangla National Stadium, Mirpur",11.0,112.0,107.0,7.0,3.0,107.0,104.67,1.05,,,,,0.0,0.0,Dhaka,
Nurul Hasan,Sydney Cricket Ground,1.0,2.0,6.0,0.0,0.0,6.0,33.33,0.33,,,,,0.0,0.0,,
Nurul Hasan,Sylhet International Cricket Stadium,1.0,22.0,11.0,0.0,2.0,11.0,200.0,2.0,,,,,0.0,0.0,,
Nurul Hasan,"Windsor Park, Roseau, Dominica",2.0,32.0,30.0,1.0,2.0,30.0,106.67,1.07,,,,,0.0,0.0,Roseau,
Nurul Hasan,"Zayed Cricket Stadium, Abu Dhabi",1.0,16.0,19.0,0.0,0.0,19.0,84.21,0.84,,,,,0.0,0.0,Abu Dhabi,
O Bascome,Dubai International Cricket Stadium,1.0,0.0,6.0,0.0,0.0,6.0,0.0,0.0,,,,,0.0,0.0,,
O Bascome,ICC Academy Ground No 2,1.0,2.0,2.0,0.0,0.0,2.0,100.0,1.0,,,,,0.0,0.0,Dubai,
O Bascome,National Stadium,1.0,1.0,1.0,0.0,0.0,1.0,100.0,1.0,,,,,0.0,0.0,Karachi,
O Bascome,"Sir Vivian Richards Stadium, North Sound, Antigua",1.0,2.0,2.0,0.0,0.0,2.0,100.0,1.0,,,,,0.0,0.0,North Sound,
O Isesele,Entebbe Cricket Oval,,0.0,,0.0,0.0,0.0,,,1.0,12.0,35.0,12.0,17.5,2.92,Entebbe,
O Lutbayar,Sano International Cricket Ground,1.0,0.0,1.0,0.0,0.0,1.0,0.0,0.0,,,,,0.0,0.0,Sano,
O Lutbayar,Zhejiang University of Technology Cricket Field,,0.0,,0.0,0.0,0.0,,,1.0,12.0,21.0,12.0,10.5,1.75,Hangzhou,
O Muzondo,"Achimota Senior Secondary School A Field, Accra",,0.0,,0.0,0.0,0.0,,,1.0,2.0,1.0,2.0,3.0,0.5,Accra,
O Thomas,Eden Gardens,,0.0,,0.0,0.0,0.0,,,1.0,7.0,11.0,7.0,9.43,1.57,Kolkata,
O Thomas,"MA Chidambaram Stadium, Chepauk",,0.0,,0.0,0.0,0.0,,,1.0,2.0,1.0,2.0,3.0,0.5,Chennai,
O Thomas,"National Stadium, Karachi",1.0,0.0,1.0,0.0,0.0,1.0,0.0,0.0,3.0,43.0,77.0,43.0,10.74,1.79,Karachi,
O Thomas,"Providence Stadium, Guyana",,0.0,,0.0,0.0,0.0,,,1.0,6.0,6.0,6.0,6.0,1.0,Providence,
O Thomas,"Shere Bangla National Stadium, Mirpur",,0.0,,0.0,0.0,0.0,,,2.0,25.0,60.0,25.0,14.4,2.4,Dhaka,
O Thomas,Sylhet International Cricket Stadium,,0.0,,0.0,0.0,0.0,,,1.0,4.0,5.0,4.0,7.5,1.25,,
OC McCoy,"Arnos Vale Ground, Kingstown, St Vincent",3.0,5.0,9.0,1.0,0.0,9.0,55.56,0.56,3.0,53.0,85.0,53.0,9.62,1.6,Kingstown,
OC McCoy,"Bellerive Oval, Hobart",,0.0,,0.0,0.0,0.0,,,1.0,2.0,5.0,2.0,15.0,2.5,Hobart,
OC McCoy,"Brian Lara Stadium, Tarouba, Trinidad",,0.0,,0.0,0.0,0.0,,,1.0,17.0,18.0,17.0,6.35,1.06,Tarouba,
OC McCoy,"Central Broward Regional Park Stadium Turf Ground, Lauderhill",2.0,0.0,8.0,0.0,0.0,8.0,0.0,0.0,2.0,15.0,19.0,15.0,7.6,1.27,Lauderhill,
OC McCoy,"Kensington Oval, Bridgetown, Barbados",,0.0,,0.0,0.0,0.0,,,1.0,2.0,5.0,2.0,15.0,2.5,Bridgetown,
OC McCoy,"Providence Stadium, Guyana",,0.0,,0.0,0.0,0.0,,,3.0,34.0,36.0,34.0,6.35,1.06,Providence,
OC McCoy,Sharjah Cricket Stadium,1.0,0.0,3.0,0.0,0.0,3.0,0.0,0.0,1.0,10.0,14.0,10.0,8.4,1.4,Sharjah,
OC McCoy,"Warner Park, Basseterre, St Kitts",,0.0,,0.0,0.0,0.0,,,1.0,1.0,1.0,1.0,6.0,1.0,Basseterre,
OC McCoy,"Windsor Park, Roseau, Dominica",,0.0,,0.0,0.0,0.0,,,2.0,11.0,12.0,11.0,6.55,1.09,Roseau,
OE Taylor,Sano International Cricket Ground,1.0,2.0,3.0,0.0,0.0,3.0,66.67,0.67,1.0,3.0,1.0,3.0,2.0,0.33,Sano,
OEG Baartman,"Arnos Vale Ground, Kingstown, St Vincent",,0.0,,0.0,0.0,0.0,,,1.0,13.0,12.0,13.0,5.54,0.92,Kingstown,
OEG Baartman,"Gaddafi Stadium, Lahore",2.0,12.0,22.0,1.0,0.0,22.0,54.55,0.55,2.0,18.0,51.0,18.0,17.0,2.83,Lahore,
OEG Baartman,"Kingsmead, Durban",,0.0,,0.0,0.0,0.0,,,1.0,25.0,30.0,25.0,7.2,1.2,Durban,
OEG Baartman,"Nassau County International Cricket Stadium, New York",,0.0,,0.0,0.0,0.0,,,1.0,8.0,12.0,8.0,9.0,1.5,New York,
OEG Baartman,"SuperSport Park, Centurion",,0.0,,0.0,0.0,0.0,,,1.0,29.0,51.0,29.0,10.55,1.76,Centurion,
OEG Baartman,"Zayed Cricket Stadium, Abu Dhabi",,0.0,,0.0,0.0,0.0,,,1.0,2.0,7.0,2.0,21.0,3.5,Abu Dhabi,
OF Smith,"Bellerive Oval, Hobart",,0.0,,0.0,0.0,0.0,,,1.0,2.0,6.0,2.0,18.0,3.0,Hobart,
OF Smith,"Brian Lara Stadium, Tarouba, Trinidad",1.0,0.0,2.0,0.0,0.0,2.0,0.0,0.0,,,,,0.0,0.0,Tarouba,
OF Smith,"Central Broward Regional Park Stadium Turf Ground, Lauderhill",2.0,15.0,16.0,0.0,1.0,16.0,93.75,0.94,2.0,12.0,25.0,12.0,12.5,2.08,Lauderhill,
OF Smith,"Eden Gardens, Kolkata",,0.0,,0.0,0.0,0.0,,,1.0,1.0,1.0,1.0,6.0,1.0,Kolkata,
OF Smith,National Stadium,1.0,6.0,5.0,1.0,0.0,5.0,120.0,1.2,2.0,35.0,62.0,35.0,10.63,1.77,Karachi,
OF Smith,"National Stadium, Karachi",2.0,31.0,21.0,2.0,3.0,21.0,147.62,1.48,3.0,28.0,47.0,28.0,10.07,1.68,Karachi,
OF Smith,"Providence Stadium, Guyana",1.0,2.0,5.0,0.0,0.0,5.0,40.0,0.4,1.0,15.0,26.0,15.0,10.4,1.73,Providence,
OF Smith,"Warner Park, Basseterre, St Kitts",1.0,4.0,4.0,0.0,0.0,4.0,100.0,1.0,,,,,0.0,0.0,Basseterre,
OF Smith,"Windsor Park, Roseau, Dominica",1.0,11.0,4.0,0.0,1.0,4.0,275.0,2.75,2.0,15.0,22.0,15.0,8.8,1.47,Roseau,
OGL Bascome,ICC Academy Ground No 2,1.0,0.0,1.0,0.0,0.0,1.0,0.0,0.0,1.0,3.0,3.0,3.0,6.0,1.0,Dubai,
OGL Bascome,"Jimmy Powell Oval, Cayman Islands",2.0,2.0,6.0,0.0,0.0,6.0,33.33,0.33,,,,,0.0,0.0,George Town,
OGL Bascome,"Maple Leaf North-West Ground, King City",1.0,3.0,5.0,0.0,0.0,5.0,60.0,0.6,,,,,0.0,0.0,King City,
OGL Bascome,National Stadium,1.0,8.0,6.0,0.0,1.0,6.0,133.33,1.33,,,,,0.0,0.0,Karachi,
OGL Bascome,"Sir Vivian Richards Stadium, North Sound, Antigua",1.0,0.0,4.0,0.0,0.0,4.0,0.0,0.0,1.0,3.0,7.0,3.0,14.0,2.33,North Sound,
OH Agbomadzie,Gahanga International Cricket Stadium. Rwanda,1.0,0.0,2.0,0.0,0.0,2.0,0.0,0.0,1.0,1.0,1.0,1.0,6.0,1.0,Kigali City,
OH Agbomadzie,"Willowmoore Park, Benoni",,0.0,,0.0,0.0,0.0,,,1.0,3.0,2.0,3.0,4.0,0.67,Benoni,
OJ Webster,Roma Cricket Ground,,0.0,,0.0,0.0,0.0,,,1.0,2.0,3.0,2.0,9.0,1.5,Spinaceto,
OO Bascome,Dubai International Cricket Stadium,1.0,0.0,1.0,0.0,0.0,1.0,0.0,0.0,,,,,0.0,0.0,,
OP Stone,"National Stadium, Karachi",1.0,0.0,1.0,0.0,0.0,1.0,0.0,0.0,1.0,20.0,29.0,20.0,8.7,1.45,Karachi,
OR Willis,"National Stadium, Hamilton",1.0,0.0,6.0,0.0,0.0,6.0,0.0,0.0,,,,,0.0,0.0,Hamilton,
Omair Yousuf,"Queens Sports Club, Bulawayo",3.0,38.0,31.0,3.0,2.0,31.0,122.58,1.23,,,,,0.0,0.0,Bulawayo,
Omair Yousuf,"Sky Stadium, Wellington",1.0,7.0,12.0,0.0,0.0,12.0,58.33,0.58,,,,,0.0,0.0,Wellington,
Omair Yousuf,Zhejiang University of Technology Cricket Field,2.0,22.0,23.0,3.0,0.0,23.0,95.65,0.96,,,,,0.0,0.0,Hangzhou,
Omid Shafi Rahman,Al Amerat Cricket Ground Oman Cricket (Ministry Turf 1),,0.0,,0.0,0.0,0.0,,,2.0,23.0,23.0,23.0,6.0,1.0,Al Amarat,
Omid Shafi Rahman,Dubai International Cricket Stadium,,0.0,,0.0,0.0,0.0,,,1.0,1.0,0.0,1.0,0.0,0.0,,
Osama Mahmood,Marsa Sports Club,1.0,1.0,1.0,0.0,0.0,1.0,100.0,1.0,,,,,0.0,0.0,Marsa,
Owais Ahmed,Al Amerat Cricket Ground Oman Cricket (Ministry Turf 1),,0.0,,0.0,0.0,0.0,,,1.0,1.0,0.0,1.0,0.0,0.0,Al Amarat,
P Aho,Entebbe Cricket Oval,1.0,13.0,10.0,2.0,0.0,10.0,130.0,1.3,2.0,9.0,25.0,9.0,16.67,2.78,Entebbe,
P Aho,"Gahanga International Cricket Stadium, Rwanda",,0.0,,0.0,0.0,0.0,,,2.0,19.0,11.0,19.0,3.47,0.58,Kigali City,
P Aho,Gahanga International Cricket Stadium. Rwanda,,0.0,,0.0,0.0,0.0,,,1.0,6.0,6.0,6.0,6.0,1.0,Kigali City,
P Aho,Integrated Polytechnic Regional Centre,1.0,4.0,4.0,1.0,0.0,4.0,100.0,1.0,1.0,6.0,7.0,6.0,7.0,1.17,Kigali City,
P Baron,"Sir Vivian Richards Stadium, North Sound, Antigua",1.0,2.0,5.0,0.0,0.0,5.0,40.0,0.4,,,,,0.0,0.0,North Sound,
P Chin,"White Hill Field, Sandys Parish",1.0,1.0,6.0,0.0,0.0,6.0,16.67,0.17,,,,,0.0,0.0,Hamilton,
P Heron,"National Stadium, Hamilton",1.0,0.0,4.0,0.0,0.0,4.0,0.0,0.0,,,,,0.0,0.0,Hamilton,
P Heron,"White Hill Field, Sandys Parish",1.0,2.0,5.0,0.0,0.0,5.0,40.0,0.4,,,,,0.0,0.0,Hamilton,
P Hingorani,Marsa Sports Club,,0.0,,0.0,0.0,0.0,,,1.0,5.0,4.0,5.0,4.8,0.8,Marsa,
P Jayawickrama,"Bharat Ratna Shri Atal Bihari Vajpayee Ekana Cricket Stadium, Lucknow",,0.0,,0.0,0.0,0.0,,,1.0,8.0,11.0,8.0,8.25,1.38,Lucknow,
P Khadka,Al Amerat Cricket Ground Oman Cricket (Ministry Turf 1),1.0,5.0,5.0,1.0,0.0,5.0,100.0,1.0,,,,,0.0,0.0,Al Amarat,
P Koech,Entebbe Cricket Oval,,0.0,,0.0,0.0,0.0,,,1.0,4.0,3.0,4.0,4.5,0.75,Entebbe,
P Koech,Harare Sports Club,,0.0,,0.0,0.0,0.0,,,1.0,14.0,36.0,14.0,15.43,2.57,,
P Kurup,"ICC Academy, Dubai",1.0,2.0,2.0,0.0,0.0,2.0,100.0,1.0,,,,,0.0,0.0,Dubai,
P Malav,Marsa Sports Club,1.0,1.0,1.0,0.0,0.0,1.0,100.0,1.0,1.0,2.0,2.0,2.0,6.0,1.0,Marsa,
P Manning,National Stadium,,0.0,,0.0,0.0,0.0,,,1.0,5.0,8.0,5.0,9.6,1.6,Karachi,
P Manning,"White Hill Field, Sandys Parish",1.0,0.0,5.0,0.0,0.0,5.0,0.0,0.0,1.0,4.0,2.0,4.0,3.0,0.5,Hamilton,
P Nissanka,Dubai International Cricket Stadium,6.0,165.0,119.0,17.0,7.0,119.0,138.66,1.39,,,,,0.0,0.0,,
P Nissanka,"Eden Park, Auckland",1.0,0.0,1.0,0.0,0.0,1.0,0.0,0.0,,,,,0.0,0.0,Auckland,
P Nissanka,"Grand Prairie Stadium, Dallas",1.0,25.0,19.0,3.0,1.0,19.0,131.58,1.32,,,,,0.0,0.0,Dallas,
P Nissanka,Harare Sports Club,2.0,12.0,9.0,0.0,0.0,9.0,133.33,1.33,,,,,0.0,0.0,,
P Nissanka,"Himachal Pradesh Cricket Association Stadium, Dharamsala",1.0,1.0,10.0,0.0,0.0,10.0,10.0,0.1,,,,,0.0,0.0,Dharamsala,
P Nissanka,"John Davies Oval, Queenstown",1.0,4.0,3.0,1.0,0.0,3.0,133.33,1.33,,,,,0.0,0.0,Queenstown,
P Nissanka,"Maharashtra Cricket Association Stadium, Pune",1.0,5.0,4.0,1.0,0.0,4.0,125.0,1.25,,,,,0.0,0.0,Pune,
P Nissanka,Pallekele International Cricket Stadium,4.0,90.0,66.0,11.0,4.0,66.0,136.36,1.36,,,,,0.0,0.0,Kandy,
P Nissanka,"R Premadasa Stadium, Colombo",2.0,61.0,46.0,5.0,1.0,46.0,132.61,1.33,,,,,0.0,0.0,Colombo,
P Nissanka,Rangiri Dambulla International Stadium,1.0,24.0,24.0,2.0,1.0,24.0,100.0,1.0,,,,,0.0,0.0,Dambulla,
P Nissanka,"Saurashtra Cricket Association Stadium, Rajkot",1.0,8.0,12.0,2.0,0.0,12.0,66.67,0.67,,,,,0.0,0.0,Rajkot,
P Nissanka,Sharjah Cricket Stadium,1.0,22.0,19.0,1.0,1.0,19.0,115.79,1.16,,,,,0.0,0.0,Sharjah,
P Nissanka,"University Oval, Dunedin",1.0,8.0,8.0,2.0,0.0,8.0,100.0,1.0,,,,,0.0,0.0,Dunedin,
P Nissanka,"Zayed Cricket Stadium, Abu Dhabi",2.0,58.0,44.0,6.0,2.0,44.0,131.82,1.32,,,,,0.0,0.0,Abu Dhabi,
P Pushparajan,"Moara Vlasiei Cricket Ground, Ilfov County",1.0,12.0,7.0,1.0,1.0,7.0,171.43,1.71,,,,,0.0,0.0,Ilfov County,
P Raho,Tony Ireland Stadium,1.0,1.0,1.0,0.0,0.0,1.0,100.0,1.0,,,,,0.0,0.0,Townsville,
P Sharma,"Gymkhana Club Ground, Nairobi",,0.0,,0.0,0.0,0.0,,,1.0,8.0,4.0,8.0,3.0,0.5,Nairobi,
P Sharma,Harare Sports Club,1.0,1.0,7.0,0.0,0.0,7.0,14.29,0.14,,,,,0.0,0.0,,
P Sharma,"United Cricket Club Ground, Windhoek",1.0,1.0,5.0,0.0,0.0,5.0,20.0,0.2,1.0,3.0,2.0,3.0,4.0,0.67,Windhoek,
P Sharma,"Wanderers Cricket Ground, Windhoek",1.0,0.0,1.0,0.0,0.0,1.0,0.0,0.0,1.0,2.0,1.0,2.0,3.0,0.5,Windhoek,
P Suanchuai,Terdthai Cricket Ground,1.0,1.0,4.0,0.0,0.0,4.0,25.0,0.25,,,,,0.0,0.0,Bangkok,
P Useni,Entebbe Cricket Oval,1.0,1.0,3.0,0.0,0.0,3.0,33.33,0.33,3.0,10.0,6.0,10.0,3.6,0.6,Entebbe,
P Useni,"Gahanga International Cricket Stadium, Rwanda",,0.0,,0.0,0.0,0.0,,,1.0,4.0,6.0,4.0,9.0,1.5,Kigali City,
P Useni,Integrated Polytechnic Regional Centre,1.0,0.0,1.0,0.0,0.0,1.0,0.0,0.0,,,,,0.0,0.0,Kigali City,
P Useni,"Takashinga Sports Club, Highfield, Harare",,0.0,,0.0,0.0,0.0,,,1.0,4.0,10.0,4.0,15.0,2.5,Harare,
P Useni,"United Cricket Club Ground, Windhoek",1.0,9.0,4.0,0.0,1.0,4.0,225.0,2.25,1.0,9.0,18.0,9.0,12.0,2.0,Windhoek,
P Utseya,Harare Sports Club,,0.0,,0.0,0.0,0.0,,,2.0,7.0,9.0,7.0,7.71,1.29,,
P Vailoa,Sano International Cricket Ground,1.0,4.0,1.0,1.0,0.0,1.0,400.0,4.0,,,,,0.0,0.0,Sano,
P Vekaria,Integrated Polytechnic Regional Centre,,0.0,,0.0,0.0,0.0,,,1.0,3.0,2.0,3.0,4.0,0.67,Kigali City,
PA van Meekeren,Adelaide Oval,,0.0,,0.0,0.0,0.0,,,1.0,5.0,7.0,5.0,8.4,1.4,Adelaide,
PA van Meekeren,Al Amerat Cricket Ground Oman Cricket (Ministry Turf 1),3.0,2.0,5.0,0.0,0.0,5.0,40.0,0.4,5.0,31.0,45.0,31.0,8.71,1.45,Al Amarat,
PA van Meekeren,"Arnos Vale Ground, Kingstown, St Vincent",,0.0,,0.0,0.0,0.0,,,1.0,8.0,4.0,8.0,3.0,0.5,Kingstown,
PA van Meekeren,"Bellerive Oval, Hobart",1.0,24.0,16.0,3.0,1.0,16.0,150.0,1.5,1.0,16.0,18.0,16.0,6.75,1.12,Hobart,
PA van Meekeren,Bulawayo Athletic Club,,0.0,,0.0,0.0,0.0,,,1.0,5.0,3.0,5.0,3.6,0.6,Bulawayo,
PA van Meekeren,Dubai International Cricket Stadium,,0.0,,0.0,0.0,0.0,,,1.0,5.0,11.0,5.0,13.2,2.2,,
PA van Meekeren,"Grand Prairie Stadium, Dallas",,0.0,,0.0,0.0,0.0,,,1.0,7.0,7.0,7.0,6.0,1.0,Dallas,
PA van Meekeren,Hazelaarweg,,0.0,,0.0,0.0,0.0,,,2.0,8.0,10.0,8.0,7.5,1.25,Rotterdam,
PA van Meekeren,Himachal Pradesh Cricket Association Stadium,,0.0,,0.0,0.0,0.0,,,2.0,2.0,0.0,2.0,0.0,0.0,Dharamsala,
PA van Meekeren,ICC Academy,,0.0,,0.0,0.0,0.0,,,1.0,7.0,9.0,7.0,7.71,1.29,Dubai,
PA van Meekeren,Perth Stadium,1.0,2.0,4.0,0.0,0.0,4.0,50.0,0.5,1.0,19.0,16.0,19.0,5.05,0.84,Perth,
PA van Meekeren,"Queens Sports Club, Bulawayo",,0.0,,0.0,0.0,0.0,,,1.0,2.0,4.0,2.0,12.0,2.0,Bulawayo,
PA van Meekeren,Sheikh Zayed Stadium,,0.0,,0.0,0.0,0.0,,,1.0,8.0,11.0,8.0,8.25,1.38,Abu Dhabi,
PA van Meekeren,"Sportpark Maarschalkerweerd, Utrecht",,0.0,,0.0,0.0,0.0,,,3.0,25.0,50.0,25.0,12.0,2.0,Utrecht,
PA van Meekeren,"Sportpark Westvliet, The Hague",,0.0,,0.0,0.0,0.0,,,3.0,13.0,13.0,13.0,6.0,1.0,The Hague,
PA van Meekeren,Sydney Cricket Ground,1.0,13.0,5.0,3.0,0.0,5.0,260.0,2.6,1.0,4.0,2.0,4.0,3.0,0.5,,
PA van Meekeren,Sylhet International Cricket Stadium,1.0,3.0,7.0,0.0,0.0,7.0,42.86,0.43,3.0,51.0,74.0,51.0,8.71,1.45,,
PA van Meekeren,"Tribhuvan University International Cricket Ground, Kirtipur",,0.0,,0.0,0.0,0.0,,,3.0,23.0,32.0,23.0,8.35,1.39,Kirtipur,
PA van Meekeren,VRA Ground,1.0,7.0,4.0,0.0,1.0,4.0,175.0,1.75,1.0,8.0,3.0,8.0,2.25,0.38,Amstelveen,
PADLR Sandakan,Gaddafi Stadium,,0.0,,0.0,0.0,0.0,,,1.0,4.0,4.0,4.0,6.0,1.0,Lahore,
PADLR Sandakan,Maharashtra Cricket Association Stadium,1.0,1.0,2.0,0.0,0.0,2.0,50.0,0.5,1.0,8.0,11.0,8.0,8.25,1.38,Pune,
PBB Rajapaksa,Dubai International Cricket Stadium,4.0,72.0,53.0,4.0,3.0,53.0,135.85,1.36,,,,,0.0,0.0,,
PBB Rajapaksa,"GMHBA Stadium, South Geelong, Victoria",1.0,4.0,4.0,0.0,0.0,4.0,100.0,1.0,,,,,0.0,0.0,Geelong,
PBB Rajapaksa,Gaddafi Stadium,2.0,50.0,34.0,0.0,6.0,34.0,147.06,1.47,,,,,0.0,0.0,Lahore,
PBB Rajapaksa,Holkar Cricket Stadium,1.0,3.0,4.0,0.0,0.0,4.0,75.0,0.75,,,,,0.0,0.0,Indore,
PBB Rajapaksa,Sharjah Cricket Stadium,1.0,45.0,24.0,3.0,3.0,24.0,187.5,1.88,,,,,0.0,0.0,Sharjah,
PBB Rajapaksa,"Zayed Cricket Stadium, Abu Dhabi",1.0,1.0,1.0,0.0,0.0,1.0,100.0,1.0,,,,,0.0,0.0,Abu Dhabi,
PC de Silva,Gaddafi Stadium,1.0,12.0,12.0,0.0,0.0,12.0,100.0,1.0,1.0,2.0,2.0,2.0,6.0,1.0,Lahore,
PC de Silva,Holkar Cricket Stadium,1.0,1.0,1.0,0.0,0.0,1.0,100.0,1.0,1.0,3.0,7.0,3.0,14.0,2.33,Indore,
PD Collingwood,Gaddafi Stadium,,0.0,,0.0,0.0,0.0,,,1.0,6.0,4.0,6.0,4.0,0.67,Lahore,
PD Salt,"Eden Gardens, Kolkata",1.0,0.0,3.0,0.0,0.0,3.0,0.0,0.0,,,,,0.0,0.0,Kolkata,
PD Salt,"Edgbaston, Birmingham",1.0,10.0,6.0,2.0,0.0,6.0,166.67,1.67,,,,,0.0,0.0,Birmingham,
PD Salt,"Gaddafi Stadium, Lahore",3.0,63.0,37.0,9.0,1.0,37.0,170.27,1.7,,,,,0.0,0.0,Lahore,
PD Salt,"Kennington Oval, London",1.0,23.0,18.0,3.0,1.0,18.0,127.78,1.28,,,,,0.0,0.0,London,
PD Salt,"Kensington Oval, Bridgetown, Barbados",1.0,14.0,11.0,1.0,0.0,11.0,127.27,1.27,,,,,0.0,0.0,Bridgetown,
PD Salt,"MA Chidambaram Stadium, Chepauk, Chennai",1.0,4.0,3.0,1.0,0.0,3.0,133.33,1.33,,,,,0.0,0.0,Chennai,
PD Salt,"Maharashtra Cricket Association Stadium, Pune",1.0,15.0,11.0,3.0,0.0,11.0,136.36,1.36,,,,,0.0,0.0,Pune,
PD Salt,Melbourne Cricket Ground,1.0,10.0,9.0,2.0,0.0,9.0,111.11,1.11,,,,,0.0,0.0,,
PD Salt,"National Stadium, Karachi",4.0,43.0,33.0,5.0,1.0,33.0,130.3,1.3,,,,,0.0,0.0,Karachi,
PD Salt,"Providence Stadium, Guyana",1.0,1.0,3.0,0.0,0.0,3.0,33.33,0.33,,,,,0.0,0.0,Providence,
PD Salt,"Shere Bangla National Stadium, Mirpur",2.0,25.0,19.0,3.0,1.0,19.0,131.58,1.32,,,,,0.0,0.0,Dhaka,
PD Salt,"Sir Vivian Richards Stadium, North Sound, Antigua",1.0,12.0,3.0,0.0,2.0,3.0,400.0,4.0,,,,,0.0,0.0,North Sound,
PD Salt,"Zahur Ahmed Chowdhury Stadium, Chattogram",1.0,35.0,29.0,4.0,1.0,29.0,120.69,1.21,,,,,0.0,0.0,Chattogram,
PE Kruger,"Kingsmead, Durban",1.0,0.0,1.0,0.0,0.0,1.0,0.0,0.0,1.0,4.0,13.0,4.0,19.5,3.25,Durban,
PE Kruger,"Zayed Cricket Stadium, Abu Dhabi",,0.0,,0.0,0.0,0.0,,,2.0,4.0,6.0,4.0,9.0,1.5,Abu Dhabi,
PHKD Mendis,Dubai International Cricket Stadium,2.0,5.0,10.0,0.0,0.0,10.0,50.0,0.5,1.0,6.0,16.0,6.0,16.0,2.67,,
PHKD Mendis,"Grand Prairie Stadium, Dallas",1.0,4.0,5.0,1.0,0.0,5.0,80.0,0.8,,,,,0.0,0.0,Dallas,
PHKD Mendis,Harare Sports Club,2.0,3.0,4.0,0.0,0.0,4.0,75.0,0.75,1.0,6.0,11.0,6.0,11.0,1.83,,
PHKD Mendis,Pallekele International Cricket Stadium,2.0,11.0,9.0,2.0,0.0,9.0,122.22,1.22,1.0,14.0,22.0,14.0,9.43,1.57,Kandy,
PHKD Mendis,"R Premadasa Stadium, Colombo",1.0,21.0,16.0,1.0,1.0,16.0,131.25,1.31,1.0,18.0,21.0,18.0,7.0,1.17,Colombo,
PHKD Mendis,Sylhet International Cricket Stadium,3.0,68.0,54.0,6.0,4.0,54.0,125.93,1.26,,,,,0.0,0.0,,
PHKD Mendis,"Zayed Cricket Stadium, Abu Dhabi",1.0,50.0,46.0,3.0,2.0,46.0,108.7,1.09,,,,,0.0,0.0,Abu Dhabi,
PJ Cummins,"Daren Sammy National Cricket Stadium, Gros Islet, St Lucia",1.0,1.0,1.0,0.0,0.0,1.0,100.0,1.0,,,,,0.0,0.0,Gros Islet,
PJ Cummins,Dr. Y.S. Rajasekhara Reddy ACA-VDCA Cricket Stadium,,0.0,,0.0,0.0,0.0,,,1.0,6.0,6.0,6.0,6.0,1.0,Visakhapatnam,
PJ Cummins,Dubai International Cricket Stadium,,0.0,,0.0,0.0,0.0,,,2.0,41.0,47.0,41.0,6.88,1.15,,
PJ Cummins,"Eden Park, Auckland",1.0,5.0,6.0,1.0,0.0,6.0,83.33,0.83,,,,,0.0,0.0,Auckland,
PJ Cummins,M.Chinnaswamy Stadium,,0.0,,0.0,0.0,0.0,,,1.0,4.0,13.0,4.0,19.5,3.25,Bengaluru,
PJ Cummins,Manuka Oval,,0.0,,0.0,0.0,0.0,,,1.0,9.0,4.0,9.0,2.67,0.44,Canberra,
PJ Cummins,"Punjab Cricket Association IS Bindra Stadium, Mohali, Chandigarh",,0.0,,0.0,0.0,0.0,,,1.0,1.0,1.0,1.0,6.0,1.0,Chandigarh,
PJ Cummins,"Sir Vivian Richards Stadium, North Sound, Antigua",,0.0,,0.0,0.0,0.0,,,1.0,14.0,14.0,14.0,6.0,1.0,North Sound,
PJ Cummins,Sydney Cricket Ground,,0.0,,0.0,0.0,0.0,,,1.0,14.0,13.0,14.0,5.57,0.93,,
PJ Cummins,"Vidarbha Cricket Association Stadium, Jamtha, Nagpur",,0.0,,0.0,0.0,0.0,,,1.0,2.0,2.0,2.0,6.0,1.0,Nagpur,
PJ Moor,Harare Sports Club,1.0,1.0,3.0,0.0,0.0,3.0,33.33,0.33,,,,,0.0,0.0,,
PJ Moor,Indian Association Ground,1.0,1.0,2.0,0.0,0.0,2.0,50.0,0.5,,,,,0.0,0.0,Singapore,
PJ Moor,Sheikh Abu Naser Stadium,1.0,0.0,1.0,0.0,0.0,1.0,0.0,0.0,,,,,0.0,0.0,Khulna,
PJ van Biljon,Gaddafi Stadium,2.0,32.0,26.0,5.0,1.0,26.0,123.08,1.23,,,,,0.0,0.0,Lahore,
PJ van Biljon,"The Wanderers Stadium, Johannesburg",1.0,24.0,17.0,0.0,1.0,17.0,141.18,1.41,,,,,0.0,0.0,Johannesburg,
PKD Chase,Al Amerat Cricket Ground Oman Cricket (Ministry Turf 1),,0.0,,0.0,0.0,0.0,,,1.0,12.0,19.0,12.0,9.5,1.58,Al Amarat,
PKD Chase,"The Village, Malahide",,0.0,,0.0,0.0,0.0,,,1.0,5.0,4.0,5.0,4.8,0.8,Dublin,
PL Bruno,"Sir Vivian Richards Stadium, North Sound, Antigua",1.0,9.0,8.0,1.0,0.0,8.0,112.5,1.12,,,,,0.0,0.0,North Sound,
PL Mommsen,"Bready Cricket Club, Magheramason",1.0,6.0,7.0,0.0,0.0,7.0,85.71,0.86,,,,,0.0,0.0,Bready,
PL Mommsen,Dubai International Cricket Stadium,,0.0,,0.0,0.0,0.0,,,1.0,2.0,6.0,2.0,18.0,3.0,,
PL Mommsen,"Vidarbha Cricket Association Stadium, Jamtha",1.0,11.0,9.0,1.0,0.0,9.0,122.22,1.22,,,,,0.0,0.0,Nagpur,
PM Liyanagamage,Dubai International Cricket Stadium,,0.0,,0.0,0.0,0.0,,,2.0,34.0,49.0,34.0,8.65,1.44,,
PM Liyanagamage,"Eden Park, Auckland",,0.0,,0.0,0.0,0.0,,,1.0,5.0,4.0,5.0,4.8,0.8,Auckland,
PM Liyanagamage,"GMHBA Stadium, South Geelong, Victoria",,0.0,,0.0,0.0,0.0,,,1.0,5.0,15.0,5.0,18.0,3.0,Geelong,
PM Liyanagamage,"University Oval, Dunedin",1.0,0.0,1.0,0.0,0.0,1.0,0.0,0.0,,,,,0.0,0.0,Dunedin,
PM Seelaar,Al Amerat Cricket Ground Oman Cricket (Ministry Turf 1),2.0,1.0,5.0,0.0,0.0,5.0,20.0,0.2,1.0,9.0,7.0,9.0,4.67,0.78,Al Amarat,
PM Seelaar,Dubai International Cricket Stadium,2.0,4.0,5.0,0.0,0.0,5.0,80.0,0.8,1.0,1.0,1.0,1.0,6.0,1.0,,
PM Seelaar,Hazelaarweg,3.0,11.0,14.0,0.0,0.0,14.0,78.57,0.79,3.0,7.0,6.0,7.0,5.14,0.86,Rotterdam,
PM Seelaar,Himachal Pradesh Cricket Association Stadium,1.0,2.0,4.0,0.0,0.0,4.0,50.0,0.5,,,,,0.0,0.0,Dharamsala,
PM Seelaar,ICC Academy,1.0,1.0,5.0,0.0,0.0,5.0,20.0,0.2,,,,,0.0,0.0,Dubai,
PM Seelaar,"The Village, Malahide",2.0,5.0,7.0,0.0,0.0,7.0,71.43,0.71,,,,,0.0,0.0,Dublin,
PM Seelaar,"Tribhuvan University International Cricket Ground, Kirtipur",3.0,24.0,20.0,2.0,1.0,20.0,120.0,1.2,2.0,7.0,16.0,7.0,13.71,2.29,Kirtipur,
PM Seelaar,VRA Ground,1.0,2.0,3.0,0.0,0.0,3.0,66.67,0.67,,,,,0.0,0.0,Amstelveen,
PR Stirling,Al Amerat Cricket Ground Oman Cricket (Ministry Turf 1),4.0,85.0,77.0,10.0,1.0,77.0,110.39,1.1,,,,,0.0,0.0,Al Amarat,
PR Stirling,Al Amerat Cricket Ground Oman Cricket (Ministry Turf 2),1.0,6.0,8.0,1.0,0.0,8.0,75.0,0.75,,,,,0.0,0.0,Al Amarat,
PR Stirling,"Bready Cricket Club, Magheramason",1.0,13.0,5.0,0.0,2.0,5.0,260.0,2.6,,,,,0.0,0.0,Bready,
PR Stirling,"Castle Avenue, Dublin",2.0,10.0,9.0,0.0,1.0,9.0,111.11,1.11,,,,,0.0,0.0,Dublin,
PR Stirling,"Central Broward Regional Park Stadium Turf Ground, Lauderhill",1.0,7.0,3.0,1.0,0.0,3.0,233.33,2.33,,,,,0.0,0.0,Lauderhill,
PR Stirling,"Civil Service Cricket Club, Stormont",1.0,15.0,9.0,2.0,1.0,9.0,166.67,1.67,,,,,0.0,0.0,Belfast,
PR Stirling,Dubai International Cricket Stadium,1.0,6.0,3.0,1.0,0.0,3.0,200.0,2.0,,,,,0.0,0.0,,
PR Stirling,Himachal Pradesh Cricket Association Stadium,1.0,14.0,11.0,3.0,0.0,11.0,127.27,1.27,,,,,0.0,0.0,Dharamsala,
PR Stirling,"Malahide, Dublin",2.0,7.0,12.0,1.0,0.0,12.0,58.33,0.58,,,,,0.0,0.0,Dublin,
PR Stirling,"Nassau County International Cricket Stadium, New York",2.0,9.0,14.0,1.0,0.0,14.0,64.29,0.64,,,,,0.0,0.0,New York,
PR Stirling,Sharjah Cricket Stadium,1.0,10.0,6.0,0.0,1.0,6.0,166.67,1.67,,,,,0.0,0.0,Sharjah,
PR Stirling,Sheikh Zayed Stadium,1.0,0.0,1.0,0.0,0.0,1.0,0.0,0.0,,,,,0.0,0.0,Abu Dhabi,
PR Stirling,Sportpark Het Schootsveld,1.0,36.0,15.0,2.0,3.0,15.0,240.0,2.4,,,,,0.0,0.0,Deventer,
PR Stirling,Sylhet Stadium,,0.0,,0.0,0.0,0.0,,,1.0,3.0,1.0,3.0,2.0,0.33,,
PR Stirling,"The Village, Malahide",,0.0,,0.0,0.0,0.0,,,1.0,3.0,3.0,3.0,6.0,1.0,Dublin,
PR Stirling,"The Village, Malahide, Dublin",1.0,6.0,5.0,0.0,1.0,5.0,120.0,1.2,,,,,0.0,0.0,Dublin,
PR Stirling,Tolerance Oval,1.0,7.0,13.0,1.0,0.0,13.0,53.85,0.54,,,,,0.0,0.0,Abu Dhabi,
PR Stirling,"Zahur Ahmed Chowdhury Stadium, Chattogram",3.0,81.0,44.0,11.0,4.0,44.0,184.09,1.84,,,,,0.0,0.0,Chattogram,
PRP Boissevain,"Tribhuvan University International Cricket Ground, Kirtipur",1.0,1.0,1.0,0.0,0.0,1.0,100.0,1.0,2.0,13.0,28.0,13.0,12.92,2.15,Kirtipur,
PS Airee,Al Amerat Cricket Ground Oman Cricket (Ministry Turf 1),1.0,4.0,15.0,0.0,0.0,15.0,26.67,0.27,,,,,0.0,0.0,Al Amarat,
PS Athavale,"Tribhuvan University International Cricket Ground, Kirtipur",2.0,21.0,19.0,1.0,1.0,19.0,110.53,1.11,,,,,0.0,0.0,Kirtipur,
PVD Chameera,Barabati Stadium,1.0,0.0,1.0,0.0,0.0,1.0,0.0,0.0,1.0,7.0,9.0,7.0,7.71,1.29,Cuttack,
PVD Chameera,"Bharat Ratna Shri Atal Bihari Vajpayee Ekana Cricket Stadium, Lucknow",,0.0,,0.0,0.0,0.0,,,1.0,6.0,9.0,6.0,9.0,1.5,Lucknow,
PVD Chameera,Dubai International Cricket Stadium,,0.0,,0.0,0.0,0.0,,,2.0,37.0,59.0,37.0,9.57,1.59,,
PVD Chameera,"GMHBA Stadium, South Geelong, Victoria",1.0,2.0,3.0,0.0,0.0,3.0,66.67,0.67,1.0,3.0,3.0,3.0,6.0,1.0,Geelong,
PVD Chameera,Harare Sports Club,1.0,0.0,2.0,0.0,0.0,2.0,0.0,0.0,1.0,6.0,2.0,6.0,2.0,0.33,,
PVD Chameera,"Himachal Pradesh Cricket Association Stadium, Dharamsala",,0.0,,0.0,0.0,0.0,,,1.0,8.0,11.0,8.0,8.25,1.38,Dharamsala,
PVD Chameera,Holkar Cricket Stadium,,0.0,,0.0,0.0,0.0,,,1.0,16.0,26.0,16.0,9.75,1.62,Indore,
PVD Chameera,"R Premadasa Stadium, Colombo",,0.0,,0.0,0.0,0.0,,,5.0,37.0,55.0,37.0,8.92,1.49,Colombo,
PVD Chameera,"R.Premadasa Stadium, Khettarama",,0.0,,0.0,0.0,0.0,,,2.0,11.0,24.0,11.0,13.09,2.18,Colombo,
PVD Chameera,Sharjah Cricket Stadium,,0.0,,0.0,0.0,0.0,,,1.0,16.0,23.0,16.0,8.62,1.44,Sharjah,
PVD Chameera,Shere Bangla National Stadium,,0.0,,0.0,0.0,0.0,,,1.0,3.0,1.0,3.0,2.0,0.33,Mirpur,
PVD Chameera,Wankhede Stadium,,0.0,,0.0,0.0,0.0,,,1.0,6.0,1.0,6.0,1.0,0.17,Mumbai,
PVD Chameera,"Zayed Cricket Stadium, Abu Dhabi",1.0,1.0,2.0,0.0,0.0,2.0,50.0,0.5,3.0,55.0,54.0,55.0,5.89,0.98,Abu Dhabi,
PW Borren,Dubai International Cricket Stadium,3.0,14.0,12.0,1.0,0.0,12.0,116.67,1.17,,,,,0.0,0.0,,
PW Borren,Himachal Pradesh Cricket Association Stadium,1.0,4.0,4.0,1.0,0.0,4.0,100.0,1.0,,,,,0.0,0.0,Dharamsala,
PW Borren,Sheikh Zayed Stadium,1.0,5.0,6.0,0.0,0.0,6.0,83.33,0.83,,,,,0.0,0.0,Abu Dhabi,
PW Borren,"The Village, Malahide",1.0,11.0,7.0,2.0,0.0,7.0,157.14,1.57,,,,,0.0,0.0,Dublin,
PWA Mulder,"Civil Service Cricket Club, Stormont, Belfast",,0.0,,0.0,0.0,0.0,,,1.0,8.0,13.0,8.0,9.75,1.62,Belfast,
PWA Mulder,"SuperSport Park, Centurion",1.0,6.0,9.0,0.0,0.0,9.0,66.67,0.67,1.0,13.0,14.0,13.0,6.46,1.08,Centurion,
PWA Mulder,"Zayed Cricket Stadium, Abu Dhabi",,0.0,,0.0,0.0,0.0,,,1.0,2.0,2.0,2.0,6.0,1.0,Abu Dhabi,
PWH de Silva,"Bellerive Oval, Hobart",,0.0,,0.0,0.0,0.0,,,1.0,4.0,4.0,4.0,6.0,1.0,Hobart,
PWH de Silva,"Daren Sammy National Cricket Stadium, Gros Islet, St Lucia",,0.0,,0.0,0.0,0.0,,,1.0,3.0,2.0,3.0,4.0,0.67,Gros Islet,
PWH de Silva,Dubai International Cricket Stadium,4.0,47.0,25.0,7.0,1.0,25.0,188.0,1.88,5.0,68.0,67.0,68.0,5.91,0.99,,
PWH de Silva,"Eden Park, Auckland",1.0,0.0,2.0,0.0,0.0,2.0,0.0,0.0,,,,,0.0,0.0,Auckland,
PWH de Silva,"GMHBA Stadium, South Geelong, Victoria",1.0,3.0,4.0,0.0,0.0,4.0,75.0,0.75,1.0,3.0,8.0,3.0,16.0,2.67,Geelong,
PWH de Silva,Gaddafi Stadium,2.0,6.0,4.0,1.0,0.0,4.0,150.0,1.5,2.0,11.0,9.0,11.0,4.91,0.82,Lahore,
PWH de Silva,"Grand Prairie Stadium, Dallas",1.0,0.0,1.0,0.0,0.0,1.0,0.0,0.0,1.0,18.0,30.0,18.0,10.0,1.67,Dallas,
PWH de Silva,Holkar Cricket Stadium,1.0,2.0,2.0,0.0,0.0,2.0,100.0,1.0,1.0,4.0,2.0,4.0,3.0,0.5,Indore,
PWH de Silva,Maharashtra Cricket Association Stadium,,0.0,,0.0,0.0,0.0,,,1.0,8.0,12.0,8.0,9.0,1.5,Pune,
PWH de Silva,Pallekele International Cricket Stadium,3.0,3.0,6.0,0.0,0.0,6.0,50.0,0.5,1.0,13.0,12.0,13.0,5.54,0.92,Kandy,
PWH de Silva,"R Premadasa Stadium, Colombo",3.0,16.0,11.0,2.0,0.0,11.0,145.45,1.45,4.0,19.0,18.0,19.0,5.68,0.95,Colombo,
PWH de Silva,"Saurashtra Cricket Association Stadium, Rajkot",,0.0,,0.0,0.0,0.0,,,1.0,12.0,22.0,12.0,11.0,1.83,Rajkot,
PWH de Silva,Sharjah Cricket Stadium,1.0,5.0,3.0,1.0,0.0,3.0,166.67,1.67,1.0,9.0,9.0,9.0,6.0,1.0,Sharjah,
PWH de Silva,Sylhet International Cricket Stadium,1.0,15.0,13.0,1.0,1.0,13.0,115.38,1.15,1.0,24.0,32.0,24.0,8.0,1.33,,
PWH de Silva,"Wankhede Stadium, Mumbai",,0.0,,0.0,0.0,0.0,,,1.0,3.0,2.0,3.0,4.0,0.67,Mumbai,
PWH de Silva,"Zayed Cricket Stadium, Abu Dhabi",1.0,15.0,14.0,2.0,0.0,14.0,107.14,1.07,3.0,53.0,56.0,53.0,6.34,1.06,Abu Dhabi,
Pargat Singh,Al Amerat Cricket Ground Oman Cricket (Ministry Turf 1),6.0,122.0,112.0,11.0,4.0,112.0,108.93,1.09,3.0,37.0,67.0,37.0,10.86,1.81,Al Amarat,
Pargat Singh,"Grand Prairie Stadium, Dallas",1.0,5.0,7.0,0.0,0.0,7.0,71.43,0.71,1.0,6.0,15.0,6.0,15.0,2.5,Dallas,
Pargat Singh,"Maple Leaf North-East Ground, King City",1.0,89.0,46.0,6.0,6.0,46.0,193.48,1.93,1.0,6.0,3.0,6.0,3.0,0.5,King City,
Pargat Singh,"Maple Leaf North-West Ground, King City",2.0,29.0,21.0,3.0,2.0,21.0,138.1,1.38,,,,,0.0,0.0,King City,
Pargat Singh,"Nassau County International Cricket Stadium, New York",2.0,20.0,22.0,2.0,0.0,22.0,90.91,0.91,,,,,0.0,0.0,New York,
Pargat Singh,"National Stadium, Hamilton",3.0,94.0,84.0,7.0,2.0,84.0,111.9,1.12,1.0,6.0,7.0,6.0,7.0,1.17,Hamilton,
Pargat Singh,Prairie View Cricket Complex,4.0,62.0,71.0,9.0,0.0,71.0,87.32,0.87,,,,,0.0,0.0,Houston,
Pargat Singh,"White Hill Field, Sandys Parish",2.0,9.0,16.0,1.0,0.0,16.0,56.25,0.56,,,,,0.0,0.0,Hamilton,
Parveen Kumar,"Maple Leaf North-West Ground, King City",2.0,12.0,15.0,0.0,1.0,15.0,80.0,0.8,4.0,50.0,43.0,50.0,5.16,0.86,King City,
Parveen Kumar,Prairie View Cricket Complex,,0.0,,0.0,0.0,0.0,,,1.0,2.0,0.0,2.0,0.0,0.0,Houston,
Parveen Kumar,"Sportpark Maarschalkerweerd, Utrecht",,0.0,,0.0,0.0,0.0,,,1.0,3.0,0.0,3.0,0.0,0.0,Utrecht,
Parveen Kumar,"Sportpark Westvliet, The Hague",,0.0,,0.0,0.0,0.0,,,1.0,2.0,2.0,2.0,6.0,1.0,The Hague,
Parvez Hossain Emon,"Arnos Vale Ground, Kingstown, St Vincent",1.0,39.0,21.0,4.0,2.0,21.0,185.71,1.86,,,,,0.0,0.0,Kingstown,
Parvez Hossain Emon,"Arun Jaitley Stadium, Delhi",1.0,16.0,12.0,3.0,0.0,12.0,133.33,1.33,,,,,0.0,0.0,Delhi,
Parvez Hossain Emon,"Bir Sreshtho Flight Lieutenant Matiur Rahman Stadium, Chattogram",1.0,9.0,10.0,0.0,1.0,10.0,90.0,0.9,,,,,0.0,0.0,Chattogram,
Parvez Hossain Emon,Dubai International Cricket Stadium,2.0,21.0,22.0,2.0,1.0,22.0,95.45,0.95,,,,,0.0,0.0,,
Parvez Hossain Emon,"Gaddafi Stadium, Lahore",3.0,78.0,47.0,9.0,4.0,47.0,165.96,1.66,,,,,0.0,0.0,Lahore,
Parvez Hossain Emon,Harare Sports Club,1.0,2.0,6.0,0.0,0.0,6.0,33.33,0.33,,,,,0.0,0.0,,
Parvez Hossain Emon,Pallekele International Cricket Stadium,1.0,38.0,23.0,5.0,1.0,23.0,165.22,1.65,,,,,0.0,0.0,Kandy,
Parvez Hossain Emon,"R Premadasa Stadium, Colombo",1.0,0.0,1.0,0.0,0.0,1.0,0.0,0.0,,,,,0.0,0.0,Colombo,
Parvez Hossain Emon,"Rajiv Gandhi International Stadium, Uppal, Hyderabad",1.0,0.0,1.0,0.0,0.0,1.0,0.0,0.0,,,,,0.0,0.0,Hyderabad,
Parvez Hossain Emon,Rangiri Dambulla International Stadium,1.0,0.0,3.0,0.0,0.0,3.0,0.0,0.0,,,,,0.0,0.0,Dambulla,
Parvez Hossain Emon,Sharjah Cricket Stadium,2.0,100.0,58.0,5.0,9.0,58.0,172.41,1.72,,,,,0.0,0.0,Sharjah,
Parvez Hossain Emon,"Shere Bangla National Stadium, Mirpur",2.0,69.0,54.0,4.0,6.0,54.0,127.78,1.28,,,,,0.0,0.0,Dhaka,
Parvez Hossain Emon,"Shrimant Madhavrao Scindia Cricket Stadium, Gwalior",1.0,8.0,9.0,0.0,1.0,9.0,88.89,0.89,,,,,0.0,0.0,Gwalior,
Parvez Hossain Emon,Sylhet International Cricket Stadium,2.0,38.0,33.0,5.0,2.0,33.0,115.15,1.15,,,,,0.0,0.0,,
Parvez Hossain Emon,"Zayed Cricket Stadium, Abu Dhabi",2.0,19.0,18.0,2.0,1.0,18.0,105.56,1.06,,,,,0.0,0.0,Abu Dhabi,
Parvez Hossain Emon,Zhejiang University of Technology Cricket Field,2.0,23.0,42.0,0.0,2.0,42.0,54.76,0.55,,,,,0.0,0.0,Hangzhou,
Patrick Nou,Al Amerat Cricket Ground Oman Cricket (Ministry Turf 1),1.0,7.0,8.0,1.0,0.0,8.0,87.5,0.88,,,,,0.0,0.0,Al Amarat,
Pavandeep Singh,Al Amerat Cricket Ground Oman Cricket (Ministry Turf 1),,0.0,,0.0,0.0,0.0,,,1.0,16.0,18.0,16.0,6.75,1.12,Al Amarat,
Pavandeep Singh,Kinrara Academy Oval,1.0,1.0,1.0,0.0,0.0,1.0,100.0,1.0,,,,,0.0,0.0,Kuala Lumpur,
Pavandeep Singh,"Tribhuvan University International Cricket Ground, Kirtipur",1.0,0.0,1.0,0.0,0.0,1.0,0.0,0.0,6.0,53.0,72.0,53.0,8.15,1.36,Kirtipur,
Pavandeep Singh,Zhejiang University of Technology Cricket Field,,0.0,,0.0,0.0,0.0,,,1.0,20.0,11.0,20.0,3.3,0.55,Hangzhou,
Pratis GC,Al Amerat Cricket Ground Oman Cricket (Ministry Turf 2),,0.0,,0.0,0.0,0.0,,,1.0,7.0,10.0,7.0,8.57,1.43,Al Amarat,
Pratis GC,"Mission Road Ground, Mong Kok, Hong Kong",2.0,0.0,3.0,0.0,0.0,3.0,0.0,0.0,4.0,93.0,134.0,93.0,8.65,1.44,Mong Kok,
Pratis GC,Mulpani Cricket Ground,,0.0,,0.0,0.0,0.0,,,1.0,27.0,32.0,27.0,7.11,1.19,Kathmandu,
Pratis GC,"Tribhuvan University International Cricket Ground, Kirtipur",3.0,7.0,8.0,0.0,0.0,8.0,87.5,0.88,4.0,84.0,113.0,84.0,8.07,1.35,Kirtipur,
Q de Kock,"Arnos Vale Ground, Kingstown, St Vincent",1.0,5.0,5.0,1.0,0.0,5.0,100.0,1.0,,,,,0.0,0.0,Kingstown,
Q de Kock,"Arun Jaitley Stadium, Delhi",1.0,4.0,4.0,1.0,0.0,4.0,100.0,1.0,,,,,0.0,0.0,Delhi,
Q de Kock,"Barsapara Cricket Stadium, Guwahati",1.0,12.0,10.0,1.0,0.0,10.0,120.0,1.2,,,,,0.0,0.0,Guwahati,
Q de Kock,"Bellerive Oval, Hobart",1.0,8.0,5.0,0.0,0.0,5.0,160.0,1.6,,,,,0.0,0.0,Hobart,
Q de Kock,"Gaddafi Stadium, Lahore",2.0,7.0,8.0,1.0,0.0,8.0,87.5,0.88,,,,,0.0,0.0,Lahore,
Q de Kock,"Greenfield International Stadium, Thiruvananthapuram",1.0,0.0,2.0,0.0,0.0,2.0,0.0,0.0,,,,,0.0,0.0,Thiruvananthapuram,
Q de Kock,"Holkar Cricket Stadium, Indore",1.0,18.0,8.0,2.0,1.0,8.0,225.0,2.25,,,,,0.0,0.0,Indore,
Q de Kock,"Kensington Oval, Bridgetown, Barbados",1.0,20.0,16.0,2.0,1.0,16.0,125.0,1.25,,,,,0.0,0.0,Bridgetown,
Q de Kock,M.Chinnaswamy Stadium,1.0,19.0,15.0,2.0,1.0,15.0,126.67,1.27,,,,,0.0,0.0,Bengaluru,
Q de Kock,Mangaung Oval,1.0,7.0,6.0,1.0,0.0,6.0,116.67,1.17,,,,,0.0,0.0,Bloemfontein,
Q de Kock,"Nassau County International Cricket Stadium, New York",1.0,18.0,12.0,1.0,2.0,12.0,150.0,1.5,,,,,0.0,0.0,New York,
Q de Kock,Perth Stadium,1.0,0.0,1.0,0.0,0.0,1.0,0.0,0.0,,,,,0.0,0.0,Perth,
Q de Kock,"Punjab Cricket Association IS Bindra Stadium, Mohali",1.0,6.0,8.0,1.0,0.0,8.0,75.0,0.75,,,,,0.0,0.0,Chandigarh,
Q de Kock,Rawalpindi Cricket Stadium,1.0,23.0,14.0,5.0,0.0,14.0,164.29,1.64,,,,,0.0,0.0,,
Q de Kock,"Saurashtra Cricket Association Stadium, Rajkot",1.0,1.0,1.0,0.0,0.0,1.0,100.0,1.0,,,,,0.0,0.0,Rajkot,
Q de Kock,Shere Bangla National Stadium,1.0,7.0,8.0,1.0,0.0,8.0,87.5,0.88,,,,,0.0,0.0,Mirpur,
Q de Kock,"Sir Vivian Richards Stadium, North Sound, Antigua",1.0,18.0,20.0,1.0,1.0,20.0,90.0,0.9,,,,,0.0,0.0,North Sound,
Q de Kock,Sydney Cricket Ground,2.0,42.0,28.0,4.0,3.0,28.0,150.0,1.5,,,,,0.0,0.0,,
Q de Kock,"Zayed Cricket Stadium, Abu Dhabi",1.0,16.0,16.0,3.0,0.0,16.0,100.0,1.0,,,,,0.0,0.0,Abu Dhabi,
Qadeer Ahmed,Sheikh Zayed Stadium,,0.0,,0.0,0.0,0.0,,,1.0,8.0,13.0,8.0,9.75,1.62,Abu Dhabi,
Qadeer Ahmed,Shere Bangla National Stadium,,0.0,,0.0,0.0,0.0,,,1.0,11.0,14.0,11.0,7.64,1.27,Mirpur,
Qasim Akram,"Queens Sports Club, Bulawayo",1.0,20.0,15.0,3.0,0.0,15.0,133.33,1.33,,,,,0.0,0.0,Bulawayo,
Qasim Akram,Zhejiang University of Technology Cricket Field,1.0,12.0,16.0,2.0,0.0,16.0,75.0,0.75,1.0,11.0,6.0,11.0,3.27,0.55,Hangzhou,
R Abdulkareem,"Achimota Senior Secondary School B Field, Accra",,0.0,,0.0,0.0,0.0,,,1.0,5.0,3.0,5.0,3.6,0.6,Accra,
R Abdulkareem,"Gahanga International Cricket Stadium, Rwanda",,0.0,,0.0,0.0,0.0,,,3.0,11.0,11.0,11.0,6.0,1.0,Kigali City,
R Abdulkareem,Gahanga International Cricket Stadium. Rwanda,,0.0,,0.0,0.0,0.0,,,1.0,8.0,21.0,8.0,15.75,2.62,Kigali City,
R Abdulkareem,Integrated Polytechnic Regional Centre,1.0,3.0,5.0,0.0,0.0,5.0,60.0,0.6,1.0,6.0,4.0,6.0,4.0,0.67,Kigali City,
R Abdulkareem,"Takashinga Sports Club, Highfield, Harare",,0.0,,0.0,0.0,0.0,,,1.0,3.0,11.0,3.0,22.0,3.67,Harare,
R Abdulkareem,"United Cricket Club Ground, Windhoek",1.0,1.0,4.0,0.0,0.0,4.0,25.0,0.25,1.0,3.0,2.0,3.0,4.0,0.67,Windhoek,
R Ashwin,Adelaide Oval,1.0,13.0,6.0,1.0,1.0,6.0,216.67,2.17,1.0,4.0,3.0,4.0,4.5,0.75,Adelaide,
R Ashwin,Dubai International Cricket Stadium,,0.0,,0.0,0.0,0.0,,,1.0,2.0,2.0,2.0,6.0,1.0,,
R Ashwin,M Chinnaswamy Stadium,1.0,5.0,2.0,1.0,0.0,2.0,250.0,2.5,1.0,5.0,1.0,5.0,1.2,0.2,Bangalore,
R Ashwin,Melbourne Cricket Ground,1.0,1.0,2.0,0.0,0.0,2.0,50.0,0.5,2.0,10.0,11.0,10.0,6.6,1.1,,
R Ashwin,Shere Bangla National Stadium,,0.0,,0.0,0.0,0.0,,,1.0,1.0,4.0,1.0,24.0,4.0,Mirpur,
R Ashwin,"Vidarbha Cricket Association Stadium, Jamtha",1.0,2.0,4.0,0.0,0.0,4.0,50.0,0.5,,,,,0.0,0.0,Nagpur,
R Bakum,Gahanga International Cricket Stadium. Rwanda,1.0,1.0,4.0,0.0,0.0,4.0,25.0,0.25,1.0,5.0,3.0,5.0,3.6,0.6,Kigali City,
R Bakum,Kyambogo Cricket Oval,1.0,14.0,9.0,2.0,0.0,9.0,155.56,1.56,,,,,0.0,0.0,Kampala,
R Chopra,Al Amerat Cricket Ground Oman Cricket (Ministry Turf 1),1.0,5.0,8.0,1.0,0.0,8.0,62.5,0.62,,,,,0.0,0.0,Al Amarat,
R Chopra,Dubai International Cricket Stadium,2.0,37.0,40.0,1.0,1.0,40.0,92.5,0.92,,,,,0.0,0.0,,
R Chopra,"ICC Academy, Dubai",1.0,1.0,2.0,0.0,0.0,2.0,50.0,0.5,,,,,0.0,0.0,Dubai,
R Chopra,Sharjah Cricket Stadium,5.0,61.0,56.0,6.0,2.0,56.0,108.93,1.09,,,,,0.0,0.0,Sharjah,
R Chopra,"Wanderers Cricket Ground, Windhoek",1.0,6.0,9.0,1.0,0.0,9.0,66.67,0.67,,,,,0.0,0.0,Windhoek,
R Dhakal,"Grand Prairie Stadium, Dallas",,0.0,,0.0,0.0,0.0,,,3.0,15.0,13.0,15.0,5.2,0.87,Dallas,
R Dhakal,"Maple Leaf North-West Ground, King City",1.0,1.0,1.0,0.0,0.0,1.0,100.0,1.0,3.0,28.0,31.0,28.0,6.64,1.11,King City,
R Dhawan,Harare Sports Club,,0.0,,0.0,0.0,0.0,,,1.0,8.0,12.0,8.0,9.0,1.5,,
R Edwards,"Jimmy Powell Oval, Cayman Islands",1.0,0.0,1.0,0.0,0.0,1.0,0.0,0.0,1.0,11.0,9.0,11.0,4.91,0.82,George Town,
R Flannigan,Dubai International Cricket Stadium,1.0,5.0,3.0,1.0,0.0,3.0,166.67,1.67,,,,,0.0,0.0,,
R Frylinck,Mangaung Oval,,0.0,,0.0,0.0,0.0,,,1.0,14.0,15.0,14.0,6.43,1.07,Bloemfontein,
R Frylinck,Senwes Park,,0.0,,0.0,0.0,0.0,,,1.0,5.0,6.0,5.0,7.2,1.2,Potchefstroom,
R Goodwin,Al Amerat Cricket Ground Oman Cricket (Ministry Turf 2),2.0,0.0,8.0,0.0,0.0,8.0,0.0,0.0,1.0,2.0,2.0,2.0,6.0,1.0,Al Amarat,
R Gunasekera,Dubai International Cricket Stadium,1.0,2.0,3.0,0.0,0.0,3.0,66.67,0.67,,,,,0.0,0.0,,
R Gunasekera,Sheikh Zayed Stadium,1.0,9.0,7.0,1.0,0.0,7.0,128.57,1.29,,,,,0.0,0.0,Abu Dhabi,
R Hekure,Bulawayo Athletic Club,,0.0,,0.0,0.0,0.0,,,1.0,12.0,8.0,12.0,4.0,0.67,Bulawayo,
R Hekure,Dubai International Cricket Stadium,,0.0,,0.0,0.0,0.0,,,1.0,3.0,4.0,3.0,8.0,1.33,,
R Hekure,ICC Academy,1.0,0.0,1.0,0.0,0.0,1.0,0.0,0.0,,,,,0.0,0.0,Dubai,
R Hekure,ICC Academy Ground No 2,1.0,2.0,3.0,0.0,0.0,3.0,66.67,0.67,,,,,0.0,0.0,Dubai,
R Hekure,"Queens Sports Club, Bulawayo",,0.0,,0.0,0.0,0.0,,,1.0,3.0,7.0,3.0,14.0,2.33,Bulawayo,
R Hekure,"Tribhuvan University International Cricket Ground, Kirtipur",,0.0,,0.0,0.0,0.0,,,3.0,26.0,27.0,26.0,6.23,1.04,Kirtipur,
R Kalimuthu,"Tribhuvan University International Cricket Ground, Kirtipur",1.0,1.0,1.0,0.0,0.0,1.0,100.0,1.0,2.0,11.0,9.0,11.0,4.91,0.82,Kirtipur,
R Klein,"Sportpark Maarschalkerweerd, Utrecht",2.0,1.0,7.0,0.0,0.0,7.0,14.29,0.14,,,,,0.0,0.0,Utrecht,
R Klein,"Sportpark Westvliet, The Hague",1.0,7.0,4.0,1.0,0.0,4.0,175.0,1.75,,,,,0.0,0.0,The Hague,
R Klein,"Titwood, Glasgow",1.0,1.0,2.0,0.0,0.0,2.0,50.0,0.5,,,,,0.0,0.0,Glasgow,
R Kumar,Marsa Sports Club,,0.0,,0.0,0.0,0.0,,,1.0,7.0,13.0,7.0,11.14,1.86,Marsa,
R Mondol,Zhejiang University of Technology Cricket Field,1.0,0.0,3.0,0.0,0.0,3.0,0.0,0.0,2.0,7.0,13.0,7.0,11.14,1.86,Hangzhou,
R Mutumbami,Indian Association Ground,2.0,18.0,10.0,1.0,1.0,10.0,180.0,1.8,,,,,0.0,0.0,Singapore,
R Mutumbami,Sheikh Abu Naser Stadium,1.0,3.0,3.0,0.0,0.0,3.0,100.0,1.0,,,,,0.0,0.0,Khulna,
R Mutumbami,"Shere Bangla National Stadium, Mirpur",2.0,6.0,9.0,0.0,0.0,9.0,66.67,0.67,,,,,0.0,0.0,Dhaka,
R Mutumbami,Zahur Ahmed Chowdhury Stadium,1.0,20.0,11.0,2.0,1.0,11.0,181.82,1.82,,,,,0.0,0.0,Chattogram,
R Nath,Roma Cricket Ground,1.0,0.0,1.0,0.0,0.0,1.0,0.0,0.0,,,,,0.0,0.0,Spinaceto,
R Nehonde,"Gymkhana Club Ground, Nairobi",,0.0,,0.0,0.0,0.0,,,1.0,4.0,7.0,4.0,10.5,1.75,Nairobi,
R Nehonde,Lugogo Cricket Oval,,0.0,,0.0,0.0,0.0,,,1.0,9.0,12.0,9.0,8.0,1.33,Kampala,
R Nehonde,"Takashinga Sports Club, Highfield, Harare",1.0,3.0,5.0,0.0,0.0,5.0,60.0,0.6,,,,,0.0,0.0,Harare,
R Nehonde,United Cricket Club Ground,,0.0,,0.0,0.0,0.0,,,2.0,15.0,28.0,15.0,11.2,1.87,Windhoek,
R Nehonde,"Willowmoore Park, Benoni",,0.0,,0.0,0.0,0.0,,,1.0,12.0,10.0,12.0,5.0,0.83,Benoni,
R Ngarava,"Brisbane Cricket Ground, Woolloongabba, Brisbane",,0.0,,0.0,0.0,0.0,,,1.0,12.0,15.0,12.0,7.5,1.25,Brisbane,
R Ngarava,"Castle Avenue, Dublin",,0.0,,0.0,0.0,0.0,,,1.0,6.0,14.0,6.0,14.0,2.33,Dublin,
R Ngarava,Harare Sports Club,3.0,1.0,6.0,0.0,0.0,6.0,16.67,0.17,15.0,167.0,225.0,167.0,8.08,1.35,,
R Ngarava,Melbourne Cricket Ground,,0.0,,0.0,0.0,0.0,,,1.0,9.0,10.0,9.0,6.67,1.11,,
R Ngarava,Perth Stadium,,0.0,,0.0,0.0,0.0,,,1.0,19.0,23.0,19.0,7.26,1.21,Perth,
R Ngarava,"Queens Sports Club, Bulawayo",3.0,1.0,4.0,0.0,0.0,4.0,25.0,0.25,5.0,60.0,87.0,60.0,8.7,1.45,Bulawayo,
R Ngarava,Rawalpindi Cricket Stadium,,0.0,,0.0,0.0,0.0,,,2.0,28.0,45.0,28.0,9.64,1.61,,
R Ngarava,"Shere Bangla National Stadium, Mirpur",,0.0,,0.0,0.0,0.0,,,1.0,25.0,32.0,25.0,7.68,1.28,Dhaka,
R Ngarava,"United Cricket Club Ground, Windhoek",2.0,4.0,3.0,1.0,0.0,3.0,133.33,1.33,2.0,16.0,13.0,16.0,4.88,0.81,Windhoek,
R Ngarava,"Zahur Ahmed Chowdhury Stadium, Chattogram",1.0,2.0,2.0,0.0,0.0,2.0,100.0,1.0,2.0,44.0,48.0,44.0,6.55,1.09,Chattogram,
R Parag,"Arun Jaitley Stadium, Delhi",1.0,15.0,6.0,0.0,2.0,6.0,250.0,2.5,1.0,5.0,5.0,5.0,6.0,1.0,Delhi,
R Parag,Harare Sports Club,1.0,4.0,5.0,0.0,0.0,5.0,80.0,0.8,,,,,0.0,0.0,,
R Parag,"Rajiv Gandhi International Stadium, Uppal, Hyderabad",1.0,27.0,11.0,1.0,3.0,11.0,245.45,2.45,,,,,0.0,0.0,Hyderabad,
R Pathan,Al Amerat Cricket Ground Oman Cricket (Ministry Turf 1),1.0,26.0,15.0,4.0,0.0,15.0,173.33,1.73,1.0,5.0,8.0,5.0,9.6,1.6,Al Amarat,
R Pathan,"Coolidge Cricket Ground, Antigua",1.0,5.0,3.0,1.0,0.0,3.0,166.67,1.67,,,,,0.0,0.0,Coolidge,
R Patten,"Jimmy Powell Oval, Cayman Islands",1.0,0.0,3.0,0.0,0.0,3.0,0.0,0.0,,,,,0.0,0.0,George Town,
R Powell,"Arnos Vale Ground, Kingstown, St Vincent",3.0,68.0,56.0,6.0,4.0,56.0,121.43,1.21,,,,,0.0,0.0,Kingstown,
R Powell,"Bir Sreshtho Flight Lieutenant Matiur Rahman Stadium, Chattogram",3.0,52.0,44.0,1.0,4.0,44.0,118.18,1.18,,,,,0.0,0.0,Chattogram,
R Powell,"Brian Lara Stadium, Tarouba, Trinidad",4.0,32.0,23.0,2.0,2.0,23.0,139.13,1.39,,,,,0.0,0.0,Tarouba,
R Powell,Central Broward Regional Park Stadium Turf Ground,3.0,25.0,18.0,2.0,1.0,18.0,138.89,1.39,,,,,0.0,0.0,Lauderhill,
R Powell,"Central Broward Regional Park Stadium Turf Ground, Lauderhill",3.0,17.0,22.0,2.0,0.0,22.0,77.27,0.77,1.0,4.0,6.0,4.0,9.0,1.5,Lauderhill,
R Powell,"Daren Sammy National Cricket Stadium, Gros Islet, St Lucia",2.0,37.0,16.0,1.0,4.0,16.0,231.25,2.31,,,,,0.0,0.0,Gros Islet,
R Powell,Eden Gardens,1.0,2.0,4.0,0.0,0.0,4.0,50.0,0.5,,,,,0.0,0.0,Kolkata,
R Powell,"Eden Gardens, Kolkata",3.0,19.0,18.0,1.0,1.0,18.0,105.56,1.06,,,,,0.0,0.0,Kolkata,
R Powell,"Kensington Oval, Bridgetown",1.0,5.0,5.0,1.0,0.0,5.0,100.0,1.0,,,,,0.0,0.0,Barbados,
R Powell,"Kensington Oval, Bridgetown, Barbados",1.0,9.0,5.0,2.0,0.0,5.0,180.0,1.8,,,,,0.0,0.0,Bridgetown,
R Powell,"National Cricket Stadium, St George's, Grenada",1.0,2.0,3.0,0.0,0.0,3.0,66.67,0.67,,,,,0.0,0.0,St George's,
R Powell,National Stadium,3.0,9.0,17.0,1.0,0.0,17.0,52.94,0.53,2.0,10.0,17.0,10.0,10.2,1.7,Karachi,
R Powell,"National Stadium, Karachi",2.0,27.0,25.0,1.0,2.0,25.0,108.0,1.08,,,,,0.0,0.0,Karachi,
R Powell,"Providence Stadium, Guyana",3.0,38.0,28.0,1.0,3.0,28.0,135.71,1.36,1.0,2.0,2.0,2.0,6.0,1.0,Providence,
R Powell,"Queen's Park Oval, Port of Spain",1.0,0.0,1.0,0.0,0.0,1.0,0.0,0.0,,,,,0.0,0.0,Trinidad,
R Powell,"Shere Bangla National Stadium, Mirpur",2.0,12.0,12.0,1.0,0.0,12.0,100.0,1.0,,,,,0.0,0.0,Dhaka,
R Powell,"Warner Park, Basseterre, St Kitts",2.0,23.0,16.0,2.0,1.0,16.0,143.75,1.44,,,,,0.0,0.0,Basseterre,
R Powell,"Windsor Park, Roseau, Dominica",1.0,36.0,21.0,1.0,3.0,21.0,171.43,1.71,,,,,0.0,0.0,Roseau,
R Rampaul,Sharjah Cricket Stadium,,0.0,,0.0,0.0,0.0,,,1.0,14.0,15.0,14.0,6.43,1.07,Sharjah,
R Ravindra,"Brian Lara Stadium, Tarouba, Trinidad",1.0,1.0,1.0,0.0,0.0,1.0,100.0,1.0,1.0,2.0,0.0,2.0,0.0,0.0,Tarouba,
R Ravindra,"Gaddafi Stadium, Lahore",3.0,15.0,17.0,1.0,0.0,17.0,88.24,0.88,3.0,35.0,36.0,35.0,6.17,1.03,Lahore,
R Ravindra,"Hagley Oval, Christchurch",1.0,1.0,2.0,0.0,0.0,2.0,50.0,0.5,,,,,0.0,0.0,Christchurch,
R Ravindra,Harare Sports Club,2.0,14.0,12.0,2.0,0.0,12.0,116.67,1.17,1.0,6.0,1.0,6.0,1.0,0.17,,
R Ravindra,Rawalpindi Cricket Stadium,1.0,8.0,11.0,0.0,0.0,11.0,72.73,0.73,1.0,10.0,23.0,10.0,13.8,2.3,,
R Ravindra,"Sawai Mansingh Stadium, Jaipur",1.0,4.0,4.0,1.0,0.0,4.0,100.0,1.0,,,,,0.0,0.0,Jaipur,
R Ravindra,"Shere Bangla National Stadium, Mirpur",5.0,34.0,39.0,4.0,0.0,39.0,87.18,0.87,4.0,41.0,33.0,41.0,4.83,0.8,Dhaka,
R Ravindra,"Trent Bridge, Nottingham",,0.0,,0.0,0.0,0.0,,,1.0,4.0,8.0,4.0,12.0,2.0,Nottingham,
R Rohan,Dubai International Cricket Stadium,1.0,13.0,12.0,2.0,0.0,12.0,108.33,1.08,,,,,0.0,0.0,,
R Rohan,Indian Association Ground,2.0,15.0,26.0,1.0,0.0,26.0,57.69,0.58,,,,,0.0,0.0,Singapore,
R Rohan,"Tribhuvan University International Cricket Ground, Kirtipur",2.0,35.0,37.0,6.0,0.0,37.0,94.59,0.95,,,,,0.0,0.0,Kirtipur,
R Sai Kishore,Zhejiang University of Technology Cricket Field,,0.0,,0.0,0.0,0.0,,,2.0,20.0,17.0,20.0,5.1,0.85,Hangzhou,
R Sakurano-Thomas,Al Amerat Cricket Ground Oman Cricket (Ministry Turf 1),1.0,1.0,3.0,0.0,0.0,3.0,33.33,0.33,,,,,0.0,0.0,Al Amarat,
R Sandaruwan,Al Amerat Cricket Ground Oman Cricket (Ministry Turf 1),2.0,4.0,8.0,1.0,0.0,8.0,50.0,0.5,,,,,0.0,0.0,Al Amarat,
R Sandaruwan,Al Amerat Cricket Ground Oman Cricket (Ministry Turf 2),1.0,23.0,13.0,3.0,1.0,13.0,176.92,1.77,,,,,0.0,0.0,Al Amarat,
R Sandaruwan,"ICC Academy, Dubai",1.0,1.0,2.0,0.0,0.0,2.0,50.0,0.5,,,,,0.0,0.0,Dubai,
R Sandaruwan,Indian Association Ground,1.0,15.0,15.0,1.0,0.0,15.0,100.0,1.0,,,,,0.0,0.0,Singapore,
R Sandaruwan,"Mission Road Ground, Mong Kok, Hong Kong",2.0,48.0,30.0,3.0,4.0,30.0,160.0,1.6,,,,,0.0,0.0,Mong Kok,
R Sandaruwan,"West End Park International Cricket Stadium, Doha",1.0,0.0,1.0,0.0,0.0,1.0,0.0,0.0,,,,,0.0,0.0,Doha,
R Shepherd,"Arnos Vale Ground, Kingstown, St Vincent",3.0,55.0,52.0,3.0,4.0,52.0,105.77,1.06,3.0,67.0,91.0,67.0,8.15,1.36,Kingstown,
R Shepherd,"Bir Sreshtho Flight Lieutenant Matiur Rahman Stadium, Chattogram",1.0,13.0,16.0,1.0,0.0,16.0,81.25,0.81,3.0,76.0,94.0,76.0,7.42,1.24,Chattogram,
R Shepherd,"Brian Lara Stadium, Tarouba, Trinidad",1.0,4.0,9.0,0.0,0.0,9.0,44.44,0.44,1.0,13.0,22.0,13.0,10.15,1.69,Tarouba,
R Shepherd,"Central Broward Regional Park Stadium Turf Ground, Lauderhill",4.0,34.0,26.0,3.0,2.0,26.0,130.77,1.31,5.0,52.0,77.0,52.0,8.88,1.48,Lauderhill,
R Shepherd,"Daren Sammy National Cricket Stadium, Gros Islet, St Lucia",1.0,12.0,9.0,1.0,0.0,9.0,133.33,1.33,,,,,0.0,0.0,Gros Islet,
R Shepherd,"Eden Gardens, Kolkata",1.0,22.0,11.0,0.0,3.0,11.0,200.0,2.0,2.0,7.0,13.0,7.0,11.14,1.86,Kolkata,
R Shepherd,"Kensington Oval, Bridgetown, Barbados",1.0,0.0,1.0,0.0,0.0,1.0,0.0,0.0,,,,,0.0,0.0,Bridgetown,
R Shepherd,"National Stadium, Karachi",2.0,30.0,24.0,2.0,1.0,24.0,125.0,1.25,3.0,51.0,103.0,51.0,12.12,2.02,Karachi,
R Shepherd,"Providence Stadium, Guyana",1.0,2.0,5.0,0.0,0.0,5.0,40.0,0.4,4.0,51.0,89.0,51.0,10.47,1.75,Providence,
R Shepherd,"Warner Park, St Kitts",,0.0,,0.0,0.0,0.0,,,1.0,2.0,2.0,2.0,6.0,1.0,Basseterre,
R Shepherd,"Windsor Park, Roseau, Dominica",1.0,3.0,5.0,0.0,0.0,5.0,60.0,0.6,2.0,19.0,22.0,19.0,6.95,1.16,Roseau,
R Smith,"Jimmy Powell Oval, Cayman Islands",1.0,0.0,1.0,0.0,0.0,1.0,0.0,0.0,1.0,2.0,2.0,2.0,6.0,1.0,George Town,
R Theruvath,Al Amerat Cricket Ground Oman Cricket (Ministry Turf 1),1.0,2.0,2.0,0.0,0.0,2.0,100.0,1.0,,,,,0.0,0.0,Al Amarat,
R Theruvath,"Mission Road Ground, Mong Kok, Hong Kong",1.0,6.0,5.0,1.0,0.0,5.0,120.0,1.2,,,,,0.0,0.0,Mong Kok,
R Trumpelmann,Al Amerat Cricket Ground Oman Cricket (Ministry Turf 1),2.0,23.0,23.0,4.0,0.0,23.0,100.0,1.0,5.0,42.0,74.0,42.0,10.57,1.76,Al Amarat,
R Trumpelmann,Dubai International Cricket Stadium,,0.0,,0.0,0.0,0.0,,,1.0,5.0,6.0,5.0,7.2,1.2,,
R Trumpelmann,"Kensington Oval, Bridgetown, Barbados",,0.0,,0.0,0.0,0.0,,,1.0,24.0,21.0,24.0,5.25,0.88,Bridgetown,
R Trumpelmann,"Namibia Cricket Ground, Windhoek",,0.0,,0.0,0.0,0.0,,,3.0,9.0,5.0,9.0,3.33,0.56,Windhoek,
R Trumpelmann,"Queens Sports Club, Bulawayo",3.0,4.0,6.0,0.0,0.0,6.0,66.67,0.67,4.0,8.0,11.0,8.0,8.25,1.38,Bulawayo,
R Trumpelmann,Sharjah Cricket Stadium,1.0,5.0,3.0,1.0,0.0,3.0,166.67,1.67,,,,,0.0,0.0,Sharjah,
R Trumpelmann,"Tribhuvan University International Cricket Ground, Kirtipur",1.0,1.0,2.0,0.0,0.0,2.0,50.0,0.5,2.0,22.0,28.0,22.0,7.64,1.27,Kirtipur,
R Trumpelmann,"United Cricket Club Ground, Windhoek",1.0,6.0,2.0,0.0,1.0,2.0,300.0,3.0,,,,,0.0,0.0,Windhoek,
R Trumpelmann,"Zayed Cricket Stadium, Abu Dhabi",,0.0,,0.0,0.0,0.0,,,1.0,19.0,24.0,19.0,7.58,1.26,Abu Dhabi,
R Walker,"Jimmy Powell Oval, Cayman Islands",1.0,12.0,18.0,0.0,0.0,18.0,66.67,0.67,,,,,0.0,0.0,George Town,
R Walker,"Maple Leaf North-East Ground, King City",1.0,3.0,4.0,0.0,0.0,4.0,75.0,0.75,,,,,0.0,0.0,King City,
R Walker,"Maple Leaf North-West Ground, King City",1.0,0.0,1.0,0.0,0.0,1.0,0.0,0.0,,,,,0.0,0.0,King City,
RA Abolarin,Entebbe Cricket Oval,,0.0,,0.0,0.0,0.0,,,1.0,9.0,15.0,9.0,10.0,1.67,Entebbe,
RA Herman,Harare Sports Club,4.0,27.0,22.0,2.0,1.0,22.0,122.73,1.23,,,,,0.0,0.0,,
RA Herman,"Namibia Cricket Ground, Windhoek",1.0,5.0,5.0,1.0,0.0,5.0,100.0,1.0,,,,,0.0,0.0,Windhoek,
RA Jadeja,Dubai International Cricket Stadium,3.0,49.0,43.0,4.0,2.0,43.0,113.95,1.14,3.0,34.0,38.0,34.0,6.71,1.12,,
RA Jadeja,M Chinnaswamy Stadium,1.0,3.0,5.0,0.0,0.0,5.0,60.0,0.6,1.0,6.0,9.0,6.0,9.0,1.5,Bangalore,
RA Jadeja,"Nassau County International Cricket Stadium, New York",,0.0,,0.0,0.0,0.0,,,1.0,12.0,10.0,12.0,5.0,0.83,New York,
RA Jadeja,Shere Bangla National Stadium,,0.0,,0.0,0.0,0.0,,,1.0,10.0,8.0,10.0,4.8,0.8,Mirpur,
RA Jadeja,"Sir Vivian Richards Stadium, North Sound, Antigua",,0.0,,0.0,0.0,0.0,,,1.0,6.0,5.0,6.0,5.0,0.83,North Sound,
RA Sealy,"Jimmy Powell Oval, Cayman Islands",2.0,21.0,21.0,3.0,0.0,21.0,100.0,1.0,,,,,0.0,0.0,George Town,
RA Sealy,"National Stadium, Hamilton",1.0,1.0,4.0,0.0,0.0,4.0,25.0,0.25,,,,,0.0,0.0,Hamilton,
RA Sealy,"White Hill Field, Sandys Parish",1.0,5.0,8.0,1.0,0.0,8.0,62.5,0.62,,,,,0.0,0.0,Hamilton,
RA Tappin,"Jimmy Powell Oval, Cayman Islands",1.0,1.0,9.0,0.0,0.0,9.0,11.11,0.11,,,,,0.0,0.0,George Town,
RAS Lakmal,"R.Premadasa Stadium, Khettarama",,0.0,,0.0,0.0,0.0,,,1.0,2.0,2.0,2.0,6.0,1.0,Colombo,
RB Patel,"Wanderers Cricket Ground, Windhoek",1.0,9.0,8.0,1.0,0.0,8.0,112.5,1.12,,,,,0.0,0.0,Windhoek,
RD Berrington,Al Amerat Cricket Ground Oman Cricket (Ministry Turf 1),3.0,34.0,26.0,3.0,2.0,26.0,130.77,1.31,1.0,8.0,6.0,8.0,4.5,0.75,Al Amarat,
RD Berrington,"Bellerive Oval, Hobart",2.0,7.0,7.0,0.0,0.0,7.0,100.0,1.0,,,,,0.0,0.0,Hobart,
RD Berrington,"Bready Cricket Club, Magheramason",1.0,5.0,5.0,0.0,0.0,5.0,100.0,1.0,1.0,1.0,1.0,1.0,6.0,1.0,Bready,
RD Berrington,Dubai International Cricket Stadium,3.0,15.0,13.0,1.0,1.0,13.0,115.38,1.15,1.0,2.0,4.0,2.0,12.0,2.0,,
RD Berrington,"Grange Cricket Club Ground, Raeburn Place, Edinburgh",1.0,8.0,3.0,0.0,1.0,3.0,266.67,2.67,,,,,0.0,0.0,Edinburgh,
RD Berrington,"Grange Cricket Club, Raeburn Place",2.0,9.0,11.0,1.0,0.0,11.0,81.82,0.82,1.0,2.0,1.0,2.0,3.0,0.5,Edinburgh,
RD Berrington,ICC Academy,2.0,11.0,8.0,0.0,1.0,8.0,137.5,1.38,1.0,5.0,5.0,5.0,6.0,1.0,Dubai,
RD Berrington,"ICC Academy, Dubai",1.0,11.0,7.0,0.0,1.0,7.0,157.14,1.57,,,,,0.0,0.0,Dubai,
RD Berrington,Sharjah Cricket Stadium,1.0,52.0,36.0,4.0,1.0,36.0,144.44,1.44,1.0,10.0,10.0,10.0,6.0,1.0,Sharjah,
RD Berrington,"Sir Vivian Richards Stadium, North Sound, Antigua",1.0,13.0,6.0,1.0,1.0,6.0,216.67,2.17,,,,,0.0,0.0,North Sound,
RD Berrington,Sportpark Het Schootsveld,1.0,7.0,8.0,0.0,0.0,8.0,87.5,0.88,,,,,0.0,0.0,Deventer,
RD Berrington,"Sportpark Westvliet, The Hague",1.0,4.0,4.0,0.0,0.0,4.0,100.0,1.0,,,,,0.0,0.0,The Hague,
RD Berrington,"The Village, Malahide",,0.0,,0.0,0.0,0.0,,,1.0,4.0,4.0,4.0,6.0,1.0,Dublin,
RD Berrington,"Vidarbha Cricket Association Stadium, Jamtha",1.0,7.0,4.0,1.0,0.0,4.0,175.0,1.75,,,,,0.0,0.0,Nagpur,
RD Chahar,Dubai International Cricket Stadium,,0.0,,0.0,0.0,0.0,,,1.0,4.0,6.0,4.0,9.0,1.5,,
RD Gaikwad,Harare Sports Club,2.0,17.0,11.0,1.0,1.0,11.0,154.55,1.55,,,,,0.0,0.0,,
RD Gaikwad,Zhejiang University of Technology Cricket Field,2.0,12.0,17.0,2.0,0.0,17.0,70.59,0.71,,,,,0.0,0.0,Hangzhou,
RD Rickelton,"Kingsmead, Durban",1.0,20.0,8.0,3.0,1.0,8.0,250.0,2.5,,,,,0.0,0.0,Durban,
RD Rickelton,"St George's Park, Gqeberha",1.0,13.0,11.0,2.0,0.0,11.0,118.18,1.18,,,,,0.0,0.0,Gqeberha,
RD Rickelton,"SuperSport Park, Centurion",2.0,14.0,12.0,1.0,1.0,12.0,116.67,1.17,,,,,0.0,0.0,Centurion,
RD Rickelton,"The Wanderers Stadium, Johannesburg",1.0,1.0,1.0,0.0,0.0,1.0,100.0,1.0,,,,,0.0,0.0,Johannesburg,
RDB Ahir,"National Stadium, Hamilton",1.0,1.0,4.0,0.0,0.0,4.0,25.0,0.25,1.0,1.0,1.0,1.0,6.0,1.0,Hamilton,
RE van der Merwe,Adelaide Oval,,0.0,,0.0,0.0,0.0,,,1.0,2.0,1.0,2.0,3.0,0.5,Adelaide,
RE van der Merwe,Al Amerat Cricket Ground Oman Cricket (Ministry Turf 1),3.0,4.0,4.0,0.0,0.0,4.0,100.0,1.0,3.0,11.0,5.0,11.0,2.73,0.45,Al Amarat,
RE van der Merwe,Hazelaarweg,3.0,27.0,15.0,3.0,1.0,15.0,180.0,1.8,2.0,2.0,1.0,2.0,3.0,0.5,Rotterdam,
RE van der Merwe,Himachal Pradesh Cricket Association Stadium,1.0,2.0,2.0,0.0,0.0,2.0,100.0,1.0,,,,,0.0,0.0,Dharamsala,
RE van der Merwe,ICC Academy,,0.0,,0.0,0.0,0.0,,,1.0,2.0,2.0,2.0,6.0,1.0,Dubai,
RE van der Merwe,Perth Stadium,1.0,5.0,6.0,0.0,0.0,6.0,83.33,0.83,1.0,5.0,6.0,5.0,7.2,1.2,Perth,
RE van der Merwe,Sheikh Zayed Stadium,1.0,35.0,15.0,6.0,0.0,15.0,233.33,2.33,1.0,9.0,8.0,9.0,5.33,0.89,Abu Dhabi,
RE van der Merwe,"Titwood, Glasgow",1.0,7.0,2.0,0.0,1.0,2.0,350.0,3.5,,,,,0.0,0.0,Glasgow,
RE van der Merwe,"Tribhuvan University International Cricket Ground, Kirtipur",2.0,7.0,4.0,1.0,0.0,4.0,175.0,1.75,3.0,18.0,23.0,18.0,7.67,1.28,Kirtipur,
RG Aga,ICC Global Cricket Academy,1.0,11.0,8.0,1.0,0.0,8.0,137.5,1.38,1.0,4.0,5.0,4.0,7.5,1.25,Dubai,
RG Aga,Mombasa Sports Club Ground,3.0,9.0,10.0,0.0,0.0,10.0,90.0,0.9,,,,,0.0,0.0,,
RG Aga,Sharjah Cricket Stadium,,0.0,,0.0,0.0,0.0,,,1.0,2.0,0.0,2.0,0.0,0.0,Sharjah,
RG Mukasa,"United Cricket Club Ground, Windhoek",1.0,3.0,5.0,0.0,0.0,5.0,60.0,0.6,,,,,0.0,0.0,Windhoek,
RG Sharma,Adelaide Oval,1.0,2.0,8.0,0.0,0.0,8.0,25.0,0.25,,,,,0.0,0.0,Adelaide,
RG Sharma,Dubai International Cricket Stadium,5.0,56.0,43.0,5.0,4.0,43.0,130.23,1.3,,,,,0.0,0.0,,
RG Sharma,"Eden Gardens, Kolkata",1.0,1.0,1.0,0.0,0.0,1.0,100.0,1.0,,,,,0.0,0.0,Kolkata,
RG Sharma,"JSCA International Stadium Complex, Ranchi",1.0,15.0,5.0,0.0,2.0,5.0,300.0,3.0,,,,,0.0,0.0,Ranchi,
RG Sharma,M Chinnaswamy Stadium,1.0,8.0,4.0,0.0,1.0,4.0,200.0,2.0,,,,,0.0,0.0,Bangalore,
RG Sharma,Melbourne Cricket Ground,1.0,4.0,7.0,0.0,0.0,7.0,57.14,0.57,,,,,0.0,0.0,,
RG Sharma,"Nassau County International Cricket Stadium, New York",2.0,15.0,15.0,1.0,1.0,15.0,100.0,1.0,,,,,0.0,0.0,New York,
RG Sharma,"R.Premadasa Stadium, Khettarama",3.0,44.0,29.0,5.0,1.0,29.0,151.72,1.52,,,,,0.0,0.0,Colombo,
RG Sharma,Saurashtra Cricket Association Stadium,2.0,29.0,17.0,3.0,2.0,17.0,170.59,1.71,,,,,0.0,0.0,Rajkot,
RG Sharma,Shere Bangla National Stadium,2.0,29.0,21.0,2.0,2.0,21.0,138.1,1.38,,,,,0.0,0.0,Mirpur,
RG Sharma,"Sir Vivian Richards Stadium, North Sound, Antigua",1.0,8.0,5.0,1.0,0.0,5.0,160.0,1.6,,,,,0.0,0.0,North Sound,
RG Sharma,Sydney Cricket Ground,1.0,2.0,3.0,0.0,0.0,3.0,66.67,0.67,,,,,0.0,0.0,,
RG Sharma,"The Village, Malahide",1.0,13.0,10.0,0.0,1.0,10.0,130.0,1.3,,,,,0.0,0.0,Dublin,
RI Ahmed,Hazelaarweg,1.0,7.0,10.0,0.0,0.0,10.0,70.0,0.7,,,,,0.0,0.0,Rotterdam,
RJ Campbell,"Vidarbha Cricket Association Stadium, Jamtha",,0.0,,0.0,0.0,0.0,,,1.0,3.0,3.0,3.0,6.0,1.0,Nagpur,
RJ Gleeson,"Gaddafi Stadium, Lahore",,0.0,,0.0,0.0,0.0,,,1.0,15.0,26.0,15.0,10.4,1.73,Lahore,
RJ Gleeson,"National Stadium, Karachi",,0.0,,0.0,0.0,0.0,,,1.0,9.0,10.0,9.0,6.67,1.11,Karachi,
RJ Pierre,"Gahanga International Cricket Stadium, Rwanda",,0.0,,0.0,0.0,0.0,,,2.0,11.0,18.0,11.0,9.82,1.64,Kigali City,
RJ Trott,ICC Academy Ground No 2,,0.0,,0.0,0.0,0.0,,,1.0,4.0,9.0,4.0,13.5,2.25,Dubai,
RJ Trott,"Sir Vivian Richards Stadium, North Sound, Antigua",,0.0,,0.0,0.0,0.0,,,1.0,7.0,7.0,7.0,6.0,1.0,North Sound,
RJ Trott,"White Hill Field, Sandys Parish",,0.0,,0.0,0.0,0.0,,,1.0,13.0,19.0,13.0,8.77,1.46,Hamilton,
RJW Topley,Dubai International Cricket Stadium,,0.0,,0.0,0.0,0.0,,,1.0,2.0,0.0,2.0,0.0,0.0,,
RJW Topley,"Edgbaston, Birmingham",,0.0,,0.0,0.0,0.0,,,1.0,15.0,25.0,15.0,10.0,1.67,Birmingham,
RJW Topley,"Gaddafi Stadium, Lahore",,0.0,,0.0,0.0,0.0,,,2.0,32.0,41.0,32.0,7.69,1.28,Lahore,
RJW Topley,"National Stadium, Karachi",1.0,0.0,1.0,0.0,0.0,1.0,0.0,0.0,2.0,34.0,33.0,34.0,5.82,0.97,Karachi,
RJW Topley,"Sir Vivian Richards Stadium, North Sound, Antigua",,0.0,,0.0,0.0,0.0,,,1.0,6.0,3.0,6.0,3.0,0.5,North Sound,
RJW Topley,"The Rose Bowl, Southampton",1.0,3.0,5.0,0.0,0.0,5.0,60.0,0.6,1.0,6.0,4.0,6.0,4.0,0.67,Southampton,
RK Kiseto,Gahanga International Cricket Stadium. Rwanda,1.0,1.0,2.0,0.0,0.0,2.0,50.0,0.5,,,,,0.0,0.0,Kigali City,
RK Paudel,"Arnos Vale Ground, Kingstown, St Vincent",1.0,1.0,6.0,0.0,0.0,6.0,16.67,0.17,1.0,12.0,11.0,12.0,5.5,0.92,Kingstown,
RK Paudel,"Grand Prairie Stadium, Dallas",2.0,23.0,21.0,1.0,0.0,21.0,109.52,1.1,,,,,0.0,0.0,Dallas,
RK Paudel,"Maple Leaf North-West Ground, King City",4.0,53.0,59.0,3.0,2.0,59.0,89.83,0.9,1.0,1.0,0.0,1.0,0.0,0.0,King City,
RK Paudel,"Titwood, Glasgow",3.0,15.0,13.0,2.0,0.0,13.0,115.38,1.15,,,,,0.0,0.0,Glasgow,
RK Paudel,"Tribhuvan University International Cricket Ground, Kirtipur",3.0,68.0,47.0,6.0,3.0,47.0,144.68,1.45,3.0,16.0,8.0,16.0,3.0,0.5,Kirtipur,
RK Paudel,Zhejiang University of Technology Cricket Field,1.0,3.0,5.0,0.0,0.0,5.0,60.0,0.6,1.0,5.0,1.0,5.0,1.2,0.2,Hangzhou,
RK Singh,"Arun Jaitley Stadium, Delhi",1.0,48.0,24.0,5.0,3.0,24.0,200.0,2.0,,,,,0.0,0.0,Delhi,
RK Singh,"Dr. Y.S. Rajasekhara Reddy ACA-VDCA Cricket Stadium, Visakhapatnam",1.0,1.0,1.0,0.0,0.0,1.0,100.0,1.0,,,,,0.0,0.0,Visakhapatnam,
RK Singh,Dubai International Cricket Stadium,1.0,4.0,1.0,1.0,0.0,1.0,400.0,4.0,,,,,0.0,0.0,,
RK Singh,"Rajiv Gandhi International Stadium, Uppal, Hyderabad",1.0,8.0,5.0,0.0,1.0,5.0,160.0,1.6,,,,,0.0,0.0,Hyderabad,
RL Chase,"Arnos Vale Ground, Kingstown, St Vincent",3.0,33.0,50.0,0.0,2.0,50.0,66.0,0.66,3.0,50.0,40.0,50.0,4.8,0.8,Kingstown,
RL Chase,"Bir Sreshtho Flight Lieutenant Matiur Rahman Stadium, Chattogram",2.0,67.0,45.0,6.0,1.0,45.0,148.89,1.49,2.0,43.0,44.0,43.0,6.14,1.02,Chattogram,
RL Chase,"Bready Cricket Club, Magheramason, Bready",,0.0,,0.0,0.0,0.0,,,1.0,4.0,10.0,4.0,15.0,2.5,Bready,
RL Chase,"Central Broward Regional Park Stadium Turf Ground, Lauderhill",3.0,36.0,38.0,2.0,0.0,38.0,94.74,0.95,4.0,53.0,55.0,53.0,6.23,1.04,Lauderhill,
RL Chase,"Eden Gardens, Kolkata",1.0,0.0,6.0,0.0,0.0,6.0,0.0,0.0,2.0,28.0,19.0,28.0,4.07,0.68,Kolkata,
RL Chase,"Kensington Oval, Bridgetown, Barbados",,0.0,,0.0,0.0,0.0,,,1.0,11.0,8.0,11.0,4.36,0.73,Bridgetown,
RL Chase,"Providence Stadium, Guyana",,0.0,,0.0,0.0,0.0,,,1.0,13.0,12.0,13.0,5.54,0.92,Providence,
RL Chase,Sharjah Cricket Stadium,1.0,32.0,37.0,2.0,0.0,37.0,86.49,0.86,,,,,0.0,0.0,Sharjah,
RM Haq,Dubai International Cricket Stadium,2.0,3.0,4.0,0.0,0.0,4.0,75.0,0.75,,,,,0.0,0.0,,
RM Siri,"Sir Vivian Richards Stadium, North Sound, Antigua",2.0,6.0,7.0,0.0,0.0,7.0,85.71,0.86,,,,,0.0,0.0,North Sound,
RN Patel,Entebbe Cricket Oval,1.0,5.0,3.0,1.0,0.0,3.0,166.67,1.67,,,,,0.0,0.0,Entebbe,
RN Patel,"Gymkhana Club Ground, Nairobi",5.0,17.0,19.0,2.0,1.0,19.0,89.47,0.89,,,,,0.0,0.0,Nairobi,
RN Patel,Integrated Polytechnic Regional Centre,1.0,0.0,1.0,0.0,0.0,1.0,0.0,0.0,,,,,0.0,0.0,Kigali City,
RN ten Doeschate,Al Amerat Cricket Ground Oman Cricket (Ministry Turf 1),1.0,11.0,10.0,1.0,0.0,10.0,110.0,1.1,,,,,0.0,0.0,Al Amarat,
RN ten Doeschate,Dubai International Cricket Stadium,2.0,18.0,12.0,0.0,1.0,12.0,150.0,1.5,,,,,0.0,0.0,,
RN ten Doeschate,ICC Academy,1.0,19.0,11.0,1.0,1.0,11.0,172.73,1.73,,,,,0.0,0.0,Dubai,
RN ten Doeschate,Lord's,1.0,3.0,4.0,0.0,0.0,4.0,75.0,0.75,,,,,0.0,0.0,London,
ROC Dunka,"Jimmy Powell Oval, Cayman Islands",2.0,1.0,4.0,0.0,0.0,4.0,25.0,0.25,1.0,1.0,1.0,1.0,6.0,1.0,George Town,
ROC Dunka,"Maple Leaf North-East Ground, King City",,0.0,,0.0,0.0,0.0,,,1.0,5.0,7.0,5.0,8.4,1.4,King City,
ROC Dunka,"Maple Leaf North-West Ground, King City",2.0,6.0,5.0,1.0,0.0,5.0,120.0,1.2,1.0,1.0,0.0,1.0,0.0,0.0,King City,
ROC Dunka,"National Stadium, Hamilton",1.0,0.0,2.0,0.0,0.0,2.0,0.0,0.0,1.0,14.0,20.0,14.0,8.57,1.43,Hamilton,
ROC Dunka,"White Hill Field, Sandys Parish",1.0,1.0,1.0,0.0,0.0,1.0,100.0,1.0,1.0,4.0,6.0,4.0,9.0,1.5,Hamilton,
RP Burl,"Brisbane Cricket Ground, Woolloongabba, Brisbane",1.0,10.0,15.0,0.0,0.0,15.0,66.67,0.67,,,,,0.0,0.0,Brisbane,
RP Burl,"Castle Avenue, Dublin",,0.0,,0.0,0.0,0.0,,,2.0,10.0,14.0,10.0,8.4,1.4,Dublin,
RP Burl,Harare Sports Club,11.0,191.0,117.0,12.0,13.0,117.0,163.25,1.63,9.0,80.0,109.0,80.0,8.17,1.36,,
RP Burl,Indian Association Ground,2.0,33.0,22.0,3.0,2.0,22.0,150.0,1.5,2.0,8.0,7.0,8.0,5.25,0.88,Singapore,
RP Burl,Melbourne Cricket Ground,,0.0,,0.0,0.0,0.0,,,1.0,5.0,13.0,5.0,15.6,2.6,,
RP Burl,Perth Stadium,1.0,9.0,13.0,0.0,0.0,13.0,69.23,0.69,1.0,2.0,2.0,2.0,6.0,1.0,Perth,
RP Burl,"Queens Sports Club, Bulawayo",6.0,36.0,32.0,2.0,2.0,32.0,112.5,1.12,3.0,37.0,43.0,37.0,6.97,1.16,Bulawayo,
RP Burl,Rawalpindi Cricket Stadium,2.0,27.0,27.0,1.0,0.0,27.0,100.0,1.0,1.0,8.0,13.0,8.0,9.75,1.62,,
RP Burl,"Shere Bangla National Stadium, Mirpur",2.0,39.0,37.0,3.0,2.0,37.0,105.41,1.05,1.0,2.0,2.0,2.0,6.0,1.0,Dhaka,
RP Burl,"United Cricket Club Ground, Windhoek",3.0,15.0,7.0,1.0,1.0,7.0,214.29,2.14,2.0,14.0,14.0,14.0,6.0,1.0,Windhoek,
RP Burl,"Wanderers Cricket Ground, Windhoek",1.0,13.0,8.0,0.0,1.0,8.0,162.5,1.62,,,,,0.0,0.0,Windhoek,
RP Burl,"Zahur Ahmed Chowdhury Stadium, Chattogram",1.0,0.0,1.0,0.0,0.0,1.0,0.0,0.0,,,,,0.0,0.0,Chattogram,
RP Mitchell,"Coolidge Cricket Ground, Antigua",,0.0,,0.0,0.0,0.0,,,1.0,11.0,16.0,11.0,8.73,1.45,Coolidge,
RR Emrit,National Stadium,1.0,8.0,11.0,0.0,1.0,11.0,72.73,0.73,3.0,52.0,72.0,52.0,8.31,1.38,Karachi,
RR Hendricks,"Arnos Vale Ground, Kingstown, St Vincent",1.0,20.0,20.0,3.0,1.0,20.0,100.0,1.0,,,,,0.0,0.0,Kingstown,
RR Hendricks,"County Ground, Bristol",1.0,9.0,4.0,2.0,0.0,4.0,225.0,2.25,,,,,0.0,0.0,Bristol,
RR Hendricks,"Dr. Y.S. Rajasekhara Reddy ACA-VDCA Cricket Stadium, Visakhapatnam",1.0,8.0,6.0,2.0,0.0,6.0,133.33,1.33,,,,,0.0,0.0,Visakhapatnam,
RR Hendricks,Gaddafi Stadium,3.0,54.0,43.0,9.0,0.0,43.0,125.58,1.26,,,,,0.0,0.0,Lahore,
RR Hendricks,"Gaddafi Stadium, Lahore",2.0,34.0,38.0,2.0,0.0,38.0,89.47,0.89,,,,,0.0,0.0,Lahore,
RR Hendricks,Harare Sports Club,2.0,3.0,9.0,0.0,0.0,9.0,33.33,0.33,,,,,0.0,0.0,,
RR Hendricks,"Kensington Oval, Bridgetown, Barbados",1.0,4.0,4.0,1.0,0.0,4.0,100.0,1.0,,,,,0.0,0.0,Bridgetown,
RR Hendricks,"Kingsmead, Durban",1.0,8.0,9.0,1.0,0.0,9.0,88.89,0.89,,,,,0.0,0.0,Durban,
RR Hendricks,M.Chinnaswamy Stadium,1.0,8.0,9.0,1.0,0.0,9.0,88.89,0.89,,,,,0.0,0.0,Bengaluru,
RR Hendricks,"Namibia Cricket Ground, Windhoek",1.0,1.0,4.0,0.0,0.0,4.0,25.0,0.25,,,,,0.0,0.0,Windhoek,
RR Hendricks,"Nassau County International Cricket Stadium, New York",1.0,0.0,1.0,0.0,0.0,1.0,0.0,0.0,,,,,0.0,0.0,New York,
RR Hendricks,Newlands,1.0,32.0,18.0,4.0,0.0,18.0,177.78,1.78,,,,,0.0,0.0,Cape Town,
RR Hendricks,"Punjab Cricket Association IS Bindra Stadium, Mohali",1.0,1.0,3.0,0.0,0.0,3.0,33.33,0.33,,,,,0.0,0.0,Chandigarh,
RR Hendricks,Rawalpindi Cricket Stadium,1.0,60.0,41.0,5.0,1.0,41.0,146.34,1.46,,,,,0.0,0.0,,
RR Hendricks,"Sir Vivian Richards Stadium, North Sound, Antigua",1.0,7.0,3.0,0.0,1.0,3.0,233.33,2.33,,,,,0.0,0.0,North Sound,
RR Hendricks,"St George's Park, Gqeberha",2.0,55.0,34.0,10.0,1.0,34.0,161.76,1.62,,,,,0.0,0.0,Gqeberha,
RR Hendricks,SuperSport Park,1.0,0.0,2.0,0.0,0.0,2.0,0.0,0.0,,,,,0.0,0.0,Centurion,
RR Hendricks,"SuperSport Park, Centurion",2.0,122.0,66.0,8.0,10.0,66.0,184.85,1.85,,,,,0.0,0.0,Centurion,
RR Hendricks,The Wanderers Stadium,1.0,21.0,16.0,3.0,0.0,16.0,131.25,1.31,,,,,0.0,0.0,Johannesburg,
RR Hendricks,"The Wanderers Stadium, Johannesburg",2.0,8.0,15.0,1.0,0.0,15.0,53.33,0.53,,,,,0.0,0.0,Johannesburg,
RR Hendricks,"Zayed Cricket Stadium, Abu Dhabi",1.0,4.0,5.0,1.0,0.0,5.0,80.0,0.8,,,,,0.0,0.0,Abu Dhabi,
RR Joshi,Prairie View Cricket Complex,1.0,0.0,1.0,0.0,0.0,1.0,0.0,0.0,4.0,19.0,18.0,19.0,5.68,0.95,Houston,
RR Pant,Arun Jaitley Stadium,1.0,15.0,13.0,2.0,0.0,13.0,115.38,1.15,,,,,0.0,0.0,Delhi,
RR Pant,"Bay Oval, Mount Maunganui",1.0,1.0,9.0,0.0,0.0,9.0,11.11,0.11,,,,,0.0,0.0,Mount Maunganui,
RR Pant,Dubai International Cricket Stadium,3.0,47.0,43.0,3.0,2.0,43.0,109.3,1.09,,,,,0.0,0.0,,
RR Pant,"McLean Park, Napier",1.0,3.0,1.0,0.0,0.0,1.0,300.0,3.0,,,,,0.0,0.0,Napier,
RR Pant,Melbourne Cricket Ground,1.0,2.0,3.0,0.0,0.0,3.0,66.67,0.67,,,,,0.0,0.0,,
RR Pant,"Nassau County International Cricket Stadium, New York",2.0,23.0,16.0,4.0,0.0,16.0,143.75,1.44,,,,,0.0,0.0,New York,
RR Pant,"R.Premadasa Stadium, Khettarama",1.0,5.0,3.0,1.0,0.0,3.0,166.67,1.67,,,,,0.0,0.0,Colombo,
RR Pant,"Sir Vivian Richards Stadium, North Sound, Antigua",1.0,34.0,19.0,4.0,2.0,19.0,178.95,1.79,,,,,0.0,0.0,North Sound,
RR Pant,"Vidarbha Cricket Association Stadium, Jamtha",1.0,4.0,7.0,0.0,0.0,7.0,57.14,0.57,,,,,0.0,0.0,Nagpur,
RR Patel,Dubai International Cricket Stadium,1.0,3.0,6.0,0.0,0.0,6.0,50.0,0.5,1.0,4.0,4.0,4.0,6.0,1.0,,
RR Patel,Gahanga International Cricket Stadium. Rwanda,1.0,29.0,11.0,2.0,3.0,11.0,263.64,2.64,1.0,9.0,13.0,9.0,8.67,1.44,Kigali City,
RR Patel,"Gymkhana Club Ground, Nairobi",3.0,19.0,6.0,0.0,3.0,6.0,316.67,3.17,2.0,12.0,23.0,12.0,11.5,1.92,Nairobi,
RR Patel,Harare Sports Club,1.0,9.0,13.0,0.0,0.0,13.0,69.23,0.69,,,,,0.0,0.0,,
RR Patel,ICC Global Cricket Academy,2.0,27.0,21.0,2.0,1.0,21.0,128.57,1.29,,,,,0.0,0.0,Dubai,
RR Patel,Integrated Polytechnic Regional Centre,1.0,7.0,4.0,0.0,1.0,4.0,175.0,1.75,,,,,0.0,0.0,Kigali City,
RR Patel,Lugogo Cricket Oval,1.0,12.0,4.0,0.0,2.0,4.0,300.0,3.0,,,,,0.0,0.0,Kampala,
RR Patel,Mombasa Sports Club Ground,1.0,8.0,10.0,1.0,0.0,10.0,80.0,0.8,,,,,0.0,0.0,,
RR Patel,Sharjah Cricket Stadium,1.0,8.0,4.0,0.0,1.0,4.0,200.0,2.0,,,,,0.0,0.0,Sharjah,
RR Patel,"Wanderers Cricket Ground, Windhoek",1.0,4.0,6.0,1.0,0.0,6.0,66.67,0.67,,,,,0.0,0.0,Windhoek,
RR Patel,"Willowmoore Park, Benoni",1.0,3.0,3.0,0.0,0.0,3.0,100.0,1.0,,,,,0.0,0.0,Benoni,
RR Rossouw,"Barsapara Cricket Stadium, Guwahati",1.0,0.0,2.0,0.0,0.0,2.0,0.0,0.0,,,,,0.0,0.0,Guwahati,
RR Rossouw,"Greenfield International Stadium, Thiruvananthapuram",1.0,0.0,1.0,0.0,0.0,1.0,0.0,0.0,,,,,0.0,0.0,Thiruvananthapuram,
RR Rossouw,"Holkar Cricket Stadium, Indore",1.0,16.0,10.0,1.0,1.0,10.0,160.0,1.6,,,,,0.0,0.0,Indore,
RR Rossouw,Kingsmead,1.0,10.0,4.0,1.0,1.0,4.0,250.0,2.5,,,,,0.0,0.0,Durban,
RR Rossouw,Perth Stadium,1.0,0.0,2.0,0.0,0.0,2.0,0.0,0.0,,,,,0.0,0.0,Perth,
RR Rossouw,Shere Bangla National Stadium,2.0,16.0,10.0,1.0,1.0,10.0,160.0,1.6,,,,,0.0,0.0,Mirpur,
RR Rossouw,SuperSport Park,1.0,3.0,4.0,0.0,0.0,4.0,75.0,0.75,,,,,0.0,0.0,Centurion,
RR Rossouw,Sydney Cricket Ground,2.0,60.0,35.0,6.0,3.0,35.0,171.43,1.71,,,,,0.0,0.0,,
RR Sarwan,Providence Stadium,1.0,6.0,7.0,0.0,0.0,7.0,85.71,0.86,,,,,0.0,0.0,Guyana,
RR Sharan,Al Amerat Cricket Ground Oman Cricket (Ministry Turf 2),1.0,12.0,10.0,0.0,1.0,10.0,120.0,1.2,1.0,6.0,18.0,6.0,18.0,3.0,Al Amarat,
RR Simmonds,Sharjah Cricket Stadium,,0.0,,0.0,0.0,0.0,,,2.0,7.0,7.0,7.0,6.0,1.0,Sharjah,
RT Lyons,Dubai International Cricket Stadium,1.0,0.0,2.0,0.0,0.0,2.0,0.0,0.0,,,,,0.0,0.0,,
RTM Mendis,Pallekele International Cricket Stadium,2.0,3.0,5.0,0.0,0.0,5.0,60.0,0.6,1.0,14.0,16.0,14.0,6.86,1.14,Kandy,
RV Uthappa,Harare Sports Club,1.0,1.0,4.0,0.0,0.0,4.0,25.0,0.25,,,,,0.0,0.0,,
RV Viraj,Al Amerat Cricket Ground Oman Cricket (Ministry Turf 2),1.0,1.0,3.0,0.0,0.0,3.0,33.33,0.33,1.0,3.0,3.0,3.0,6.0,1.0,Al Amarat,
RW Chakabva,"Brisbane Cricket Ground, Woolloongabba, Brisbane",1.0,8.0,10.0,0.0,0.0,10.0,80.0,0.8,,,,,0.0,0.0,Brisbane,
RW Chakabva,Harare Sports Club,8.0,97.0,62.0,6.0,8.0,62.0,156.45,1.56,,,,,0.0,0.0,,
RW Chakabva,Indian Association Ground,1.0,4.0,9.0,1.0,0.0,9.0,44.44,0.44,,,,,0.0,0.0,Singapore,
RW Chakabva,Melbourne Cricket Ground,1.0,0.0,1.0,0.0,0.0,1.0,0.0,0.0,,,,,0.0,0.0,,
RW Chakabva,Perth Stadium,1.0,0.0,1.0,0.0,0.0,1.0,0.0,0.0,,,,,0.0,0.0,Perth,
RW Chakabva,Shere Bangla National Stadium,1.0,0.0,2.0,0.0,0.0,2.0,0.0,0.0,,,,,0.0,0.0,Mirpur,
Raag Kapur,Al Amerat Cricket Ground Oman Cricket (Ministry Turf 1),1.0,3.0,2.0,0.0,0.0,2.0,150.0,1.5,1.0,4.0,5.0,4.0,7.5,1.25,Al Amarat,
Rafiulah Alokozai,"Moara Vlasiei Cricket Ground, Ilfov County",1.0,0.0,3.0,0.0,0.0,3.0,0.0,0.0,,,,,0.0,0.0,Ilfov County,
Rafiullah,Al Amerat Cricket Ground Oman Cricket (Ministry Turf 1),2.0,6.0,3.0,0.0,1.0,3.0,200.0,2.0,4.0,29.0,29.0,29.0,6.0,1.0,Al Amarat,
Rafiullah,Al Amerat Cricket Ground Oman Cricket (Ministry Turf 2),1.0,1.0,1.0,0.0,0.0,1.0,100.0,1.0,,,,,0.0,0.0,Al Amarat,
Rafiullah,"Maple Leaf North-West Ground, King City",2.0,6.0,6.0,1.0,0.0,6.0,100.0,1.0,2.0,14.0,16.0,14.0,6.86,1.14,King City,
Raghav Dhawan,Harare Sports Club,1.0,1.0,2.0,0.0,0.0,2.0,50.0,0.5,,,,,0.0,0.0,,
Rakibul Hasan,Zhejiang University of Technology Cricket Field,2.0,10.0,2.0,1.0,1.0,2.0,500.0,5.0,2.0,7.0,13.0,7.0,11.14,1.86,Hangzhou,
Ramandeep Singh,"SuperSport Park, Centurion",1.0,15.0,6.0,1.0,1.0,6.0,250.0,2.5,,,,,0.0,0.0,Centurion,
Ramandeep Singh,"The Wanderers Stadium, Johannesburg",,0.0,,0.0,0.0,0.0,,,1.0,23.0,42.0,23.0,10.96,1.83,Johannesburg,
Rameez Shahzad,Sheikh Zayed Stadium,2.0,17.0,19.0,1.0,0.0,19.0,89.47,0.89,,,,,0.0,0.0,Abu Dhabi,
Ravi Bishnoi,"Barsapara Cricket Stadium, Guwahati",,0.0,,0.0,0.0,0.0,,,1.0,27.0,35.0,27.0,7.78,1.3,Guwahati,
Ravi Bishnoi,"Brian Lara Stadium, Tarouba, Trinidad",,0.0,,0.0,0.0,0.0,,,1.0,27.0,26.0,27.0,5.78,0.96,Tarouba,
Ravi Bishnoi,"Central Broward Regional Park Stadium Turf Ground, Lauderhill",,0.0,,0.0,0.0,0.0,,,2.0,42.0,43.0,42.0,6.14,1.02,Lauderhill,
Ravi Bishnoi,"Dr. Y.S. Rajasekhara Reddy ACA-VDCA Cricket Stadium, Visakhapatnam",1.0,0.0,1.0,0.0,0.0,1.0,0.0,0.0,1.0,24.0,54.0,24.0,13.5,2.25,Visakhapatnam,
Ravi Bishnoi,Dubai International Cricket Stadium,1.0,8.0,2.0,2.0,0.0,2.0,400.0,4.0,1.0,27.0,27.0,27.0,6.0,1.0,,
Ravi Bishnoi,"Eden Gardens, Kolkata",,0.0,,0.0,0.0,0.0,,,4.0,108.0,103.0,108.0,5.72,0.95,Kolkata,
Ravi Bishnoi,"Greenfield International Stadium, Thiruvananthapuram",,0.0,,0.0,0.0,0.0,,,1.0,25.0,32.0,25.0,7.68,1.28,Thiruvananthapuram,
Ravi Bishnoi,Harare Sports Club,1.0,9.0,8.0,2.0,0.0,8.0,112.5,1.12,5.0,116.0,109.0,116.0,5.64,0.94,,
Ravi Bishnoi,"Himachal Pradesh Cricket Association Stadium, Dharamsala",,0.0,,0.0,0.0,0.0,,,1.0,26.0,33.0,26.0,7.62,1.27,Dharamsala,
Ravi Bishnoi,"Kingsmead, Durban",1.0,1.0,3.0,0.0,0.0,3.0,33.33,0.33,1.0,24.0,28.0,24.0,7.0,1.17,Durban,
Ravi Bishnoi,"M Chinnaswamy Stadium, Bengaluru",1.0,2.0,2.0,0.0,0.0,2.0,100.0,1.0,1.0,24.0,29.0,24.0,7.25,1.21,Bengaluru,
Ravi Bishnoi,"MA Chidambaram Stadium, Chepauk, Chennai",1.0,9.0,5.0,2.0,0.0,5.0,180.0,1.8,1.0,24.0,27.0,24.0,6.75,1.12,Chennai,
Ravi Bishnoi,"Maharashtra Cricket Association Stadium, Pune",,0.0,,0.0,0.0,0.0,,,1.0,24.0,28.0,24.0,7.0,1.17,Pune,
Ravi Bishnoi,"Malahide, Dublin",,0.0,,0.0,0.0,0.0,,,2.0,50.0,60.0,50.0,7.2,1.2,Dublin,
Ravi Bishnoi,Pallekele International Cricket Stadium,1.0,8.0,9.0,1.0,0.0,9.0,88.89,0.89,3.0,73.0,101.0,73.0,8.3,1.38,Kandy,
Ravi Bishnoi,"Providence Stadium, Guyana",1.0,8.0,4.0,0.0,1.0,4.0,200.0,2.0,1.0,24.0,31.0,24.0,7.75,1.29,Providence,
Ravi Bishnoi,"Rajiv Gandhi International Stadium, Uppal, Hyderabad",,0.0,,0.0,0.0,0.0,,,1.0,25.0,30.0,25.0,7.2,1.2,Hyderabad,
Ravi Bishnoi,"Saurashtra Cricket Association Stadium, Rajkot",1.0,4.0,3.0,1.0,0.0,3.0,133.33,1.33,1.0,25.0,46.0,25.0,11.04,1.84,Rajkot,
Ravi Bishnoi,"Shaheed Veer Narayan Singh International Stadium, Raipur",1.0,4.0,4.0,0.0,0.0,4.0,100.0,1.0,1.0,24.0,17.0,24.0,4.25,0.71,Raipur,
Ravi Bishnoi,"St George's Park, Gqeberha",,0.0,,0.0,0.0,0.0,,,1.0,25.0,23.0,25.0,5.52,0.92,Gqeberha,
Ravi Bishnoi,"SuperSport Park, Centurion",,0.0,,0.0,0.0,0.0,,,1.0,24.0,37.0,24.0,9.25,1.54,Centurion,
Ravi Bishnoi,"The Village, Malahide, Dublin",,0.0,,0.0,0.0,0.0,,,1.0,27.0,43.0,27.0,9.56,1.59,Dublin,
Ravi Bishnoi,"The Wanderers Stadium, Johannesburg",,0.0,,0.0,0.0,0.0,,,1.0,18.0,28.0,18.0,9.33,1.56,Johannesburg,
Ravi Bishnoi,"Trent Bridge, Nottingham",1.0,2.0,2.0,0.0,0.0,2.0,100.0,1.0,1.0,25.0,31.0,25.0,7.44,1.24,Nottingham,
Ravi Bishnoi,"Wankhede Stadium, Mumbai",1.0,0.0,1.0,0.0,0.0,1.0,0.0,0.0,1.0,6.0,9.0,6.0,9.0,1.5,Mumbai,
Ravi Bishnoi,Zhejiang University of Technology Cricket Field,,0.0,,0.0,0.0,0.0,,,2.0,50.0,55.0,50.0,6.6,1.1,Hangzhou,
Ravinderpal Singh,Al Amerat Cricket Ground Oman Cricket (Ministry Turf 1),9.0,182.0,124.0,15.0,9.0,124.0,146.77,1.47,2.0,8.0,14.0,8.0,10.5,1.75,Al Amarat,
Ravinderpal Singh,"Coolidge Cricket Ground, Antigua",2.0,86.0,59.0,11.0,1.0,59.0,145.76,1.46,,,,,0.0,0.0,Coolidge,
Ravinderpal Singh,"Jimmy Powell Oval, Cayman Islands",3.0,41.0,35.0,2.0,2.0,35.0,117.14,1.17,1.0,18.0,15.0,18.0,5.0,0.83,George Town,
Ravinderpal Singh,"Maple Leaf North-East Ground, King City",1.0,3.0,8.0,0.0,0.0,8.0,37.5,0.38,,,,,0.0,0.0,King City,
Ravinderpal Singh,"Maple Leaf North-West Ground, King City",3.0,27.0,28.0,2.0,1.0,28.0,96.43,0.96,,,,,0.0,0.0,King City,
Ravinderpal Singh,"Namibia Cricket Ground, Windhoek",1.0,0.0,3.0,0.0,0.0,3.0,0.0,0.0,,,,,0.0,0.0,Windhoek,
Ravinderpal Singh,"Nassau County International Cricket Stadium, New York",1.0,0.0,2.0,0.0,0.0,2.0,0.0,0.0,,,,,0.0,0.0,New York,
Ravinderpal Singh,Sheikh Zayed Stadium,4.0,55.0,53.0,2.0,1.0,53.0,103.77,1.04,,,,,0.0,0.0,Abu Dhabi,
Ravinderpal Singh,"Sir Vivian Richards Stadium, North Sound, Antigua",1.0,6.0,9.0,1.0,0.0,9.0,66.67,0.67,,,,,0.0,0.0,North Sound,
Ravinderpal Singh,"Sportpark Maarschalkerweerd, Utrecht",3.0,41.0,25.0,1.0,4.0,25.0,164.0,1.64,,,,,0.0,0.0,Utrecht,
Ravinderpal Singh,Tolerance Oval,2.0,22.0,28.0,1.0,0.0,28.0,78.57,0.79,,,,,0.0,0.0,Abu Dhabi,
Ravinderpal Singh,"White Hill Field, Sandys Parish",3.0,168.0,86.0,8.0,18.0,86.0,195.35,1.95,,,,,0.0,0.0,Hamilton,
Raza Iqbal,Bayer Uerdingen Cricket Ground,,0.0,,0.0,0.0,0.0,,,1.0,2.0,0.0,2.0,0.0,0.0,Krefeld,
Rehan Ahmed,"Brian Lara Stadium, Tarouba, Trinidad",1.0,0.0,1.0,0.0,0.0,1.0,0.0,0.0,2.0,42.0,78.0,42.0,11.14,1.86,Tarouba,
Rehan Ahmed,"Daren Sammy National Cricket Stadium, Gros Islet, St Lucia",1.0,5.0,4.0,1.0,0.0,4.0,125.0,1.25,2.0,42.0,72.0,42.0,10.29,1.71,Gros Islet,
Rehan Ahmed,"Kensington Oval, Bridgetown, Barbados",1.0,1.0,3.0,0.0,0.0,3.0,33.33,0.33,1.0,24.0,39.0,24.0,9.75,1.62,Bridgetown,
Rehan Ahmed,"National Cricket Stadium, St George's, Grenada",1.0,10.0,3.0,1.0,1.0,3.0,333.33,3.33,1.0,24.0,47.0,24.0,11.75,1.96,St George's,
Rehan Ahmed,"Shere Bangla National Stadium, Mirpur",1.0,11.0,12.0,2.0,0.0,12.0,91.67,0.92,2.0,30.0,37.0,30.0,7.4,1.23,Dhaka,
Rehan Ahmed,"The Village, Malahide, Dublin",2.0,17.0,16.0,1.0,1.0,16.0,106.25,1.06,2.0,25.0,33.0,25.0,7.92,1.32,Dublin,
Rehan Ahmed,"Trent Bridge, Nottingham",1.0,11.0,7.0,0.0,1.0,7.0,157.14,1.57,1.0,24.0,27.0,24.0,6.75,1.12,Nottingham,
Riazat Ali Shah,"Brian Lara Stadium, Tarouba, Trinidad",1.0,2.0,15.0,0.0,0.0,15.0,13.33,0.13,1.0,10.0,10.0,10.0,6.0,1.0,Tarouba,
Riazat Ali Shah,Bulawayo Athletic Club,2.0,76.0,88.0,5.0,2.0,88.0,86.36,0.86,2.0,32.0,42.0,32.0,7.88,1.31,Bulawayo,
Riazat Ali Shah,Entebbe Cricket Oval,5.0,149.0,100.0,12.0,8.0,100.0,149.0,1.49,3.0,46.0,57.0,46.0,7.43,1.24,Entebbe,
Riazat Ali Shah,"Gahanga International Cricket Stadium, Rwanda",9.0,220.0,191.0,22.0,7.0,191.0,115.18,1.15,2.0,26.0,34.0,26.0,7.85,1.31,Kigali City,
Riazat Ali Shah,Gahanga International Cricket Stadium. Rwanda,4.0,97.0,78.0,7.0,4.0,78.0,124.36,1.24,3.0,66.0,72.0,66.0,6.55,1.09,Kigali City,
Riazat Ali Shah,"Gymkhana Club Ground, Nairobi",9.0,167.0,122.0,13.0,9.0,122.0,136.89,1.37,6.0,112.0,140.0,112.0,7.5,1.25,Nairobi,
Riazat Ali Shah,Harare Sports Club,1.0,35.0,26.0,3.0,1.0,26.0,134.62,1.35,,,,,0.0,0.0,,
Riazat Ali Shah,Integrated Polytechnic Regional Centre,4.0,35.0,38.0,3.0,1.0,38.0,92.11,0.92,4.0,65.0,63.0,65.0,5.82,0.97,Kigali City,
Riazat Ali Shah,Jinja Cricket Ground,1.0,3.0,5.0,0.0,0.0,5.0,60.0,0.6,,,,,0.0,0.0,Jinja,
Riazat Ali Shah,Kyambogo Cricket Oval,2.0,72.0,52.0,5.0,4.0,52.0,138.46,1.38,2.0,28.0,35.0,28.0,7.5,1.25,Kampala,
Riazat Ali Shah,Lugogo Cricket Oval,2.0,68.0,57.0,3.0,4.0,57.0,119.3,1.19,1.0,18.0,23.0,18.0,7.67,1.28,Kampala,
Riazat Ali Shah,"Providence Stadium, Guyana",2.0,36.0,70.0,1.0,0.0,70.0,51.43,0.51,,,,,0.0,0.0,Providence,
Riazat Ali Shah,"Queens Sports Club, Bulawayo",3.0,34.0,48.0,1.0,0.0,48.0,70.83,0.71,1.0,26.0,43.0,26.0,9.92,1.65,Bulawayo,
Riazat Ali Shah,"Takashinga Sports Club, Highfield, Harare",3.0,87.0,45.0,8.0,5.0,45.0,193.33,1.93,3.0,32.0,33.0,32.0,6.19,1.03,Harare,
Riazat Ali Shah,"United Cricket Club Ground, Windhoek",4.0,119.0,91.0,10.0,5.0,91.0,130.77,1.31,5.0,93.0,118.0,93.0,7.61,1.27,Windhoek,
Riazat Ali Shah,Wanderers,1.0,23.0,15.0,1.0,2.0,15.0,153.33,1.53,1.0,19.0,34.0,19.0,10.74,1.79,Windhoek,
Riazat Ali Shah,"Wanderers Cricket Ground, Windhoek",4.0,123.0,81.0,3.0,8.0,81.0,151.85,1.52,6.0,117.0,117.0,117.0,6.0,1.0,Windhoek,
Riazat Ali Shah,"Willowmoore Park, Benoni",5.0,222.0,155.0,19.0,9.0,155.0,143.23,1.43,4.0,85.0,78.0,85.0,5.51,0.92,Benoni,
Rishad Hossain,"Arnos Vale Ground, Kingstown, St Vincent",3.0,20.0,12.0,2.0,1.0,12.0,166.67,1.67,5.0,109.0,119.0,109.0,6.55,1.09,Kingstown,
Rishad Hossain,"Arun Jaitley Stadium, Delhi",1.0,9.0,10.0,2.0,0.0,10.0,90.0,0.9,1.0,25.0,56.0,25.0,13.44,2.24,Delhi,
Rishad Hossain,"Bay Oval, Mount Maunganui",1.0,10.0,18.0,0.0,0.0,18.0,55.56,0.56,2.0,30.0,29.0,30.0,5.8,0.97,Mount Maunganui,
Rishad Hossain,"Bir Sreshtho Flight Lieutenant Matiur Rahman Stadium, Chattogram",3.0,9.0,8.0,1.0,0.0,8.0,112.5,1.12,3.0,66.0,103.0,66.0,9.36,1.56,Chattogram,
Rishad Hossain,Dubai International Cricket Stadium,2.0,18.0,14.0,2.0,1.0,14.0,128.57,1.29,2.0,43.0,45.0,43.0,6.28,1.05,,
Rishad Hossain,"Gaddafi Stadium, Lahore",2.0,5.0,7.0,0.0,0.0,7.0,71.43,0.71,3.0,69.0,144.0,69.0,12.52,2.09,Lahore,
Rishad Hossain,"Grand Prairie Stadium, Dallas",1.0,1.0,4.0,0.0,0.0,4.0,25.0,0.25,1.0,24.0,22.0,24.0,5.5,0.92,Dallas,
Rishad Hossain,"McLean Park, Napier",,0.0,,0.0,0.0,0.0,,,1.0,18.0,24.0,18.0,8.0,1.33,Napier,
Rishad Hossain,"Nassau County International Cricket Stadium, New York",1.0,0.0,1.0,0.0,0.0,1.0,0.0,0.0,1.0,24.0,32.0,24.0,8.0,1.33,New York,
Rishad Hossain,Pallekele International Cricket Stadium,,0.0,,0.0,0.0,0.0,,,1.0,24.0,24.0,24.0,6.0,1.0,Kandy,
Rishad Hossain,Prairie View Cricket Complex,1.0,9.0,5.0,2.0,0.0,5.0,180.0,1.8,3.0,60.0,45.0,60.0,4.5,0.75,Houston,
Rishad Hossain,"R Premadasa Stadium, Colombo",,0.0,,0.0,0.0,0.0,,,1.0,24.0,20.0,24.0,5.0,0.83,Colombo,
Rishad Hossain,"Rajiv Gandhi International Stadium, Uppal, Hyderabad",1.0,0.0,4.0,0.0,0.0,4.0,0.0,0.0,1.0,12.0,46.0,12.0,23.0,3.83,Hyderabad,
Rishad Hossain,Rangiri Dambulla International Stadium,1.0,0.0,1.0,0.0,0.0,1.0,0.0,0.0,1.0,21.0,18.0,21.0,5.14,0.86,Dambulla,
Rishad Hossain,Sharjah Cricket Stadium,2.0,2.0,4.0,0.0,0.0,4.0,50.0,0.5,2.0,48.0,61.0,48.0,7.62,1.27,Sharjah,
Rishad Hossain,"Shere Bangla National Stadium, Mirpur",2.0,10.0,8.0,0.0,1.0,8.0,125.0,1.25,4.0,79.0,102.0,79.0,7.75,1.29,Dhaka,
Rishad Hossain,"Shrimant Madhavrao Scindia Cricket Stadium, Gwalior",1.0,11.0,5.0,1.0,1.0,5.0,220.0,2.2,1.0,18.0,26.0,18.0,8.67,1.44,Gwalior,
Rishad Hossain,"Sir Vivian Richards Stadium, North Sound, Antigua",2.0,26.0,14.0,1.0,3.0,14.0,185.71,1.86,2.0,38.0,66.0,38.0,10.42,1.74,North Sound,
Rishad Hossain,Sylhet International Cricket Stadium,2.0,53.0,34.0,0.0,7.0,34.0,155.88,1.56,4.0,79.0,104.0,79.0,7.9,1.32,,
Rishad Hossain,"Zahur Ahmed Chowdhury Stadium, Chattogram",2.0,14.0,12.0,1.0,1.0,12.0,116.67,1.17,4.0,86.0,127.0,86.0,8.86,1.48,Chattogram,
Rishad Hossain,"Zayed Cricket Stadium, Abu Dhabi",,0.0,,0.0,0.0,0.0,,,2.0,32.0,50.0,32.0,9.38,1.56,Abu Dhabi,
Rishad Hossain,Zhejiang University of Technology Cricket Field,,0.0,,0.0,0.0,0.0,,,1.0,18.0,22.0,18.0,7.33,1.22,Hangzhou,
Rizwan Butt,Al Amerat Cricket Ground Oman Cricket (Ministry Turf 1),2.0,12.0,14.0,0.0,1.0,14.0,85.71,0.86,5.0,48.0,84.0,48.0,10.5,1.75,Al Amarat,
Rizwan Butt,"ICC Academy, Dubai",1.0,7.0,3.0,0.0,1.0,3.0,233.33,2.33,1.0,10.0,6.0,10.0,3.6,0.6,Dubai,
Rizwan Butt,"Tribhuvan University International Cricket Ground, Kirtipur",1.0,0.0,2.0,0.0,0.0,2.0,0.0,0.0,,,,,0.0,0.0,Kirtipur,
Rizwan Butt,"West End Park International Cricket Stadium, Doha",1.0,1.0,2.0,0.0,0.0,2.0,50.0,0.5,1.0,9.0,5.0,9.0,3.33,0.56,Doha,
Rizwan Cheema,Dubai International Cricket Stadium,5.0,48.0,49.0,2.0,4.0,49.0,97.96,0.98,4.0,67.0,89.0,67.0,7.97,1.33,,
Rizwan Cheema,ICC Global Cricket Academy,2.0,14.0,16.0,3.0,0.0,16.0,87.5,0.88,2.0,42.0,54.0,42.0,7.71,1.29,Dubai,
Rizwan Cheema,National Stadium,1.0,25.0,10.0,1.0,3.0,10.0,250.0,2.5,,,,,0.0,0.0,Karachi,
Rizwan Cheema,Sharjah Cricket Stadium,1.0,0.0,3.0,0.0,0.0,3.0,0.0,0.0,1.0,12.0,18.0,12.0,9.0,1.5,Sharjah,
Rizwan Cheema,Sheikh Zayed Stadium,2.0,5.0,9.0,0.0,0.0,9.0,55.56,0.56,1.0,24.0,30.0,24.0,7.5,1.25,Abu Dhabi,
Rizwan Cheema,Tolerance Oval,1.0,20.0,20.0,2.0,0.0,20.0,100.0,1.0,,,,,0.0,0.0,Abu Dhabi,
Rizwan Cheema,"White Hill Field, Sandys Parish",4.0,29.0,24.0,3.0,2.0,24.0,120.83,1.21,,,,,0.0,0.0,Hamilton,
Rizwan Haider,Al Amerat Cricket Ground Oman Cricket (Ministry Turf 1),,0.0,,0.0,0.0,0.0,,,1.0,4.0,6.0,4.0,9.0,1.5,Al Amarat,
Rizwan Haider,"Tribhuvan University International Cricket Ground, Kirtipur",,0.0,,0.0,0.0,0.0,,,1.0,17.0,29.0,17.0,10.24,1.71,Kirtipur,
Robert Raina,Terdthai Cricket Ground,1.0,0.0,1.0,0.0,0.0,1.0,0.0,0.0,,,,,0.0,0.0,Bangkok,
Robiul Islam,Queens Sports Club,,0.0,,0.0,0.0,0.0,,,1.0,3.0,7.0,3.0,14.0,2.33,Bulawayo,
Rohan Mustafa,Al Amerat Cricket Ground Oman Cricket (Ministry Turf 1),1.0,3.0,3.0,0.0,0.0,3.0,100.0,1.0,2.0,15.0,14.0,15.0,5.6,0.93,Al Amarat,
Rohan Mustafa,Sheikh Zayed Stadium,3.0,28.0,30.0,4.0,0.0,30.0,93.33,0.93,4.0,27.0,23.0,27.0,5.11,0.85,Abu Dhabi,
Rohan Mustafa,Shere Bangla National Stadium,2.0,18.0,17.0,2.0,1.0,17.0,105.88,1.06,2.0,9.0,13.0,9.0,8.67,1.44,Mirpur,
Rohan Mustafa,Sylhet Stadium,1.0,3.0,5.0,0.0,0.0,5.0,60.0,0.6,,,,,0.0,0.0,,
Rony Talukdar,"Bay Oval, Mount Maunganui",1.0,4.0,2.0,1.0,0.0,2.0,200.0,2.0,,,,,0.0,0.0,Mount Maunganui,
Rony Talukdar,"McLean Park, Napier",1.0,4.0,4.0,0.0,0.0,4.0,100.0,1.0,,,,,0.0,0.0,Napier,
Rony Talukdar,"Shere Bangla National Stadium, Mirpur",1.0,3.0,3.0,0.0,0.0,3.0,100.0,1.0,,,,,0.0,0.0,Dhaka,
Rubel Hossain,"R.Premadasa Stadium, Khettarama",,0.0,,0.0,0.0,0.0,,,1.0,7.0,9.0,7.0,7.71,1.29,Colombo,
Rupesh Singh,"Titwood, Glasgow",1.0,3.0,3.0,0.0,0.0,3.0,100.0,1.0,1.0,2.0,1.0,2.0,3.0,0.5,Glasgow,
S Ateak,Kyambogo Cricket Oval,1.0,9.0,6.0,1.0,0.0,6.0,150.0,1.5,,,,,0.0,0.0,Kampala,
S Badree,Central Broward Regional Park Stadium Turf Ground,,0.0,,0.0,0.0,0.0,,,2.0,13.0,11.0,13.0,5.08,0.85,Lauderhill,
S Badree,Dubai International Cricket Stadium,,0.0,,0.0,0.0,0.0,,,2.0,17.0,16.0,17.0,5.65,0.94,,
S Badree,Eden Park,1.0,2.0,2.0,0.0,0.0,2.0,100.0,1.0,,,,,0.0,0.0,Auckland,
S Badree,Gaddafi Stadium,1.0,0.0,1.0,0.0,0.0,1.0,0.0,0.0,2.0,20.0,27.0,20.0,8.1,1.35,Lahore,
S Badree,"Kensington Oval, Bridgetown",,0.0,,0.0,0.0,0.0,,,1.0,4.0,1.0,4.0,1.5,0.25,Barbados,
S Badree,National Stadium,2.0,3.0,4.0,0.0,0.0,4.0,75.0,0.75,3.0,63.0,87.0,63.0,8.29,1.38,Karachi,
S Badree,"Queen's Park Oval, Port of Spain",1.0,1.0,3.0,0.0,0.0,3.0,33.33,0.33,3.0,27.0,25.0,27.0,5.56,0.93,Trinidad,
S Badree,"Warner Park, Basseterre",,0.0,,0.0,0.0,0.0,,,1.0,9.0,13.0,9.0,8.67,1.44,St Kitts,
S Bau,Al Amerat Cricket Ground Oman Cricket (Ministry Turf 1),6.0,88.0,90.0,9.0,2.0,90.0,97.78,0.98,5.0,33.0,36.0,33.0,6.55,1.09,Al Amarat,
S Bau,Bulawayo Athletic Club,1.0,3.0,5.0,0.0,0.0,5.0,60.0,0.6,1.0,4.0,3.0,4.0,4.5,0.75,Bulawayo,
S Bau,Dubai International Cricket Stadium,1.0,4.0,4.0,0.0,0.0,4.0,100.0,1.0,1.0,3.0,4.0,3.0,8.0,1.33,,
S Bau,ICC Academy,1.0,0.0,1.0,0.0,0.0,1.0,0.0,0.0,,,,,0.0,0.0,Dubai,
S Bau,ICC Academy Ground No 2,1.0,7.0,2.0,0.0,1.0,2.0,350.0,3.5,1.0,9.0,12.0,9.0,8.0,1.33,Dubai,
S Bau,"ICC Academy, Dubai",1.0,13.0,6.0,1.0,1.0,6.0,216.67,2.17,,,,,0.0,0.0,Dubai,
S Bau,"Mission Road Ground, Mong Kok, Hong Kong",2.0,19.0,13.0,2.0,1.0,13.0,146.15,1.46,1.0,1.0,0.0,1.0,0.0,0.0,Mong Kok,
S Bau,"Queens Sports Club, Bulawayo",2.0,16.0,15.0,2.0,0.0,15.0,106.67,1.07,1.0,3.0,7.0,3.0,14.0,2.33,Bulawayo,
S Bau,Tony Ireland Stadium,1.0,6.0,7.0,0.0,0.0,7.0,85.71,0.86,,,,,0.0,0.0,Townsville,
S Bau,"Tribhuvan University International Cricket Ground, Kirtipur",2.0,13.0,7.0,1.0,1.0,7.0,185.71,1.86,,,,,0.0,0.0,Kirtipur,
S Biko,"Willowmoore Park, Benoni",,0.0,,0.0,0.0,0.0,,,1.0,7.0,4.0,7.0,3.43,0.57,Benoni,
S Chandramohan,ICC Academy,1.0,13.0,17.0,2.0,0.0,17.0,76.47,0.76,,,,,0.0,0.0,Dubai,
S Chandramohan,Indian Association Ground,2.0,38.0,22.0,6.0,1.0,22.0,172.73,1.73,,,,,0.0,0.0,Singapore,
S Chandramohan,"Tribhuvan University International Cricket Ground, Kirtipur",2.0,47.0,42.0,4.0,3.0,42.0,111.9,1.12,,,,,0.0,0.0,Kirtipur,
S Chophel,Tribhuvan University International Cricket Ground,1.0,0.0,3.0,0.0,0.0,3.0,0.0,0.0,,,,,0.0,0.0,Kirtipur,
S Desungnoen,Sano International Cricket Ground,1.0,1.0,4.0,0.0,0.0,4.0,25.0,0.25,,,,,0.0,0.0,Sano,
S Dhakal,Al Amerat Cricket Ground Oman Cricket (Ministry Turf 1),,0.0,,0.0,0.0,0.0,,,1.0,12.0,24.0,12.0,12.0,2.0,Al Amarat,
S Dhakal,Al Amerat Cricket Ground Oman Cricket (Ministry Turf 2),,0.0,,0.0,0.0,0.0,,,1.0,9.0,9.0,9.0,6.0,1.0,Al Amarat,
S Dhakal,"Grand Prairie Stadium, Dallas",,0.0,,0.0,0.0,0.0,,,2.0,25.0,20.0,25.0,4.8,0.8,Dallas,
S Dhawan,Arun Jaitley Stadium,1.0,15.0,16.0,2.0,0.0,16.0,93.75,0.94,,,,,0.0,0.0,Delhi,
S Dhawan,M Chinnaswamy Stadium,1.0,12.0,8.0,1.0,1.0,8.0,150.0,1.5,,,,,0.0,0.0,Bangalore,
S Dhawan,"R.Premadasa Stadium, Khettarama",2.0,32.0,22.0,2.0,2.0,22.0,145.45,1.45,,,,,0.0,0.0,Colombo,
S Dhawan,Saurashtra Cricket Association Stadium,2.0,11.0,11.0,2.0,0.0,11.0,100.0,1.0,,,,,0.0,0.0,Rajkot,
S Dhawan,Shere Bangla National Stadium,2.0,6.0,9.0,1.0,0.0,9.0,66.67,0.67,,,,,0.0,0.0,Mirpur,
S Dhawan,"The Village, Malahide",1.0,27.0,14.0,2.0,2.0,14.0,192.86,1.93,,,,,0.0,0.0,Dublin,
S Dhawan,"Vidarbha Cricket Association Stadium, Jamtha",1.0,8.0,7.0,2.0,0.0,7.0,114.29,1.14,,,,,0.0,0.0,Nagpur,
S Dube,Arun Jaitley Stadium,1.0,1.0,3.0,0.0,0.0,3.0,33.33,0.33,,,,,0.0,0.0,Delhi,
S Dube,Dubai International Cricket Stadium,3.0,45.0,33.0,2.0,3.0,33.0,136.36,1.36,3.0,54.0,66.0,54.0,7.33,1.22,,
S Dube,Harare Sports Club,1.0,1.0,3.0,0.0,0.0,3.0,33.33,0.33,2.0,7.0,12.0,7.0,10.29,1.71,,
S Dube,"Malahide, Dublin",,0.0,,0.0,0.0,0.0,,,1.0,2.0,1.0,2.0,3.0,0.5,Dublin,
S Dube,"Nassau County International Cricket Stadium, New York",2.0,5.0,14.0,0.0,0.0,14.0,35.71,0.36,,,,,0.0,0.0,New York,
S Dube,Saurashtra Cricket Association Stadium,,0.0,,0.0,0.0,0.0,,,1.0,8.0,10.0,8.0,7.5,1.25,Rajkot,
S Dube,"Sir Vivian Richards Stadium, North Sound, Antigua",1.0,21.0,14.0,0.0,2.0,14.0,150.0,1.5,,,,,0.0,0.0,North Sound,
S Dube,"Vidarbha Cricket Association Stadium, Jamtha",1.0,3.0,2.0,0.0,0.0,2.0,150.0,1.5,1.0,12.0,20.0,12.0,10.0,1.67,Nagpur,
S Dube,Zhejiang University of Technology Cricket Field,1.0,6.0,4.0,1.0,0.0,4.0,150.0,1.5,2.0,10.0,14.0,10.0,8.4,1.4,Hangzhou,
S Foster,"Jimmy Powell Oval, Cayman Islands",2.0,6.0,10.0,0.0,0.0,10.0,60.0,0.6,,,,,0.0,0.0,George Town,
S Foster,"Maple Leaf North-East Ground, King City",1.0,5.0,8.0,0.0,0.0,8.0,62.5,0.62,1.0,2.0,3.0,2.0,9.0,1.5,King City,
S Foster,"Maple Leaf North-West Ground, King City",2.0,8.0,13.0,0.0,0.0,13.0,61.54,0.62,,,,,0.0,0.0,King City,
S Fouché,"Wanderers Cricket Ground, Windhoek",1.0,12.0,12.0,2.0,0.0,12.0,100.0,1.0,1.0,6.0,5.0,6.0,5.0,0.83,Windhoek,
S Gill,"Gymkhana Club Ground, Nairobi",1.0,5.0,7.0,0.0,0.0,7.0,71.43,0.71,1.0,2.0,2.0,2.0,6.0,1.0,Nairobi,
S Gill,Harare Sports Club,1.0,6.0,7.0,0.0,0.0,7.0,85.71,0.86,1.0,5.0,14.0,5.0,16.8,2.8,,
S Godara,Al Amerat Cricket Ground Oman Cricket (Ministry Turf 2),1.0,0.0,1.0,0.0,0.0,1.0,0.0,0.0,1.0,8.0,17.0,8.0,12.75,2.12,Al Amarat,
S Jora,Al Amerat Cricket Ground Oman Cricket (Ministry Turf 1),1.0,1.0,3.0,0.0,0.0,3.0,33.33,0.33,,,,,0.0,0.0,Al Amarat,
S Jora,"Arnos Vale Ground, Kingstown, St Vincent",1.0,1.0,8.0,0.0,0.0,8.0,12.5,0.12,,,,,0.0,0.0,Kingstown,
S Jora,"Tribhuvan University International Cricket Ground, Kirtipur",2.0,20.0,25.0,1.0,1.0,25.0,80.0,0.8,,,,,0.0,0.0,Kirtipur,
S Jora,Zhejiang University of Technology Cricket Field,1.0,17.0,6.0,1.0,2.0,6.0,283.33,2.83,,,,,0.0,0.0,Hangzhou,
S Joseph,"Central Broward Regional Park Stadium Turf Ground, Lauderhill",2.0,23.0,15.0,1.0,2.0,15.0,153.33,1.53,3.0,60.0,81.0,60.0,8.1,1.35,Lauderhill,
S Kollery,"Willowmoore Park, Benoni",1.0,9.0,12.0,1.0,0.0,12.0,75.0,0.75,1.0,9.0,12.0,9.0,8.0,1.33,Benoni,
S Kubheka,Integrated Polytechnic Regional Centre,1.0,0.0,1.0,0.0,0.0,1.0,0.0,0.0,,,,,0.0,0.0,Kigali City,
S Lamichhane,Al Amerat Cricket Ground Oman Cricket (Ministry Turf 1),1.0,1.0,1.0,0.0,0.0,1.0,100.0,1.0,6.0,56.0,46.0,56.0,4.93,0.82,Al Amarat,
S Lamichhane,Al Amerat Cricket Ground Oman Cricket (Ministry Turf 2),,0.0,,0.0,0.0,0.0,,,1.0,17.0,11.0,17.0,3.88,0.65,Al Amarat,
S Lamichhane,"Arnos Vale Ground, Kingstown, St Vincent",,0.0,,0.0,0.0,0.0,,,1.0,13.0,3.0,13.0,1.38,0.23,Kingstown,
S Lamichhane,"Maple Leaf North-West Ground, King City",1.0,2.0,5.0,0.0,0.0,5.0,40.0,0.4,4.0,55.0,48.0,55.0,5.24,0.87,King City,
S Lamichhane,"Titwood, Glasgow",1.0,1.0,1.0,0.0,0.0,1.0,100.0,1.0,1.0,7.0,5.0,7.0,4.29,0.71,Glasgow,
S Lamichhane,"Tribhuvan University International Cricket Ground, Kirtipur",1.0,2.0,4.0,0.0,0.0,4.0,50.0,0.5,2.0,32.0,50.0,32.0,9.38,1.56,Kirtipur,
S Lamichhane,Zhejiang University of Technology Cricket Field,1.0,5.0,4.0,1.0,0.0,4.0,125.0,1.25,,,,,0.0,0.0,Hangzhou,
S Mahmood,"Headingley, Leeds",1.0,3.0,3.0,0.0,0.0,3.0,100.0,1.0,1.0,22.0,29.0,22.0,7.91,1.32,Leeds,
S Mahmood,"Maharashtra Cricket Association Stadium, Pune",1.0,1.0,2.0,0.0,0.0,2.0,50.0,0.5,1.0,9.0,12.0,9.0,8.0,1.33,Pune,
S Mahmood,Old Trafford,,0.0,,0.0,0.0,0.0,,,2.0,23.0,30.0,23.0,7.83,1.3,Manchester,
S Mahmood,"Old Trafford, Manchester",,0.0,,0.0,0.0,0.0,,,1.0,19.0,33.0,19.0,10.42,1.74,Manchester,
S Mahmood,"Trent Bridge, Nottingham",1.0,0.0,2.0,0.0,0.0,2.0,0.0,0.0,1.0,18.0,36.0,18.0,12.0,2.0,Nottingham,
S Mathur,Zhejiang University of Technology Cricket Field,1.0,9.0,13.0,1.0,0.0,13.0,69.23,0.69,,,,,0.0,0.0,Hangzhou,
S Mba,Integrated Polytechnic Regional Centre,1.0,0.0,1.0,0.0,0.0,1.0,0.0,0.0,,,,,0.0,0.0,Kigali City,
S Movva,"Grand Prairie Stadium, Dallas",1.0,20.0,9.0,1.0,2.0,9.0,222.22,2.22,,,,,0.0,0.0,Dallas,
S Movva,"Jimmy Powell Oval, Cayman Islands",1.0,11.0,9.0,1.0,0.0,9.0,122.22,1.22,,,,,0.0,0.0,George Town,
S Movva,"Maple Leaf North-West Ground, King City",4.0,34.0,42.0,3.0,0.0,42.0,80.95,0.81,,,,,0.0,0.0,King City,
S Movva,"Namibia Cricket Ground, Windhoek",1.0,0.0,1.0,0.0,0.0,1.0,0.0,0.0,,,,,0.0,0.0,Windhoek,
S Movva,"Nassau County International Cricket Stadium, New York",1.0,1.0,6.0,0.0,0.0,6.0,16.67,0.17,,,,,0.0,0.0,New York,
S Movva,Prairie View Cricket Complex,1.0,0.0,1.0,0.0,0.0,1.0,0.0,0.0,,,,,0.0,0.0,Houston,
S Movva,"Sportpark Maarschalkerweerd, Utrecht",2.0,21.0,11.0,2.0,1.0,11.0,190.91,1.91,,,,,0.0,0.0,Utrecht,
S Movva,"Sportpark Westvliet, The Hague",1.0,10.0,12.0,0.0,0.0,12.0,83.33,0.83,,,,,0.0,0.0,The Hague,
S Muniandy,Al Amerat Cricket Ground Oman Cricket (Ministry Turf 1),1.0,8.0,4.0,0.0,1.0,4.0,200.0,2.0,,,,,0.0,0.0,Al Amarat,
S Muniandy,Kinrara Academy Oval,1.0,0.0,2.0,0.0,0.0,2.0,0.0,0.0,1.0,5.0,10.0,5.0,12.0,2.0,Kuala Lumpur,
S Muniandy,"Tribhuvan University International Cricket Ground, Kirtipur",3.0,7.0,12.0,0.0,0.0,12.0,58.33,0.58,2.0,15.0,26.0,15.0,10.4,1.73,Kirtipur,
S Muthusamy,Harare Sports Club,1.0,6.0,2.0,0.0,1.0,2.0,300.0,3.0,,,,,0.0,0.0,,
S Prasanna,Gaddafi Stadium,1.0,15.0,5.0,0.0,2.0,5.0,300.0,3.0,,,,,0.0,0.0,Lahore,
S Prasanna,R Premadasa Stadium,1.0,16.0,9.0,0.0,2.0,9.0,177.78,1.78,,,,,0.0,0.0,Colombo,
S Prasanna,"R.Premadasa Stadium, Khettarama",1.0,6.0,3.0,1.0,0.0,3.0,200.0,2.0,1.0,3.0,2.0,3.0,4.0,0.67,Colombo,
S Prasanna,Sheikh Zayed Stadium,2.0,9.0,14.0,0.0,1.0,14.0,64.29,0.64,,,,,0.0,0.0,Abu Dhabi,
S Ravichandran,Al Amerat Cricket Ground Oman Cricket (Ministry Turf 1),,0.0,,0.0,0.0,0.0,,,1.0,6.0,17.0,6.0,17.0,2.83,Al Amarat,
S Rukmal,"Gymkhana Club Ground, Nairobi",,0.0,,0.0,0.0,0.0,,,1.0,2.0,8.0,2.0,24.0,4.0,Nairobi,
S Samarawickrama,Holkar Cricket Stadium,1.0,5.0,2.0,1.0,0.0,2.0,250.0,2.5,,,,,0.0,0.0,Indore,
S Samarawickrama,"R Premadasa Stadium, Colombo",2.0,2.0,3.0,0.0,0.0,3.0,66.67,0.67,,,,,0.0,0.0,Colombo,
S Samarawickrama,Sheikh Zayed Stadium,2.0,28.0,30.0,2.0,0.0,30.0,93.33,0.93,,,,,0.0,0.0,Abu Dhabi,
S Samarawickrama,Sylhet International Cricket Stadium,3.0,75.0,68.0,9.0,1.0,68.0,110.29,1.1,,,,,0.0,0.0,,
S Samarawickrama,Wankhede Stadium,1.0,13.0,9.0,2.0,0.0,9.0,144.44,1.44,,,,,0.0,0.0,Mumbai,
S Sarthak,"ICC Academy, Dubai",1.0,2.0,2.0,0.0,0.0,2.0,100.0,1.0,1.0,3.0,2.0,3.0,4.0,0.67,Dubai,
S Selvaraj,Harare Sports Club,1.0,2.0,3.0,0.0,0.0,3.0,66.67,0.67,1.0,8.0,5.0,8.0,3.75,0.62,,
S Sesazi,"United Cricket Club Ground, Windhoek",2.0,8.0,13.0,0.0,0.0,13.0,61.54,0.62,,,,,0.0,0.0,Windhoek,
S Sesazi,"Wanderers Cricket Ground, Windhoek",1.0,1.0,4.0,0.0,0.0,4.0,25.0,0.25,,,,,0.0,0.0,Windhoek,
S Shrivastava,Al Amerat Cricket Ground Oman Cricket (Ministry Turf 1),,0.0,,0.0,0.0,0.0,,,2.0,21.0,23.0,21.0,6.57,1.1,Al Amarat,
S Shrivastava,Dubai International Cricket Stadium,1.0,5.0,12.0,1.0,0.0,12.0,41.67,0.42,1.0,6.0,12.0,6.0,12.0,2.0,,
S Singh,"Gymkhana Club Ground, Nairobi",5.0,14.0,23.0,1.0,0.0,23.0,60.87,0.61,,,,,0.0,0.0,Nairobi,
S Singh,Harare Sports Club,2.0,4.0,8.0,0.0,0.0,8.0,50.0,0.5,,,,,0.0,0.0,,
S Singh,"United Cricket Club Ground, Windhoek",1.0,0.0,3.0,0.0,0.0,3.0,0.0,0.0,,,,,0.0,0.0,Windhoek,
S Singh,"Willowmoore Park, Benoni",1.0,2.0,6.0,0.0,0.0,6.0,33.33,0.33,,,,,0.0,0.0,Benoni,
S Smith,Dubai International Cricket Stadium,1.0,0.0,4.0,0.0,0.0,4.0,0.0,0.0,,,,,0.0,0.0,,
S Smith,ICC Academy Ground No 2,1.0,1.0,2.0,0.0,0.0,2.0,50.0,0.5,,,,,0.0,0.0,Dubai,
S Smith,"Jimmy Powell Oval, Cayman Islands",1.0,1.0,3.0,0.0,0.0,3.0,33.33,0.33,,,,,0.0,0.0,George Town,
S Smith,"Maple Leaf North-West Ground, King City",1.0,2.0,2.0,0.0,0.0,2.0,100.0,1.0,,,,,0.0,0.0,King City,
S Smith,"National Stadium, Hamilton",1.0,0.0,1.0,0.0,0.0,1.0,0.0,0.0,,,,,0.0,0.0,Hamilton,
S Smith,"White Hill Field, Sandys Parish",1.0,1.0,1.0,0.0,0.0,1.0,100.0,1.0,,,,,0.0,0.0,Hamilton,
S Snater,Al Amerat Cricket Ground Oman Cricket (Ministry Turf 1),1.0,0.0,1.0,0.0,0.0,1.0,0.0,0.0,2.0,7.0,24.0,7.0,20.57,3.43,Al Amarat,
S Snater,Hazelaarweg,,0.0,,0.0,0.0,0.0,,,1.0,4.0,4.0,4.0,6.0,1.0,Rotterdam,
S Sohal,"White Hill Field, Sandys Parish",1.0,1.0,2.0,0.0,0.0,2.0,50.0,0.5,,,,,0.0,0.0,Hamilton,
S Sugaya-Slater,Al Amerat Cricket Ground Oman Cricket (Ministry Turf 1),,0.0,,0.0,0.0,0.0,,,1.0,7.0,4.0,7.0,3.43,0.57,Al Amarat,
S Thakor,"Achimota Senior Secondary School B Field, Accra",,0.0,,0.0,0.0,0.0,,,1.0,8.0,5.0,8.0,3.75,0.62,Accra,
S Thakor,Gahanga International Cricket Stadium. Rwanda,1.0,1.0,2.0,0.0,0.0,2.0,50.0,0.5,1.0,3.0,1.0,3.0,2.0,0.33,Kigali City,
S Thakor,"United Cricket Club Ground, Windhoek",1.0,0.0,1.0,0.0,0.0,1.0,0.0,0.0,,,,,0.0,0.0,Windhoek,
S Thakor,"Wanderers Cricket Ground, Windhoek",,0.0,,0.0,0.0,0.0,,,1.0,9.0,18.0,9.0,12.0,2.0,Windhoek,
S Thakur,Marsa Sports Club,,0.0,,0.0,0.0,0.0,,,1.0,10.0,5.0,10.0,3.0,0.5,Marsa,
S Vashisht,Marsa Sports Club,,0.0,,0.0,0.0,0.0,,,1.0,6.0,2.0,6.0,2.0,0.33,Marsa,
S Veerapathiran,Al Amerat Cricket Ground Oman Cricket (Ministry Turf 1),1.0,4.0,2.0,1.0,0.0,2.0,200.0,2.0,5.0,61.0,98.0,61.0,9.64,1.61,Al Amarat,
S Veerapathiran,"Tribhuvan University International Cricket Ground, Kirtipur",1.0,0.0,1.0,0.0,0.0,1.0,0.0,0.0,,,,,0.0,0.0,Kirtipur,
S Veerapathiran,"West End Park International Cricket Stadium, Doha",1.0,18.0,16.0,0.0,1.0,16.0,112.5,1.12,1.0,6.0,10.0,6.0,10.0,1.67,Doha,
S Vesawkar,Al Amerat Cricket Ground Oman Cricket (Ministry Turf 1),1.0,3.0,3.0,0.0,0.0,3.0,100.0,1.0,,,,,0.0,0.0,Al Amarat,
S Vijay Unni,Al Amerat Cricket Ground Oman Cricket (Ministry Turf 1),,0.0,,0.0,0.0,0.0,,,1.0,8.0,8.0,8.0,6.0,1.0,Al Amarat,
S Vijay Unni,"Tribhuvan University International Cricket Ground, Kirtipur",3.0,13.0,16.0,1.0,0.0,16.0,81.25,0.81,3.0,46.0,63.0,46.0,8.22,1.37,Kirtipur,
S Vijay Unni,Zhejiang University of Technology Cricket Field,1.0,9.0,7.0,0.0,1.0,7.0,128.57,1.29,1.0,24.0,45.0,24.0,11.25,1.88,Hangzhou,
S Vijayakumar,Indian Association Ground,,0.0,,0.0,0.0,0.0,,,1.0,6.0,3.0,6.0,3.0,0.5,Singapore,
S Waqas Ahmed,Bayer Uerdingen Cricket Ground,2.0,9.0,10.0,1.0,0.0,10.0,90.0,0.9,,,,,0.0,0.0,Krefeld,
S di Bartolomeo,"Simar Cricket Ground, Rome",,0.0,,0.0,0.0,0.0,,,1.0,1.0,1.0,1.0,6.0,1.0,Rome,
SA Abbott,"Bellerive Oval, Hobart",,0.0,,0.0,0.0,0.0,,,1.0,15.0,39.0,15.0,15.6,2.6,Hobart,
SA Abbott,"Dr. Y.S. Rajasekhara Reddy ACA-VDCA Cricket Stadium, Visakhapatnam",,0.0,,0.0,0.0,0.0,,,1.0,15.0,18.0,15.0,7.2,1.2,Visakhapatnam,
SA Abbott,"Gaddafi Stadium, Lahore",1.0,0.0,1.0,0.0,0.0,1.0,0.0,0.0,1.0,25.0,29.0,25.0,6.96,1.16,Lahore,
SA Abbott,"Greenfield International Stadium, Thiruvananthapuram",1.0,1.0,1.0,0.0,0.0,1.0,100.0,1.0,1.0,2.0,2.0,2.0,6.0,1.0,Thiruvananthapuram,
SA Abbott,Manuka Oval,,0.0,,0.0,0.0,0.0,,,1.0,7.0,13.0,7.0,11.14,1.86,Canberra,
SA Abbott,Perth Stadium,,0.0,,0.0,0.0,0.0,,,1.0,5.0,1.0,5.0,1.2,0.2,Perth,
SA Abbott,Sydney Cricket Ground,,0.0,,0.0,0.0,0.0,,,2.0,8.0,12.0,8.0,9.0,1.5,,
SA Edwards,Al Amerat Cricket Ground Oman Cricket (Ministry Turf 1),5.0,26.0,24.0,1.0,1.0,24.0,108.33,1.08,,,,,0.0,0.0,Al Amarat,
SA Edwards,"Arnos Vale Ground, Kingstown, St Vincent",1.0,14.0,12.0,2.0,0.0,12.0,116.67,1.17,,,,,0.0,0.0,Kingstown,
SA Edwards,"Bellerive Oval, Hobart",1.0,11.0,18.0,1.0,0.0,18.0,61.11,0.61,,,,,0.0,0.0,Hobart,
SA Edwards,Bulawayo Athletic Club,1.0,8.0,3.0,1.0,0.0,3.0,266.67,2.67,,,,,0.0,0.0,Bulawayo,
SA Edwards,"GMHBA Stadium, South Geelong, Victoria",1.0,1.0,1.0,0.0,0.0,1.0,100.0,1.0,,,,,0.0,0.0,Geelong,
SA Edwards,"Grand Prairie Stadium, Dallas",1.0,1.0,3.0,0.0,0.0,3.0,33.33,0.33,,,,,0.0,0.0,Dallas,
SA Edwards,ICC Academy,1.0,3.0,3.0,0.0,0.0,3.0,100.0,1.0,,,,,0.0,0.0,Dubai,
SA Edwards,Lord's,1.0,6.0,4.0,1.0,0.0,4.0,150.0,1.5,,,,,0.0,0.0,London,
SA Edwards,Perth Stadium,1.0,14.0,16.0,1.0,0.0,16.0,87.5,0.88,,,,,0.0,0.0,Perth,
SA Edwards,"Queens Sports Club, Bulawayo",1.0,4.0,4.0,0.0,0.0,4.0,100.0,1.0,,,,,0.0,0.0,Bulawayo,
SA Edwards,"Sportpark Maarschalkerweerd, Utrecht",3.0,17.0,15.0,1.0,0.0,15.0,113.33,1.13,,,,,0.0,0.0,Utrecht,
SA Edwards,"Sportpark Westvliet, The Hague",1.0,1.0,4.0,0.0,0.0,4.0,25.0,0.25,,,,,0.0,0.0,The Hague,
SA Edwards,Sydney Cricket Ground,1.0,1.0,2.0,0.0,0.0,2.0,50.0,0.5,,,,,0.0,0.0,,
SA Edwards,Sylhet International Cricket Stadium,2.0,21.0,18.0,2.0,0.0,18.0,116.67,1.17,,,,,0.0,0.0,,
SA Edwards,"The Village, Malahide",1.0,5.0,3.0,1.0,0.0,3.0,166.67,1.67,,,,,0.0,0.0,Dublin,
SA Edwards,"Tribhuvan University International Cricket Ground, Kirtipur",4.0,46.0,44.0,4.0,1.0,44.0,104.55,1.05,,,,,0.0,0.0,Kirtipur,
SA Edwards,VRA Ground,1.0,4.0,6.0,0.0,0.0,6.0,66.67,0.67,,,,,0.0,0.0,Amstelveen,
SA Engelbrecht,"Arnos Vale Ground, Kingstown, St Vincent",1.0,29.0,19.0,3.0,1.0,19.0,152.63,1.53,,,,,0.0,0.0,Kingstown,
SA Engelbrecht,"Tribhuvan University International Cricket Ground, Kirtipur",3.0,32.0,35.0,1.0,1.0,35.0,91.43,0.91,3.0,11.0,16.0,11.0,8.73,1.45,Kirtipur,
SA Jumbe,Harare Sports Club,1.0,0.0,2.0,0.0,0.0,2.0,0.0,0.0,1.0,11.0,15.0,11.0,8.18,1.36,,
SA Jumbe,"Wanderers Cricket Ground, Windhoek",1.0,0.0,3.0,0.0,0.0,3.0,0.0,0.0,2.0,9.0,13.0,9.0,8.67,1.44,Windhoek,
SA Jumbe,"Willowmoore Park, Benoni",,0.0,,0.0,0.0,0.0,,,1.0,2.0,4.0,2.0,12.0,2.0,Benoni,
SA Okpe,"Gahanga International Cricket Stadium, Rwanda",,0.0,,0.0,0.0,0.0,,,4.0,14.0,12.0,14.0,5.14,0.86,Kigali City,
SA Okpe,Gahanga International Cricket Stadium. Rwanda,,0.0,,0.0,0.0,0.0,,,1.0,6.0,7.0,6.0,7.0,1.17,Kigali City,
SA Okpe,Sheikh Zayed Stadium,,0.0,,0.0,0.0,0.0,,,1.0,8.0,10.0,8.0,7.5,1.25,Abu Dhabi,
SA Okpe,"Takashinga Sports Club, Highfield, Harare",1.0,5.0,3.0,1.0,0.0,3.0,166.67,1.67,1.0,4.0,11.0,4.0,16.5,2.75,Harare,
SA Okpe,Tolerance Oval,1.0,2.0,5.0,0.0,0.0,5.0,40.0,0.4,1.0,2.0,1.0,2.0,3.0,0.5,Abu Dhabi,
SA Okpe,"United Cricket Club Ground, Windhoek",2.0,1.0,8.0,0.0,0.0,8.0,12.5,0.12,1.0,6.0,24.0,6.0,24.0,4.0,Windhoek,
SA Okpe,"Wanderers Cricket Ground, Windhoek",1.0,2.0,3.0,0.0,0.0,3.0,66.67,0.67,,,,,0.0,0.0,Windhoek,
SA Wijeratne,Al Amerat Cricket Ground Oman Cricket (Ministry Turf 1),3.0,69.0,59.0,9.0,1.0,59.0,116.95,1.17,,,,,0.0,0.0,Al Amarat,
SA Wijeratne,Prairie View Cricket Complex,1.0,5.0,4.0,1.0,0.0,4.0,125.0,1.25,,,,,0.0,0.0,Houston,
SA Wijeratne,Sheikh Zayed Stadium,1.0,44.0,25.0,8.0,0.0,25.0,176.0,1.76,,,,,0.0,0.0,Abu Dhabi,
SA Yadav,Adelaide Oval,1.0,17.0,8.0,3.0,0.0,8.0,212.5,2.12,,,,,0.0,0.0,Adelaide,
SA Yadav,"Arun Jaitley Stadium, Delhi",1.0,8.0,10.0,1.0,0.0,10.0,80.0,0.8,,,,,0.0,0.0,Delhi,
SA Yadav,"Bay Oval, Mount Maunganui",1.0,18.0,8.0,0.0,2.0,8.0,225.0,2.25,,,,,0.0,0.0,Mount Maunganui,
SA Yadav,"Bharat Ratna Shri Atal Bihari Vajpayee Ekana Cricket Stadium, Lucknow",1.0,0.0,1.0,0.0,0.0,1.0,0.0,0.0,,,,,0.0,0.0,Lucknow,
SA Yadav,Dubai International Cricket Stadium,7.0,88.0,87.0,8.0,2.0,87.0,101.15,1.01,,,,,0.0,0.0,,
SA Yadav,"McLean Park, Napier",1.0,5.0,3.0,1.0,0.0,3.0,166.67,1.67,,,,,0.0,0.0,Napier,
SA Yadav,Melbourne Cricket Ground,2.0,16.0,11.0,2.0,0.0,11.0,145.45,1.45,,,,,0.0,0.0,,
SA Yadav,"Nassau County International Cricket Stadium, New York",2.0,11.0,9.0,2.0,0.0,9.0,122.22,1.22,,,,,0.0,0.0,New York,
SA Yadav,"Rajiv Gandhi International Stadium, Uppal, Hyderabad",1.0,61.0,29.0,7.0,4.0,29.0,210.34,2.1,,,,,0.0,0.0,Hyderabad,
SA Yadav,"Shrimant Madhavrao Scindia Cricket Stadium, Gwalior",1.0,29.0,14.0,2.0,3.0,14.0,207.14,2.07,,,,,0.0,0.0,Gwalior,
SA Yadav,"Sir Vivian Richards Stadium, North Sound, Antigua",1.0,6.0,2.0,0.0,1.0,2.0,300.0,3.0,,,,,0.0,0.0,North Sound,
SC Getkate,Al Amerat Cricket Ground Oman Cricket (Ministry Turf 1),3.0,18.0,14.0,2.0,0.0,14.0,128.57,1.29,2.0,16.0,13.0,16.0,4.88,0.81,Al Amarat,
SC Getkate,"Bready Cricket Club, Magheramason",,0.0,,0.0,0.0,0.0,,,1.0,4.0,3.0,4.0,4.5,0.75,Bready,
SC Getkate,Dubai International Cricket Stadium,1.0,0.0,1.0,0.0,0.0,1.0,0.0,0.0,,,,,0.0,0.0,,
SC Getkate,Sheikh Zayed Stadium,1.0,0.0,1.0,0.0,0.0,1.0,0.0,0.0,,,,,0.0,0.0,Abu Dhabi,
SC Kuggeleijn,Bay Oval,,0.0,,0.0,0.0,0.0,,,1.0,8.0,16.0,8.0,12.0,2.0,Mount Maunganui,
SC Kuggeleijn,Eden Park,,0.0,,0.0,0.0,0.0,,,1.0,13.0,17.0,13.0,7.85,1.31,Auckland,
SC Kuggeleijn,McLean Park,1.0,14.0,6.0,1.0,1.0,6.0,233.33,2.33,1.0,12.0,26.0,12.0,13.0,2.17,Napier,
SC Kuggeleijn,Seddon Park,,0.0,,0.0,0.0,0.0,,,2.0,9.0,4.0,9.0,2.67,0.44,Hamilton,
SC Kuggeleijn,"Shere Bangla National Stadium, Mirpur",,0.0,,0.0,0.0,0.0,,,2.0,22.0,25.0,22.0,6.82,1.14,Dhaka,
SC Kuggeleijn,Westpac Stadium,,0.0,,0.0,0.0,0.0,,,1.0,10.0,14.0,10.0,8.4,1.4,Wellington,
SC Williams,"Bellerive Oval, Hobart",,0.0,,0.0,0.0,0.0,,,1.0,3.0,4.0,3.0,8.0,1.33,Hobart,
SC Williams,Bready,1.0,6.0,4.0,1.0,0.0,4.0,150.0,1.5,,,,,0.0,0.0,Derry,
SC Williams,"Brisbane Cricket Ground, Woolloongabba, Brisbane",1.0,30.0,23.0,4.0,0.0,23.0,130.43,1.3,1.0,4.0,5.0,4.0,7.5,1.25,Brisbane,
SC Williams,Gaddafi Stadium,,0.0,,0.0,0.0,0.0,,,1.0,3.0,3.0,3.0,6.0,1.0,Lahore,
SC Williams,Harare Sports Club,5.0,48.0,33.0,6.0,1.0,33.0,145.45,1.45,7.0,33.0,37.0,33.0,6.73,1.12,,
SC Williams,Indian Association Ground,1.0,17.0,17.0,2.0,0.0,17.0,100.0,1.0,2.0,7.0,3.0,7.0,2.57,0.43,Singapore,
SC Williams,Melbourne Cricket Ground,1.0,2.0,6.0,0.0,0.0,6.0,33.33,0.33,1.0,1.0,1.0,1.0,6.0,1.0,,
SC Williams,Perth Stadium,1.0,27.0,24.0,2.0,0.0,24.0,112.5,1.12,1.0,5.0,4.0,5.0,4.8,0.8,Perth,
SC Williams,"Queens Sports Club, Bulawayo",3.0,20.0,17.0,3.0,0.0,17.0,117.65,1.18,2.0,8.0,7.0,8.0,5.25,0.88,Bulawayo,
SC Williams,Rawalpindi Cricket Stadium,2.0,29.0,24.0,5.0,0.0,24.0,120.83,1.21,1.0,4.0,8.0,4.0,12.0,2.0,,
SC Williams,Sheikh Abu Naser Stadium,1.0,1.0,3.0,0.0,0.0,3.0,33.33,0.33,1.0,4.0,8.0,4.0,12.0,2.0,Khulna,
SC Williams,Shere Bangla National Stadium,1.0,1.0,3.0,0.0,0.0,3.0,33.33,0.33,1.0,1.0,1.0,1.0,6.0,1.0,Mirpur,
SC Williams,"Shere Bangla National Stadium, Mirpur",3.0,19.0,17.0,0.0,2.0,17.0,111.76,1.12,3.0,47.0,66.0,47.0,8.43,1.4,Dhaka,
SC Williams,Sylhet Stadium,1.0,2.0,2.0,0.0,0.0,2.0,100.0,1.0,,,,,0.0,0.0,,
SC Williams,"United Cricket Club Ground, Windhoek",1.0,5.0,5.0,1.0,0.0,5.0,100.0,1.0,1.0,1.0,1.0,1.0,6.0,1.0,Windhoek,
SC Williams,"Wanderers Cricket Ground, Windhoek",1.0,0.0,1.0,0.0,0.0,1.0,0.0,0.0,,,,,0.0,0.0,Windhoek,
SC Williams,Zahur Ahmed Chowdhury Stadium,1.0,1.0,2.0,0.0,0.0,2.0,50.0,0.5,,,,,0.0,0.0,Chattogram,
SC Williams,"Zahur Ahmed Chowdhury Stadium, Chattogram",1.0,0.0,1.0,0.0,0.0,1.0,0.0,0.0,,,,,0.0,0.0,Chattogram,
SC van Schalkwyk,"Grand Prairie Stadium, Dallas",,0.0,,0.0,0.0,0.0,,,1.0,4.0,4.0,4.0,6.0,1.0,Dallas,
SC van Schalkwyk,"Kensington Oval, Bridgetown, Barbados",1.0,0.0,1.0,0.0,0.0,1.0,0.0,0.0,,,,,0.0,0.0,Bridgetown,
SC van Schalkwyk,"Nassau County International Cricket Stadium, New York",1.0,9.0,7.0,1.0,0.0,7.0,128.57,1.29,,,,,0.0,0.0,New York,
SC van Schalkwyk,Prairie View Cricket Complex,3.0,12.0,20.0,1.0,0.0,20.0,60.0,0.6,6.0,49.0,63.0,49.0,7.71,1.29,Houston,
SC van Schalkwyk,"Sportpark Maarschalkerweerd, Utrecht",,0.0,,0.0,0.0,0.0,,,1.0,4.0,0.0,4.0,0.0,0.0,Utrecht,
SC van Schalkwyk,"Sportpark Westvliet, The Hague",1.0,2.0,2.0,0.0,0.0,2.0,100.0,1.0,2.0,7.0,10.0,7.0,8.57,1.43,The Hague,
SD Hope,"Bir Sreshtho Flight Lieutenant Matiur Rahman Stadium, Chattogram",2.0,101.0,65.0,4.0,7.0,65.0,155.38,1.55,,,,,0.0,0.0,Chattogram,
SD Hope,"Brian Lara Stadium, Tarouba, Trinidad",1.0,16.0,13.0,2.0,0.0,13.0,123.08,1.23,,,,,0.0,0.0,Tarouba,
SD Hope,"Central Broward Regional Park Stadium Turf Ground, Lauderhill",5.0,39.0,53.0,2.0,0.0,53.0,73.58,0.74,,,,,0.0,0.0,Lauderhill,
SD Hope,"Daren Sammy National Cricket Stadium, Gros Islet, St Lucia",1.0,12.0,4.0,1.0,1.0,4.0,300.0,3.0,,,,,0.0,0.0,Gros Islet,
SD Hope,"Kensington Oval, Bridgetown, Barbados",2.0,59.0,32.0,1.0,7.0,32.0,184.38,1.84,,,,,0.0,0.0,Bridgetown,
SD Hope,"MA Chidambaram Stadium, Chepauk",1.0,2.0,3.0,0.0,0.0,3.0,66.67,0.67,,,,,0.0,0.0,Chennai,
SD Hope,"National Cricket Stadium, St George's, Grenada",1.0,0.0,1.0,0.0,0.0,1.0,0.0,0.0,,,,,0.0,0.0,St George's,
SD Hope,"National Stadium, Karachi",2.0,21.0,27.0,2.0,0.0,27.0,77.78,0.78,,,,,0.0,0.0,Karachi,
SD Hope,"Shere Bangla National Stadium, Mirpur",2.0,37.0,18.0,7.0,0.0,18.0,205.56,2.06,,,,,0.0,0.0,Dhaka,
SD Hope,Sylhet International Cricket Stadium,1.0,6.0,3.0,1.0,0.0,3.0,200.0,2.0,,,,,0.0,0.0,,
SD Parry,Dubai International Cricket Stadium,,0.0,,0.0,0.0,0.0,,,1.0,2.0,1.0,2.0,3.0,0.5,,
SDJJ Dima,"Willowmoore Park, Benoni",,0.0,,0.0,0.0,0.0,,,1.0,8.0,14.0,8.0,10.5,1.75,Benoni,
SE Rutherford,"Bir Sreshtho Flight Lieutenant Matiur Rahman Stadium, Chattogram",2.0,0.0,2.0,0.0,0.0,2.0,0.0,0.0,,,,,0.0,0.0,Chattogram,
SE Rutherford,"Brian Lara Stadium, Tarouba, Trinidad",2.0,21.0,8.0,3.0,1.0,8.0,262.5,2.62,,,,,0.0,0.0,Tarouba,
SE Rutherford,"Central Broward Regional Park Stadium Turf Ground, Lauderhill",3.0,71.0,62.0,6.0,3.0,62.0,114.52,1.15,,,,,0.0,0.0,Lauderhill,
SE Rutherford,"Daren Sammy National Cricket Stadium, Gros Islet, St Lucia",1.0,7.0,3.0,0.0,1.0,3.0,233.33,2.33,,,,,0.0,0.0,Gros Islet,
SE Rutherford,"National Cricket Stadium, Grenada",1.0,1.0,2.0,0.0,0.0,2.0,50.0,0.5,,,,,0.0,0.0,St George's,
SE Rutherford,"Shere Bangla National Stadium, Mirpur",1.0,2.0,3.0,0.0,0.0,3.0,66.67,0.67,,,,,0.0,0.0,Dhaka,
SF Mire,Harare Sports Club,2.0,74.0,50.0,3.0,5.0,50.0,148.0,1.48,2.0,15.0,15.0,15.0,6.0,1.0,,
SF Tiai,Al Amerat Cricket Ground Oman Cricket (Ministry Turf 1),,0.0,,0.0,0.0,0.0,,,1.0,11.0,11.0,11.0,6.0,1.0,Al Amarat,
SF Tiai,Al Amerat Cricket Ground Oman Cricket (Ministry Turf 2),,0.0,,0.0,0.0,0.0,,,1.0,1.0,1.0,1.0,6.0,1.0,Al Amarat,
SH Johnson,"Bellerive Oval, Hobart",,0.0,,0.0,0.0,0.0,,,1.0,20.0,24.0,20.0,7.2,1.2,Hobart,
SH Johnson,"Brisbane Cricket Ground, Woolloongabba, Brisbane",,0.0,,0.0,0.0,0.0,,,1.0,12.0,30.0,12.0,15.0,2.5,Brisbane,
SH Johnson,Sydney Cricket Ground,1.0,0.0,1.0,0.0,0.0,1.0,0.0,0.0,1.0,28.0,26.0,28.0,5.57,0.93,,
SHA Rance,Dubai International Cricket Stadium,,0.0,,0.0,0.0,0.0,,,1.0,18.0,13.0,18.0,4.33,0.72,,
SHA Rance,Eden Park,1.0,0.0,1.0,0.0,0.0,1.0,0.0,0.0,1.0,12.0,22.0,12.0,11.0,1.83,Auckland,
SHA Rance,Westpac Stadium,,0.0,,0.0,0.0,0.0,,,1.0,11.0,19.0,11.0,10.36,1.73,Wellington,
SI Kamea,Al Amerat Cricket Ground Oman Cricket (Ministry Turf 1),,0.0,,0.0,0.0,0.0,,,1.0,18.0,27.0,18.0,9.0,1.5,Al Amarat,
SI Kamea,Bulawayo Athletic Club,,0.0,,0.0,0.0,0.0,,,2.0,11.0,12.0,11.0,6.55,1.09,Bulawayo,
SI Kamea,"Mission Road Ground, Mong Kok, Hong Kong",,0.0,,0.0,0.0,0.0,,,1.0,3.0,1.0,3.0,2.0,0.33,Mong Kok,
SI Kamea,"Tribhuvan University International Cricket Ground, Kirtipur",1.0,0.0,2.0,0.0,0.0,2.0,0.0,0.0,1.0,7.0,12.0,7.0,10.29,1.71,Kirtipur,
SJ Baard,Dubai International Cricket Stadium,1.0,0.0,1.0,0.0,0.0,1.0,0.0,0.0,,,,,0.0,0.0,,
SJ Baard,Sharjah Cricket Stadium,1.0,3.0,5.0,0.0,0.0,5.0,60.0,0.6,,,,,0.0,0.0,Sharjah,
SJ Baard,"United Cricket Club Ground, Windhoek",1.0,10.0,5.0,0.0,1.0,5.0,200.0,2.0,,,,,0.0,0.0,Windhoek,
SJ Baard,"Wanderers Cricket Ground, Windhoek",1.0,6.0,4.0,0.0,0.0,4.0,150.0,1.5,,,,,0.0,0.0,Windhoek,
SJ Baard,"Zayed Cricket Stadium, Abu Dhabi",1.0,25.0,25.0,1.0,1.0,25.0,100.0,1.0,,,,,0.0,0.0,Abu Dhabi,
SJ French,Al Amerat Cricket Ground Oman Cricket (Ministry Turf 2),1.0,5.0,13.0,0.0,0.0,13.0,38.46,0.38,,,,,0.0,0.0,Al Amarat,
SJ Myburgh,Al Amerat Cricket Ground Oman Cricket (Ministry Turf 1),1.0,17.0,18.0,1.0,1.0,18.0,94.44,0.94,,,,,0.0,0.0,Al Amarat,
SJ Myburgh,Dubai International Cricket Stadium,1.0,0.0,1.0,0.0,0.0,1.0,0.0,0.0,,,,,0.0,0.0,,
SJ Myburgh,Hazelaarweg,1.0,26.0,20.0,4.0,0.0,20.0,130.0,1.3,,,,,0.0,0.0,Rotterdam,
SJ Myburgh,Himachal Pradesh Cricket Association Stadium,2.0,5.0,11.0,1.0,0.0,11.0,45.45,0.45,,,,,0.0,0.0,Dharamsala,
SJ Myburgh,Perth Stadium,1.0,6.0,11.0,1.0,0.0,11.0,54.55,0.55,,,,,0.0,0.0,Perth,
SJ Myburgh,"Queens Sports Club, Bulawayo",1.0,1.0,4.0,0.0,0.0,4.0,25.0,0.25,,,,,0.0,0.0,Bulawayo,
SJ Myburgh,Sheikh Zayed Stadium,1.0,4.0,3.0,1.0,0.0,3.0,133.33,1.33,,,,,0.0,0.0,Abu Dhabi,
SJ Myburgh,Sylhet Stadium,1.0,6.0,2.0,0.0,1.0,2.0,300.0,3.0,,,,,0.0,0.0,,
SJ Myburgh,"Zayed Cricket Stadium, Abu Dhabi",1.0,5.0,3.0,1.0,0.0,3.0,166.67,1.67,,,,,0.0,0.0,Abu Dhabi,
SJS Smith,Dubai International Cricket Stadium,1.0,5.0,3.0,1.0,0.0,3.0,166.67,1.67,,,,,0.0,0.0,,
SK Atai,Al Amerat Cricket Ground Oman Cricket (Ministry Turf 1),1.0,3.0,5.0,0.0,0.0,5.0,60.0,0.6,1.0,3.0,3.0,3.0,6.0,1.0,Al Amarat,
SK Atai,"ICC Academy, Dubai",1.0,8.0,7.0,1.0,0.0,7.0,114.29,1.14,,,,,0.0,0.0,Dubai,
SK Atai,"Tribhuvan University International Cricket Ground, Kirtipur",3.0,5.0,4.0,1.0,0.0,4.0,125.0,1.25,,,,,0.0,0.0,Kirtipur,
SK Awiah,Gahanga International Cricket Stadium. Rwanda,1.0,5.0,11.0,0.0,0.0,11.0,45.45,0.45,,,,,0.0,0.0,Kigali City,
SK Awiah,"Willowmoore Park, Benoni",1.0,1.0,4.0,0.0,0.0,4.0,25.0,0.25,,,,,0.0,0.0,Benoni,
SK Raina,"MA Chidambaram Stadium, Chepauk",1.0,1.0,1.0,0.0,0.0,1.0,100.0,1.0,,,,,0.0,0.0,Chennai,
SK Raina,"R.Premadasa Stadium, Khettarama",2.0,18.0,17.0,2.0,0.0,17.0,105.88,1.06,,,,,0.0,0.0,Colombo,
SK Raina,"The Village, Malahide",1.0,14.0,11.0,1.0,0.0,11.0,127.27,1.27,,,,,0.0,0.0,Dublin,
SKS Gill,"Simar Cricket Ground, Rome",1.0,2.0,10.0,0.0,0.0,10.0,20.0,0.2,,,,,0.0,0.0,Rome,
SL Malinga,Holkar Cricket Stadium,,0.0,,0.0,0.0,0.0,,,1.0,6.0,12.0,6.0,12.0,2.0,Indore,
SL Malinga,Maharashtra Cricket Association Stadium,,0.0,,0.0,0.0,0.0,,,1.0,10.0,12.0,10.0,7.2,1.2,Pune,
SL Malinga,R Premadasa Stadium,1.0,0.0,3.0,0.0,0.0,3.0,0.0,0.0,3.0,17.0,30.0,17.0,10.59,1.76,Colombo,
SL Malinga,"R.Premadasa Stadium, Khettarama",,0.0,,0.0,0.0,0.0,,,1.0,5.0,3.0,5.0,3.6,0.6,Colombo,
SL Verma,Harare Sports Club,1.0,5.0,9.0,0.0,0.0,9.0,55.56,0.56,,,,,0.0,0.0,,
SM Curran,"Gaddafi Stadium, Lahore",1.0,10.0,4.0,1.0,0.0,4.0,250.0,2.5,3.0,30.0,35.0,30.0,7.0,1.17,Lahore,
SM Curran,"Kensington Oval, Bridgetown, Barbados",,0.0,,0.0,0.0,0.0,,,1.0,8.0,18.0,8.0,13.5,2.25,Bridgetown,
SM Curran,Melbourne Cricket Ground,,0.0,,0.0,0.0,0.0,,,1.0,19.0,9.0,19.0,2.84,0.47,,
SM Curran,Narendra Modi Stadium,,0.0,,0.0,0.0,0.0,,,2.0,10.0,7.0,10.0,4.2,0.7,Ahmedabad,
SM Curran,"National Stadium, Karachi",1.0,8.0,6.0,1.0,0.0,6.0,133.33,1.33,3.0,50.0,62.0,50.0,7.44,1.24,Karachi,
SM Curran,"Providence Stadium, Guyana",1.0,0.0,1.0,0.0,0.0,1.0,0.0,0.0,,,,,0.0,0.0,Providence,
SM Curran,"Riverside Ground, Chester-le-Street",,0.0,,0.0,0.0,0.0,,,1.0,1.0,1.0,1.0,6.0,1.0,Chester-le-Street,
SM Curran,"Shere Bangla National Stadium, Mirpur",2.0,12.0,14.0,1.0,0.0,14.0,85.71,0.86,2.0,16.0,13.0,16.0,4.88,0.81,Dhaka,
SM Curran,"The Rose Bowl, Southampton",,0.0,,0.0,0.0,0.0,,,1.0,2.0,3.0,2.0,9.0,1.5,Southampton,
SM Curran,"Zahur Ahmed Chowdhury Stadium, Chattogram",1.0,6.0,12.0,0.0,0.0,12.0,50.0,0.5,1.0,7.0,7.0,7.0,6.0,1.0,Chattogram,
SM Nash,Al Amerat Cricket Ground Oman Cricket (Ministry Turf 1),,0.0,,0.0,0.0,0.0,,,1.0,8.0,19.0,8.0,14.25,2.38,Al Amarat,
SM Nash,Al Amerat Cricket Ground Oman Cricket (Ministry Turf 2),1.0,9.0,8.0,1.0,0.0,8.0,112.5,1.12,1.0,7.0,5.0,7.0,4.29,0.71,Al Amarat,
SM Sharif,Al Amerat Cricket Ground Oman Cricket (Ministry Turf 1),1.0,8.0,2.0,0.0,1.0,2.0,400.0,4.0,4.0,34.0,48.0,34.0,8.47,1.41,Al Amarat,
SM Sharif,"Bellerive Oval, Hobart",,0.0,,0.0,0.0,0.0,,,2.0,5.0,9.0,5.0,10.8,1.8,Hobart,
SM Sharif,"Bready Cricket Club, Magheramason",,0.0,,0.0,0.0,0.0,,,1.0,2.0,5.0,2.0,15.0,2.5,Bready,
SM Sharif,Dubai International Cricket Stadium,1.0,1.0,1.0,0.0,0.0,1.0,100.0,1.0,2.0,17.0,18.0,17.0,6.35,1.06,,
SM Sharif,"Grange Cricket Club, Raeburn Place",2.0,13.0,12.0,0.0,1.0,12.0,108.33,1.08,2.0,20.0,24.0,20.0,7.2,1.2,Edinburgh,
SM Sharif,ICC Academy,1.0,7.0,5.0,1.0,0.0,5.0,140.0,1.4,1.0,9.0,19.0,9.0,12.67,2.11,Dubai,
SM Sharif,"ICC Academy, Dubai",1.0,4.0,3.0,0.0,0.0,3.0,133.33,1.33,1.0,4.0,3.0,4.0,4.5,0.75,Dubai,
SM Sharif,Sharjah Cricket Stadium,,0.0,,0.0,0.0,0.0,,,1.0,13.0,11.0,13.0,5.08,0.85,Sharjah,
SM Sharif,"Sir Vivian Richards Stadium, North Sound, Antigua",,0.0,,0.0,0.0,0.0,,,1.0,8.0,10.0,8.0,7.5,1.25,North Sound,
SM Sharif,"Sportpark Westvliet, The Hague",,0.0,,0.0,0.0,0.0,,,1.0,2.0,0.0,2.0,0.0,0.0,The Hague,
SM Sharif,"Titwood, Glasgow",,0.0,,0.0,0.0,0.0,,,2.0,4.0,4.0,4.0,6.0,1.0,Glasgow,
SM Sharif,"Zayed Cricket Stadium, Abu Dhabi",,0.0,,0.0,0.0,0.0,,,1.0,6.0,13.0,6.0,13.0,2.17,Abu Dhabi,
SM Sharma,Mulpani Cricket Ground,1.0,1.0,1.0,0.0,0.0,1.0,100.0,1.0,1.0,11.0,10.0,11.0,5.45,0.91,Kathmandu,
SM Sharma,Sharjah Cricket Stadium,1.0,4.0,5.0,0.0,0.0,5.0,80.0,0.8,1.0,6.0,22.0,6.0,22.0,3.67,Sharjah,
SM Solia,Al Amerat Cricket Ground Oman Cricket (Ministry Turf 1),1.0,8.0,7.0,1.0,0.0,7.0,114.29,1.14,,,,,0.0,0.0,Al Amarat,
SMA Priyanjan,"R.Premadasa Stadium, Khettarama",1.0,11.0,15.0,0.0,1.0,15.0,73.33,0.73,,,,,0.0,0.0,Colombo,
SMA Priyanjan,Sheikh Zayed Stadium,2.0,10.0,15.0,0.0,0.0,15.0,66.67,0.67,,,,,0.0,0.0,Abu Dhabi,
SN Netravalkar,"Coolidge Cricket Ground, Antigua",,0.0,,0.0,0.0,0.0,,,1.0,7.0,10.0,7.0,8.57,1.43,Coolidge,
SN Netravalkar,"Grand Prairie Stadium, Dallas",,0.0,,0.0,0.0,0.0,,,4.0,48.0,53.0,48.0,6.62,1.1,Dallas,
SN Netravalkar,"Jimmy Powell Oval, Cayman Islands",1.0,7.0,4.0,1.0,0.0,4.0,175.0,1.75,2.0,13.0,13.0,13.0,6.0,1.0,George Town,
SN Netravalkar,Prairie View Cricket Complex,,0.0,,0.0,0.0,0.0,,,6.0,60.0,76.0,60.0,7.6,1.27,Houston,
SN Netravalkar,"Queens Sports Club, Bulawayo",,0.0,,0.0,0.0,0.0,,,1.0,8.0,15.0,8.0,11.25,1.88,Bulawayo,
SN Netravalkar,"White Hill Field, Sandys Parish",,0.0,,0.0,0.0,0.0,,,2.0,19.0,22.0,19.0,6.95,1.16,Hamilton,
SN Thakur,"R.Premadasa Stadium, Khettarama",,0.0,,0.0,0.0,0.0,,,1.0,13.0,10.0,13.0,4.62,0.77,Colombo,
SO Hetmyer,"Brian Lara Stadium, Tarouba, Trinidad",2.0,5.0,8.0,0.0,0.0,8.0,62.5,0.62,,,,,0.0,0.0,Tarouba,
SO Hetmyer,"Central Broward Regional Park Stadium Turf Ground, Lauderhill",3.0,93.0,72.0,7.0,6.0,72.0,129.17,1.29,,,,,0.0,0.0,Lauderhill,
SO Hetmyer,"Daren Sammy National Cricket Stadium, Gros Islet, St Lucia",1.0,2.0,5.0,0.0,0.0,5.0,40.0,0.4,,,,,0.0,0.0,Gros Islet,
SO Hetmyer,Greenfield International Stadium,1.0,0.0,1.0,0.0,0.0,1.0,0.0,0.0,,,,,0.0,0.0,Thiruvananthapuram,
SO Hetmyer,"Kensington Oval, Bridgetown, Barbados",2.0,1.0,2.0,0.0,0.0,2.0,50.0,0.5,,,,,0.0,0.0,Bridgetown,
SO Hetmyer,"MA Chidambaram Stadium, Chepauk",1.0,13.0,12.0,3.0,0.0,12.0,108.33,1.08,,,,,0.0,0.0,Chennai,
SO Hetmyer,"National Cricket Stadium, Grenada",1.0,14.0,6.0,0.0,2.0,6.0,233.33,2.33,,,,,0.0,0.0,St George's,
SO Hetmyer,"National Cricket Stadium, St George's, Grenada",1.0,2.0,3.0,0.0,0.0,3.0,66.67,0.67,,,,,0.0,0.0,St George's,
SO Hetmyer,"Providence Stadium, Guyana",3.0,31.0,30.0,2.0,1.0,30.0,103.33,1.03,,,,,0.0,0.0,Providence,
SO Hetmyer,"Rajiv Gandhi International Stadium, Uppal",1.0,4.0,4.0,0.0,0.0,4.0,100.0,1.0,,,,,0.0,0.0,Hyderabad,
SO Hetmyer,Sharjah Cricket Stadium,1.0,9.0,7.0,1.0,0.0,7.0,128.57,1.29,,,,,0.0,0.0,Sharjah,
SO Hetmyer,"Shere Bangla National Stadium, Mirpur",1.0,15.0,10.0,1.0,1.0,10.0,150.0,1.5,,,,,0.0,0.0,Dhaka,
SO Hetmyer,Wankhede Stadium,1.0,13.0,7.0,0.0,2.0,7.0,185.71,1.86,,,,,0.0,0.0,Mumbai,
SO Hetmyer,"Warner Park, Basseterre, St Kitts",1.0,18.0,11.0,0.0,2.0,11.0,163.64,1.64,,,,,0.0,0.0,Basseterre,
SO Ngoche,Dubai International Cricket Stadium,1.0,0.0,2.0,0.0,0.0,2.0,0.0,0.0,1.0,6.0,8.0,6.0,8.0,1.33,,
SO Ngoche,Entebbe Cricket Oval,,0.0,,0.0,0.0,0.0,,,2.0,16.0,8.0,16.0,3.0,0.5,Entebbe,
SO Ngoche,Gahanga International Cricket Stadium. Rwanda,,0.0,,0.0,0.0,0.0,,,1.0,8.0,16.0,8.0,12.0,2.0,Kigali City,
SO Ngoche,"Gymkhana Club Ground, Nairobi",5.0,15.0,13.0,1.0,1.0,13.0,115.38,1.15,4.0,21.0,15.0,21.0,4.29,0.71,Nairobi,
SO Ngoche,ICC Global Cricket Academy,1.0,1.0,2.0,0.0,0.0,2.0,50.0,0.5,2.0,7.0,4.0,7.0,3.43,0.57,Dubai,
SO Ngoche,Integrated Polytechnic Regional Centre,1.0,6.0,3.0,1.0,0.0,3.0,200.0,2.0,,,,,0.0,0.0,Kigali City,
SO Ngoche,Lugogo Cricket Oval,1.0,7.0,2.0,0.0,1.0,2.0,350.0,3.5,1.0,10.0,6.0,10.0,3.6,0.6,Kampala,
SO Ngoche,Mombasa Sports Club Ground,1.0,0.0,1.0,0.0,0.0,1.0,0.0,0.0,,,,,0.0,0.0,,
SO Ngoche,"United Cricket Club Ground, Windhoek",2.0,3.0,4.0,0.0,0.0,4.0,75.0,0.75,2.0,7.0,5.0,7.0,4.29,0.71,Windhoek,
SO Ngoche,"Wanderers Cricket Ground, Windhoek",,0.0,,0.0,0.0,0.0,,,1.0,3.0,2.0,3.0,4.0,0.67,Windhoek,
SO Ngoche,"Willowmoore Park, Benoni",,0.0,,0.0,0.0,0.0,,,1.0,12.0,7.0,12.0,3.5,0.58,Benoni,
SO Tikolo,Dubai International Cricket Stadium,1.0,5.0,5.0,1.0,0.0,5.0,100.0,1.0,1.0,14.0,26.0,14.0,11.14,1.86,,
SO Tikolo,Sharjah Cricket Stadium,1.0,1.0,2.0,0.0,0.0,2.0,50.0,0.5,,,,,0.0,0.0,Sharjah,
SP Krishnamurthi,Al Amerat Cricket Ground Oman Cricket (Ministry Turf 1),1.0,6.0,7.0,0.0,1.0,7.0,85.71,0.86,1.0,3.0,4.0,3.0,8.0,1.33,Al Amarat,
SP Krishnamurthi,"Jimmy Powell Oval, Cayman Islands",2.0,13.0,11.0,1.0,0.0,11.0,118.18,1.18,,,,,0.0,0.0,George Town,
SP Narine,Central Broward Regional Park Stadium Turf Ground,1.0,0.0,10.0,0.0,0.0,10.0,0.0,0.0,1.0,14.0,35.0,14.0,15.0,2.5,Lauderhill,
SP Narine,Dubai International Cricket Stadium,1.0,12.0,6.0,1.0,1.0,6.0,200.0,2.0,2.0,9.0,9.0,9.0,6.0,1.0,,
SP Narine,"Kensington Oval, Bridgetown",1.0,0.0,4.0,0.0,0.0,4.0,0.0,0.0,1.0,6.0,5.0,6.0,5.0,0.83,Barbados,
SP Narine,"Queen's Park Oval, Port of Spain",2.0,10.0,9.0,2.0,0.0,9.0,111.11,1.11,3.0,28.0,34.0,28.0,7.29,1.21,Trinidad,
SP Narine,Sheikh Zayed Stadium,,0.0,,0.0,0.0,0.0,,,1.0,11.0,13.0,11.0,7.09,1.18,Abu Dhabi,
SP Patil,Sheikh Zayed Stadium,1.0,13.0,12.0,0.0,1.0,12.0,108.33,1.08,,,,,0.0,0.0,Abu Dhabi,
SP Patil,Shere Bangla National Stadium,1.0,0.0,1.0,0.0,0.0,1.0,0.0,0.0,,,,,0.0,0.0,Mirpur,
SP Patil,Sylhet Stadium,1.0,0.0,2.0,0.0,0.0,2.0,0.0,0.0,,,,,0.0,0.0,,
SPD Smith,"Dr. Y.S. Rajasekhara Reddy ACA-VDCA Cricket Stadium, Visakhapatnam",1.0,27.0,26.0,4.0,0.0,26.0,103.85,1.04,,,,,0.0,0.0,Visakhapatnam,
SPD Smith,Dubai International Cricket Stadium,1.0,4.0,4.0,1.0,0.0,4.0,100.0,1.0,,,,,0.0,0.0,,
SPD Smith,"Eden Park, Auckland",2.0,15.0,10.0,2.0,1.0,10.0,150.0,1.5,,,,,0.0,0.0,Auckland,
SPD Smith,"Greenfield International Stadium, Thiruvananthapuram",1.0,10.0,10.0,1.0,0.0,10.0,100.0,1.0,,,,,0.0,0.0,Thiruvananthapuram,
SPD Smith,M Chinnaswamy Stadium,1.0,0.0,2.0,0.0,0.0,2.0,0.0,0.0,,,,,0.0,0.0,Bangalore,
SPD Smith,Manuka Oval,1.0,17.0,11.0,2.0,0.0,11.0,154.55,1.55,,,,,0.0,0.0,Canberra,
SPD Smith,Sydney Cricket Ground,2.0,13.0,14.0,1.0,0.0,14.0,92.86,0.93,,,,,0.0,0.0,,
SPS Shikongo,Al Amerat Cricket Ground Oman Cricket (Ministry Turf 1),1.0,1.0,1.0,0.0,0.0,1.0,100.0,1.0,1.0,6.0,16.0,6.0,16.0,2.67,Al Amarat,
SR Bhudia,Dubai International Cricket Stadium,1.0,0.0,1.0,0.0,0.0,1.0,0.0,0.0,1.0,2.0,1.0,2.0,3.0,0.5,,
SR Bhudia,"Gymkhana Club Ground, Nairobi",4.0,10.0,18.0,0.0,0.0,18.0,55.56,0.56,,,,,0.0,0.0,Nairobi,
SR Bhudia,Lugogo Cricket Oval,,0.0,,0.0,0.0,0.0,,,1.0,7.0,9.0,7.0,7.71,1.29,Kampala,
SR Bhudia,"United Cricket Club Ground, Windhoek",1.0,11.0,6.0,2.0,0.0,6.0,183.33,1.83,1.0,9.0,13.0,9.0,8.67,1.44,Windhoek,
SR Bhudia,"Wanderers Cricket Ground, Windhoek",1.0,7.0,5.0,1.0,0.0,5.0,140.0,1.4,1.0,3.0,2.0,3.0,4.0,0.67,Windhoek,
SR Mukkamalla,Al Amerat Cricket Ground Oman Cricket (Ministry Turf 1),3.0,37.0,25.0,1.0,3.0,25.0,148.0,1.48,,,,,0.0,0.0,Al Amarat,
SR Mukkamalla,"Grand Prairie Stadium, Dallas",3.0,16.0,19.0,1.0,1.0,19.0,84.21,0.84,,,,,0.0,0.0,Dallas,
SR Mukkamalla,"Jimmy Powell Oval, Cayman Islands",2.0,12.0,13.0,2.0,0.0,13.0,92.31,0.92,,,,,0.0,0.0,George Town,
SR Mukkamalla,"Sportpark Westvliet, The Hague",1.0,14.0,8.0,2.0,0.0,8.0,175.0,1.75,,,,,0.0,0.0,The Hague,
SR Taylor,Al Amerat Cricket Ground Oman Cricket (Ministry Turf 1),2.0,1.0,7.0,0.0,0.0,7.0,14.29,0.14,,,,,0.0,0.0,Al Amarat,
SR Taylor,"Grand Prairie Stadium, Dallas",2.0,8.0,13.0,1.0,0.0,13.0,61.54,0.62,,,,,0.0,0.0,Dallas,
SR Taylor,"Nassau County International Cricket Stadium, New York",1.0,5.0,9.0,0.0,0.0,9.0,55.56,0.56,,,,,0.0,0.0,New York,
SR Taylor,Prairie View Cricket Complex,3.0,41.0,47.0,3.0,2.0,47.0,87.23,0.87,3.0,17.0,19.0,17.0,6.71,1.12,Houston,
SR Taylor,"Queens Sports Club, Bulawayo",1.0,16.0,10.0,1.0,1.0,10.0,160.0,1.6,1.0,6.0,9.0,6.0,9.0,1.5,Bulawayo,
SR Taylor,"White Hill Field, Sandys Parish",2.0,17.0,12.0,2.0,1.0,12.0,141.67,1.42,1.0,7.0,8.0,7.0,6.86,1.14,Hamilton,
SR Thompson,Al Amerat Cricket Ground Oman Cricket (Ministry Turf 1),2.0,21.0,12.0,0.0,2.0,12.0,175.0,1.75,1.0,10.0,8.0,10.0,4.8,0.8,Al Amarat,
SR Thompson,"The Village, Malahide",2.0,8.0,7.0,0.0,0.0,7.0,114.29,1.14,1.0,1.0,1.0,1.0,6.0,1.0,Dublin,
SR Thompson,Tolerance Oval,,0.0,,0.0,0.0,0.0,,,1.0,9.0,8.0,9.0,5.33,0.89,Abu Dhabi,
SR Watson,M Chinnaswamy Stadium,1.0,10.0,7.0,2.0,0.0,7.0,142.86,1.43,1.0,2.0,0.0,2.0,0.0,0.0,Bangalore,
SR Watson,R Premadasa Stadium,1.0,14.0,8.0,1.0,1.0,8.0,175.0,1.75,,,,,0.0,0.0,Colombo,
SS Cottrell,"Eden Gardens, Kolkata",,0.0,,0.0,0.0,0.0,,,2.0,14.0,7.0,14.0,3.0,0.5,Kolkata,
SS Cottrell,Greenfield International Stadium,,0.0,,0.0,0.0,0.0,,,1.0,7.0,10.0,7.0,8.57,1.43,Thiruvananthapuram,
SS Cottrell,"National Cricket Stadium, Grenada",,0.0,,0.0,0.0,0.0,,,1.0,4.0,5.0,4.0,7.5,1.25,St George's,
SS Cottrell,"Providence Stadium, Guyana",,0.0,,0.0,0.0,0.0,,,1.0,10.0,13.0,10.0,7.8,1.3,Providence,
SS Cottrell,"Rajiv Gandhi International Stadium, Uppal",,0.0,,0.0,0.0,0.0,,,1.0,6.0,10.0,6.0,10.0,1.67,Hyderabad,
SS Cottrell,"Shere Bangla National Stadium, Mirpur",1.0,1.0,1.0,0.0,0.0,1.0,100.0,1.0,2.0,24.0,22.0,24.0,5.5,0.92,Dhaka,
SS Cottrell,Sylhet International Cricket Stadium,,0.0,,0.0,0.0,0.0,,,1.0,5.0,10.0,5.0,12.0,2.0,,
SS Cottrell,Wankhede Stadium,,0.0,,0.0,0.0,0.0,,,1.0,7.0,7.0,7.0,6.0,1.0,Mumbai,
SS Iyer,Arun Jaitley Stadium,1.0,8.0,7.0,1.0,0.0,7.0,114.29,1.14,,,,,0.0,0.0,Delhi,
SS Iyer,"Eden Gardens, Kolkata",1.0,0.0,1.0,0.0,0.0,1.0,0.0,0.0,,,,,0.0,0.0,Kolkata,
SS Iyer,Saurashtra Cricket Association Stadium,2.0,8.0,10.0,1.0,0.0,10.0,80.0,0.8,,,,,0.0,0.0,Rajkot,
SS Iyer,"Vidarbha Cricket Association Stadium, Jamtha",1.0,46.0,20.0,2.0,4.0,20.0,230.0,2.3,,,,,0.0,0.0,Nagpur,
SS Kang,Dubai International Cricket Stadium,1.0,1.0,4.0,0.0,0.0,4.0,25.0,0.25,2.0,29.0,31.0,29.0,6.41,1.07,,
SS McKechnie,Dubai International Cricket Stadium,2.0,44.0,39.0,5.0,1.0,39.0,112.82,1.13,,,,,0.0,0.0,,
SS McKechnie,Mulpani Cricket Ground,1.0,11.0,9.0,2.0,0.0,9.0,122.22,1.22,,,,,0.0,0.0,Kathmandu,
SS McKechnie,Sharjah Cricket Stadium,1.0,4.0,7.0,0.0,0.0,7.0,57.14,0.57,,,,,0.0,0.0,Sharjah,
SS McKechnie,Terdthai Cricket Ground,1.0,0.0,1.0,0.0,0.0,1.0,0.0,0.0,,,,,0.0,0.0,Bangkok,
SS McKechnie,Tolerance Oval,1.0,12.0,6.0,2.0,0.0,6.0,200.0,2.0,,,,,0.0,0.0,Abu Dhabi,
SS Pathirana,Gaddafi Stadium,1.0,14.0,8.0,2.0,0.0,8.0,175.0,1.75,1.0,2.0,2.0,2.0,6.0,1.0,Lahore,
SS Pathirana,Sheikh Zayed Stadium,2.0,5.0,7.0,0.0,0.0,7.0,71.43,0.71,1.0,2.0,0.0,2.0,0.0,0.0,Abu Dhabi,
SSB Magala,"SuperSport Park, Centurion",1.0,7.0,8.0,0.0,1.0,8.0,87.5,0.88,2.0,35.0,62.0,35.0,10.63,1.77,Centurion,
SSB Magala,"The Wanderers Stadium, Johannesburg",1.0,9.0,5.0,0.0,1.0,5.0,180.0,1.8,2.0,40.0,54.0,40.0,8.1,1.35,Johannesburg,
SSJ Brooks,"Bellerive Oval, Hobart",1.0,0.0,3.0,0.0,0.0,3.0,0.0,0.0,,,,,0.0,0.0,Hobart,
SSJ Brooks,"Brian Lara Stadium, Tarouba, Trinidad",1.0,2.0,2.0,0.0,0.0,2.0,100.0,1.0,,,,,0.0,0.0,Tarouba,
SSJ Brooks,"Central Broward Regional Park Stadium Turf Ground, Lauderhill",1.0,8.0,7.0,1.0,0.0,7.0,114.29,1.14,,,,,0.0,0.0,Lauderhill,
SSJ Brooks,"National Stadium, Karachi",3.0,40.0,34.0,2.0,3.0,34.0,117.65,1.18,,,,,0.0,0.0,Karachi,
SSJ Brooks,"Providence Stadium, Guyana",1.0,12.0,12.0,2.0,0.0,12.0,100.0,1.0,,,,,0.0,0.0,Providence,
SSJ Brooks,"Windsor Park, Roseau, Dominica",1.0,0.0,1.0,0.0,0.0,1.0,0.0,0.0,,,,,0.0,0.0,Roseau,
SSM Stanislaus,Dreux Sport Cricket Club,1.0,5.0,6.0,0.0,0.0,6.0,83.33,0.83,,,,,0.0,0.0,Dreux,
STR Binny,Harare Sports Club,1.0,2.0,2.0,0.0,0.0,2.0,100.0,1.0,2.0,8.0,11.0,8.0,8.25,1.38,,
STRA de Silva,"Gymkhana Club Ground, Nairobi",,0.0,,0.0,0.0,0.0,,,1.0,5.0,16.0,5.0,19.2,3.2,Nairobi,
SV Samson,"Arun Jaitley Stadium, Delhi",1.0,1.0,3.0,0.0,0.0,3.0,33.33,0.33,,,,,0.0,0.0,Delhi,
SV Samson,Dubai International Cricket Stadium,2.0,37.0,39.0,3.0,1.0,39.0,94.87,0.95,,,,,0.0,0.0,,
SV Samson,Harare Sports Club,2.0,18.0,17.0,0.0,1.0,17.0,105.88,1.06,,,,,0.0,0.0,,
SV Samson,"Rajiv Gandhi International Stadium, Uppal, Hyderabad",1.0,108.0,46.0,11.0,8.0,46.0,234.78,2.35,,,,,0.0,0.0,Hyderabad,
SV Samson,"Shrimant Madhavrao Scindia Cricket Stadium, Gwalior",1.0,29.0,19.0,6.0,0.0,19.0,152.63,1.53,,,,,0.0,0.0,Gwalior,
SV Samson,"Zayed Cricket Stadium, Abu Dhabi",1.0,2.0,4.0,0.0,0.0,4.0,50.0,0.5,,,,,0.0,0.0,Abu Dhabi,
SV Wiig,Al Amerat Cricket Ground Oman Cricket (Ministry Turf 1),,0.0,,0.0,0.0,0.0,,,1.0,9.0,8.0,9.0,5.33,0.89,Al Amarat,
SW Billings,Old Trafford,3.0,19.0,17.0,3.0,0.0,17.0,111.76,1.12,,,,,0.0,0.0,Manchester,
SW Poynter,"The Village, Malahide",1.0,3.0,4.0,0.0,0.0,4.0,75.0,0.75,,,,,0.0,0.0,Dublin,
SY Nihute,Harare Sports Club,1.0,0.0,1.0,0.0,0.0,1.0,0.0,0.0,,,,,0.0,0.0,,
SY Nihute,"Takashinga Sports Club, Highfield, Harare",1.0,2.0,6.0,0.0,0.0,6.0,33.33,0.33,,,,,0.0,0.0,Harare,
Saad Bin Zafar,Al Amerat Cricket Ground Oman Cricket (Ministry Turf 1),7.0,96.0,72.0,10.0,4.0,72.0,133.33,1.33,11.0,223.0,264.0,223.0,7.1,1.18,Al Amarat,
Saad Bin Zafar,Al Amerat Cricket Ground Oman Cricket (Ministry Turf 2),,0.0,,0.0,0.0,0.0,,,1.0,24.0,14.0,24.0,3.5,0.58,Al Amarat,
Saad Bin Zafar,"Coolidge Cricket Ground, Antigua",,0.0,,0.0,0.0,0.0,,,3.0,66.0,47.0,66.0,4.27,0.71,Coolidge,
Saad Bin Zafar,"Grand Prairie Stadium, Dallas",,0.0,,0.0,0.0,0.0,,,1.0,24.0,44.0,24.0,11.0,1.83,Dallas,
Saad Bin Zafar,"Jimmy Powell Oval, Cayman Islands",3.0,33.0,23.0,1.0,1.0,23.0,143.48,1.43,6.0,132.0,101.0,132.0,4.59,0.77,George Town,
Saad Bin Zafar,"Maple Leaf North-East Ground, King City",1.0,16.0,10.0,1.0,2.0,10.0,160.0,1.6,2.0,48.0,41.0,48.0,5.12,0.85,King City,
Saad Bin Zafar,"Maple Leaf North-West Ground, King City",3.0,71.0,58.0,8.0,1.0,58.0,122.41,1.22,8.0,178.0,145.0,178.0,4.89,0.81,King City,
Saad Bin Zafar,"Namibia Cricket Ground, Windhoek",3.0,24.0,26.0,0.0,1.0,26.0,92.31,0.92,2.0,37.0,49.0,37.0,7.95,1.32,Windhoek,
Saad Bin Zafar,"Nassau County International Cricket Stadium, New York",2.0,11.0,24.0,1.0,0.0,24.0,45.83,0.46,2.0,49.0,45.0,49.0,5.51,0.92,New York,
Saad Bin Zafar,National Stadium,,0.0,,0.0,0.0,0.0,,,1.0,19.0,21.0,19.0,6.63,1.11,Karachi,
Saad Bin Zafar,"National Stadium, Hamilton",,0.0,,0.0,0.0,0.0,,,2.0,43.0,44.0,43.0,6.14,1.02,Hamilton,
Saad Bin Zafar,Prairie View Cricket Complex,4.0,78.0,52.0,7.0,3.0,52.0,150.0,1.5,4.0,73.0,91.0,73.0,7.48,1.25,Houston,
Saad Bin Zafar,Sheikh Zayed Stadium,1.0,11.0,6.0,2.0,0.0,6.0,183.33,1.83,3.0,75.0,77.0,75.0,6.16,1.03,Abu Dhabi,
Saad Bin Zafar,"Sir Vivian Richards Stadium, North Sound, Antigua",,0.0,,0.0,0.0,0.0,,,1.0,18.0,17.0,18.0,5.67,0.94,North Sound,
Saad Bin Zafar,"Sportpark Maarschalkerweerd, Utrecht",1.0,33.0,36.0,2.0,0.0,36.0,91.67,0.92,2.0,49.0,46.0,49.0,5.63,0.94,Utrecht,
Saad Bin Zafar,"Sportpark Westvliet, The Hague",1.0,3.0,3.0,0.0,0.0,3.0,100.0,1.0,1.0,24.0,25.0,24.0,6.25,1.04,The Hague,
Saad Bin Zafar,Tolerance Oval,1.0,1.0,1.0,0.0,0.0,1.0,100.0,1.0,2.0,48.0,67.0,48.0,8.38,1.4,Abu Dhabi,
Saad Bin Zafar,"White Hill Field, Sandys Parish",4.0,78.0,60.0,4.0,4.0,60.0,130.0,1.3,6.0,135.0,132.0,135.0,5.87,0.98,Hamilton,
Saad Khan,Al Amerat Cricket Ground Oman Cricket (Ministry Turf 1),4.0,17.0,29.0,3.0,0.0,29.0,58.62,0.59,,,,,0.0,0.0,Al Amarat,
Sabbir Rahman,"Hagley Oval, Christchurch",1.0,3.0,4.0,0.0,0.0,4.0,75.0,0.75,,,,,0.0,0.0,Christchurch,
Sabbir Rahman,Himachal Pradesh Cricket Association Stadium,1.0,4.0,4.0,0.0,0.0,4.0,100.0,1.0,1.0,1.0,1.0,1.0,6.0,1.0,Dharamsala,
Sabbir Rahman,"R.Premadasa Stadium, Khettarama",3.0,15.0,19.0,0.0,1.0,19.0,78.95,0.79,,,,,0.0,0.0,Colombo,
Sabbir Rahman,Sheikh Abu Naser Stadium,1.0,0.0,1.0,0.0,0.0,1.0,0.0,0.0,,,,,0.0,0.0,Khulna,
Saber Zakhil,Dreux Sport Cricket Club,1.0,1.0,4.0,0.0,0.0,4.0,25.0,0.25,,,,,0.0,0.0,Dreux,
Sabir Ali,Dubai International Cricket Stadium,,0.0,,0.0,0.0,0.0,,,1.0,12.0,13.0,12.0,6.5,1.08,,
Sachin Kumar,Al Amerat Cricket Ground Oman Cricket (Ministry Turf 1),,0.0,,0.0,0.0,0.0,,,3.0,13.0,22.0,13.0,10.15,1.69,Al Amarat,
Saghir Khan,Sharjah Cricket Stadium,2.0,19.0,11.0,1.0,2.0,11.0,172.73,1.73,3.0,67.0,97.0,67.0,8.69,1.45,Sharjah,
Sahel Zadran,Bayer Uerdingen Cricket Ground,,0.0,,0.0,0.0,0.0,,,1.0,3.0,1.0,3.0,2.0,0.33,Krefeld,
Sahibzada Farhan,"Bellerive Oval, Hobart",1.0,9.0,7.0,1.0,0.0,7.0,128.57,1.29,,,,,0.0,0.0,Hobart,
Sahibzada Farhan,"Brisbane Cricket Ground, Woolloongabba, Brisbane",1.0,8.0,4.0,2.0,0.0,4.0,200.0,2.0,,,,,0.0,0.0,Brisbane,
Sahibzada Farhan,"Central Broward Regional Park Stadium Turf Ground, Lauderhill",3.0,91.0,78.0,5.0,5.0,78.0,116.67,1.17,,,,,0.0,0.0,Lauderhill,
Sahibzada Farhan,Dubai International Cricket Stadium,7.0,232.0,215.0,15.0,12.0,215.0,107.91,1.08,,,,,0.0,0.0,,
Sahibzada Farhan,"Gaddafi Stadium, Lahore",4.0,122.0,87.0,6.0,10.0,87.0,140.23,1.4,,,,,0.0,0.0,Lahore,
Sahibzada Farhan,"Hagley Oval, Christchurch",2.0,20.0,16.0,1.0,1.0,16.0,125.0,1.25,,,,,0.0,0.0,Christchurch,
Sahibzada Farhan,Harare Sports Club,1.0,0.0,1.0,0.0,0.0,1.0,0.0,0.0,,,,,0.0,0.0,,
Sahibzada Farhan,"Queens Sports Club, Bulawayo",1.0,4.0,7.0,1.0,0.0,7.0,57.14,0.57,,,,,0.0,0.0,Bulawayo,
Sahibzada Farhan,Rawalpindi Cricket Stadium,1.0,24.0,19.0,4.0,0.0,19.0,126.32,1.26,,,,,0.0,0.0,,
Sahibzada Farhan,Sharjah Cricket Stadium,2.0,24.0,19.0,4.0,1.0,19.0,126.32,1.26,,,,,0.0,0.0,Sharjah,
Sahibzada Farhan,Sheikh Zayed Stadium,1.0,1.0,8.0,0.0,0.0,8.0,12.5,0.12,,,,,0.0,0.0,Abu Dhabi,
Sahibzada Farhan,"Shere Bangla National Stadium, Mirpur",1.0,63.0,43.0,6.0,5.0,43.0,146.51,1.47,,,,,0.0,0.0,Dhaka,
Sahibzada Farhan,Sydney Cricket Ground,1.0,5.0,10.0,0.0,0.0,10.0,50.0,0.5,,,,,0.0,0.0,,
Sahibzada Farhan,"Zayed Cricket Stadium, Abu Dhabi",1.0,24.0,15.0,1.0,2.0,15.0,160.0,1.6,,,,,0.0,0.0,Abu Dhabi,
Sahir Naqash,Bayer Uerdingen Cricket Ground,1.0,0.0,2.0,0.0,0.0,2.0,0.0,0.0,1.0,2.0,4.0,2.0,12.0,2.0,Krefeld,
Saif Hassan,"Bir Sreshtho Flight Lieutenant Matiur Rahman Stadium, Chattogram",3.0,36.0,42.0,0.0,3.0,42.0,85.71,0.86,1.0,6.0,9.0,6.0,9.0,1.5,Chattogram,
Saif Hassan,Dubai International Cricket Stadium,3.0,148.0,113.0,6.0,11.0,113.0,130.97,1.31,1.0,12.0,7.0,12.0,3.5,0.58,,
Saif Hassan,"Shere Bangla National Stadium, Mirpur",2.0,1.0,11.0,0.0,0.0,11.0,9.09,0.09,1.0,1.0,1.0,1.0,6.0,1.0,Dhaka,
Saif Hassan,Sylhet International Cricket Stadium,2.0,48.0,27.0,3.0,3.0,27.0,177.78,1.78,1.0,13.0,19.0,13.0,8.77,1.46,,
Saif Hassan,Zhejiang University of Technology Cricket Field,3.0,51.0,60.0,1.0,3.0,60.0,85.0,0.85,2.0,32.0,31.0,32.0,5.81,0.97,Hangzhou,
Saim Ayub,"Castle Avenue, Dublin",3.0,65.0,43.0,7.0,4.0,43.0,151.16,1.51,2.0,18.0,25.0,18.0,8.33,1.39,Dublin,
Saim Ayub,"Central Broward Regional Park Stadium Turf Ground, Lauderhill",4.0,147.0,118.0,12.0,5.0,118.0,124.58,1.25,3.0,64.0,78.0,64.0,7.31,1.22,Lauderhill,
Saim Ayub,Dubai International Cricket Stadium,6.0,35.0,40.0,3.0,1.0,40.0,87.5,0.88,6.0,123.0,129.0,123.0,6.29,1.05,,
Saim Ayub,"Eden Park, Auckland",1.0,27.0,8.0,2.0,3.0,8.0,337.5,3.38,,,,,0.0,0.0,Auckland,
Saim Ayub,"Edgbaston, Birmingham",1.0,2.0,7.0,0.0,0.0,7.0,28.57,0.29,,,,,0.0,0.0,Birmingham,
Saim Ayub,"Gaddafi Stadium, Lahore",10.0,198.0,144.0,17.0,12.0,144.0,137.5,1.38,4.0,43.0,63.0,43.0,8.79,1.47,Lahore,
Saim Ayub,"Hagley Oval, Christchurch",1.0,1.0,6.0,0.0,0.0,6.0,16.67,0.17,,,,,0.0,0.0,Christchurch,
Saim Ayub,"Kingsmead, Durban",1.0,31.0,15.0,7.0,0.0,15.0,206.67,2.07,,,,,0.0,0.0,Durban,
Saim Ayub,"Nassau County International Cricket Stadium, New York",1.0,6.0,13.0,0.0,0.0,13.0,46.15,0.46,,,,,0.0,0.0,New York,
Saim Ayub,"Queens Sports Club, Bulawayo",2.0,60.0,36.0,8.0,2.0,36.0,166.67,1.67,,,,,0.0,0.0,Bulawayo,
Saim Ayub,Rawalpindi Cricket Stadium,4.0,73.0,58.0,7.0,5.0,58.0,125.86,1.26,1.0,26.0,31.0,26.0,7.15,1.19,,
Saim Ayub,"Seddon Park, Hamilton",1.0,1.0,3.0,0.0,0.0,3.0,33.33,0.33,,,,,0.0,0.0,Hamilton,
Saim Ayub,Sharjah Cricket Stadium,2.0,80.0,48.0,7.0,5.0,48.0,166.67,1.67,2.0,30.0,35.0,30.0,7.0,1.17,Sharjah,
Saim Ayub,"Shere Bangla National Stadium, Mirpur",3.0,28.0,23.0,3.0,1.0,23.0,121.74,1.22,3.0,24.0,21.0,24.0,5.25,0.88,Dhaka,
Saim Ayub,"SuperSport Park, Centurion",1.0,98.0,68.0,11.0,5.0,68.0,144.12,1.44,,,,,0.0,0.0,Centurion,
Saim Ayub,"University Oval, Dunedin",1.0,10.0,13.0,2.0,0.0,13.0,76.92,0.77,,,,,0.0,0.0,Dunedin,
Saim Ayub,"Zayed Cricket Stadium, Abu Dhabi",1.0,2.0,3.0,0.0,0.0,3.0,66.67,0.67,,,,,0.0,0.0,Abu Dhabi,
Salman Mirza,"Gaddafi Stadium, Lahore",,0.0,,0.0,0.0,0.0,,,2.0,49.0,30.0,49.0,3.67,0.61,Lahore,
Salman Mirza,Sharjah Cricket Stadium,1.0,3.0,2.0,0.0,0.0,2.0,150.0,1.5,2.0,51.0,74.0,51.0,8.71,1.45,Sharjah,
Salman Mirza,"Shere Bangla National Stadium, Mirpur",1.0,0.0,1.0,0.0,0.0,1.0,0.0,0.0,3.0,74.0,61.0,74.0,4.95,0.82,Dhaka,
Salman Nazar,Al Amerat Cricket Ground Oman Cricket (Ministry Turf 1),,0.0,,0.0,0.0,0.0,,,1.0,6.0,8.0,6.0,8.0,1.33,Al Amarat,
Salman Nazar,"Coolidge Cricket Ground, Antigua",,0.0,,0.0,0.0,0.0,,,1.0,1.0,0.0,1.0,0.0,0.0,Coolidge,
Salvin Stanly,Al Amerat Cricket Ground Oman Cricket (Ministry Turf 2),1.0,2.0,4.0,0.0,0.0,4.0,50.0,0.5,,,,,0.0,0.0,Al Amarat,
Sami Sohail,Harare Sports Club,1.0,1.0,7.0,0.0,0.0,7.0,14.29,0.14,,,,,0.0,0.0,,
Sami Sohail,"Takashinga Sports Club, Highfield, Harare",,0.0,,0.0,0.0,0.0,,,1.0,5.0,12.0,5.0,14.4,2.4,Harare,
Sandeep Goud,Al Amerat Cricket Ground Oman Cricket (Ministry Turf 1),6.0,27.0,24.0,0.0,2.0,24.0,112.5,1.12,3.0,12.0,20.0,12.0,10.0,1.67,Al Amarat,
Sandeep Goud,"Coolidge Cricket Ground, Antigua",,0.0,,0.0,0.0,0.0,,,1.0,1.0,1.0,1.0,6.0,1.0,Coolidge,
Sandeep Goud,"Jimmy Powell Oval, Cayman Islands",1.0,0.0,6.0,0.0,0.0,6.0,0.0,0.0,1.0,4.0,7.0,4.0,10.5,1.75,George Town,
Sandeep Goud,"Maple Leaf North-East Ground, King City",,0.0,,0.0,0.0,0.0,,,1.0,10.0,13.0,10.0,7.8,1.3,King City,
Sandeep Goud,"Maple Leaf North-West Ground, King City",1.0,1.0,8.0,0.0,0.0,8.0,12.5,0.12,,,,,0.0,0.0,King City,
Sandeep Goud,Tolerance Oval,1.0,0.0,2.0,0.0,0.0,2.0,0.0,0.0,,,,,0.0,0.0,Abu Dhabi,
Sandeep Sharma,Harare Sports Club,,0.0,,0.0,0.0,0.0,,,1.0,2.0,3.0,2.0,9.0,1.5,,
Saqib Zulfiqar,Hazelaarweg,2.0,6.0,9.0,0.0,0.0,9.0,66.67,0.67,1.0,2.0,2.0,2.0,6.0,1.0,Rotterdam,
Saqib Zulfiqar,"Sportpark Maarschalkerweerd, Utrecht",,0.0,,0.0,0.0,0.0,,,1.0,2.0,4.0,2.0,12.0,2.0,Utrecht,
Saqib Zulfiqar,"Titwood, Glasgow",2.0,2.0,3.0,0.0,0.0,3.0,66.67,0.67,,,,,0.0,0.0,Glasgow,
Saqlain Arshad,Al Amerat Cricket Ground Oman Cricket (Ministry Turf 1),1.0,1.0,2.0,0.0,0.0,2.0,50.0,0.5,,,,,0.0,0.0,Al Amarat,
Saqlain Arshad,"ICC Academy, Dubai",1.0,8.0,6.0,2.0,0.0,6.0,133.33,1.33,,,,,0.0,0.0,Dubai,
Sarfaraz Ali,Al Amerat Cricket Ground Oman Cricket (Ministry Turf 1),6.0,52.0,41.0,4.0,4.0,41.0,126.83,1.27,4.0,55.0,103.0,55.0,11.24,1.87,Al Amarat,
Sarfaraz Ali,Al Amerat Cricket Ground Oman Cricket (Ministry Turf 2),,0.0,,0.0,0.0,0.0,,,1.0,5.0,12.0,5.0,14.4,2.4,Al Amarat,
Sarfaraz Ali,"ICC Academy, Dubai",1.0,11.0,10.0,1.0,1.0,10.0,110.0,1.1,1.0,12.0,17.0,12.0,8.5,1.42,Dubai,
Sarfaraz Ali,"Tribhuvan University International Cricket Ground, Kirtipur",1.0,23.0,23.0,5.0,0.0,23.0,100.0,1.0,,,,,0.0,0.0,Kirtipur,
Sarfraz Ahmed,Dubai International Cricket Stadium,1.0,4.0,11.0,0.0,0.0,11.0,36.36,0.36,,,,,0.0,0.0,,
Sarfraz Ahmed,Eden Park,1.0,1.0,2.0,0.0,0.0,2.0,50.0,0.5,,,,,0.0,0.0,Auckland,
Sarfraz Ahmed,"Grange Cricket Club, Raeburn Place",1.0,13.0,8.0,2.0,0.0,8.0,162.5,1.62,,,,,0.0,0.0,Edinburgh,
Sarfraz Ahmed,National Stadium,1.0,1.0,1.0,0.0,0.0,1.0,100.0,1.0,,,,,0.0,0.0,Karachi,
Sarfraz Ahmed,"Punjab Cricket Association IS Bindra Stadium, Mohali",1.0,5.0,4.0,0.0,0.0,4.0,125.0,1.25,,,,,0.0,0.0,Chandigarh,
Sarfraz Ahmed,Seddon Park,1.0,1.0,2.0,0.0,0.0,2.0,50.0,0.5,,,,,0.0,0.0,Hamilton,
Sarfraz Ahmed,Sheikh Zayed Stadium,1.0,1.0,1.0,0.0,0.0,1.0,100.0,1.0,,,,,0.0,0.0,Abu Dhabi,
Sarfraz Ahmed,Shere Bangla National Stadium,1.0,6.0,3.0,1.0,0.0,3.0,200.0,2.0,,,,,0.0,0.0,Mirpur,
Sarfraz Ahmed,"Shere Bangla National Stadium, Mirpur",1.0,4.0,6.0,0.0,0.0,6.0,66.67,0.67,,,,,0.0,0.0,Dhaka,
Sarfraz Ahmed,Westpac Stadium,1.0,1.0,1.0,0.0,0.0,1.0,100.0,1.0,,,,,0.0,0.0,Wellington,
Sayed Monib,Al Amerat Cricket Ground Oman Cricket (Ministry Turf 2),1.0,1.0,2.0,0.0,0.0,2.0,50.0,0.5,,,,,0.0,0.0,Al Amarat,
Sayed Monib,"ICC Academy, Dubai",,0.0,,0.0,0.0,0.0,,,1.0,1.0,1.0,1.0,6.0,1.0,Dubai,
Sayed Monib,"West End Park International Cricket Stadium, Doha",1.0,6.0,7.0,0.0,0.0,7.0,85.71,0.86,1.0,15.0,17.0,15.0,6.8,1.13,Doha,
Serdar Burak Emir,Roma Cricket Ground,,0.0,,0.0,0.0,0.0,,,1.0,6.0,6.0,6.0,6.0,1.0,Spinaceto,
Shadab Khan,Adelaide Oval,,0.0,,0.0,0.0,0.0,,,1.0,24.0,30.0,24.0,7.5,1.25,Adelaide,
Shadab Khan,Bay Oval,,0.0,,0.0,0.0,0.0,,,1.0,24.0,19.0,24.0,4.75,0.79,Mount Maunganui,
Shadab Khan,"Bay Oval, Mount Maunganui",1.0,1.0,4.0,0.0,0.0,4.0,25.0,0.25,1.0,26.0,49.0,26.0,11.31,1.88,Mount Maunganui,
Shadab Khan,"Castle Avenue, Dublin",1.0,0.0,1.0,0.0,0.0,1.0,0.0,0.0,1.0,25.0,54.0,25.0,12.96,2.16,Dublin,
Shadab Khan,"Central Broward Regional Park Stadium Turf Ground, Lauderhill",1.0,0.0,2.0,0.0,0.0,2.0,0.0,0.0,1.0,6.0,11.0,6.0,11.0,1.83,Lauderhill,
Shadab Khan,Dubai International Cricket Stadium,2.0,18.0,17.0,2.0,0.0,17.0,105.88,1.06,9.0,220.0,230.0,220.0,6.27,1.05,,
Shadab Khan,Eden Park,1.0,42.0,33.0,2.0,3.0,33.0,127.27,1.27,2.0,38.0,59.0,38.0,9.32,1.55,Auckland,
Shadab Khan,"Eden Park, Auckland",,0.0,,0.0,0.0,0.0,,,1.0,24.0,34.0,24.0,8.5,1.42,Auckland,
Shadab Khan,"Edgbaston, Birmingham",1.0,3.0,4.0,0.0,0.0,4.0,75.0,0.75,1.0,24.0,55.0,24.0,13.75,2.29,Birmingham,
Shadab Khan,Gaddafi Stadium,2.0,6.0,8.0,1.0,0.0,8.0,75.0,0.75,9.0,196.0,289.0,196.0,8.85,1.47,Lahore,
Shadab Khan,"Gaddafi Stadium, Lahore",7.0,105.0,77.0,8.0,4.0,77.0,136.36,1.36,10.0,196.0,269.0,196.0,8.23,1.37,Lahore,
Shadab Khan,"Grand Prairie Stadium, Dallas",1.0,43.0,31.0,1.0,3.0,31.0,138.71,1.39,1.0,19.0,27.0,19.0,8.53,1.42,Dallas,
Shadab Khan,"Grange Cricket Club, Raeburn Place",1.0,17.0,18.0,1.0,0.0,18.0,94.44,0.94,2.0,48.0,44.0,48.0,5.5,0.92,Edinburgh,
Shadab Khan,"Hagley Oval, Christchurch",3.0,45.0,35.0,3.0,2.0,35.0,128.57,1.29,6.0,133.0,157.0,133.0,7.08,1.18,Christchurch,
Shadab Khan,Harare Sports Club,2.0,36.0,29.0,1.0,2.0,29.0,124.14,1.24,5.0,114.0,162.0,114.0,8.53,1.42,,
Shadab Khan,"Headingley, Leeds",1.0,36.0,23.0,2.0,3.0,23.0,156.52,1.57,1.0,27.0,33.0,27.0,7.33,1.22,Leeds,
Shadab Khan,"Kennington Oval, London",1.0,0.0,1.0,0.0,0.0,1.0,0.0,0.0,1.0,18.0,20.0,18.0,6.67,1.11,London,
Shadab Khan,"Kensington Oval, Bridgetown",,0.0,,0.0,0.0,0.0,,,1.0,24.0,7.0,24.0,1.75,0.29,Barbados,
Shadab Khan,"Kensington Oval, Bridgetown, Barbados",,0.0,,0.0,0.0,0.0,,,1.0,6.0,8.0,6.0,8.0,1.33,Bridgetown,
Shadab Khan,Manuka Oval,,0.0,,0.0,0.0,0.0,,,1.0,24.0,25.0,24.0,6.25,1.04,Canberra,
Shadab Khan,McLean Park,1.0,0.0,1.0,0.0,0.0,1.0,0.0,0.0,1.0,24.0,36.0,24.0,9.0,1.5,Napier,
Shadab Khan,Melbourne Cricket Ground,2.0,25.0,21.0,3.0,0.0,21.0,119.05,1.19,2.0,48.0,41.0,48.0,5.12,0.85,,
Shadab Khan,"Nassau County International Cricket Stadium, New York",1.0,4.0,7.0,0.0,0.0,7.0,57.14,0.57,,,,,0.0,0.0,New York,
Shadab Khan,National Stadium,,0.0,,0.0,0.0,0.0,,,3.0,66.0,65.0,66.0,5.91,0.98,Karachi,
Shadab Khan,"National Stadium, Karachi",1.0,28.0,12.0,1.0,3.0,12.0,233.33,2.33,3.0,76.0,77.0,76.0,6.08,1.01,Karachi,
Shadab Khan,Newlands,1.0,7.0,4.0,1.0,0.0,4.0,175.0,1.75,1.0,18.0,38.0,18.0,12.67,2.11,Cape Town,
Shadab Khan,Old Trafford,1.0,15.0,11.0,2.0,0.0,11.0,136.36,1.36,3.0,74.0,116.0,74.0,9.41,1.57,Manchester,
Shadab Khan,"Old Trafford, Manchester",1.0,2.0,5.0,0.0,0.0,5.0,40.0,0.4,1.0,18.0,22.0,18.0,7.33,1.22,Manchester,
Shadab Khan,Perth Stadium,3.0,22.0,25.0,1.0,1.0,25.0,88.0,0.88,2.0,48.0,45.0,48.0,5.62,0.94,Perth,
Shadab Khan,"Providence Stadium, Guyana",1.0,5.0,4.0,0.0,0.0,4.0,125.0,1.25,1.0,25.0,23.0,25.0,5.52,0.92,Providence,
Shadab Khan,"Queen's Park Oval, Port of Spain",2.0,16.0,12.0,1.0,0.0,12.0,133.33,1.33,3.0,71.0,68.0,71.0,5.75,0.96,Trinidad,
Shadab Khan,Rawalpindi Cricket Stadium,1.0,41.0,22.0,4.0,2.0,22.0,186.36,1.86,4.0,67.0,94.0,67.0,8.42,1.4,,
Shadab Khan,Seddon Park,1.0,4.0,7.0,1.0,0.0,7.0,57.14,0.57,1.0,24.0,24.0,24.0,6.0,1.0,Hamilton,
Shadab Khan,Sharjah Cricket Stadium,,0.0,,0.0,0.0,0.0,,,3.0,59.0,44.0,59.0,4.47,0.75,Sharjah,
Shadab Khan,Sheikh Zayed Stadium,2.0,17.0,10.0,1.0,1.0,10.0,170.0,1.7,4.0,89.0,72.0,89.0,4.85,0.81,Abu Dhabi,
Shadab Khan,"Shere Bangla National Stadium, Mirpur",1.0,21.0,10.0,1.0,2.0,10.0,210.0,2.1,2.0,50.0,42.0,50.0,5.04,0.84,Dhaka,
Shadab Khan,"Sky Stadium, Wellington",1.0,28.0,22.0,5.0,0.0,22.0,127.27,1.27,1.0,12.0,33.0,12.0,16.5,2.75,Wellington,
Shadab Khan,SuperSport Park,1.0,22.0,9.0,0.0,3.0,9.0,244.44,2.44,1.0,24.0,34.0,24.0,8.5,1.42,Centurion,
Shadab Khan,Sydney Cricket Ground,1.0,52.0,22.0,3.0,4.0,22.0,236.36,2.36,2.0,36.0,49.0,36.0,8.17,1.36,,
Shadab Khan,The Wanderers Stadium,,0.0,,0.0,0.0,0.0,,,1.0,18.0,25.0,18.0,8.33,1.39,Johannesburg,
Shadab Khan,"Trent Bridge, Nottingham",,0.0,,0.0,0.0,0.0,,,1.0,26.0,52.0,26.0,12.0,2.0,Nottingham,
Shadab Khan,"University Oval, Dunedin",1.0,26.0,15.0,2.0,2.0,15.0,173.33,1.73,1.0,7.0,10.0,7.0,8.57,1.43,Dunedin,
Shadab Khan,Westpac Stadium,1.0,0.0,1.0,0.0,0.0,1.0,0.0,0.0,1.0,24.0,19.0,24.0,4.75,0.79,Wellington,
Shadab Khan,"Zayed Cricket Stadium, Abu Dhabi",,0.0,,0.0,0.0,0.0,,,1.0,24.0,35.0,24.0,8.75,1.46,Abu Dhabi,
Shafiq Sharif,Indian Association Ground,1.0,0.0,1.0,0.0,0.0,1.0,0.0,0.0,,,,,0.0,0.0,Singapore,
Shafiq Sharif,Kinrara Academy Oval,1.0,9.0,7.0,2.0,0.0,7.0,128.57,1.29,,,,,0.0,0.0,Kuala Lumpur,
Shafiul Islam,Arun Jaitley Stadium,,0.0,,0.0,0.0,0.0,,,1.0,11.0,17.0,11.0,9.27,1.55,Delhi,
Shafiul Islam,Gaddafi Stadium,,0.0,,0.0,0.0,0.0,,,2.0,8.0,9.0,8.0,6.75,1.12,Lahore,
Shafiul Islam,Queens Sports Club,,0.0,,0.0,0.0,0.0,,,2.0,8.0,4.0,8.0,3.0,0.5,Bulawayo,
Shafiul Islam,"Vidarbha Cricket Association Stadium, Jamtha",,0.0,,0.0,0.0,0.0,,,1.0,11.0,17.0,11.0,9.27,1.55,Nagpur,
Shah Faisal,Al Amerat Cricket Ground Oman Cricket (Ministry Turf 1),,0.0,,0.0,0.0,0.0,,,1.0,8.0,10.0,8.0,7.5,1.25,Al Amarat,
Shah Faisal,Dubai International Cricket Stadium,1.0,1.0,3.0,0.0,0.0,3.0,33.33,0.33,1.0,23.0,31.0,23.0,8.09,1.35,,
Shah Faisal,"Zayed Cricket Stadium, Abu Dhabi",,0.0,,0.0,0.0,0.0,,,1.0,12.0,12.0,12.0,6.0,1.0,Abu Dhabi,
Shahadat Hossain,Zhejiang University of Technology Cricket Field,1.0,2.0,4.0,0.0,0.0,4.0,50.0,0.5,,,,,0.0,0.0,Hangzhou,
Shahbaz Ahmed,Zhejiang University of Technology Cricket Field,,0.0,,0.0,0.0,0.0,,,1.0,4.0,2.0,4.0,3.0,0.5,Hangzhou,
Shahbaz Badar,Al Amerat Cricket Ground Oman Cricket (Ministry Turf 1),1.0,0.0,5.0,0.0,0.0,5.0,0.0,0.0,,,,,0.0,0.0,Al Amarat,
Shaheen Shah Afridi,Adelaide Oval,,0.0,,0.0,0.0,0.0,,,1.0,24.0,22.0,24.0,5.5,0.92,Adelaide,
Shaheen Shah Afridi,"Bay Oval, Mount Maunganui",1.0,6.0,10.0,0.0,1.0,10.0,60.0,0.6,1.0,25.0,49.0,25.0,11.76,1.96,Mount Maunganui,
Shaheen Shah Afridi,"Bellerive Oval, Hobart",1.0,16.0,14.0,2.0,1.0,14.0,114.29,1.14,1.0,19.0,44.0,19.0,13.89,2.32,Hobart,
Shaheen Shah Afridi,"Brisbane Cricket Ground, Woolloongabba, Brisbane",1.0,11.0,6.0,0.0,1.0,6.0,183.33,1.83,1.0,12.0,25.0,12.0,12.5,2.08,Brisbane,
Shaheen Shah Afridi,"Castle Avenue, Dublin",1.0,14.0,8.0,0.0,2.0,8.0,175.0,1.75,3.0,75.0,89.0,75.0,7.12,1.19,Dublin,
Shaheen Shah Afridi,"Central Broward Regional Park Stadium Turf Ground, Lauderhill",2.0,15.0,11.0,0.0,2.0,11.0,136.36,1.36,3.0,76.0,86.0,76.0,6.79,1.13,Lauderhill,
Shaheen Shah Afridi,Dubai International Cricket Stadium,5.0,83.0,50.0,3.0,8.0,50.0,166.0,1.66,10.0,232.0,267.0,232.0,6.91,1.15,,
Shaheen Shah Afridi,Eden Park,1.0,10.0,5.0,0.0,1.0,5.0,200.0,2.0,1.0,26.0,28.0,26.0,6.46,1.08,Auckland,
Shaheen Shah Afridi,"Eden Park, Auckland",1.0,0.0,2.0,0.0,0.0,2.0,0.0,0.0,2.0,50.0,87.0,50.0,10.44,1.74,Auckland,
Shaheen Shah Afridi,"Edgbaston, Birmingham",1.0,9.0,11.0,0.0,0.0,11.0,81.82,0.82,1.0,25.0,40.0,25.0,9.6,1.6,Birmingham,
Shaheen Shah Afridi,Gaddafi Stadium,,0.0,,0.0,0.0,0.0,,,5.0,116.0,132.0,116.0,6.83,1.14,Lahore,
Shaheen Shah Afridi,"Gaddafi Stadium, Lahore",3.0,7.0,10.0,1.0,0.0,10.0,70.0,0.7,6.0,139.0,154.0,139.0,6.65,1.11,Lahore,
Shaheen Shah Afridi,"Grand Prairie Stadium, Dallas",1.0,23.0,17.0,1.0,2.0,17.0,135.29,1.35,1.0,26.0,33.0,26.0,7.62,1.27,Dallas,
Shaheen Shah Afridi,"Hagley Oval, Christchurch",2.0,2.0,14.0,0.0,0.0,14.0,14.29,0.14,3.0,58.0,72.0,58.0,7.45,1.24,Christchurch,
Shaheen Shah Afridi,Harare Sports Club,,0.0,,0.0,0.0,0.0,,,2.0,49.0,73.0,49.0,8.94,1.49,,
Shaheen Shah Afridi,"Headingley, Leeds",1.0,2.0,4.0,0.0,0.0,4.0,50.0,0.5,1.0,23.0,31.0,23.0,8.09,1.35,Leeds,
Shaheen Shah Afridi,"Kennington Oval, London",1.0,0.0,2.0,0.0,0.0,2.0,0.0,0.0,1.0,20.0,22.0,20.0,6.6,1.1,London,
Shaheen Shah Afridi,"Kensington Oval, Bridgetown, Barbados",,0.0,,0.0,0.0,0.0,,,1.0,13.0,20.0,13.0,9.23,1.54,Bridgetown,
Shaheen Shah Afridi,"Kingsmead, Durban",1.0,9.0,8.0,1.0,0.0,8.0,112.5,1.12,1.0,24.0,22.0,24.0,5.5,0.92,Durban,
Shaheen Shah Afridi,McLean Park,,0.0,,0.0,0.0,0.0,,,1.0,24.0,43.0,24.0,10.75,1.79,Napier,
Shaheen Shah Afridi,Melbourne Cricket Ground,2.0,21.0,12.0,2.0,1.0,12.0,175.0,1.75,2.0,38.0,48.0,38.0,7.58,1.26,,
Shaheen Shah Afridi,"Nassau County International Cricket Stadium, New York",1.0,0.0,1.0,0.0,0.0,1.0,0.0,0.0,2.0,50.0,51.0,50.0,6.12,1.02,New York,
Shaheen Shah Afridi,National Stadium,,0.0,,0.0,0.0,0.0,,,1.0,24.0,31.0,24.0,7.75,1.29,Karachi,
Shaheen Shah Afridi,"National Stadium, Karachi",,0.0,,0.0,0.0,0.0,,,2.0,53.0,61.0,53.0,6.91,1.15,Karachi,
Shaheen Shah Afridi,Old Trafford,,0.0,,0.0,0.0,0.0,,,3.0,57.0,83.0,57.0,8.74,1.46,Manchester,
Shaheen Shah Afridi,"Old Trafford, Manchester",,0.0,,0.0,0.0,0.0,,,1.0,6.0,16.0,6.0,16.0,2.67,Manchester,
Shaheen Shah Afridi,Perth Stadium,1.0,1.0,1.0,0.0,0.0,1.0,100.0,1.0,2.0,49.0,49.0,49.0,6.0,1.0,Perth,
Shaheen Shah Afridi,"Providence Stadium, Guyana",,0.0,,0.0,0.0,0.0,,,1.0,25.0,45.0,25.0,10.8,1.8,Providence,
Shaheen Shah Afridi,Rawalpindi Cricket Stadium,1.0,4.0,5.0,1.0,0.0,5.0,80.0,0.8,6.0,120.0,186.0,120.0,9.3,1.55,,
Shaheen Shah Afridi,Seddon Park,,0.0,,0.0,0.0,0.0,,,1.0,25.0,38.0,25.0,9.12,1.52,Hamilton,
Shaheen Shah Afridi,"Seddon Park, Hamilton",1.0,22.0,13.0,1.0,2.0,13.0,169.23,1.69,1.0,24.0,31.0,24.0,7.75,1.29,Hamilton,
Shaheen Shah Afridi,Sharjah Cricket Stadium,,0.0,,0.0,0.0,0.0,,,3.0,78.0,71.0,78.0,5.46,0.91,Sharjah,
Shaheen Shah Afridi,Sheikh Zayed Stadium,,0.0,,0.0,0.0,0.0,,,2.0,37.0,55.0,37.0,8.92,1.49,Abu Dhabi,
Shaheen Shah Afridi,"Shere Bangla National Stadium, Mirpur",,0.0,,0.0,0.0,0.0,,,1.0,24.0,20.0,24.0,5.0,0.83,Dhaka,
Shaheen Shah Afridi,Sophia Gardens,,0.0,,0.0,0.0,0.0,,,1.0,26.0,35.0,26.0,8.08,1.35,Cardiff,
Shaheen Shah Afridi,SuperSport Park,1.0,0.0,2.0,0.0,0.0,2.0,0.0,0.0,1.0,24.0,23.0,24.0,5.75,0.96,Centurion,
Shaheen Shah Afridi,"SuperSport Park, Centurion",,0.0,,0.0,0.0,0.0,,,3.0,75.0,97.0,75.0,7.76,1.29,Centurion,
Shaheen Shah Afridi,Sydney Cricket Ground,1.0,0.0,4.0,0.0,0.0,4.0,0.0,0.0,3.0,66.0,80.0,66.0,7.27,1.21,,
Shaheen Shah Afridi,The Wanderers Stadium,,0.0,,0.0,0.0,0.0,,,1.0,29.0,29.0,29.0,6.0,1.0,Johannesburg,
Shaheen Shah Afridi,"The Wanderers Stadium, Johannesburg",1.0,7.0,7.0,1.0,0.0,7.0,100.0,1.0,2.0,42.0,76.0,42.0,10.86,1.81,Johannesburg,
Shaheen Shah Afridi,"Trent Bridge, Nottingham",,0.0,,0.0,0.0,0.0,,,1.0,21.0,30.0,21.0,8.57,1.43,Nottingham,
Shaheen Shah Afridi,"University Oval, Dunedin",2.0,38.0,26.0,3.0,2.0,26.0,146.15,1.46,2.0,42.0,75.0,42.0,10.71,1.79,Dunedin,
Shaheen Shah Afridi,"Zayed Cricket Stadium, Abu Dhabi",,0.0,,0.0,0.0,0.0,,,2.0,52.0,66.0,52.0,7.62,1.27,Abu Dhabi,
Shaheryar Butt,Dreux Sport Cricket Club,2.0,17.0,13.0,2.0,1.0,13.0,130.77,1.31,,,,,0.0,0.0,Dreux,
Shaheryar Butt,"Moara Vlasiei Cricket Ground, Ilfov County",1.0,10.0,5.0,0.0,1.0,5.0,200.0,2.0,,,,,0.0,0.0,Ilfov County,
Shahid Afridi,AMI Stadium,1.0,1.0,4.0,0.0,0.0,4.0,25.0,0.25,1.0,2.0,2.0,2.0,6.0,1.0,Christchurch,
Shahid Afridi,Eden Gardens,1.0,7.0,4.0,0.0,1.0,4.0,175.0,1.75,,,,,0.0,0.0,Kolkata,
Shahid Afridi,Eden Park,2.0,7.0,4.0,1.0,0.0,4.0,175.0,1.75,,,,,0.0,0.0,Auckland,
Shahid Afridi,Gaddafi Stadium,1.0,1.0,1.0,0.0,0.0,1.0,100.0,1.0,,,,,0.0,0.0,Lahore,
Shahid Afridi,Harare Sports Club,,0.0,,0.0,0.0,0.0,,,2.0,15.0,12.0,15.0,4.8,0.8,,
Shahid Afridi,Seddon Park,1.0,6.0,2.0,0.0,1.0,2.0,300.0,3.0,,,,,0.0,0.0,Hamilton,
Shahid Afridi,Shere Bangla National Stadium,1.0,10.0,5.0,0.0,1.0,5.0,200.0,2.0,1.0,12.0,15.0,12.0,7.5,1.25,Mirpur,
Shahid Afridi,Westpac Stadium,1.0,0.0,2.0,0.0,0.0,2.0,0.0,0.0,,,,,0.0,0.0,Wellington,
Shahid Ahmadzai,"Namibia Cricket Ground, Windhoek",,0.0,,0.0,0.0,0.0,,,1.0,6.0,14.0,6.0,14.0,2.33,Windhoek,
Shahid Mahmood,Al Amerat Cricket Ground Oman Cricket (Ministry Turf 1),,0.0,,0.0,0.0,0.0,,,2.0,14.0,38.0,14.0,16.29,2.71,Al Amarat,
Shahid Mahmood,Al Amerat Cricket Ground Oman Cricket (Ministry Turf 2),,0.0,,0.0,0.0,0.0,,,1.0,2.0,3.0,2.0,9.0,1.5,Al Amarat,
Shahid Wasif,Al Amerat Cricket Ground Oman Cricket (Ministry Turf 1),1.0,0.0,1.0,0.0,0.0,1.0,0.0,0.0,,,,,0.0,0.0,Al Amarat,
Shahid Wasif,Sheikh Zayed Stadium,2.0,5.0,9.0,0.0,0.0,9.0,55.56,0.56,,,,,0.0,0.0,Abu Dhabi,
Shahid Wasif,Terdthai Cricket Ground,1.0,11.0,7.0,1.0,1.0,7.0,157.14,1.57,,,,,0.0,0.0,Bangkok,
Shahil Momin,Bayer Uerdingen Cricket Ground,,0.0,,0.0,0.0,0.0,,,1.0,9.0,4.0,9.0,2.67,0.44,Krefeld,
Shahnawaz Dhani,Dubai International Cricket Stadium,1.0,8.0,3.0,0.0,1.0,3.0,266.67,2.67,,,,,0.0,0.0,,
Shahnawaz Dhani,"Hagley Oval, Christchurch",,0.0,,0.0,0.0,0.0,,,1.0,6.0,7.0,6.0,7.0,1.17,Christchurch,
Shahnawaz Dhani,"Shere Bangla National Stadium, Mirpur",,0.0,,0.0,0.0,0.0,,,1.0,15.0,19.0,15.0,7.6,1.27,Dhaka,
Shahrukh Quddus,"West End Park International Cricket Stadium, Doha",1.0,2.0,3.0,0.0,0.0,3.0,66.67,0.67,1.0,8.0,12.0,8.0,9.0,1.5,Doha,
Shahzaib Jamil,"Mission Road Ground, Mong Kok, Hong Kong",1.0,8.0,4.0,0.0,1.0,4.0,200.0,2.0,,,,,0.0,0.0,Mong Kok,
Shaiman Anwar,ICC Academy,3.0,41.0,29.0,4.0,2.0,29.0,141.38,1.41,,,,,0.0,0.0,Dubai,
Shaiman Anwar,Sheikh Zayed Stadium,1.0,26.0,12.0,2.0,1.0,12.0,216.67,2.17,,,,,0.0,0.0,Abu Dhabi,
Shaiman Anwar,Sylhet Stadium,1.0,9.0,5.0,0.0,1.0,5.0,180.0,1.8,,,,,0.0,0.0,,
Shakeel Ahmed,Al Amerat Cricket Ground Oman Cricket (Ministry Turf 1),8.0,127.0,119.0,6.0,6.0,119.0,106.72,1.07,15.0,311.0,335.0,311.0,6.46,1.08,Al Amarat,
Shakeel Ahmed,Al Amerat Cricket Ground Oman Cricket (Ministry Turf 2),1.0,0.0,1.0,0.0,0.0,1.0,0.0,0.0,4.0,85.0,80.0,85.0,5.65,0.94,Al Amarat,
Shakeel Ahmed,Dubai International Cricket Stadium,1.0,10.0,23.0,0.0,1.0,23.0,43.48,0.43,1.0,24.0,17.0,24.0,4.25,0.71,,
Shakeel Ahmed,"ICC Academy, Dubai",2.0,8.0,9.0,1.0,0.0,9.0,88.89,0.89,5.0,124.0,138.0,124.0,6.68,1.11,Dubai,
Shakeel Ahmed,"Kensington Oval, Bridgetown, Barbados",2.0,22.0,20.0,3.0,0.0,20.0,110.0,1.1,2.0,43.0,48.0,43.0,6.7,1.12,Bridgetown,
Shakeel Ahmed,"Maple Leaf North-West Ground, King City",3.0,21.0,33.0,2.0,0.0,33.0,63.64,0.64,4.0,87.0,100.0,87.0,6.9,1.15,King City,
Shakeel Ahmed,"Sir Vivian Richards Stadium, North Sound, Antigua",1.0,3.0,2.0,0.0,0.0,2.0,150.0,1.5,1.0,12.0,25.0,12.0,12.5,2.08,North Sound,
Shakeel Ahmed,"Tribhuvan University International Cricket Ground, Kirtipur",2.0,22.0,19.0,2.0,1.0,19.0,115.79,1.16,5.0,110.0,117.0,110.0,6.38,1.06,Kirtipur,
Shakeel Ahmed,"West End Park International Cricket Stadium, Doha",1.0,5.0,7.0,0.0,0.0,7.0,71.43,0.71,2.0,49.0,41.0,49.0,5.02,0.84,Doha,
Shakeel Ahmed,"Zayed Cricket Stadium, Abu Dhabi",1.0,14.0,11.0,1.0,1.0,11.0,127.27,1.27,2.0,37.0,50.0,37.0,8.11,1.35,Abu Dhabi,
Shakib Al Hasan,Adelaide Oval,2.0,0.0,3.0,0.0,0.0,3.0,0.0,0.0,2.0,24.0,33.0,24.0,8.25,1.38,Adelaide,
Shakib Al Hasan,Al Amerat Cricket Ground Oman Cricket (Ministry Turf 1),1.0,42.0,29.0,6.0,0.0,29.0,144.83,1.45,1.0,5.0,3.0,5.0,3.6,0.6,Al Amarat,
Shakib Al Hasan,"Arnos Vale Ground, Kingstown, St Vincent",1.0,1.0,5.0,0.0,0.0,5.0,20.0,0.2,2.0,12.0,18.0,12.0,9.0,1.5,Kingstown,
Shakib Al Hasan,"Bellerive Oval, Hobart",1.0,2.0,3.0,0.0,0.0,3.0,66.67,0.67,1.0,5.0,5.0,5.0,6.0,1.0,Hobart,
Shakib Al Hasan,"Brisbane Cricket Ground, Woolloongabba, Brisbane",1.0,6.0,3.0,1.0,0.0,3.0,200.0,2.0,,,,,0.0,0.0,Brisbane,
Shakib Al Hasan,"Hagley Oval, Christchurch",3.0,74.0,51.0,8.0,2.0,51.0,145.1,1.45,1.0,18.0,28.0,18.0,9.33,1.56,Christchurch,
Shakib Al Hasan,Harare Sports Club,,0.0,,0.0,0.0,0.0,,,1.0,2.0,1.0,2.0,3.0,0.5,,
Shakib Al Hasan,Himachal Pradesh Cricket Association Stadium,1.0,1.0,4.0,0.0,0.0,4.0,25.0,0.25,,,,,0.0,0.0,Dharamsala,
Shakib Al Hasan,Prairie View Cricket Complex,2.0,1.0,2.0,0.0,0.0,2.0,50.0,0.5,3.0,24.0,22.0,24.0,5.5,0.92,Houston,
Shakib Al Hasan,Queens Sports Club,,0.0,,0.0,0.0,0.0,,,1.0,8.0,6.0,8.0,4.5,0.75,Bulawayo,
Shakib Al Hasan,"R.Premadasa Stadium, Khettarama",1.0,2.0,3.0,0.0,0.0,3.0,66.67,0.67,1.0,2.0,7.0,2.0,21.0,3.5,Colombo,
Shakib Al Hasan,Sheikh Abu Naser Stadium,1.0,2.0,6.0,0.0,0.0,6.0,33.33,0.33,2.0,4.0,2.0,4.0,3.0,0.5,Khulna,
Shakib Al Hasan,"Shere Bangla National Stadium, Mirpur",2.0,4.0,6.0,0.0,0.0,6.0,66.67,0.67,2.0,11.0,11.0,11.0,6.0,1.0,Dhaka,
Shakib Al Hasan,"Sir Vivian Richards Stadium, North Sound, Antigua",1.0,7.0,5.0,0.0,1.0,5.0,140.0,1.4,,,,,0.0,0.0,North Sound,
Shakib Al Hasan,"Zahur Ahmed Chowdhury Stadium, Chattogram",,0.0,,0.0,0.0,0.0,,,1.0,2.0,1.0,2.0,3.0,0.5,Chattogram,
Shamim Hossain,"Arnos Vale Ground, Kingstown, St Vincent",3.0,64.0,37.0,3.0,5.0,37.0,172.97,1.73,,,,,0.0,0.0,Kingstown,
Shamim Hossain,"Bay Oval, Mount Maunganui",1.0,9.0,14.0,0.0,0.0,14.0,64.29,0.64,,,,,0.0,0.0,Mount Maunganui,
Shamim Hossain,"Bir Sreshtho Flight Lieutenant Matiur Rahman Stadium, Chattogram",2.0,2.0,6.0,0.0,0.0,6.0,33.33,0.33,1.0,6.0,11.0,6.0,11.0,1.83,Chattogram,
Shamim Hossain,Dubai International Cricket Stadium,4.0,63.0,60.0,3.0,3.0,60.0,105.0,1.05,,,,,0.0,0.0,,
Shamim Hossain,"Gaddafi Stadium, Lahore",3.0,19.0,16.0,4.0,0.0,16.0,118.75,1.19,3.0,51.0,70.0,51.0,8.24,1.37,Lahore,
Shamim Hossain,Harare Sports Club,2.0,60.0,28.0,9.0,2.0,28.0,214.29,2.14,1.0,6.0,7.0,6.0,7.0,1.17,,
Shamim Hossain,Pallekele International Cricket Stadium,1.0,14.0,5.0,0.0,2.0,5.0,280.0,2.8,1.0,6.0,11.0,6.0,11.0,1.83,Kandy,
Shamim Hossain,"R Premadasa Stadium, Colombo",,0.0,,0.0,0.0,0.0,,,1.0,12.0,10.0,12.0,5.0,0.83,Colombo,
Shamim Hossain,Rangiri Dambulla International Stadium,1.0,48.0,27.0,5.0,2.0,27.0,177.78,1.78,,,,,0.0,0.0,Dambulla,
Shamim Hossain,Sharjah Cricket Stadium,3.0,21.0,22.0,3.0,0.0,22.0,95.45,0.95,,,,,0.0,0.0,Sharjah,
Shamim Hossain,"Shere Bangla National Stadium, Mirpur",7.0,40.0,54.0,5.0,0.0,54.0,74.07,0.74,2.0,12.0,6.0,12.0,3.0,0.5,Dhaka,
Shamim Hossain,Sylhet International Cricket Stadium,1.0,21.0,20.0,1.0,0.0,20.0,105.0,1.05,,,,,0.0,0.0,,
Shamim Hossain,"Zahur Ahmed Chowdhury Stadium, Chattogram",2.0,81.0,65.0,7.0,3.0,65.0,124.62,1.25,,,,,0.0,0.0,Chattogram,
Shamim Hossain,"Zayed Cricket Stadium, Abu Dhabi",2.0,53.0,55.0,3.0,1.0,55.0,96.36,0.96,1.0,4.0,4.0,4.0,6.0,1.0,Abu Dhabi,
Shan Masood,Adelaide Oval,1.0,10.0,8.0,0.0,0.0,8.0,125.0,1.25,,,,,0.0,0.0,Adelaide,
Shan Masood,"Hagley Oval, Christchurch",1.0,17.0,13.0,3.0,0.0,13.0,130.77,1.31,,,,,0.0,0.0,Christchurch,
Shan Masood,Melbourne Cricket Ground,1.0,11.0,10.0,1.0,0.0,10.0,110.0,1.1,,,,,0.0,0.0,,
Shan Masood,Perth Stadium,1.0,10.0,12.0,1.0,0.0,12.0,83.33,0.83,,,,,0.0,0.0,Perth,
Shariq Munir,Al Amerat Cricket Ground Oman Cricket (Ministry Turf 2),1.0,14.0,10.0,1.0,1.0,10.0,140.0,1.4,,,,,0.0,0.0,Al Amarat,
Shariz Ahmad,Al Amerat Cricket Ground Oman Cricket (Ministry Turf 1),1.0,7.0,9.0,0.0,0.0,9.0,77.78,0.78,1.0,18.0,26.0,18.0,8.67,1.44,Al Amarat,
Shariz Ahmad,"Bellerive Oval, Hobart",1.0,9.0,9.0,1.0,0.0,9.0,100.0,1.0,1.0,18.0,27.0,18.0,9.0,1.5,Hobart,
Shariz Ahmad,Bulawayo Athletic Club,,0.0,,0.0,0.0,0.0,,,1.0,12.0,10.0,12.0,5.0,0.83,Bulawayo,
Shariz Ahmad,"Queens Sports Club, Bulawayo",1.0,1.0,2.0,0.0,0.0,2.0,50.0,0.5,4.0,67.0,73.0,67.0,6.54,1.09,Bulawayo,
Shariz Ahmad,"Sportpark Westvliet, The Hague",1.0,5.0,3.0,1.0,0.0,3.0,166.67,1.67,2.0,30.0,43.0,30.0,8.6,1.43,The Hague,
Shariz Ahmad,Sydney Cricket Ground,1.0,16.0,11.0,2.0,0.0,11.0,145.45,1.45,1.0,6.0,5.0,6.0,5.0,0.83,,
Shariz Ahmad,Sylhet International Cricket Stadium,2.0,27.0,33.0,1.0,0.0,33.0,81.82,0.82,1.0,6.0,12.0,6.0,12.0,2.0,,
Shariz Ahmad,"Tribhuvan University International Cricket Ground, Kirtipur",,0.0,,0.0,0.0,0.0,,,1.0,14.0,31.0,14.0,13.29,2.21,Kirtipur,
Sharjeel Khan,Eden Gardens,1.0,1.0,3.0,0.0,0.0,3.0,33.33,0.33,,,,,0.0,0.0,Kolkata,
Sharjeel Khan,"Punjab Cricket Association IS Bindra Stadium, Mohali",1.0,13.0,8.0,3.0,0.0,8.0,162.5,1.62,,,,,0.0,0.0,Chandigarh,
Shayan Jahangir,"Grand Prairie Stadium, Dallas",3.0,84.0,51.0,7.0,3.0,51.0,164.71,1.65,,,,,0.0,0.0,Dallas,
Shayan Jahangir,"Jimmy Powell Oval, Cayman Islands",5.0,118.0,101.0,11.0,2.0,101.0,116.83,1.17,,,,,0.0,0.0,George Town,
Shayan Jahangir,"Nassau County International Cricket Stadium, New York",1.0,0.0,1.0,0.0,0.0,1.0,0.0,0.0,,,,,0.0,0.0,New York,
Shayan Jahangir,Prairie View Cricket Complex,1.0,18.0,20.0,2.0,1.0,20.0,90.0,0.9,,,,,0.0,0.0,Houston,
Shayan Jahangir,"Sir Vivian Richards Stadium, North Sound, Antigua",1.0,3.0,10.0,0.0,0.0,10.0,30.0,0.3,,,,,0.0,0.0,North Sound,
Shayan Jahangir,"Sportpark Maarschalkerweerd, Utrecht",1.0,37.0,29.0,3.0,2.0,29.0,127.59,1.28,,,,,0.0,0.0,Utrecht,
Shayan Jahangir,"Sportpark Westvliet, The Hague",2.0,18.0,18.0,1.0,1.0,18.0,100.0,1.0,,,,,0.0,0.0,The Hague,
Shayan Jahangir,"Wanderers Cricket Ground, Windhoek",4.0,94.0,57.0,9.0,4.0,57.0,164.91,1.65,,,,,0.0,0.0,Windhoek,
Shehzad Patel,Integrated Polytechnic Regional Centre,1.0,2.0,3.0,0.0,0.0,3.0,66.67,0.67,,,,,0.0,0.0,Kigali City,
Sher Sahak,Bayer Uerdingen Cricket Ground,2.0,19.0,12.0,2.0,1.0,12.0,158.33,1.58,1.0,2.0,7.0,2.0,21.0,3.5,Krefeld,
Sheraz Sheikh,Dreux Sport Cricket Club,,0.0,,0.0,0.0,0.0,,,1.0,2.0,1.0,2.0,3.0,0.5,Dreux,
Sheraz Sheikh,"Moara Vlasiei Cricket Ground, Ilfov County",1.0,1.0,4.0,0.0,0.0,4.0,25.0,0.25,1.0,7.0,6.0,7.0,5.14,0.86,Ilfov County,
Shiraz Khan,"West End Park International Cricket Stadium, Doha",1.0,10.0,16.0,1.0,0.0,16.0,62.5,0.62,1.0,14.0,28.0,14.0,12.0,2.0,Doha,
Shoaib Akhtar,Eden Park,1.0,8.0,4.0,0.0,1.0,4.0,200.0,2.0,,,,,0.0,0.0,Auckland,
Shoaib Khan,Al Amerat Cricket Ground Oman Cricket (Ministry Turf 1),14.0,194.0,174.0,21.0,5.0,174.0,111.49,1.11,,,,,0.0,0.0,Al Amarat,
Shoaib Khan,Al Amerat Cricket Ground Oman Cricket (Ministry Turf 2),2.0,33.0,27.0,4.0,0.0,27.0,122.22,1.22,,,,,0.0,0.0,Al Amarat,
Shoaib Khan,Bayer Uerdingen Cricket Ground,2.0,14.0,23.0,1.0,0.0,23.0,60.87,0.61,,,,,0.0,0.0,Krefeld,
Shoaib Khan,"Kensington Oval, Bridgetown, Barbados",1.0,0.0,4.0,0.0,0.0,4.0,0.0,0.0,,,,,0.0,0.0,Bridgetown,
Shoaib Khan,"Maple Leaf North-West Ground, King City",4.0,84.0,81.0,5.0,6.0,81.0,103.7,1.04,,,,,0.0,0.0,King City,
Shoaib Khan,"Sir Vivian Richards Stadium, North Sound, Antigua",1.0,11.0,25.0,1.0,0.0,25.0,44.0,0.44,,,,,0.0,0.0,North Sound,
Shoaib Khan,"Tribhuvan University International Cricket Ground, Kirtipur",3.0,5.0,11.0,0.0,0.0,11.0,45.45,0.45,,,,,0.0,0.0,Kirtipur,
Shoaib Khan,"West End Park International Cricket Stadium, Doha",2.0,27.0,23.0,2.0,1.0,23.0,117.39,1.17,,,,,0.0,0.0,Doha,
Shoaib Malik,Dubai International Cricket Stadium,1.0,0.0,1.0,0.0,0.0,1.0,0.0,0.0,,,,,0.0,0.0,,
Shoaib Malik,Eden Gardens,1.0,13.0,6.0,2.0,0.0,6.0,216.67,2.17,,,,,0.0,0.0,Kolkata,
Shoaib Malik,Gaddafi Stadium,1.0,31.0,22.0,3.0,0.0,22.0,140.91,1.41,3.0,14.0,11.0,14.0,4.71,0.79,Lahore,
Shoaib Malik,"Grange Cricket Club, Raeburn Place",1.0,18.0,7.0,0.0,2.0,7.0,257.14,2.57,,,,,0.0,0.0,Edinburgh,
Shoaib Malik,Newlands,1.0,1.0,2.0,0.0,0.0,2.0,50.0,0.5,,,,,0.0,0.0,Cape Town,
Shoaib Malik,"Punjab Cricket Association IS Bindra Stadium, Mohali",1.0,5.0,5.0,0.0,0.0,5.0,100.0,1.0,,,,,0.0,0.0,Chandigarh,
Shoaib Malik,Seddon Park,1.0,5.0,4.0,1.0,0.0,4.0,125.0,1.25,,,,,0.0,0.0,Hamilton,
Shoaib Malik,Sharjah Cricket Stadium,1.0,4.0,3.0,0.0,0.0,3.0,133.33,1.33,,,,,0.0,0.0,Sharjah,
Shoaib Malik,Shere Bangla National Stadium,1.0,1.0,4.0,0.0,0.0,4.0,25.0,0.25,,,,,0.0,0.0,Mirpur,
Shoaib Malik,"Shere Bangla National Stadium, Mirpur",1.0,0.0,3.0,0.0,0.0,3.0,0.0,0.0,1.0,4.0,4.0,4.0,6.0,1.0,Dhaka,
Shohidul Islam,"Shere Bangla National Stadium, Mirpur",,0.0,,0.0,0.0,0.0,,,1.0,12.0,11.0,12.0,5.5,0.92,Dhaka,
Shoriful Islam,Adelaide Oval,,0.0,,0.0,0.0,0.0,,,1.0,28.0,57.0,28.0,12.21,2.04,Adelaide,
Shoriful Islam,"Bay Oval, Mount Maunganui",1.0,4.0,5.0,0.0,0.0,5.0,80.0,0.8,2.0,37.0,33.0,37.0,5.35,0.89,Mount Maunganui,
Shoriful Islam,"Bir Sreshtho Flight Lieutenant Matiur Rahman Stadium, Chattogram",1.0,0.0,1.0,0.0,0.0,1.0,0.0,0.0,1.0,12.0,12.0,12.0,6.0,1.0,Chattogram,
Shoriful Islam,Dubai International Cricket Stadium,1.0,0.0,2.0,0.0,0.0,2.0,0.0,0.0,3.0,55.0,81.0,55.0,8.84,1.47,,
Shoriful Islam,Eden Park,1.0,6.0,3.0,0.0,1.0,3.0,200.0,2.0,1.0,13.0,21.0,13.0,9.69,1.62,Auckland,
Shoriful Islam,"Gaddafi Stadium, Lahore",1.0,5.0,3.0,1.0,0.0,3.0,166.67,1.67,2.0,22.0,34.0,22.0,9.27,1.55,Lahore,
Shoriful Islam,"Hagley Oval, Christchurch",,0.0,,0.0,0.0,0.0,,,3.0,71.0,112.0,71.0,9.46,1.58,Christchurch,
Shoriful Islam,Harare Sports Club,,0.0,,0.0,0.0,0.0,,,5.0,119.0,163.0,119.0,8.22,1.37,,
Shoriful Islam,McLean Park,,0.0,,0.0,0.0,0.0,,,1.0,18.0,17.0,18.0,5.67,0.94,Napier,
Shoriful Islam,"McLean Park, Napier",,0.0,,0.0,0.0,0.0,,,1.0,24.0,26.0,24.0,6.5,1.08,Napier,
Shoriful Islam,Prairie View Cricket Complex,1.0,1.0,4.0,0.0,0.0,4.0,25.0,0.25,2.0,52.0,61.0,52.0,7.04,1.17,Houston,
Shoriful Islam,"Providence Stadium, Guyana",,0.0,,0.0,0.0,0.0,,,1.0,6.0,13.0,6.0,13.0,2.17,Providence,
Shoriful Islam,"R Premadasa Stadium, Colombo",,0.0,,0.0,0.0,0.0,,,1.0,26.0,50.0,26.0,11.54,1.92,Colombo,
Shoriful Islam,Rangiri Dambulla International Stadium,,0.0,,0.0,0.0,0.0,,,1.0,19.0,15.0,19.0,4.74,0.79,Dambulla,
Shoriful Islam,Seddon Park,1.0,5.0,8.0,1.0,0.0,8.0,62.5,0.62,1.0,24.0,50.0,24.0,12.5,2.08,Hamilton,
Shoriful Islam,Sharjah Cricket Stadium,1.0,16.0,7.0,1.0,1.0,7.0,228.57,2.29,3.0,77.0,79.0,77.0,6.16,1.03,Sharjah,
Shoriful Islam,"Shere Bangla National Stadium, Mirpur",3.0,8.0,9.0,0.0,1.0,9.0,88.89,0.89,9.0,189.0,232.0,189.0,7.37,1.23,Dhaka,
Shoriful Islam,"Shrimant Madhavrao Scindia Cricket Stadium, Gwalior",1.0,0.0,2.0,0.0,0.0,2.0,0.0,0.0,1.0,12.0,17.0,12.0,8.5,1.42,Gwalior,
Shoriful Islam,Sylhet International Cricket Stadium,2.0,8.0,4.0,2.0,0.0,4.0,200.0,2.0,4.0,100.0,129.0,100.0,7.74,1.29,,
Shoriful Islam,"Windsor Park, Roseau, Dominica",,0.0,,0.0,0.0,0.0,,,1.0,26.0,40.0,26.0,9.23,1.54,Roseau,
Shoriful Islam,"Zahur Ahmed Chowdhury Stadium, Chattogram",1.0,5.0,5.0,0.0,0.0,5.0,100.0,1.0,3.0,60.0,92.0,60.0,9.2,1.53,Chattogram,
Shoriful Islam,"Zayed Cricket Stadium, Abu Dhabi",,0.0,,0.0,0.0,0.0,,,3.0,65.0,68.0,65.0,6.28,1.05,Abu Dhabi,
Shubman Gill,"Bellerive Oval, Hobart",1.0,15.0,13.0,1.0,0.0,13.0,115.38,1.15,,,,,0.0,0.0,Hobart,
Shubman Gill,"Bharat Ratna Shri Atal Bihari Vajpayee Ekana Cricket Stadium, Lucknow",1.0,11.0,9.0,2.0,0.0,9.0,122.22,1.22,,,,,0.0,0.0,Lucknow,
Shubman Gill,"Brian Lara Stadium, Tarouba, Trinidad",1.0,3.0,9.0,0.0,0.0,9.0,33.33,0.33,,,,,0.0,0.0,Tarouba,
Shubman Gill,"Brisbane Cricket Ground, Woolloongabba, Brisbane",1.0,29.0,16.0,6.0,0.0,16.0,181.25,1.81,,,,,0.0,0.0,Brisbane,
Shubman Gill,Carrara Oval,1.0,46.0,41.0,4.0,1.0,41.0,112.2,1.12,,,,,0.0,0.0,Carrara,
Shubman Gill,"Central Broward Regional Park Stadium Turf Ground, Lauderhill",2.0,86.0,57.0,4.0,5.0,57.0,150.88,1.51,,,,,0.0,0.0,Lauderhill,
Shubman Gill,Dubai International Cricket Stadium,6.0,122.0,81.0,16.0,2.0,81.0,150.62,1.51,,,,,0.0,0.0,,
Shubman Gill,Harare Sports Club,5.0,170.0,136.0,20.0,5.0,136.0,125.0,1.25,,,,,0.0,0.0,,
Shubman Gill,"JSCA International Stadium Complex, Ranchi",1.0,7.0,6.0,1.0,0.0,6.0,116.67,1.17,,,,,0.0,0.0,Ranchi,
Shubman Gill,"Maharashtra Cricket Association Stadium, Pune",1.0,5.0,4.0,1.0,0.0,4.0,125.0,1.25,,,,,0.0,0.0,Pune,
Shubman Gill,"Manuka Oval, Canberra",1.0,37.0,20.0,4.0,1.0,20.0,185.0,1.85,,,,,0.0,0.0,Canberra,
Shubman Gill,Melbourne Cricket Ground,1.0,5.0,10.0,0.0,0.0,10.0,50.0,0.5,,,,,0.0,0.0,,
Shubman Gill,"Narendra Modi Stadium, Ahmedabad",1.0,126.0,65.0,12.0,7.0,65.0,193.85,1.94,,,,,0.0,0.0,Ahmedabad,
Shubman Gill,Pallekele International Cricket Stadium,2.0,73.0,54.0,9.0,1.0,54.0,135.19,1.35,,,,,0.0,0.0,Kandy,
Shubman Gill,"Providence Stadium, Guyana",2.0,13.0,21.0,1.0,1.0,21.0,61.9,0.62,,,,,0.0,0.0,Providence,
Shubman Gill,"Saurashtra Cricket Association Stadium, Rajkot",1.0,46.0,36.0,2.0,3.0,36.0,127.78,1.28,,,,,0.0,0.0,Rajkot,
Shubman Gill,"St George's Park, Gqeberha",1.0,0.0,2.0,0.0,0.0,2.0,0.0,0.0,,,,,0.0,0.0,Gqeberha,
Shubman Gill,"The Wanderers Stadium, Johannesburg",1.0,8.0,7.0,2.0,0.0,7.0,114.29,1.14,,,,,0.0,0.0,Johannesburg,
Shubman Gill,"Wankhede Stadium, Mumbai",1.0,7.0,6.0,1.0,0.0,6.0,116.67,1.17,,,,,0.0,0.0,Mumbai,
Shubman Gill,"Zayed Cricket Stadium, Abu Dhabi",1.0,5.0,8.0,1.0,0.0,8.0,62.5,0.62,,,,,0.0,0.0,Abu Dhabi,
Shuvagata Hom,M Chinnaswamy Stadium,1.0,0.0,1.0,0.0,0.0,1.0,0.0,0.0,,,,,0.0,0.0,Bangalore,
Sidhant Singh,Dubai International Cricket Stadium,,0.0,,0.0,0.0,0.0,,,1.0,8.0,10.0,8.0,7.5,1.25,,
Sikandar Raza,Adelaide Oval,1.0,40.0,26.0,3.0,3.0,26.0,153.85,1.54,1.0,6.0,6.0,6.0,6.0,1.0,Adelaide,
Sikandar Raza,"Bellerive Oval, Hobart",4.0,136.0,83.0,9.0,8.0,83.0,163.86,1.64,4.0,76.0,73.0,76.0,5.76,0.96,Hobart,
Sikandar Raza,"Bready Cricket Club, Magheramason",1.0,3.0,6.0,0.0,0.0,6.0,50.0,0.5,1.0,6.0,14.0,6.0,14.0,2.33,Bready,
Sikandar Raza,"Brisbane Cricket Ground, Woolloongabba, Brisbane",1.0,0.0,3.0,0.0,0.0,3.0,0.0,0.0,1.0,24.0,35.0,24.0,8.75,1.46,Brisbane,
Sikandar Raza,Gaddafi Stadium,1.0,17.0,14.0,1.0,1.0,14.0,121.43,1.21,2.0,24.0,42.0,24.0,10.5,1.75,Lahore,
Sikandar Raza,"Gymkhana Club Ground, Nairobi",2.0,63.0,41.0,7.0,3.0,41.0,153.66,1.54,3.0,62.0,43.0,62.0,4.16,0.69,Nairobi,
Sikandar Raza,Harare Sports Club,34.0,654.0,559.0,50.0,22.0,559.0,116.99,1.17,31.0,571.0,672.0,571.0,7.06,1.18,,
Sikandar Raza,Hazelaarweg,2.0,21.0,21.0,1.0,1.0,21.0,100.0,1.0,2.0,50.0,54.0,50.0,6.48,1.08,Rotterdam,
Sikandar Raza,Melbourne Cricket Ground,1.0,34.0,26.0,3.0,0.0,26.0,130.77,1.31,1.0,18.0,18.0,18.0,6.0,1.0,,
Sikandar Raza,Perth Stadium,1.0,9.0,16.0,1.0,0.0,16.0,56.25,0.56,1.0,26.0,25.0,26.0,5.77,0.96,Perth,
Sikandar Raza,Queens Sports Club,2.0,45.0,47.0,1.0,2.0,47.0,95.74,0.96,,,,,0.0,0.0,Bulawayo,
Sikandar Raza,"Queens Sports Club, Bulawayo",15.0,398.0,295.0,29.0,16.0,295.0,134.92,1.35,15.0,293.0,302.0,293.0,6.18,1.03,Bulawayo,
Sikandar Raza,"R Premadasa Stadium, Colombo",3.0,80.0,60.0,8.0,2.0,60.0,133.33,1.33,3.0,65.0,63.0,65.0,5.82,0.97,Colombo,
Sikandar Raza,Rawalpindi Cricket Stadium,2.0,14.0,17.0,2.0,0.0,17.0,82.35,0.82,2.0,25.0,39.0,25.0,9.36,1.56,,
Sikandar Raza,"Ruaraka Sports Club Ground, Nairobi",2.0,136.0,49.0,7.0,15.0,49.0,277.55,2.78,1.0,24.0,21.0,24.0,5.25,0.88,Nairobi,
Sikandar Raza,Sheikh Abu Naser Stadium,3.0,15.0,20.0,1.0,0.0,20.0,75.0,0.75,3.0,40.0,56.0,40.0,8.4,1.4,Khulna,
Sikandar Raza,Shere Bangla National Stadium,2.0,9.0,11.0,2.0,0.0,11.0,81.82,0.82,,,,,0.0,0.0,Mirpur,
Sikandar Raza,"Shere Bangla National Stadium, Mirpur",4.0,111.0,83.0,14.0,4.0,83.0,133.73,1.34,4.0,85.0,99.0,85.0,6.99,1.16,Dhaka,
Sikandar Raza,Sylhet Stadium,3.0,32.0,34.0,5.0,0.0,34.0,94.12,0.94,1.0,19.0,15.0,19.0,4.74,0.79,,
Sikandar Raza,"United Cricket Club Ground, Windhoek",6.0,251.0,175.0,11.0,22.0,175.0,143.43,1.43,7.0,146.0,150.0,146.0,6.16,1.03,Windhoek,
Sikandar Raza,"Vidarbha Cricket Association Stadium, Jamtha",2.0,12.0,13.0,1.0,0.0,13.0,92.31,0.92,2.0,26.0,31.0,26.0,7.15,1.19,Nagpur,
Sikandar Raza,"Wanderers Cricket Ground, Windhoek",4.0,199.0,136.0,13.0,15.0,136.0,146.32,1.46,4.0,63.0,82.0,63.0,7.81,1.3,Windhoek,
Sikandar Raza,"Zahur Ahmed Chowdhury Stadium, Chattogram",3.0,4.0,14.0,0.0,0.0,14.0,28.57,0.29,3.0,75.0,100.0,75.0,8.0,1.33,Chattogram,
Sikander Zulfiqar,Sylhet International Cricket Stadium,1.0,2.0,3.0,0.0,0.0,3.0,66.67,0.67,,,,,0.0,0.0,,
Sikder Billah,Al Amerat Cricket Ground Oman Cricket (Ministry Turf 1),1.0,6.0,3.0,1.0,0.0,3.0,200.0,2.0,,,,,0.0,0.0,Al Amarat,
Simandeep Singh,Dubai International Cricket Stadium,1.0,4.0,2.0,1.0,0.0,2.0,200.0,2.0,,,,,0.0,0.0,,
Simandeep Singh,Sheikh Zayed Stadium,1.0,2.0,3.0,0.0,0.0,3.0,66.67,0.67,,,,,0.0,0.0,Abu Dhabi,
Simi Singh,Al Amerat Cricket Ground Oman Cricket (Ministry Turf 1),2.0,2.0,3.0,0.0,0.0,3.0,66.67,0.67,3.0,32.0,28.0,32.0,5.25,0.88,Al Amarat,
Simi Singh,Al Amerat Cricket Ground Oman Cricket (Ministry Turf 2),1.0,8.0,5.0,0.0,0.0,5.0,160.0,1.6,1.0,18.0,20.0,18.0,6.67,1.11,Al Amarat,
Simi Singh,"Bellerive Oval, Hobart",,0.0,,0.0,0.0,0.0,,,1.0,7.0,16.0,7.0,13.71,2.29,Hobart,
Simi Singh,"Central Broward Regional Park Stadium Turf Ground, Lauderhill",1.0,4.0,4.0,0.0,0.0,4.0,100.0,1.0,,,,,0.0,0.0,Lauderhill,
Simi Singh,Dubai International Cricket Stadium,1.0,0.0,3.0,0.0,0.0,3.0,0.0,0.0,1.0,6.0,4.0,6.0,4.0,0.67,,
Simi Singh,Sharjah Cricket Stadium,1.0,1.0,1.0,0.0,0.0,1.0,100.0,1.0,,,,,0.0,0.0,Sharjah,
Simi Singh,Sportpark Het Schootsveld,1.0,3.0,4.0,0.0,0.0,4.0,75.0,0.75,,,,,0.0,0.0,Deventer,
Simi Singh,"The Village, Malahide",1.0,0.0,3.0,0.0,0.0,3.0,0.0,0.0,1.0,11.0,29.0,11.0,15.82,2.64,Dublin,
Sohag Gazi,Queens Sports Club,,0.0,,0.0,0.0,0.0,,,2.0,5.0,4.0,5.0,4.8,0.8,Bulawayo,
Sohaib Maqsood,Eden Park,1.0,0.0,1.0,0.0,0.0,1.0,0.0,0.0,,,,,0.0,0.0,Auckland,
Sohaib Maqsood,Seddon Park,1.0,1.0,3.0,0.0,0.0,3.0,33.33,0.33,,,,,0.0,0.0,Hamilton,
Sohail Ahmed,Al Amerat Cricket Ground Oman Cricket (Ministry Turf 1),3.0,92.0,51.0,8.0,5.0,51.0,180.39,1.8,,,,,0.0,0.0,Al Amarat,
Sohail Ahmed,"Tribhuvan University International Cricket Ground, Kirtipur",1.0,3.0,10.0,0.0,0.0,10.0,30.0,0.3,,,,,0.0,0.0,Kirtipur,
Sohail Tanvir,Dubai International Cricket Stadium,,0.0,,0.0,0.0,0.0,,,1.0,3.0,3.0,3.0,6.0,1.0,,
Sohail Tanvir,Harare Sports Club,,0.0,,0.0,0.0,0.0,,,2.0,8.0,15.0,8.0,11.25,1.88,,
Sohail Tanvir,"Queen's Park Oval, Port of Spain",1.0,0.0,1.0,0.0,0.0,1.0,0.0,0.0,,,,,0.0,0.0,Trinidad,
Sohail Tanvir,Shere Bangla National Stadium,1.0,3.0,4.0,0.0,0.0,4.0,75.0,0.75,,,,,0.0,0.0,Mirpur,
Sompal Kami,Al Amerat Cricket Ground Oman Cricket (Ministry Turf 1),10.0,67.0,64.0,5.0,1.0,64.0,104.69,1.05,14.0,249.0,300.0,249.0,7.23,1.2,Al Amarat,
Sompal Kami,"Arnos Vale Ground, Kingstown, St Vincent",2.0,8.0,6.0,0.0,1.0,6.0,133.33,1.33,2.0,31.0,21.0,31.0,4.06,0.68,Kingstown,
Sompal Kami,"Civil Service Cricket Club, Stormont",2.0,16.0,17.0,0.0,1.0,17.0,94.12,0.94,2.0,38.0,55.0,38.0,8.68,1.45,Belfast,
Sompal Kami,"Grand Prairie Stadium, Dallas",2.0,2.0,7.0,0.0,0.0,7.0,28.57,0.29,4.0,97.0,117.0,97.0,7.24,1.21,Dallas,
Sompal Kami,"Gymkhana Club Ground, Nairobi",1.0,0.0,8.0,0.0,0.0,8.0,0.0,0.0,4.0,84.0,90.0,84.0,6.43,1.07,Nairobi,
Sompal Kami,Hazelaarweg,1.0,3.0,3.0,0.0,0.0,3.0,100.0,1.0,1.0,25.0,33.0,25.0,7.92,1.32,Rotterdam,
Sompal Kami,ICC Academy,2.0,27.0,21.0,1.0,1.0,21.0,128.57,1.29,3.0,56.0,53.0,56.0,5.68,0.95,Dubai,
Sompal Kami,Indian Association Ground,4.0,54.0,44.0,2.0,3.0,44.0,122.73,1.23,7.0,128.0,163.0,128.0,7.64,1.27,Singapore,
Sompal Kami,Kinrara Academy Oval,1.0,1.0,1.0,0.0,0.0,1.0,100.0,1.0,2.0,46.0,42.0,46.0,5.48,0.91,Kuala Lumpur,
Sompal Kami,Lord's,,0.0,,0.0,0.0,0.0,,,1.0,25.0,44.0,25.0,10.56,1.76,London,
Sompal Kami,"Maple Leaf North-West Ground, King City",2.0,4.0,9.0,0.0,0.0,9.0,44.44,0.44,3.0,63.0,80.0,63.0,7.62,1.27,King City,
Sompal Kami,"Mission Road Ground, Mong Kok, Hong Kong",1.0,4.0,7.0,0.0,0.0,7.0,57.14,0.57,4.0,82.0,101.0,82.0,7.39,1.23,Mong Kok,
Sompal Kami,Mulpani Cricket Ground,2.0,10.0,16.0,1.0,0.0,16.0,62.5,0.62,5.0,104.0,109.0,104.0,6.29,1.05,Kathmandu,
Sompal Kami,P Sara Oval,1.0,40.0,31.0,6.0,2.0,31.0,129.03,1.29,1.0,24.0,18.0,24.0,4.5,0.75,Colombo,
Sompal Kami,Sharjah Cricket Stadium,2.0,10.0,9.0,0.0,0.0,9.0,111.11,1.11,3.0,47.0,69.0,47.0,8.81,1.47,Sharjah,
Sompal Kami,"The Village, Malahide",1.0,4.0,9.0,0.0,0.0,9.0,44.44,0.44,1.0,19.0,15.0,19.0,4.74,0.79,Dublin,
Sompal Kami,"Tribhuvan University International Cricket Ground, Kirtipur",9.0,83.0,63.0,7.0,5.0,63.0,131.75,1.32,19.0,360.0,452.0,360.0,7.53,1.26,Kirtipur,
Sompal Kami,VRA Ground,1.0,14.0,16.0,1.0,0.0,16.0,87.5,0.88,1.0,24.0,24.0,24.0,6.0,1.0,Amstelveen,
Sompal Kami,Zahur Ahmed Chowdhury Stadium,,0.0,,0.0,0.0,0.0,,,2.0,30.0,34.0,30.0,6.8,1.13,Chattogram,
Sompal Kami,Zhejiang University of Technology Cricket Field,1.0,7.0,5.0,0.0,1.0,5.0,140.0,1.4,2.0,41.0,49.0,41.0,7.17,1.2,Hangzhou,
Soumya Sarkar,Adelaide Oval,1.0,20.0,17.0,1.0,1.0,17.0,117.65,1.18,,,,,0.0,0.0,Adelaide,
Soumya Sarkar,Al Amerat Cricket Ground Oman Cricket (Ministry Turf 1),1.0,5.0,5.0,1.0,0.0,5.0,100.0,1.0,,,,,0.0,0.0,Al Amarat,
Soumya Sarkar,"Arnos Vale Ground, Kingstown, St Vincent",2.0,54.0,53.0,3.0,3.0,53.0,101.89,1.02,,,,,0.0,0.0,Kingstown,
Soumya Sarkar,Arun Jaitley Stadium,1.0,39.0,37.0,1.0,2.0,37.0,105.41,1.05,1.0,12.0,16.0,12.0,8.0,1.33,Delhi,
Soumya Sarkar,Bay Oval,2.0,81.0,56.0,9.0,2.0,56.0,144.64,1.45,1.0,6.0,21.0,6.0,21.0,3.5,Mount Maunganui,
Soumya Sarkar,"Bay Oval, Mount Maunganui",1.0,4.0,4.0,1.0,0.0,4.0,100.0,1.0,,,,,0.0,0.0,Mount Maunganui,
Soumya Sarkar,"Bellerive Oval, Hobart",1.0,14.0,16.0,2.0,0.0,16.0,87.5,0.88,1.0,19.0,29.0,19.0,9.16,1.53,Hobart,
Soumya Sarkar,"Brisbane Cricket Ground, Woolloongabba, Brisbane",1.0,0.0,2.0,0.0,0.0,2.0,0.0,0.0,,,,,0.0,0.0,Brisbane,
Soumya Sarkar,Central Broward Regional Park Stadium Turf Ground,2.0,19.0,22.0,2.0,1.0,22.0,86.36,0.86,1.0,19.0,18.0,19.0,5.68,0.95,Lauderhill,
Soumya Sarkar,Dubai International Cricket Stadium,1.0,5.0,8.0,1.0,0.0,8.0,62.5,0.62,,,,,0.0,0.0,,
Soumya Sarkar,Eden Gardens,2.0,6.0,11.0,0.0,0.0,11.0,54.55,0.55,,,,,0.0,0.0,Kolkata,
Soumya Sarkar,Eden Park,1.0,10.0,4.0,2.0,0.0,4.0,250.0,2.5,,,,,0.0,0.0,Auckland,
Soumya Sarkar,Gaddafi Stadium,2.0,12.0,11.0,1.0,0.0,11.0,109.09,1.09,1.0,15.0,22.0,15.0,8.8,1.47,Lahore,
Soumya Sarkar,"Grand Prairie Stadium, Dallas",1.0,0.0,2.0,0.0,0.0,2.0,0.0,0.0,,,,,0.0,0.0,Dallas,
Soumya Sarkar,"Hagley Oval, Christchurch",2.0,27.0,22.0,3.0,0.0,22.0,122.73,1.23,2.0,20.0,27.0,20.0,8.1,1.35,Christchurch,
Soumya Sarkar,Harare Sports Club,3.0,126.0,104.0,14.0,3.0,104.0,121.15,1.21,3.0,45.0,55.0,45.0,7.33,1.22,,
Soumya Sarkar,Himachal Pradesh Cricket Association Stadium,3.0,47.0,49.0,7.0,0.0,49.0,95.92,0.96,,,,,0.0,0.0,Dharamsala,
Soumya Sarkar,M Chinnaswamy Stadium,2.0,22.0,27.0,1.0,1.0,27.0,81.48,0.81,,,,,0.0,0.0,Bangalore,
Soumya Sarkar,Mangaung Oval,1.0,47.0,34.0,5.0,2.0,34.0,138.24,1.38,,,,,0.0,0.0,Bloemfontein,
Soumya Sarkar,McLean Park,2.0,51.0,28.0,5.0,3.0,28.0,182.14,1.82,1.0,6.0,17.0,6.0,17.0,2.83,Napier,
Soumya Sarkar,"McLean Park, Napier",1.0,22.0,16.0,2.0,1.0,16.0,137.5,1.38,,,,,0.0,0.0,Napier,
Soumya Sarkar,Prairie View Cricket Complex,3.0,63.0,43.0,7.0,2.0,43.0,146.51,1.47,,,,,0.0,0.0,Houston,
Soumya Sarkar,R Premadasa Stadium,2.0,63.0,41.0,7.0,3.0,41.0,153.66,1.54,,,,,0.0,0.0,Colombo,
Soumya Sarkar,"R.Premadasa Stadium, Khettarama",5.0,50.0,52.0,3.0,2.0,52.0,96.15,0.96,4.0,47.0,75.0,47.0,9.57,1.6,Colombo,
Soumya Sarkar,Saurashtra Cricket Association Stadium,1.0,30.0,21.0,2.0,1.0,21.0,142.86,1.43,,,,,0.0,0.0,Rajkot,
Soumya Sarkar,Seddon Park,1.0,5.0,6.0,1.0,0.0,6.0,83.33,0.83,,,,,0.0,0.0,Hamilton,
Soumya Sarkar,Senwes Park,1.0,44.0,29.0,6.0,1.0,29.0,151.72,1.52,,,,,0.0,0.0,Potchefstroom,
Soumya Sarkar,Sharjah Cricket Stadium,1.0,17.0,13.0,2.0,0.0,13.0,130.77,1.31,,,,,0.0,0.0,Sharjah,
Soumya Sarkar,Sheikh Abu Naser Stadium,4.0,86.0,68.0,9.0,5.0,68.0,126.47,1.26,,,,,0.0,0.0,Khulna,
Soumya Sarkar,Shere Bangla National Stadium,7.0,138.0,120.0,18.0,3.0,120.0,115.0,1.15,1.0,6.0,11.0,6.0,11.0,1.83,Mirpur,
Soumya Sarkar,"Shere Bangla National Stadium, Mirpur",14.0,258.0,229.0,17.0,16.0,229.0,112.66,1.13,4.0,31.0,40.0,31.0,7.74,1.29,Dhaka,
Soumya Sarkar,Sydney Cricket Ground,1.0,15.0,7.0,0.0,2.0,7.0,214.29,2.14,,,,,0.0,0.0,,
Soumya Sarkar,Sylhet International Cricket Stadium,5.0,54.0,55.0,10.0,0.0,55.0,98.18,0.98,4.0,31.0,49.0,31.0,9.48,1.58,,
Soumya Sarkar,"Vidarbha Cricket Association Stadium, Jamtha",1.0,0.0,1.0,0.0,0.0,1.0,0.0,0.0,1.0,24.0,29.0,24.0,7.25,1.21,Nagpur,
Soumya Sarkar,"Warner Park, Basseterre",1.0,0.0,1.0,0.0,0.0,1.0,0.0,0.0,,,,,0.0,0.0,St Kitts,
Soumya Sarkar,"Zayed Cricket Stadium, Abu Dhabi",1.0,0.0,1.0,0.0,0.0,1.0,0.0,0.0,1.0,6.0,7.0,6.0,7.0,1.17,Abu Dhabi,
Sufiyan Muqeem,"Bellerive Oval, Hobart",1.0,1.0,3.0,0.0,0.0,3.0,33.33,0.33,1.0,6.0,9.0,6.0,9.0,1.5,Hobart,
Sufiyan Muqeem,"Central Broward Regional Park Stadium Turf Ground, Lauderhill",1.0,1.0,1.0,0.0,0.0,1.0,100.0,1.0,3.0,76.0,60.0,76.0,4.74,0.79,Lauderhill,
Sufiyan Muqeem,Dubai International Cricket Stadium,1.0,10.0,6.0,2.0,0.0,6.0,166.67,1.67,2.0,35.0,36.0,35.0,6.17,1.03,,
Sufiyan Muqeem,"Kingsmead, Durban",1.0,5.0,3.0,0.0,0.0,3.0,166.67,1.67,1.0,24.0,53.0,24.0,13.25,2.21,Durban,
Sufiyan Muqeem,"Queens Sports Club, Bulawayo",,0.0,,0.0,0.0,0.0,,,3.0,65.0,42.0,65.0,3.88,0.65,Bulawayo,
Sufiyan Muqeem,Sharjah Cricket Stadium,,0.0,,0.0,0.0,0.0,,,1.0,25.0,44.0,25.0,10.56,1.76,Sharjah,
Sufiyan Muqeem,"Sky Stadium, Wellington",1.0,0.0,2.0,0.0,0.0,2.0,0.0,0.0,1.0,12.0,6.0,12.0,3.0,0.5,Wellington,
Sufiyan Muqeem,Sydney Cricket Ground,1.0,0.0,1.0,0.0,0.0,1.0,0.0,0.0,1.0,24.0,21.0,24.0,5.25,0.88,,
Sufiyan Muqeem,Zhejiang University of Technology Cricket Field,1.0,1.0,1.0,0.0,0.0,1.0,100.0,1.0,2.0,36.0,43.0,36.0,7.17,1.19,Hangzhou,
Sufyan Mehmood,Al Amerat Cricket Ground Oman Cricket (Ministry Turf 1),3.0,4.0,9.0,0.0,0.0,9.0,44.44,0.44,4.0,26.0,27.0,26.0,6.23,1.04,Al Amarat,
Sufyan Mehmood,Dubai International Cricket Stadium,1.0,1.0,5.0,0.0,0.0,5.0,20.0,0.2,1.0,6.0,12.0,6.0,12.0,2.0,,
Sukhjinder Singh,"Jimmy Powell Oval, Cayman Islands",,0.0,,0.0,0.0,0.0,,,1.0,13.0,13.0,13.0,6.0,1.0,George Town,
Sulaimon Runsewe,Sheikh Zayed Stadium,1.0,7.0,8.0,0.0,0.0,8.0,87.5,0.88,,,,,0.0,0.0,Abu Dhabi,
Sulaimon Runsewe,Tolerance Oval,1.0,8.0,15.0,1.0,0.0,15.0,53.33,0.53,1.0,2.0,0.0,2.0,0.0,0.0,Abu Dhabi,
Sulaimon Runsewe,"United Cricket Club Ground, Windhoek",1.0,2.0,6.0,0.0,0.0,6.0,33.33,0.33,,,,,0.0,0.0,Windhoek,
Sultan Ahmed,ICC Academy,1.0,1.0,1.0,0.0,0.0,1.0,100.0,1.0,2.0,9.0,5.0,9.0,3.33,0.56,Dubai,
Sultan Ahmed,Sheikh Zayed Stadium,2.0,0.0,2.0,0.0,0.0,2.0,0.0,0.0,1.0,9.0,7.0,9.0,4.67,0.78,Abu Dhabi,
Sunil,"Maple Leaf North-East Ground, King City",1.0,2.0,3.0,0.0,0.0,3.0,66.67,0.67,,,,,0.0,0.0,King City,
Suraj Kumar,Al Amerat Cricket Ground Oman Cricket (Ministry Turf 1),2.0,28.0,15.0,1.0,2.0,15.0,186.67,1.87,,,,,0.0,0.0,Al Amarat,
Suraj Kumar,Tolerance Oval,1.0,8.0,8.0,1.0,0.0,8.0,100.0,1.0,,,,,0.0,0.0,Abu Dhabi,
Syazrul Idrus,"Tribhuvan University International Cricket Ground, Kirtipur",3.0,24.0,21.0,1.0,2.0,21.0,114.29,1.14,2.0,6.0,12.0,6.0,12.0,2.0,Kirtipur,
Syazrul Idrus,Zhejiang University of Technology Cricket Field,1.0,1.0,1.0,0.0,0.0,1.0,100.0,1.0,,,,,0.0,0.0,Hangzhou,
Syed Aziz,Indian Association Ground,1.0,23.0,9.0,5.0,0.0,9.0,255.56,2.56,,,,,0.0,0.0,Singapore,
Syed Aziz,Kinrara Academy Oval,2.0,21.0,20.0,4.0,0.0,20.0,105.0,1.05,,,,,0.0,0.0,Kuala Lumpur,
Syed Aziz,"Tribhuvan University International Cricket Ground, Kirtipur",5.0,36.0,41.0,6.0,1.0,41.0,87.8,0.88,2.0,15.0,14.0,15.0,5.6,0.93,Kirtipur,
Syed Aziz,Zhejiang University of Technology Cricket Field,1.0,11.0,25.0,2.0,0.0,25.0,44.0,0.44,,,,,0.0,0.0,Hangzhou,
Syed Haider,Al Amerat Cricket Ground Oman Cricket (Ministry Turf 1),2.0,7.0,9.0,0.0,0.0,9.0,77.78,0.78,,,,,0.0,0.0,Al Amarat,
Syed Haider,"Wanderers Cricket Ground, Windhoek",1.0,0.0,3.0,0.0,0.0,3.0,0.0,0.0,,,,,0.0,0.0,Windhoek,
T Banton,Old Trafford,3.0,77.0,55.0,6.0,4.0,55.0,140.0,1.4,,,,,0.0,0.0,Manchester,
T Bavuma,"Arun Jaitley Stadium, Delhi",1.0,9.0,3.0,2.0,0.0,3.0,300.0,3.0,,,,,0.0,0.0,Delhi,
T Bavuma,"Barabati Stadium, Cuttack",1.0,11.0,11.0,2.0,0.0,11.0,100.0,1.0,,,,,0.0,0.0,Cuttack,
T Bavuma,"Barsapara Cricket Stadium, Guwahati",1.0,0.0,1.0,0.0,0.0,1.0,0.0,0.0,,,,,0.0,0.0,Guwahati,
T Bavuma,"Bellerive Oval, Hobart",1.0,2.0,2.0,0.0,0.0,2.0,100.0,1.0,,,,,0.0,0.0,Hobart,
T Bavuma,"Holkar Cricket Stadium, Indore",1.0,1.0,1.0,0.0,0.0,1.0,100.0,1.0,,,,,0.0,0.0,Indore,
T Bavuma,"Punjab Cricket Association IS Bindra Stadium, Mohali",1.0,2.0,3.0,0.0,0.0,3.0,66.67,0.67,,,,,0.0,0.0,Chandigarh,
T Bavuma,"Saurashtra Cricket Association Stadium, Rajkot",1.0,0.0,1.0,0.0,0.0,1.0,0.0,0.0,,,,,0.0,0.0,Rajkot,
T Bavuma,Sydney Cricket Ground,2.0,30.0,22.0,3.0,1.0,22.0,136.36,1.36,,,,,0.0,0.0,,
T Bavuma,"Zayed Cricket Stadium, Abu Dhabi",1.0,31.0,29.0,3.0,1.0,29.0,106.9,1.07,,,,,0.0,0.0,Abu Dhabi,
T Bukenya,"Wanderers Cricket Ground, Windhoek",,0.0,,0.0,0.0,0.0,,,1.0,11.0,20.0,11.0,10.91,1.82,Windhoek,
T Gwandu,"Achimota Senior Secondary School A Field, Accra",,0.0,,0.0,0.0,0.0,,,1.0,6.0,8.0,6.0,8.0,1.33,Accra,
T Gwandu,Harare Sports Club,,0.0,,0.0,0.0,0.0,,,1.0,1.0,0.0,1.0,0.0,0.0,,
T Gwandu,"Queens Sports Club, Bulawayo",2.0,1.0,7.0,0.0,0.0,7.0,14.29,0.14,2.0,20.0,28.0,20.0,8.4,1.4,Bulawayo,
T Hinds,"Daren Sammy National Cricket Stadium, Gros Islet, St Lucia",,0.0,,0.0,0.0,0.0,,,1.0,1.0,4.0,1.0,24.0,4.0,Gros Islet,
T Horpinitch,"Gymkhana Club Ground, Nairobi",1.0,7.0,10.0,1.0,0.0,10.0,70.0,0.7,,,,,0.0,0.0,Nairobi,
T Jamtsho,Tribhuvan University International Cricket Ground,1.0,1.0,3.0,0.0,0.0,3.0,33.33,0.33,,,,,0.0,0.0,Kirtipur,
T Lungameni,Al Amerat Cricket Ground Oman Cricket (Ministry Turf 1),1.0,12.0,4.0,3.0,0.0,4.0,300.0,3.0,5.0,53.0,48.0,53.0,5.43,0.91,Al Amarat,
T Lungameni,"Kensington Oval, Bridgetown, Barbados",,0.0,,0.0,0.0,0.0,,,1.0,16.0,11.0,16.0,4.12,0.69,Bridgetown,
T Lungameni,Kyambogo Cricket Oval,,0.0,,0.0,0.0,0.0,,,1.0,3.0,3.0,3.0,6.0,1.0,Kampala,
T Lungameni,"Namibia Cricket Ground, Windhoek",,0.0,,0.0,0.0,0.0,,,1.0,4.0,10.0,4.0,15.0,2.5,Windhoek,
T Lungameni,"Queens Sports Club, Bulawayo",,0.0,,0.0,0.0,0.0,,,1.0,4.0,5.0,4.0,7.5,1.25,Bulawayo,
T Lungameni,"Tribhuvan University International Cricket Ground, Kirtipur",,0.0,,0.0,0.0,0.0,,,1.0,13.0,28.0,13.0,12.92,2.15,Kirtipur,
T Lungameni,"United Cricket Club Ground, Windhoek",,0.0,,0.0,0.0,0.0,,,4.0,22.0,28.0,22.0,7.64,1.27,Windhoek,
T Lungameni,"Wanderers Cricket Ground, Windhoek",1.0,2.0,2.0,0.0,0.0,2.0,100.0,1.0,6.0,47.0,77.0,47.0,9.83,1.64,Windhoek,
T Manders,"Maple Leaf North-West Ground, King City",1.0,4.0,3.0,1.0,0.0,3.0,133.33,1.33,,,,,0.0,0.0,King City,
T Manders,"Sir Vivian Richards Stadium, North Sound, Antigua",1.0,1.0,10.0,0.0,0.0,10.0,10.0,0.1,,,,,0.0,0.0,North Sound,
T Manders,"White Hill Field, Sandys Parish",1.0,0.0,1.0,0.0,0.0,1.0,0.0,0.0,,,,,0.0,0.0,Hamilton,
T Maruma,Indian Association Ground,1.0,4.0,10.0,0.0,0.0,10.0,40.0,0.4,,,,,0.0,0.0,Singapore,
T Maruma,"Shere Bangla National Stadium, Mirpur",1.0,0.0,1.0,0.0,0.0,1.0,0.0,0.0,,,,,0.0,0.0,Dhaka,
T Marumani,Harare Sports Club,10.0,118.0,102.0,12.0,3.0,102.0,115.69,1.16,,,,,0.0,0.0,,
T Marumani,"Queens Sports Club, Bulawayo",5.0,79.0,57.0,12.0,1.0,57.0,138.6,1.39,,,,,0.0,0.0,Bulawayo,
T Marumani,"Shere Bangla National Stadium, Mirpur",2.0,3.0,8.0,0.0,0.0,8.0,37.5,0.38,,,,,0.0,0.0,Dhaka,
T Marumani,"Zahur Ahmed Chowdhury Stadium, Chattogram",2.0,33.0,29.0,2.0,1.0,29.0,113.79,1.14,,,,,0.0,0.0,Chattogram,
T Mishra,Dubai International Cricket Stadium,1.0,7.0,5.0,1.0,0.0,5.0,140.0,1.4,,,,,0.0,0.0,,
T Mishra,Mombasa Sports Club Ground,2.0,6.0,10.0,0.0,0.0,10.0,60.0,0.6,,,,,0.0,0.0,,
T Mpatane,"Gahanga International Cricket Stadium, Rwanda",,0.0,,0.0,0.0,0.0,,,2.0,14.0,20.0,14.0,8.57,1.43,Kigali City,
T Munyonga,"Achimota Senior Secondary School A Field, Accra",,0.0,,0.0,0.0,0.0,,,2.0,10.0,10.0,10.0,6.0,1.0,Accra,
T Munyonga,Harare Sports Club,2.0,6.0,5.0,0.0,0.0,5.0,120.0,1.2,,,,,0.0,0.0,,
T Munyonga,Indian Association Ground,,0.0,,0.0,0.0,0.0,,,1.0,4.0,1.0,4.0,1.5,0.25,Singapore,
T Munyonga,"Queens Sports Club, Bulawayo",1.0,0.0,1.0,0.0,0.0,1.0,0.0,0.0,,,,,0.0,0.0,Bulawayo,
T Musekiwa,"Achimota Senior Secondary School A Field, Accra",,0.0,,0.0,0.0,0.0,,,2.0,10.0,9.0,10.0,5.4,0.9,Accra,
T Musekiwa,"Queens Sports Club, Bulawayo",4.0,17.0,32.0,1.0,0.0,32.0,53.12,0.53,,,,,0.0,0.0,Bulawayo,
T Muzarabani,Harare Sports Club,,0.0,,0.0,0.0,0.0,,,1.0,11.0,15.0,11.0,8.18,1.36,,
T Muzarabani,Sheikh Abu Naser Stadium,,0.0,,0.0,0.0,0.0,,,2.0,12.0,19.0,12.0,9.5,1.58,Khulna,
T Panyangara,Harare Sports Club,,0.0,,0.0,0.0,0.0,,,1.0,3.0,1.0,3.0,2.0,0.33,,
T Panyangara,Shere Bangla National Stadium,1.0,4.0,2.0,1.0,0.0,2.0,200.0,2.0,1.0,2.0,3.0,2.0,9.0,1.5,Mirpur,
T Parima,Sano International Cricket Ground,1.0,7.0,3.0,0.0,1.0,3.0,233.33,2.33,,,,,0.0,0.0,Sano,
T Perera,"Gahanga International Cricket Stadium, Rwanda",1.0,8.0,6.0,1.0,0.0,6.0,133.33,1.33,1.0,7.0,6.0,7.0,5.14,0.86,Kigali City,
T Perera,Harare Sports Club,1.0,7.0,11.0,1.0,0.0,11.0,63.64,0.64,,,,,0.0,0.0,,
T Perera,"Takashinga Sports Club, Highfield, Harare",1.0,1.0,3.0,0.0,0.0,3.0,33.33,0.33,,,,,0.0,0.0,Harare,
T Sangha,"Barsapara Cricket Stadium, Guwahati",,0.0,,0.0,0.0,0.0,,,1.0,6.0,3.0,6.0,3.0,0.5,Guwahati,
T Sangha,"Dr. Y.S. Rajasekhara Reddy ACA-VDCA Cricket Stadium, Visakhapatnam",,0.0,,0.0,0.0,0.0,,,1.0,19.0,41.0,19.0,12.95,2.16,Visakhapatnam,
T Sangha,"Greenfield International Stadium, Thiruvananthapuram",1.0,1.0,3.0,0.0,0.0,3.0,33.33,0.33,1.0,12.0,23.0,12.0,11.5,1.92,Thiruvananthapuram,
T Shamsi,"Arnos Vale Ground, Kingstown, St Vincent",,0.0,,0.0,0.0,0.0,,,1.0,9.0,6.0,9.0,4.0,0.67,Kingstown,
T Shamsi,"Arun Jaitley Stadium, Delhi",,0.0,,0.0,0.0,0.0,,,1.0,5.0,4.0,5.0,4.8,0.8,Delhi,
T Shamsi,"Civil Service Cricket Club, Stormont, Belfast",,0.0,,0.0,0.0,0.0,,,1.0,7.0,4.0,7.0,3.43,0.57,Belfast,
T Shamsi,"County Ground, Bristol",,0.0,,0.0,0.0,0.0,,,1.0,7.0,16.0,7.0,13.71,2.29,Bristol,
T Shamsi,"Dr. Y.S. Rajasekhara Reddy ACA-VDCA Cricket Stadium, Visakhapatnam",,0.0,,0.0,0.0,0.0,,,1.0,9.0,20.0,9.0,13.33,2.22,Visakhapatnam,
T Shamsi,Gaddafi Stadium,,0.0,,0.0,0.0,0.0,,,3.0,53.0,46.0,53.0,5.21,0.87,Lahore,
T Shamsi,"Greenfield International Stadium, Thiruvananthapuram",,0.0,,0.0,0.0,0.0,,,1.0,8.0,18.0,8.0,13.5,2.25,Thiruvananthapuram,
T Shamsi,Newlands,,0.0,,0.0,0.0,0.0,,,1.0,16.0,17.0,16.0,6.38,1.06,Cape Town,
T Shamsi,"Saurashtra Cricket Association Stadium, Rajkot",1.0,3.0,1.0,0.0,0.0,1.0,300.0,3.0,,,,,0.0,0.0,Rajkot,
T Shamsi,"Sir Vivian Richards Stadium, North Sound, Antigua",,0.0,,0.0,0.0,0.0,,,1.0,15.0,25.0,15.0,10.0,1.67,North Sound,
T Shamsi,SuperSport Park,1.0,0.0,1.0,0.0,0.0,1.0,0.0,0.0,1.0,9.0,15.0,9.0,10.0,1.67,Centurion,
T Shamsi,"SuperSport Park, Centurion",1.0,0.0,3.0,0.0,0.0,3.0,0.0,0.0,2.0,30.0,53.0,30.0,10.6,1.77,Centurion,
T Shamsi,Sydney Cricket Ground,1.0,1.0,1.0,0.0,0.0,1.0,100.0,1.0,2.0,35.0,43.0,35.0,7.37,1.23,,
T Shamsi,The Wanderers Stadium,,0.0,,0.0,0.0,0.0,,,1.0,24.0,31.0,24.0,7.75,1.29,Johannesburg,
T Shamsi,"The Wanderers Stadium, Johannesburg",1.0,1.0,1.0,0.0,0.0,1.0,100.0,1.0,2.0,32.0,37.0,32.0,6.94,1.16,Johannesburg,
T Shamsi,"Zayed Cricket Stadium, Abu Dhabi",,0.0,,0.0,0.0,0.0,,,1.0,24.0,21.0,24.0,5.25,0.88,Abu Dhabi,
T Singye,Tribhuvan University International Cricket Ground,1.0,4.0,6.0,1.0,0.0,6.0,66.67,0.67,,,,,0.0,0.0,Kirtipur,
T Stubbs,"Holkar Cricket Stadium, Indore",1.0,7.0,7.0,1.0,0.0,7.0,100.0,1.0,,,,,0.0,0.0,Indore,
T Stubbs,"Kensington Oval, Bridgetown, Barbados",1.0,12.0,7.0,1.0,0.0,7.0,171.43,1.71,,,,,0.0,0.0,Bridgetown,
T Stubbs,"Kingsmead, Durban",1.0,11.0,12.0,0.0,1.0,12.0,91.67,0.92,,,,,0.0,0.0,Durban,
T Stubbs,"Nassau County International Cricket Stadium, New York",2.0,9.0,9.0,0.0,1.0,9.0,100.0,1.0,,,,,0.0,0.0,New York,
T Stubbs,Perth Stadium,1.0,5.0,4.0,1.0,0.0,4.0,125.0,1.25,,,,,0.0,0.0,Perth,
T Stubbs,"Sir Vivian Richards Stadium, North Sound, Antigua",1.0,8.0,4.0,1.0,0.0,4.0,200.0,2.0,,,,,0.0,0.0,North Sound,
T Stubbs,"St George's Park, Gqeberha",2.0,42.0,33.0,7.0,0.0,33.0,127.27,1.27,,,,,0.0,0.0,Gqeberha,
T Stubbs,Sydney Cricket Ground,2.0,23.0,22.0,1.0,1.0,22.0,104.55,1.05,,,,,0.0,0.0,,
T Stubbs,"The Wanderers Stadium, Johannesburg",1.0,34.0,16.0,3.0,2.0,16.0,212.5,2.12,1.0,3.0,8.0,3.0,16.0,2.67,Johannesburg,
T Sumiya,Sano International Cricket Ground,1.0,3.0,1.0,0.0,0.0,1.0,300.0,3.0,,,,,0.0,0.0,Sano,
T Suri,"ICC Academy, Dubai",1.0,16.0,16.0,2.0,0.0,16.0,100.0,1.0,,,,,0.0,0.0,Dubai,
T Taylor,"Maple Leaf North-West Ground, King City",1.0,0.0,2.0,0.0,0.0,2.0,0.0,0.0,,,,,0.0,0.0,King City,
T Taylor,National Stadium,1.0,2.0,3.0,0.0,0.0,3.0,66.67,0.67,,,,,0.0,0.0,Karachi,
T Taylor,"White Hill Field, Sandys Parish",2.0,6.0,13.0,0.0,0.0,13.0,46.15,0.46,1.0,12.0,24.0,12.0,12.0,2.0,Hamilton,
T Tshose,"Gahanga International Cricket Stadium, Rwanda",,0.0,,0.0,0.0,0.0,,,2.0,8.0,14.0,8.0,10.5,1.75,Kigali City,
T Tshose,Harare Sports Club,1.0,2.0,3.0,0.0,0.0,3.0,66.67,0.67,1.0,2.0,2.0,2.0,6.0,1.0,,
T Tshose,"Takashinga Sports Club, Highfield, Harare",1.0,1.0,1.0,0.0,0.0,1.0,100.0,1.0,,,,,0.0,0.0,Harare,
T Tumursukh,Zhejiang University of Technology Cricket Field,,0.0,,0.0,0.0,0.0,,,1.0,15.0,34.0,15.0,13.6,2.27,Hangzhou,
T Turan,Roma Cricket Ground,1.0,1.0,1.0,0.0,0.0,1.0,100.0,1.0,,,,,0.0,0.0,Spinaceto,
T de Zorzi,"Gaddafi Stadium, Lahore",1.0,7.0,11.0,0.0,0.0,11.0,63.64,0.64,,,,,0.0,0.0,Lahore,
T de Zorzi,Rawalpindi Cricket Stadium,1.0,33.0,17.0,5.0,1.0,17.0,194.12,1.94,,,,,0.0,0.0,,
T van der Gugten,Al Amerat Cricket Ground Oman Cricket (Ministry Turf 1),1.0,4.0,5.0,0.0,0.0,5.0,80.0,0.8,1.0,3.0,6.0,3.0,12.0,2.0,Al Amarat,
T van der Gugten,"GMHBA Stadium, South Geelong, Victoria",,0.0,,0.0,0.0,0.0,,,1.0,2.0,2.0,2.0,6.0,1.0,Geelong,
T van der Gugten,Hazelaarweg,1.0,12.0,5.0,1.0,1.0,5.0,240.0,2.4,,,,,0.0,0.0,Rotterdam,
T van der Gugten,Himachal Pradesh Cricket Association Stadium,,0.0,,0.0,0.0,0.0,,,1.0,5.0,5.0,5.0,6.0,1.0,Dharamsala,
T van der Gugten,ICC Academy,,0.0,,0.0,0.0,0.0,,,1.0,1.0,1.0,1.0,6.0,1.0,Dubai,
T van der Gugten,Sheikh Zayed Stadium,,0.0,,0.0,0.0,0.0,,,1.0,8.0,12.0,8.0,9.0,1.5,Abu Dhabi,
T van der Gugten,Sylhet Stadium,,0.0,,0.0,0.0,0.0,,,1.0,4.0,6.0,4.0,9.0,1.5,,
T van der Gugten,"The Village, Malahide",,0.0,,0.0,0.0,0.0,,,1.0,3.0,7.0,3.0,14.0,2.33,Dublin,
T van der Gugten,"Tribhuvan University International Cricket Ground, Kirtipur",2.0,27.0,15.0,2.0,2.0,15.0,180.0,1.8,5.0,34.0,48.0,34.0,8.47,1.41,Kirtipur,
T van der Gugten,VRA Ground,1.0,8.0,4.0,0.0,1.0,4.0,200.0,2.0,,,,,0.0,0.0,Amstelveen,
T van der Gugten,"Zayed Cricket Stadium, Abu Dhabi",,0.0,,0.0,0.0,0.0,,,1.0,1.0,1.0,1.0,6.0,1.0,Abu Dhabi,
TA Blundell,Bay Oval,1.0,1.0,1.0,0.0,0.0,1.0,100.0,1.0,,,,,0.0,0.0,Mount Maunganui,
TA Blundell,"Gaddafi Stadium, Lahore",2.0,9.0,6.0,2.0,0.0,6.0,150.0,1.5,,,,,0.0,0.0,Lahore,
TA Blundell,"Shere Bangla National Stadium, Mirpur",4.0,33.0,42.0,4.0,0.0,42.0,78.57,0.79,,,,,0.0,0.0,Dhaka,
TA Boult,Adelaide Oval,,0.0,,0.0,0.0,0.0,,,1.0,3.0,10.0,3.0,20.0,3.33,Adelaide,
TA Boult,Bay Oval,,0.0,,0.0,0.0,0.0,,,3.0,28.0,42.0,28.0,9.0,1.5,Mount Maunganui,
TA Boult,Dubai International Cricket Stadium,,0.0,,0.0,0.0,0.0,,,1.0,11.0,6.0,11.0,3.27,0.55,,
TA Boult,"Eden Gardens, Kolkata",,0.0,,0.0,0.0,0.0,,,1.0,3.0,4.0,3.0,8.0,1.33,Kolkata,
TA Boult,Eden Park,,0.0,,0.0,0.0,0.0,,,1.0,15.0,23.0,15.0,9.2,1.53,Auckland,
TA Boult,"Hagley Oval, Christchurch",,0.0,,0.0,0.0,0.0,,,4.0,57.0,58.0,57.0,6.11,1.02,Christchurch,
TA Boult,"JSCA International Stadium Complex, Ranchi",,0.0,,0.0,0.0,0.0,,,1.0,14.0,23.0,14.0,9.86,1.64,Ranchi,
TA Boult,McLean Park,,0.0,,0.0,0.0,0.0,,,1.0,17.0,28.0,17.0,9.88,1.65,Napier,
TA Boult,"Sawai Mansingh Stadium, Jaipur",,0.0,,0.0,0.0,0.0,,,1.0,6.0,8.0,6.0,8.0,1.33,Jaipur,
TA Boult,Seddon Park,,0.0,,0.0,0.0,0.0,,,1.0,13.0,16.0,13.0,7.38,1.23,Hamilton,
TA Boult,Sharjah Cricket Stadium,,0.0,,0.0,0.0,0.0,,,2.0,16.0,15.0,16.0,5.62,0.94,Sharjah,
TA Boult,Sydney Cricket Ground,,0.0,,0.0,0.0,0.0,,,1.0,24.0,34.0,24.0,8.5,1.42,,
TA Boult,Westpac Stadium,,0.0,,0.0,0.0,0.0,,,1.0,3.0,4.0,3.0,8.0,1.33,Wellington,
TAM Siriwardana,R Premadasa Stadium,1.0,0.0,1.0,0.0,0.0,1.0,0.0,0.0,1.0,4.0,3.0,4.0,4.5,0.75,Colombo,
TAM Siriwardana,Shere Bangla National Stadium,1.0,1.0,1.0,0.0,0.0,1.0,100.0,1.0,,,,,0.0,0.0,Mirpur,
TAW Patterson,"Coolidge Cricket Ground, Antigua",,0.0,,0.0,0.0,0.0,,,1.0,5.0,17.0,5.0,20.4,3.4,Coolidge,
TB Robinson,"Gaddafi Stadium, Lahore",1.0,5.0,6.0,1.0,0.0,6.0,83.33,0.83,,,,,0.0,0.0,Lahore,
TB Robinson,"Hagley Oval, Christchurch",1.0,18.0,15.0,0.0,1.0,15.0,120.0,1.2,,,,,0.0,0.0,Christchurch,
TB Robinson,Rawalpindi Cricket Stadium,3.0,32.0,26.0,6.0,0.0,26.0,123.08,1.23,,,,,0.0,0.0,,
TB Sole,ICC Academy,1.0,13.0,8.0,2.0,0.0,8.0,162.5,1.62,1.0,5.0,10.0,5.0,12.0,2.0,Dubai,
TB Sole,"The Village, Malahide",,0.0,,0.0,0.0,0.0,,,1.0,2.0,2.0,2.0,6.0,1.0,Dublin,
TC Barker,Marsa Sports Club,1.0,4.0,5.0,0.0,0.0,5.0,80.0,0.8,,,,,0.0,0.0,Marsa,
TC Barker,"Simar Cricket Ground, Rome",1.0,0.0,1.0,0.0,0.0,1.0,0.0,0.0,,,,,0.0,0.0,Rome,
TC Bruce,Bay Oval,4.0,19.0,18.0,2.0,0.0,18.0,105.56,1.06,,,,,0.0,0.0,Mount Maunganui,
TC Bruce,Eden Park,1.0,10.0,6.0,1.0,1.0,6.0,166.67,1.67,,,,,0.0,0.0,Auckland,
TC Bruce,Saurashtra Cricket Association Stadium,1.0,6.0,3.0,1.0,0.0,3.0,200.0,2.0,,,,,0.0,0.0,Rajkot,
TC Bruce,Westpac Stadium,1.0,15.0,13.0,1.0,1.0,13.0,115.38,1.15,,,,,0.0,0.0,Wellington,
TD Astle,Eden Park,,0.0,,0.0,0.0,0.0,,,1.0,8.0,6.0,8.0,4.5,0.75,Auckland,
TD Paine,Gaddafi Stadium,2.0,22.0,20.0,2.0,1.0,20.0,110.0,1.1,,,,,0.0,0.0,Lahore,
TD Paine,JSCA International Stadium Complex,1.0,2.0,4.0,0.0,0.0,4.0,50.0,0.5,,,,,0.0,0.0,Ranchi,
TG Gordon,Dubai International Cricket Stadium,1.0,8.0,5.0,1.0,0.0,5.0,160.0,1.6,,,,,0.0,0.0,,
TG Southee,Adelaide Oval,,0.0,,0.0,0.0,0.0,,,1.0,2.0,2.0,2.0,6.0,1.0,Adelaide,
TG Southee,Bay Oval,,0.0,,0.0,0.0,0.0,,,2.0,14.0,27.0,14.0,11.57,1.93,Mount Maunganui,
TG Southee,"Bay Oval, Mount Maunganui",,0.0,,0.0,0.0,0.0,,,2.0,27.0,22.0,27.0,4.89,0.81,Mount Maunganui,
TG Southee,Dubai International Cricket Stadium,1.0,0.0,1.0,0.0,0.0,1.0,0.0,0.0,3.0,42.0,42.0,42.0,6.0,1.0,,
TG Southee,Eden Park,,0.0,,0.0,0.0,0.0,,,3.0,20.0,32.0,20.0,9.6,1.6,Auckland,
TG Southee,"Eden Park, Auckland",1.0,6.0,2.0,0.0,1.0,2.0,300.0,3.0,1.0,18.0,18.0,18.0,6.0,1.0,Auckland,
TG Southee,"Hagley Oval, Christchurch",2.0,1.0,4.0,0.0,0.0,4.0,25.0,0.25,7.0,116.0,138.0,116.0,7.14,1.19,Christchurch,
TG Southee,"JSCA International Stadium Complex, Ranchi",,0.0,,0.0,0.0,0.0,,,1.0,11.0,10.0,11.0,5.45,0.91,Ranchi,
TG Southee,McLean Park,1.0,6.0,6.0,0.0,0.0,6.0,100.0,1.0,2.0,40.0,39.0,40.0,5.85,0.98,Napier,
TG Southee,"McLean Park, Napier",2.0,14.0,14.0,2.0,0.0,14.0,100.0,1.0,2.0,23.0,16.0,23.0,4.17,0.7,Napier,
TG Southee,"Sawai Mansingh Stadium, Jaipur",1.0,0.0,1.0,0.0,0.0,1.0,0.0,0.0,1.0,4.0,7.0,4.0,10.5,1.75,Jaipur,
TG Southee,Seddon Park,,0.0,,0.0,0.0,0.0,,,3.0,44.0,52.0,44.0,7.09,1.18,Hamilton,
TG Southee,"Seddon Park, Hamilton",1.0,5.0,4.0,0.0,0.0,4.0,125.0,1.25,1.0,21.0,31.0,21.0,8.86,1.48,Hamilton,
TG Southee,Sharjah Cricket Stadium,,0.0,,0.0,0.0,0.0,,,2.0,25.0,13.0,25.0,3.12,0.52,Sharjah,
TG Southee,Sheikh Zayed Stadium,1.0,5.0,2.0,1.0,0.0,2.0,250.0,2.5,1.0,8.0,4.0,8.0,3.0,0.5,Abu Dhabi,
TG Southee,Sydney Cricket Ground,,0.0,,0.0,0.0,0.0,,,1.0,19.0,22.0,19.0,6.95,1.16,,
TG Southee,"Trent Bridge, Nottingham",,0.0,,0.0,0.0,0.0,,,1.0,1.0,3.0,1.0,18.0,3.0,Nottingham,
TG Southee,"University Oval, Dunedin",,0.0,,0.0,0.0,0.0,,,1.0,21.0,30.0,21.0,8.57,1.43,Dunedin,
TG Southee,Westpac Stadium,,0.0,,0.0,0.0,0.0,,,2.0,25.0,24.0,25.0,5.76,0.96,Wellington,
TH David,"Barsapara Cricket Stadium, Guwahati",1.0,0.0,1.0,0.0,0.0,1.0,0.0,0.0,,,,,0.0,0.0,Guwahati,
TH David,"Bellerive Oval, Hobart",2.0,11.0,6.0,1.0,1.0,6.0,183.33,1.83,,,,,0.0,0.0,Hobart,
TH David,"Brisbane Cricket Ground, Woolloongabba, Brisbane",2.0,12.0,10.0,0.0,1.0,10.0,120.0,1.2,,,,,0.0,0.0,Brisbane,
TH David,"Daren Sammy National Cricket Stadium, Gros Islet, St Lucia",1.0,11.0,7.0,1.0,1.0,7.0,157.14,1.57,,,,,0.0,0.0,Gros Islet,
TH David,"Dr. Y.S. Rajasekhara Reddy ACA-VDCA Cricket Stadium, Visakhapatnam",1.0,14.0,13.0,1.0,1.0,13.0,107.69,1.08,,,,,0.0,0.0,Visakhapatnam,
TH David,Dubai International Cricket Stadium,1.0,2.0,2.0,0.0,0.0,2.0,100.0,1.0,1.0,7.0,7.0,7.0,6.0,1.0,,
TH David,"Eden Park, Auckland",1.0,0.0,2.0,0.0,0.0,2.0,0.0,0.0,,,,,0.0,0.0,Auckland,
TH David,"Greenfield International Stadium, Thiruvananthapuram",1.0,26.0,13.0,4.0,1.0,13.0,200.0,2.0,,,,,0.0,0.0,Thiruvananthapuram,
TH David,Indian Association Ground,2.0,45.0,29.0,4.0,2.0,29.0,155.17,1.55,,,,,0.0,0.0,Singapore,
TH David,"Kensington Oval, Bridgetown, Barbados",1.0,9.0,4.0,2.0,0.0,4.0,225.0,2.25,,,,,0.0,0.0,Bridgetown,
TH David,"M Chinnaswamy Stadium, Bengaluru",1.0,14.0,11.0,0.0,1.0,11.0,127.27,1.27,,,,,0.0,0.0,Bengaluru,
TH David,"Shaheed Veer Narayan Singh International Stadium, Raipur",1.0,15.0,14.0,0.0,1.0,14.0,107.14,1.07,,,,,0.0,0.0,Raipur,
TH David,"Sky Stadium, Wellington",1.0,16.0,4.0,1.0,2.0,4.0,400.0,4.0,,,,,0.0,0.0,Wellington,
TH David,Sydney Cricket Ground,1.0,18.0,19.0,2.0,0.0,19.0,94.74,0.95,,,,,0.0,0.0,,
TJ Draca,"Simar Cricket Ground, Rome",,0.0,,0.0,0.0,0.0,,,1.0,3.0,1.0,3.0,2.0,0.33,Rome,
TJ Murtagh,Himachal Pradesh Cricket Association Stadium,,0.0,,0.0,0.0,0.0,,,2.0,10.0,12.0,10.0,7.2,1.2,Dharamsala,
TJG Pringle,"Arnos Vale Ground, Kingstown, St Vincent",1.0,1.0,10.0,0.0,0.0,10.0,10.0,0.1,1.0,4.0,2.0,4.0,3.0,0.5,Kingstown,
TJG Pringle,"Bellerive Oval, Hobart",1.0,0.0,4.0,0.0,0.0,4.0,0.0,0.0,1.0,8.0,9.0,8.0,6.75,1.12,Hobart,
TJG Pringle,Bulawayo Athletic Club,,0.0,,0.0,0.0,0.0,,,1.0,7.0,7.0,7.0,6.0,1.0,Bulawayo,
TJG Pringle,"GMHBA Stadium, South Geelong, Victoria",1.0,6.0,4.0,0.0,0.0,4.0,150.0,1.5,,,,,0.0,0.0,Geelong,
TJG Pringle,"Grand Prairie Stadium, Dallas",,0.0,,0.0,0.0,0.0,,,1.0,7.0,1.0,7.0,0.86,0.14,Dallas,
TJG Pringle,Perth Stadium,1.0,5.0,7.0,0.0,0.0,7.0,71.43,0.71,1.0,6.0,12.0,6.0,12.0,2.0,Perth,
TJG Pringle,"Queens Sports Club, Bulawayo",1.0,2.0,5.0,0.0,0.0,5.0,40.0,0.4,2.0,9.0,4.0,9.0,2.67,0.44,Bulawayo,
TJG Pringle,"Sportpark Westvliet, The Hague",,0.0,,0.0,0.0,0.0,,,2.0,9.0,9.0,9.0,6.0,1.0,The Hague,
TJG Pringle,Sydney Cricket Ground,1.0,6.0,5.0,1.0,0.0,5.0,120.0,1.2,1.0,2.0,1.0,2.0,3.0,0.5,,
TJG Pringle,Sylhet International Cricket Stadium,1.0,16.0,14.0,1.0,1.0,14.0,114.29,1.14,2.0,37.0,34.0,37.0,5.51,0.92,,
TK Curran,"Headingley, Leeds",1.0,9.0,7.0,1.0,0.0,7.0,128.57,1.29,1.0,23.0,22.0,23.0,5.74,0.96,Leeds,
TK Curran,Narendra Modi Stadium,,0.0,,0.0,0.0,0.0,,,1.0,5.0,15.0,5.0,18.0,3.0,Ahmedabad,
TK Curran,Old Trafford,1.0,7.0,3.0,0.0,1.0,3.0,233.33,2.33,2.0,17.0,18.0,17.0,6.35,1.06,Manchester,
TK Curran,Sophia Gardens,,0.0,,0.0,0.0,0.0,,,1.0,14.0,21.0,14.0,9.0,1.5,Cardiff,
TK Curran,"Trent Bridge, Nottingham",1.0,1.0,2.0,0.0,0.0,2.0,50.0,0.5,1.0,13.0,17.0,13.0,7.85,1.31,Nottingham,
TK Joseph,Gahanga International Cricket Stadium. Rwanda,1.0,0.0,1.0,0.0,0.0,1.0,0.0,0.0,,,,,0.0,0.0,Kigali City,
TK Musakanda,Harare Sports Club,5.0,78.0,63.0,7.0,0.0,63.0,123.81,1.24,,,,,0.0,0.0,,
TK Patel,"White Hill Field, Sandys Parish",,0.0,,0.0,0.0,0.0,,,2.0,19.0,37.0,19.0,11.68,1.95,Hamilton,
TKP Rajapaksha,"Gymkhana Club Ground, Nairobi",1.0,6.0,6.0,1.0,0.0,6.0,100.0,1.0,1.0,3.0,5.0,3.0,10.0,1.67,Nairobi,
TL Chatara,"Bellerive Oval, Hobart",,0.0,,0.0,0.0,0.0,,,1.0,5.0,5.0,5.0,6.0,1.0,Hobart,
TL Chatara,Bready,,0.0,,0.0,0.0,0.0,,,1.0,2.0,1.0,2.0,3.0,0.5,Derry,
TL Chatara,"Brisbane Cricket Ground, Woolloongabba, Brisbane",,0.0,,0.0,0.0,0.0,,,1.0,3.0,1.0,3.0,2.0,0.33,Brisbane,
TL Chatara,"Castle Avenue, Dublin",,0.0,,0.0,0.0,0.0,,,1.0,3.0,3.0,3.0,6.0,1.0,Dublin,
TL Chatara,Harare Sports Club,2.0,0.0,11.0,0.0,0.0,11.0,0.0,0.0,9.0,93.0,101.0,93.0,6.52,1.09,,
TL Chatara,Indian Association Ground,,0.0,,0.0,0.0,0.0,,,2.0,13.0,30.0,13.0,13.85,2.31,Singapore,
TL Chatara,Melbourne Cricket Ground,,0.0,,0.0,0.0,0.0,,,1.0,7.0,10.0,7.0,8.57,1.43,,
TL Chatara,Rawalpindi Cricket Stadium,,0.0,,0.0,0.0,0.0,,,1.0,14.0,22.0,14.0,9.43,1.57,,
TL Chatara,"Shere Bangla National Stadium, Mirpur",,0.0,,0.0,0.0,0.0,,,1.0,16.0,24.0,16.0,9.0,1.5,Dhaka,
TL Chatara,"United Cricket Club Ground, Windhoek",,0.0,,0.0,0.0,0.0,,,3.0,18.0,31.0,18.0,10.33,1.72,Windhoek,
TL Chatara,"Wanderers Cricket Ground, Windhoek",,0.0,,0.0,0.0,0.0,,,1.0,3.0,2.0,3.0,4.0,0.67,Windhoek,
TL Chivanga,Harare Sports Club,,0.0,,0.0,0.0,0.0,,,2.0,19.0,38.0,19.0,12.0,2.0,,
TL Seifert,"Bay Oval, Mount Maunganui",3.0,88.0,50.0,9.0,5.0,50.0,176.0,1.76,,,,,0.0,0.0,Mount Maunganui,
TL Seifert,Dubai International Cricket Stadium,1.0,11.0,7.0,1.0,1.0,7.0,157.14,1.57,,,,,0.0,0.0,,
TL Seifert,Eden Park,1.0,34.0,28.0,4.0,0.0,28.0,121.43,1.21,,,,,0.0,0.0,Auckland,
TL Seifert,"Eden Park, Auckland",1.0,19.0,10.0,1.0,2.0,10.0,190.0,1.9,,,,,0.0,0.0,Auckland,
TL Seifert,"Gaddafi Stadium, Lahore",1.0,23.0,18.0,2.0,1.0,18.0,127.78,1.28,,,,,0.0,0.0,Lahore,
TL Seifert,"Hagley Oval, Christchurch",3.0,56.0,48.0,7.0,1.0,48.0,116.67,1.17,,,,,0.0,0.0,Christchurch,
TL Seifert,Harare Sports Club,1.0,19.0,12.0,1.0,1.0,12.0,158.33,1.58,,,,,0.0,0.0,,
TL Seifert,McLean Park,1.0,35.0,20.0,2.0,3.0,20.0,175.0,1.75,,,,,0.0,0.0,Napier,
TL Seifert,"McLean Park, Napier",1.0,0.0,3.0,0.0,0.0,3.0,0.0,0.0,,,,,0.0,0.0,Napier,
TL Seifert,Rawalpindi Cricket Stadium,2.0,33.0,27.0,2.0,2.0,27.0,122.22,1.22,,,,,0.0,0.0,,
TL Seifert,"Sawai Mansingh Stadium, Jaipur",1.0,1.0,1.0,0.0,0.0,1.0,100.0,1.0,,,,,0.0,0.0,Jaipur,
TL Seifert,Seddon Park,2.0,54.0,51.0,7.0,0.0,51.0,105.88,1.06,,,,,0.0,0.0,Hamilton,
TL Seifert,Sharjah Cricket Stadium,1.0,8.0,8.0,1.0,0.0,8.0,100.0,1.0,,,,,0.0,0.0,Sharjah,
TL Seifert,Sheikh Zayed Stadium,1.0,0.0,1.0,0.0,0.0,1.0,0.0,0.0,,,,,0.0,0.0,Abu Dhabi,
TL Seifert,"Sky Stadium, Wellington",1.0,97.0,39.0,6.0,10.0,39.0,248.72,2.49,,,,,0.0,0.0,Wellington,
TL Seifert,"Trent Bridge, Nottingham",1.0,3.0,4.0,0.0,0.0,4.0,75.0,0.75,,,,,0.0,0.0,Nottingham,
TL Seifert,"University Oval, Dunedin",2.0,60.0,32.0,3.0,6.0,32.0,187.5,1.88,,,,,0.0,0.0,Dunedin,
TL Seifert,Westpac Stadium,1.0,6.0,3.0,1.0,0.0,3.0,200.0,2.0,,,,,0.0,0.0,Wellington,
TLW Cooper,Adelaide Oval,1.0,3.0,3.0,0.0,0.0,3.0,100.0,1.0,,,,,0.0,0.0,Adelaide,
TLW Cooper,Dubai International Cricket Stadium,2.0,19.0,15.0,1.0,1.0,15.0,126.67,1.27,,,,,0.0,0.0,,
TLW Cooper,"GMHBA Stadium, South Geelong, Victoria",1.0,4.0,2.0,1.0,0.0,2.0,200.0,2.0,,,,,0.0,0.0,Geelong,
TLW Cooper,Himachal Pradesh Cricket Association Stadium,2.0,2.0,5.0,0.0,0.0,5.0,40.0,0.4,,,,,0.0,0.0,Dharamsala,
TLW Cooper,Perth Stadium,1.0,1.0,2.0,0.0,0.0,2.0,50.0,0.5,,,,,0.0,0.0,Perth,
TLW Cooper,"Queens Sports Club, Bulawayo",1.0,27.0,14.0,3.0,1.0,14.0,192.86,1.93,,,,,0.0,0.0,Bulawayo,
TLW Cooper,Sylhet Stadium,1.0,32.0,9.0,0.0,5.0,9.0,355.56,3.56,,,,,0.0,0.0,,
TM Dilshan,Eden Park,1.0,19.0,11.0,4.0,0.0,11.0,172.73,1.73,,,,,0.0,0.0,Auckland,
TM Dilshan,Shere Bangla National Stadium,1.0,10.0,4.0,2.0,0.0,4.0,250.0,2.5,,,,,0.0,0.0,Mirpur,
TM Head,Barsapara Cricket Stadium,1.0,16.0,11.0,2.0,0.0,11.0,145.45,1.45,,,,,0.0,0.0,Guwahati,
TM Head,"Barsapara Cricket Stadium, Guwahati",1.0,19.0,12.0,4.0,0.0,12.0,158.33,1.58,,,,,0.0,0.0,Guwahati,
TM Head,"Bellerive Oval, Hobart",1.0,6.0,4.0,1.0,0.0,4.0,150.0,1.5,,,,,0.0,0.0,Hobart,
TM Head,"Daren Sammy National Cricket Stadium, Gros Islet, St Lucia",1.0,17.0,13.0,1.0,1.0,13.0,130.77,1.31,,,,,0.0,0.0,Gros Islet,
TM Head,"Eden Park, Auckland",2.0,19.0,9.0,1.0,2.0,9.0,211.11,2.11,,,,,0.0,0.0,Auckland,
TM Head,"Gaddafi Stadium, Lahore",1.0,26.0,14.0,3.0,1.0,14.0,185.71,1.86,1.0,12.0,17.0,12.0,8.5,1.42,Lahore,
TM Head,Harare Sports Club,3.0,40.0,27.0,4.0,1.0,27.0,148.15,1.48,,,,,0.0,0.0,,
TM Head,JSCA International Stadium Complex,1.0,6.0,7.0,0.0,0.0,7.0,85.71,0.86,,,,,0.0,0.0,Ranchi,
TM Head,"Kensington Oval, Bridgetown, Barbados",1.0,12.0,10.0,2.0,0.0,10.0,120.0,1.2,,,,,0.0,0.0,Bridgetown,
TM Head,"M Chinnaswamy Stadium, Bengaluru",1.0,28.0,18.0,5.0,1.0,18.0,155.56,1.56,,,,,0.0,0.0,Bengaluru,
TM Head,Melbourne Cricket Ground,1.0,17.0,8.0,2.0,1.0,8.0,212.5,2.12,,,,,0.0,0.0,,
TM Head,"Shaheed Veer Narayan Singh International Stadium, Raipur",1.0,5.0,6.0,1.0,0.0,6.0,83.33,0.83,,,,,0.0,0.0,Raipur,
TM Head,"Sir Vivian Richards Stadium, North Sound, Antigua",1.0,31.0,21.0,3.0,2.0,21.0,147.62,1.48,,,,,0.0,0.0,North Sound,
TM Head,"Sky Stadium, Wellington",1.0,16.0,9.0,3.0,0.0,9.0,177.78,1.78,,,,,0.0,0.0,Wellington,
TN de Grooth,Dubai International Cricket Stadium,1.0,2.0,2.0,0.0,0.0,2.0,100.0,1.0,,,,,0.0,0.0,,
TO Thilappan,"Tribhuvan University International Cricket Ground, Kirtipur",2.0,1.0,6.0,0.0,0.0,6.0,16.67,0.17,1.0,17.0,23.0,17.0,8.12,1.35,Kirtipur,
TP Ura,Al Amerat Cricket Ground Oman Cricket (Ministry Turf 1),4.0,28.0,32.0,2.0,1.0,32.0,87.5,0.88,,,,,0.0,0.0,Al Amarat,
TP Ura,Dubai International Cricket Stadium,1.0,7.0,3.0,0.0,1.0,3.0,233.33,2.33,,,,,0.0,0.0,,
TP Ura,ICC Academy,1.0,3.0,5.0,0.0,0.0,5.0,60.0,0.6,,,,,0.0,0.0,Dubai,
TP Ura,ICC Academy Ground No 2,1.0,6.0,7.0,1.0,0.0,7.0,85.71,0.86,,,,,0.0,0.0,Dubai,
TP Ura,"ICC Academy, Dubai",1.0,10.0,9.0,0.0,1.0,9.0,111.11,1.11,,,,,0.0,0.0,Dubai,
TP Ura,"Mission Road Ground, Mong Kok, Hong Kong",2.0,36.0,27.0,3.0,2.0,27.0,133.33,1.33,,,,,0.0,0.0,Mong Kok,
TP Ura,"Queens Sports Club, Bulawayo",2.0,15.0,7.0,0.0,2.0,7.0,214.29,2.14,,,,,0.0,0.0,Bulawayo,
TP Ura,"The Village, Malahide",1.0,21.0,13.0,4.0,0.0,13.0,161.54,1.62,,,,,0.0,0.0,Dublin,
TP Ura,"Tribhuvan University International Cricket Ground, Kirtipur",2.0,11.0,12.0,1.0,1.0,12.0,91.67,0.92,,,,,0.0,0.0,Kirtipur,
TP Visee,Al Amerat Cricket Ground Oman Cricket (Ministry Turf 1),4.0,47.0,33.0,5.0,2.0,33.0,142.42,1.42,,,,,0.0,0.0,Al Amarat,
TP Visee,Hazelaarweg,1.0,11.0,8.0,2.0,0.0,8.0,137.5,1.38,,,,,0.0,0.0,Rotterdam,
TP Visee,ICC Academy,1.0,1.0,2.0,0.0,0.0,2.0,50.0,0.5,,,,,0.0,0.0,Dubai,
TP Visee,Lord's,1.0,10.0,7.0,2.0,0.0,7.0,142.86,1.43,,,,,0.0,0.0,London,
TP Visee,"The Village, Malahide",1.0,9.0,6.0,2.0,0.0,6.0,150.0,1.5,,,,,0.0,0.0,Dublin,
TP Visee,"Tribhuvan University International Cricket Ground, Kirtipur",2.0,11.0,7.0,2.0,0.0,7.0,157.14,1.57,,,,,0.0,0.0,Kirtipur,
TP Visee,VRA Ground,2.0,5.0,11.0,0.0,0.0,11.0,45.45,0.45,,,,,0.0,0.0,Amstelveen,
TS Braat,"Tribhuvan University International Cricket Ground, Kirtipur",1.0,5.0,7.0,1.0,0.0,7.0,71.43,0.71,1.0,6.0,16.0,6.0,16.0,2.67,Kirtipur,
TS Chisoro,Harare Sports Club,,0.0,,0.0,0.0,0.0,,,2.0,22.0,38.0,22.0,10.36,1.73,,
TS Chisoro,Rawalpindi Cricket Stadium,1.0,1.0,1.0,0.0,0.0,1.0,100.0,1.0,2.0,18.0,22.0,18.0,7.33,1.22,,
TS Chisoro,Sheikh Abu Naser Stadium,,0.0,,0.0,0.0,0.0,,,2.0,14.0,13.0,14.0,5.57,0.93,Khulna,
TS Chisoro,Shere Bangla National Stadium,1.0,2.0,5.0,0.0,0.0,5.0,40.0,0.4,1.0,4.0,6.0,4.0,9.0,1.5,Mirpur,
TS Fray,ICC Academy Ground No 2,1.0,1.0,3.0,0.0,0.0,3.0,33.33,0.33,,,,,0.0,0.0,Dubai,
TS Fray,"Jimmy Powell Oval, Cayman Islands",2.0,15.0,27.0,1.0,0.0,27.0,55.56,0.56,,,,,0.0,0.0,George Town,
TS Fray,"Maple Leaf North-West Ground, King City",1.0,4.0,5.0,0.0,0.0,5.0,80.0,0.8,,,,,0.0,0.0,King City,
TS Fray,"National Stadium, Hamilton",1.0,14.0,21.0,0.0,2.0,21.0,66.67,0.67,,,,,0.0,0.0,Hamilton,
TS Fray,"White Hill Field, Sandys Parish",1.0,5.0,4.0,1.0,0.0,4.0,125.0,1.25,,,,,0.0,0.0,Hamilton,
TS Kamunhukamwe,Harare Sports Club,2.0,32.0,42.0,4.0,0.0,42.0,76.19,0.76,,,,,0.0,0.0,,
TS Kamunhukamwe,"Shere Bangla National Stadium, Mirpur",2.0,21.0,23.0,4.0,0.0,23.0,91.3,0.91,,,,,0.0,0.0,Dhaka,
TS Kamunhukamwe,"United Cricket Club Ground, Windhoek",2.0,2.0,5.0,0.0,0.0,5.0,40.0,0.4,,,,,0.0,0.0,Windhoek,
TS Mills,Green Park,,0.0,,0.0,0.0,0.0,,,1.0,7.0,8.0,7.0,6.86,1.14,Kanpur,
TS Mills,M Chinnaswamy Stadium,,0.0,,0.0,0.0,0.0,,,1.0,5.0,2.0,5.0,2.4,0.4,Bangalore,
TS Mills,"The Rose Bowl, Southampton",,0.0,,0.0,0.0,0.0,,,1.0,1.0,2.0,1.0,12.0,2.0,Southampton,
TS Mills,"Vidarbha Cricket Association Stadium, Jamtha",,0.0,,0.0,0.0,0.0,,,1.0,6.0,5.0,6.0,5.0,0.83,Nagpur,
TS Mills,"Zayed Cricket Stadium, Abu Dhabi",,0.0,,0.0,0.0,0.0,,,1.0,19.0,16.0,19.0,5.05,0.84,Abu Dhabi,
TT Maposa,Harare Sports Club,1.0,6.0,4.0,1.0,0.0,4.0,150.0,1.5,1.0,4.0,2.0,4.0,3.0,0.5,,
TT Maposa,"Queens Sports Club, Bulawayo",2.0,17.0,8.0,2.0,1.0,8.0,212.5,2.12,2.0,9.0,15.0,9.0,10.0,1.67,Bulawayo,
TU Deshpande,Harare Sports Club,,0.0,,0.0,0.0,0.0,,,1.0,2.0,2.0,2.0,6.0,1.0,,
TWM Latham,"Gaddafi Stadium, Lahore",3.0,70.0,74.0,6.0,1.0,74.0,94.59,0.95,,,,,0.0,0.0,Lahore,
TWM Latham,Rawalpindi Cricket Stadium,2.0,12.0,8.0,3.0,0.0,8.0,150.0,1.5,,,,,0.0,0.0,,
TWM Latham,"Shere Bangla National Stadium, Mirpur",5.0,120.0,105.0,8.0,3.0,105.0,114.29,1.14,,,,,0.0,0.0,Dhaka,
Talha Khan,Bayer Uerdingen Cricket Ground,1.0,7.0,6.0,0.0,0.0,6.0,116.67,1.17,,,,,0.0,0.0,Krefeld,
Tamim Iqbal,Gaddafi Stadium,3.0,73.0,60.0,9.0,1.0,60.0,121.67,1.22,,,,,0.0,0.0,Lahore,
Tamim Iqbal,Himachal Pradesh Cricket Association Stadium,2.0,24.0,22.0,3.0,1.0,22.0,109.09,1.09,,,,,0.0,0.0,Dharamsala,
Tamim Iqbal,"R.Premadasa Stadium, Khettarama",3.0,12.0,20.0,1.0,0.0,20.0,60.0,0.6,,,,,0.0,0.0,Colombo,
Tamim Iqbal,Sheikh Abu Naser Stadium,1.0,12.0,7.0,1.0,1.0,7.0,171.43,1.71,,,,,0.0,0.0,Khulna,
Tamim Iqbal,Shere Bangla National Stadium,1.0,0.0,1.0,0.0,0.0,1.0,0.0,0.0,,,,,0.0,0.0,Mirpur,
Tamim Iqbal,"Shere Bangla National Stadium, Mirpur",1.0,3.0,6.0,0.0,0.0,6.0,50.0,0.5,,,,,0.0,0.0,Dhaka,
Tamim Iqbal,Zahur Ahmed Chowdhury Stadium,1.0,4.0,4.0,0.0,0.0,4.0,100.0,1.0,,,,,0.0,0.0,Chattogram,
Tamoor Sajjad,Indian Association Ground,,0.0,,0.0,0.0,0.0,,,1.0,6.0,4.0,6.0,4.0,0.67,Singapore,
Tanveer Ahmed,Sheikh Zayed Stadium,1.0,7.0,9.0,1.0,0.0,9.0,77.78,0.78,1.0,4.0,7.0,4.0,10.5,1.75,Abu Dhabi,
Tanvir Islam,"Bay Oval, Mount Maunganui",1.0,8.0,7.0,1.0,0.0,7.0,114.29,1.14,1.0,7.0,12.0,7.0,10.29,1.71,Mount Maunganui,
Tanvir Islam,Sharjah Cricket Stadium,1.0,1.0,5.0,0.0,0.0,5.0,20.0,0.2,2.0,48.0,71.0,48.0,8.88,1.48,Sharjah,
Tanvir Islam,"Shere Bangla National Stadium, Mirpur",1.0,3.0,5.0,0.0,0.0,5.0,60.0,0.6,2.0,24.0,31.0,24.0,7.75,1.29,Dhaka,
Tanvir Islam,"Zahur Ahmed Chowdhury Stadium, Chattogram",,0.0,,0.0,0.0,0.0,,,1.0,24.0,26.0,24.0,6.5,1.08,Chattogram,
Tanwir Afzal,"Civil Service Cricket Club, Stormont",,0.0,,0.0,0.0,0.0,,,1.0,3.0,10.0,3.0,20.0,3.33,Belfast,
Tanwir Afzal,Khan Shaheb Osman Ali Stadium,1.0,9.0,7.0,0.0,1.0,7.0,128.57,1.29,1.0,5.0,7.0,5.0,8.4,1.4,Fatullah,
Tanwir Afzal,P Sara Oval,1.0,4.0,3.0,0.0,0.0,3.0,133.33,1.33,,,,,0.0,0.0,Colombo,
Tanwir Afzal,Sheikh Zayed Stadium,1.0,6.0,6.0,0.0,1.0,6.0,100.0,1.0,2.0,3.0,2.0,3.0,4.0,0.67,Abu Dhabi,
Tanwir Afzal,"Vidarbha Cricket Association Stadium, Jamtha",,0.0,,0.0,0.0,0.0,,,1.0,2.0,1.0,2.0,3.0,0.5,Nagpur,
Tanzid Hasan,"Arnos Vale Ground, Kingstown, St Vincent",5.0,52.0,51.0,6.0,2.0,51.0,101.96,1.02,,,,,0.0,0.0,Kingstown,
Tanzid Hasan,"Bir Sreshtho Flight Lieutenant Matiur Rahman Stadium, Chattogram",3.0,165.0,119.0,14.0,8.0,119.0,138.66,1.39,,,,,0.0,0.0,Chattogram,
Tanzid Hasan,Dubai International Cricket Stadium,2.0,1.0,5.0,0.0,0.0,5.0,20.0,0.2,,,,,0.0,0.0,,
Tanzid Hasan,"Gaddafi Stadium, Lahore",3.0,106.0,70.0,10.0,7.0,70.0,151.43,1.51,,,,,0.0,0.0,Lahore,
Tanzid Hasan,"Grand Prairie Stadium, Dallas",1.0,3.0,7.0,0.0,0.0,7.0,42.86,0.43,,,,,0.0,0.0,Dallas,
Tanzid Hasan,"Nassau County International Cricket Stadium, New York",1.0,9.0,9.0,2.0,0.0,9.0,100.0,1.0,,,,,0.0,0.0,New York,
Tanzid Hasan,Pallekele International Cricket Stadium,1.0,16.0,17.0,2.0,0.0,17.0,94.12,0.94,,,,,0.0,0.0,Kandy,
Tanzid Hasan,Prairie View Cricket Complex,2.0,77.0,58.0,6.0,4.0,58.0,132.76,1.33,,,,,0.0,0.0,Houston,
Tanzid Hasan,"R Premadasa Stadium, Colombo",1.0,73.0,47.0,1.0,6.0,47.0,155.32,1.55,,,,,0.0,0.0,Colombo,
Tanzid Hasan,"Rajiv Gandhi International Stadium, Uppal, Hyderabad",1.0,15.0,12.0,3.0,0.0,12.0,125.0,1.25,,,,,0.0,0.0,Hyderabad,
Tanzid Hasan,Rangiri Dambulla International Stadium,1.0,5.0,8.0,0.0,0.0,8.0,62.5,0.62,,,,,0.0,0.0,Dambulla,
Tanzid Hasan,Sharjah Cricket Stadium,3.0,109.0,63.0,13.0,8.0,63.0,173.02,1.73,,,,,0.0,0.0,Sharjah,
Tanzid Hasan,"Shere Bangla National Stadium, Mirpur",4.0,55.0,51.0,7.0,1.0,51.0,107.84,1.08,,,,,0.0,0.0,Dhaka,
Tanzid Hasan,"Sir Vivian Richards Stadium, North Sound, Antigua",2.0,29.0,35.0,4.0,0.0,35.0,82.86,0.83,,,,,0.0,0.0,North Sound,
Tanzid Hasan,Sylhet International Cricket Stadium,2.0,83.0,69.0,6.0,2.0,69.0,120.29,1.2,,,,,0.0,0.0,,
Tanzid Hasan,"Zahur Ahmed Chowdhury Stadium, Chattogram",3.0,106.0,96.0,10.0,4.0,96.0,110.42,1.1,,,,,0.0,0.0,Chattogram,
Tanzid Hasan,"Zayed Cricket Stadium, Abu Dhabi",2.0,14.0,26.0,1.0,0.0,26.0,53.85,0.54,,,,,0.0,0.0,Abu Dhabi,
Tanzim Hasan Sakib,"Arnos Vale Ground, Kingstown, St Vincent",3.0,29.0,28.0,2.0,1.0,28.0,103.57,1.04,5.0,115.0,131.0,115.0,6.83,1.14,Kingstown,
Tanzim Hasan Sakib,"Arun Jaitley Stadium, Delhi",1.0,8.0,10.0,1.0,0.0,10.0,80.0,0.8,1.0,24.0,50.0,24.0,12.5,2.08,Delhi,
Tanzim Hasan Sakib,"Bay Oval, Mount Maunganui",,0.0,,0.0,0.0,0.0,,,1.0,12.0,15.0,12.0,7.5,1.25,Mount Maunganui,
Tanzim Hasan Sakib,"Bir Sreshtho Flight Lieutenant Matiur Rahman Stadium, Chattogram",2.0,41.0,35.0,3.0,1.0,35.0,117.14,1.17,2.0,49.0,71.0,49.0,8.69,1.45,Chattogram,
Tanzim Hasan Sakib,Dubai International Cricket Stadium,2.0,10.0,12.0,1.0,0.0,12.0,83.33,0.83,2.0,51.0,57.0,51.0,6.71,1.12,,
Tanzim Hasan Sakib,"Gaddafi Stadium, Lahore",3.0,59.0,38.0,1.0,6.0,38.0,155.26,1.55,3.0,54.0,94.0,54.0,10.44,1.74,Lahore,
Tanzim Hasan Sakib,"Grand Prairie Stadium, Dallas",1.0,1.0,5.0,0.0,0.0,5.0,20.0,0.2,1.0,24.0,25.0,24.0,6.25,1.04,Dallas,
Tanzim Hasan Sakib,"McLean Park, Napier",,0.0,,0.0,0.0,0.0,,,1.0,25.0,45.0,25.0,10.8,1.8,Napier,
Tanzim Hasan Sakib,"Nassau County International Cricket Stadium, New York",,0.0,,0.0,0.0,0.0,,,1.0,26.0,19.0,26.0,4.38,0.73,New York,
Tanzim Hasan Sakib,Pallekele International Cricket Stadium,,0.0,,0.0,0.0,0.0,,,1.0,24.0,35.0,24.0,8.75,1.46,Kandy,
Tanzim Hasan Sakib,Prairie View Cricket Complex,1.0,0.0,3.0,0.0,0.0,3.0,0.0,0.0,2.0,51.0,55.0,51.0,6.47,1.08,Houston,
Tanzim Hasan Sakib,"R Premadasa Stadium, Colombo",,0.0,,0.0,0.0,0.0,,,1.0,12.0,23.0,12.0,11.5,1.92,Colombo,
Tanzim Hasan Sakib,"Rajiv Gandhi International Stadium, Uppal, Hyderabad",1.0,8.0,8.0,1.0,0.0,8.0,100.0,1.0,1.0,25.0,67.0,25.0,16.08,2.68,Hyderabad,
Tanzim Hasan Sakib,Sharjah Cricket Stadium,2.0,13.0,22.0,1.0,0.0,22.0,59.09,0.59,3.0,75.0,120.0,75.0,9.6,1.6,Sharjah,
Tanzim Hasan Sakib,"Shere Bangla National Stadium, Mirpur",2.0,13.0,9.0,2.0,0.0,9.0,144.44,1.44,3.0,77.0,87.0,77.0,6.78,1.13,Dhaka,
Tanzim Hasan Sakib,"Sir Vivian Richards Stadium, North Sound, Antigua",2.0,5.0,4.0,0.0,0.0,4.0,125.0,1.25,2.0,31.0,41.0,31.0,7.94,1.32,North Sound,
Tanzim Hasan Sakib,Sylhet International Cricket Stadium,,0.0,,0.0,0.0,0.0,,,1.0,19.0,16.0,19.0,5.05,0.84,,
Tanzim Hasan Sakib,"Zahur Ahmed Chowdhury Stadium, Chattogram",,0.0,,0.0,0.0,0.0,,,1.0,26.0,26.0,26.0,6.0,1.0,Chattogram,
Tanzim Hasan Sakib,"Zayed Cricket Stadium, Abu Dhabi",,0.0,,0.0,0.0,0.0,,,2.0,43.0,49.0,43.0,6.84,1.14,Abu Dhabi,
Taranjeet Singh,Marsa Sports Club,,0.0,,0.0,0.0,0.0,,,1.0,4.0,4.0,4.0,6.0,1.0,Marsa,
Taskin Ahmed,Adelaide Oval,2.0,13.0,12.0,1.0,1.0,12.0,108.33,1.08,2.0,43.0,41.0,43.0,5.72,0.95,Adelaide,
Taskin Ahmed,Al Amerat Cricket Ground Oman Cricket (Ministry Turf 1),1.0,1.0,3.0,0.0,0.0,3.0,33.33,0.33,3.0,65.0,73.0,65.0,6.74,1.12,Al Amarat,
Taskin Ahmed,"Arnos Vale Ground, Kingstown, St Vincent",1.0,12.0,17.0,2.0,0.0,17.0,70.59,0.71,5.0,118.0,134.0,118.0,6.81,1.14,Kingstown,
Taskin Ahmed,"Arun Jaitley Stadium, Delhi",1.0,5.0,7.0,0.0,0.0,7.0,71.43,0.71,1.0,24.0,17.0,24.0,4.25,0.71,Delhi,
Taskin Ahmed,Bay Oval,,0.0,,0.0,0.0,0.0,,,1.0,26.0,38.0,26.0,8.77,1.46,Mount Maunganui,
Taskin Ahmed,"Bellerive Oval, Hobart",1.0,0.0,1.0,0.0,0.0,1.0,0.0,0.0,1.0,24.0,25.0,24.0,6.25,1.04,Hobart,
Taskin Ahmed,"Bir Sreshtho Flight Lieutenant Matiur Rahman Stadium, Chattogram",2.0,19.0,12.0,0.0,2.0,12.0,158.33,1.58,3.0,69.0,115.0,69.0,10.0,1.67,Chattogram,
Taskin Ahmed,"Brisbane Cricket Ground, Woolloongabba, Brisbane",,0.0,,0.0,0.0,0.0,,,1.0,24.0,20.0,24.0,5.0,0.83,Brisbane,
Taskin Ahmed,Dubai International Cricket Stadium,3.0,21.0,19.0,1.0,1.0,19.0,110.53,1.11,5.0,119.0,148.0,119.0,7.46,1.24,,
Taskin Ahmed,Eden Gardens,,0.0,,0.0,0.0,0.0,,,1.0,24.0,33.0,24.0,8.25,1.38,Kolkata,
Taskin Ahmed,Eden Park,1.0,5.0,4.0,1.0,0.0,4.0,125.0,1.25,1.0,12.0,24.0,12.0,12.0,2.0,Auckland,
Taskin Ahmed,"Grand Prairie Stadium, Dallas",1.0,0.0,1.0,0.0,0.0,1.0,0.0,0.0,1.0,25.0,25.0,25.0,6.0,1.0,Dallas,
Taskin Ahmed,"Hagley Oval, Christchurch",2.0,5.0,10.0,0.0,0.0,10.0,50.0,0.5,3.0,76.0,92.0,76.0,7.26,1.21,Christchurch,
Taskin Ahmed,Harare Sports Club,1.0,5.0,8.0,0.0,0.0,8.0,62.5,0.62,3.0,66.0,98.0,66.0,8.91,1.48,,
Taskin Ahmed,Himachal Pradesh Cricket Association Stadium,,0.0,,0.0,0.0,0.0,,,2.0,37.0,33.0,37.0,5.35,0.89,Dharamsala,
Taskin Ahmed,Mangaung Oval,1.0,0.0,1.0,0.0,0.0,1.0,0.0,0.0,1.0,12.0,21.0,12.0,10.5,1.75,Bloemfontein,
Taskin Ahmed,McLean Park,,0.0,,0.0,0.0,0.0,,,1.0,23.0,51.0,23.0,13.3,2.22,Napier,
Taskin Ahmed,"Nassau County International Cricket Stadium, New York",1.0,1.0,1.0,0.0,0.0,1.0,100.0,1.0,1.0,24.0,19.0,24.0,4.75,0.79,New York,
Taskin Ahmed,Pallekele International Cricket Stadium,,0.0,,0.0,0.0,0.0,,,1.0,18.0,43.0,18.0,14.33,2.39,Kandy,
Taskin Ahmed,R Premadasa Stadium,,0.0,,0.0,0.0,0.0,,,1.0,19.0,35.0,19.0,11.05,1.84,Colombo,
Taskin Ahmed,"R.Premadasa Stadium, Khettarama",1.0,8.0,10.0,1.0,0.0,10.0,80.0,0.8,2.0,38.0,70.0,38.0,11.05,1.84,Colombo,
Taskin Ahmed,"Rajiv Gandhi International Stadium, Uppal, Hyderabad",,0.0,,0.0,0.0,0.0,,,1.0,27.0,60.0,27.0,13.33,2.22,Hyderabad,
Taskin Ahmed,Senwes Park,1.0,4.0,3.0,1.0,0.0,3.0,133.33,1.33,1.0,19.0,42.0,19.0,13.26,2.21,Potchefstroom,
Taskin Ahmed,Sharjah Cricket Stadium,,0.0,,0.0,0.0,0.0,,,1.0,24.0,19.0,24.0,4.75,0.79,Sharjah,
Taskin Ahmed,Sheikh Abu Naser Stadium,1.0,1.0,1.0,0.0,0.0,1.0,100.0,1.0,1.0,25.0,32.0,25.0,7.68,1.28,Khulna,
Taskin Ahmed,Shere Bangla National Stadium,2.0,16.0,20.0,1.0,1.0,20.0,80.0,0.8,7.0,146.0,151.0,146.0,6.21,1.03,Mirpur,
Taskin Ahmed,"Shere Bangla National Stadium, Mirpur",6.0,34.0,24.0,5.0,1.0,24.0,141.67,1.42,9.0,216.0,251.0,216.0,6.97,1.16,Dhaka,
Taskin Ahmed,"Shrimant Madhavrao Scindia Cricket Stadium, Gwalior",1.0,12.0,14.0,1.0,0.0,14.0,85.71,0.86,1.0,17.0,45.0,17.0,15.88,2.65,Gwalior,
Taskin Ahmed,"Sir Vivian Richards Stadium, North Sound, Antigua",1.0,13.0,7.0,1.0,0.0,7.0,185.71,1.86,1.0,8.0,22.0,8.0,16.5,2.75,North Sound,
Taskin Ahmed,Sydney Cricket Ground,1.0,10.0,17.0,1.0,0.0,17.0,58.82,0.59,1.0,21.0,46.0,21.0,13.14,2.19,,
Taskin Ahmed,Sylhet International Cricket Stadium,2.0,33.0,25.0,3.0,2.0,25.0,132.0,1.32,5.0,123.0,159.0,123.0,7.76,1.29,,
Taskin Ahmed,"Windsor Park, Roseau, Dominica",,0.0,,0.0,0.0,0.0,,,1.0,19.0,46.0,19.0,14.53,2.42,Roseau,
Taskin Ahmed,"Zahur Ahmed Chowdhury Stadium, Chattogram",1.0,0.0,2.0,0.0,0.0,2.0,0.0,0.0,7.0,160.0,171.0,160.0,6.41,1.07,Chattogram,
Taskin Ahmed,"Zayed Cricket Stadium, Abu Dhabi",1.0,3.0,5.0,0.0,0.0,5.0,60.0,0.6,2.0,52.0,60.0,52.0,6.92,1.15,Abu Dhabi,
Tayyab Tahir,"Kingsmead, Durban",1.0,18.0,20.0,1.0,1.0,20.0,90.0,0.9,,,,,0.0,0.0,Durban,
Tayyab Tahir,"Queens Sports Club, Bulawayo",2.0,60.0,40.0,6.0,2.0,40.0,150.0,1.5,,,,,0.0,0.0,Bulawayo,
Tayyab Tahir,"SuperSport Park, Centurion",1.0,6.0,6.0,0.0,0.0,6.0,100.0,1.0,,,,,0.0,0.0,Centurion,
Tenzin Wangchuk jnr,Tribhuvan University International Cricket Ground,1.0,8.0,8.0,2.0,0.0,8.0,100.0,1.0,,,,,0.0,0.0,Kirtipur,
Tilak Varma,"Barsapara Cricket Stadium, Guwahati",1.0,31.0,28.0,4.0,0.0,28.0,110.71,1.11,,,,,0.0,0.0,Guwahati,
Tilak Varma,"Bellerive Oval, Hobart",1.0,29.0,27.0,1.0,1.0,27.0,107.41,1.07,,,,,0.0,0.0,Hobart,
Tilak Varma,"Brian Lara Stadium, Tarouba, Trinidad",1.0,39.0,22.0,3.0,3.0,22.0,177.27,1.77,,,,,0.0,0.0,Tarouba,
Tilak Varma,Carrara Oval,1.0,5.0,6.0,0.0,0.0,6.0,83.33,0.83,,,,,0.0,0.0,Carrara,
Tilak Varma,"Central Broward Regional Park Stadium Turf Ground, Lauderhill",2.0,34.0,25.0,4.0,2.0,25.0,136.0,1.36,1.0,12.0,17.0,12.0,8.5,1.42,Lauderhill,
Tilak Varma,"Dr. Y.S. Rajasekhara Reddy ACA-VDCA Cricket Stadium, Visakhapatnam",1.0,12.0,10.0,2.0,0.0,10.0,120.0,1.2,,,,,0.0,0.0,Visakhapatnam,
Tilak Varma,Dubai International Cricket Stadium,5.0,184.0,148.0,11.0,8.0,148.0,124.32,1.24,2.0,9.0,10.0,9.0,6.67,1.11,,
Tilak Varma,"Eden Gardens, Kolkata",1.0,19.0,16.0,3.0,0.0,16.0,118.75,1.19,,,,,0.0,0.0,Kolkata,
Tilak Varma,"Greenfield International Stadium, Thiruvananthapuram",1.0,7.0,3.0,0.0,1.0,3.0,233.33,2.33,,,,,0.0,0.0,Thiruvananthapuram,
Tilak Varma,"Kingsmead, Durban",1.0,33.0,18.0,3.0,2.0,18.0,183.33,1.83,,,,,0.0,0.0,Durban,
Tilak Varma,"MA Chidambaram Stadium, Chepauk, Chennai",1.0,72.0,57.0,4.0,5.0,57.0,126.32,1.26,,,,,0.0,0.0,Chennai,
Tilak Varma,"Maharashtra Cricket Association Stadium, Pune",1.0,0.0,1.0,0.0,0.0,1.0,0.0,0.0,,,,,0.0,0.0,Pune,
Tilak Varma,"Malahide, Dublin",2.0,1.0,3.0,0.0,0.0,3.0,33.33,0.33,,,,,0.0,0.0,Dublin,
Tilak Varma,Melbourne Cricket Ground,1.0,0.0,2.0,0.0,0.0,2.0,0.0,0.0,,,,,0.0,0.0,,
Tilak Varma,"Providence Stadium, Guyana",2.0,100.0,83.0,9.0,2.0,83.0,120.48,1.2,,,,,0.0,0.0,Providence,
Tilak Varma,"Saurashtra Cricket Association Stadium, Rajkot",1.0,18.0,15.0,1.0,1.0,15.0,120.0,1.2,,,,,0.0,0.0,Rajkot,
Tilak Varma,"St George's Park, Gqeberha",2.0,49.0,44.0,5.0,2.0,44.0,111.36,1.11,,,,,0.0,0.0,Gqeberha,
Tilak Varma,"SuperSport Park, Centurion",1.0,107.0,59.0,8.0,7.0,59.0,181.36,1.81,,,,,0.0,0.0,Centurion,
Tilak Varma,"The Wanderers Stadium, Johannesburg",2.0,120.0,53.0,9.0,10.0,53.0,226.42,2.26,1.0,6.0,4.0,6.0,4.0,0.67,Johannesburg,
Tilak Varma,"Wankhede Stadium, Mumbai",1.0,24.0,15.0,3.0,1.0,15.0,160.0,1.6,,,,,0.0,0.0,Mumbai,
Tilak Varma,"Zayed Cricket Stadium, Abu Dhabi",1.0,29.0,19.0,1.0,2.0,19.0,152.63,1.53,1.0,6.0,8.0,6.0,8.0,1.33,Abu Dhabi,
Tilak Varma,Zhejiang University of Technology Cricket Field,2.0,57.0,37.0,2.0,6.0,37.0,154.05,1.54,1.0,13.0,6.0,13.0,2.77,0.46,Hangzhou,
Towhid Hridoy,"Arnos Vale Ground, Kingstown, St Vincent",2.0,18.0,22.0,2.0,0.0,22.0,81.82,0.82,,,,,0.0,0.0,Kingstown,
Towhid Hridoy,"Arun Jaitley Stadium, Delhi",1.0,2.0,6.0,0.0,0.0,6.0,33.33,0.33,,,,,0.0,0.0,Delhi,
Towhid Hridoy,"Bay Oval, Mount Maunganui",1.0,16.0,18.0,2.0,0.0,18.0,88.89,0.89,,,,,0.0,0.0,Mount Maunganui,
Towhid Hridoy,"Bir Sreshtho Flight Lieutenant Matiur Rahman Stadium, Chattogram",2.0,40.0,39.0,3.0,0.0,39.0,102.56,1.03,,,,,0.0,0.0,Chattogram,
Towhid Hridoy,Dubai International Cricket Stadium,3.0,70.0,58.0,4.0,2.0,58.0,120.69,1.21,,,,,0.0,0.0,,
Towhid Hridoy,"Gaddafi Stadium, Lahore",3.0,47.0,45.0,3.0,1.0,45.0,104.44,1.04,1.0,2.0,5.0,2.0,15.0,2.5,Lahore,
Towhid Hridoy,"Grand Prairie Stadium, Dallas",1.0,40.0,23.0,1.0,4.0,23.0,173.91,1.74,,,,,0.0,0.0,Dallas,
Towhid Hridoy,"McLean Park, Napier",1.0,19.0,18.0,0.0,1.0,18.0,105.56,1.06,,,,,0.0,0.0,Napier,
Towhid Hridoy,"Nassau County International Cricket Stadium, New York",1.0,37.0,35.0,2.0,2.0,35.0,105.71,1.06,,,,,0.0,0.0,New York,
Towhid Hridoy,Pallekele International Cricket Stadium,1.0,10.0,13.0,0.0,0.0,13.0,76.92,0.77,,,,,0.0,0.0,Kandy,
Towhid Hridoy,Prairie View Cricket Complex,2.0,83.0,70.0,4.0,3.0,70.0,118.57,1.19,,,,,0.0,0.0,Houston,
Towhid Hridoy,"R Premadasa Stadium, Colombo",1.0,27.0,25.0,1.0,1.0,25.0,108.0,1.08,,,,,0.0,0.0,Colombo,
Towhid Hridoy,"Rajiv Gandhi International Stadium, Uppal, Hyderabad",1.0,63.0,44.0,5.0,3.0,44.0,143.18,1.43,,,,,0.0,0.0,Hyderabad,
Towhid Hridoy,Rangiri Dambulla International Stadium,1.0,31.0,25.0,2.0,1.0,25.0,124.0,1.24,,,,,0.0,0.0,Dambulla,
Towhid Hridoy,Sharjah Cricket Stadium,3.0,65.0,43.0,4.0,3.0,43.0,151.16,1.51,,,,,0.0,0.0,Sharjah,
Towhid Hridoy,"Shere Bangla National Stadium, Mirpur",5.0,66.0,72.0,5.0,2.0,72.0,91.67,0.92,,,,,0.0,0.0,Dhaka,
Towhid Hridoy,"Shrimant Madhavrao Scindia Cricket Stadium, Gwalior",1.0,12.0,18.0,2.0,0.0,18.0,66.67,0.67,,,,,0.0,0.0,Gwalior,
Towhid Hridoy,"Sir Vivian Richards Stadium, North Sound, Antigua",2.0,44.0,35.0,2.0,2.0,35.0,125.71,1.26,,,,,0.0,0.0,North Sound,
Towhid Hridoy,Sylhet International Cricket Stadium,4.0,49.0,46.0,2.0,2.0,46.0,106.52,1.07,,,,,0.0,0.0,,
Towhid Hridoy,"Zahur Ahmed Chowdhury Stadium, Chattogram",7.0,200.0,132.0,17.0,9.0,132.0,151.52,1.52,,,,,0.0,0.0,Chattogram,
Towhid Hridoy,"Zayed Cricket Stadium, Abu Dhabi",2.0,43.0,46.0,1.0,0.0,46.0,93.48,0.93,,,,,0.0,0.0,Abu Dhabi,
U Aryaman Sunil,Bulawayo Athletic Club,,0.0,,0.0,0.0,0.0,,,1.0,5.0,5.0,5.0,6.0,1.0,Bulawayo,
U Aryaman Sunil,"Queens Sports Club, Bulawayo",1.0,8.0,5.0,0.0,1.0,5.0,160.0,1.6,1.0,10.0,21.0,10.0,12.6,2.1,Bulawayo,
U Bhagwan,Prairie View Cricket Complex,1.0,4.0,3.0,1.0,0.0,3.0,133.33,1.33,3.0,15.0,22.0,15.0,8.8,1.47,Houston,
US Hathinjar,Al Amerat Cricket Ground Oman Cricket (Ministry Turf 2),1.0,13.0,7.0,0.0,1.0,7.0,185.71,1.86,,,,,0.0,0.0,Al Amarat,
UT Khawaja,Himachal Pradesh Cricket Association Stadium,1.0,9.0,6.0,2.0,0.0,6.0,150.0,1.5,,,,,0.0,0.0,Dharamsala,
UT Khawaja,M Chinnaswamy Stadium,1.0,5.0,9.0,0.0,0.0,9.0,55.56,0.56,,,,,0.0,0.0,Bangalore,
Umar Akmal,AMI Stadium,1.0,6.0,5.0,0.0,1.0,5.0,120.0,1.2,,,,,0.0,0.0,Christchurch,
Umar Akmal,Eden Gardens,1.0,0.0,2.0,0.0,0.0,2.0,0.0,0.0,,,,,0.0,0.0,Kolkata,
Umar Akmal,Eden Park,1.0,13.0,6.0,0.0,1.0,6.0,216.67,2.17,,,,,0.0,0.0,Auckland,
Umar Akmal,Gaddafi Stadium,1.0,8.0,5.0,1.0,0.0,5.0,160.0,1.6,,,,,0.0,0.0,Lahore,
Umar Akmal,"Punjab Cricket Association IS Bindra Stadium, Mohali",1.0,2.0,3.0,0.0,0.0,3.0,66.67,0.67,,,,,0.0,0.0,Chandigarh,
Umar Akmal,Seddon Park,1.0,7.0,5.0,1.0,0.0,5.0,140.0,1.4,,,,,0.0,0.0,Hamilton,
Umar Akmal,Shere Bangla National Stadium,1.0,0.0,2.0,0.0,0.0,2.0,0.0,0.0,,,,,0.0,0.0,Mirpur,
Umar Akmal,Westpac Stadium,1.0,2.0,9.0,0.0,0.0,9.0,22.22,0.22,,,,,0.0,0.0,Wellington,
Umar Gul,Eden Park,1.0,5.0,4.0,1.0,0.0,4.0,125.0,1.25,,,,,0.0,0.0,Auckland,
Umer Imtiaz,Al Amerat Cricket Ground Oman Cricket (Ministry Turf 1),2.0,4.0,16.0,0.0,0.0,16.0,25.0,0.25,,,,,0.0,0.0,Al Amarat,
Umer Imtiaz,"Tribhuvan University International Cricket Ground, Kirtipur",1.0,3.0,5.0,0.0,0.0,5.0,60.0,0.6,,,,,0.0,0.0,Kirtipur,
Umer Imtiaz,"West End Park International Cricket Stadium, Doha",1.0,0.0,2.0,0.0,0.0,2.0,0.0,0.0,,,,,0.0,0.0,Doha,
Umran Malik,"The Village, Malahide, Dublin",,0.0,,0.0,0.0,0.0,,,1.0,1.0,1.0,1.0,6.0,1.0,Dublin,
Usama Mir,"Seddon Park, Hamilton",1.0,0.0,1.0,0.0,0.0,1.0,0.0,0.0,,,,,0.0,0.0,Hamilton,
Usman Arif,Bayer Uerdingen Cricket Ground,1.0,1.0,3.0,0.0,0.0,3.0,33.33,0.33,1.0,2.0,0.0,2.0,0.0,0.0,Krefeld,
Usman Khalid,"ICC Academy, Dubai",1.0,2.0,3.0,0.0,0.0,3.0,66.67,0.67,1.0,14.0,16.0,14.0,6.86,1.14,Dubai,
Usman Khan,Bayer Uerdingen Cricket Ground,4.0,41.0,41.0,5.0,1.0,41.0,100.0,1.0,4.0,85.0,89.0,85.0,6.28,1.05,Krefeld,
Usman Khan,"Bellerive Oval, Hobart",1.0,3.0,4.0,0.0,0.0,4.0,75.0,0.75,,,,,0.0,0.0,Hobart,
Usman Khan,"Brisbane Cricket Ground, Woolloongabba, Brisbane",1.0,4.0,5.0,1.0,0.0,5.0,80.0,0.8,,,,,0.0,0.0,Brisbane,
Usman Khan,"Central Broward Regional Park Stadium Turf Ground, Lauderhill",1.0,2.0,3.0,0.0,0.0,3.0,66.67,0.67,,,,,0.0,0.0,Lauderhill,
Usman Khan,Dreux Sport Cricket Club,4.0,56.0,58.0,5.0,1.0,58.0,96.55,0.97,4.0,66.0,76.0,66.0,6.91,1.15,Dreux,
Usman Khan,"Gaddafi Stadium, Lahore",3.0,53.0,45.0,6.0,1.0,45.0,117.78,1.18,,,,,0.0,0.0,Lahore,
Usman Khan,"Grand Prairie Stadium, Dallas",1.0,3.0,3.0,0.0,0.0,3.0,100.0,1.0,,,,,0.0,0.0,Dallas,
Usman Khan,"Kennington Oval, London",1.0,38.0,22.0,3.0,2.0,22.0,172.73,1.73,,,,,0.0,0.0,London,
Usman Khan,"Kingsmead, Durban",1.0,9.0,8.0,1.0,0.0,8.0,112.5,1.12,,,,,0.0,0.0,Durban,
Usman Khan,Marsa Sports Club,7.0,266.0,206.0,28.0,7.0,206.0,129.13,1.29,7.0,139.0,131.0,139.0,5.65,0.94,Marsa,
Usman Khan,"Moara Vlasiei Cricket Ground, Ilfov County",3.0,18.0,21.0,3.0,0.0,21.0,85.71,0.86,3.0,57.0,86.0,57.0,9.05,1.51,Ilfov County,
Usman Khan,"Nassau County International Cricket Stadium, New York",2.0,15.0,18.0,1.0,0.0,18.0,83.33,0.83,,,,,0.0,0.0,New York,
Usman Khan,"Queens Sports Club, Bulawayo",2.0,44.0,40.0,3.0,2.0,40.0,110.0,1.1,,,,,0.0,0.0,Bulawayo,
Usman Khan,Rawalpindi Cricket Stadium,3.0,24.0,25.0,2.0,0.0,25.0,96.0,0.96,,,,,0.0,0.0,,
Usman Khan,Roma Cricket Ground,2.0,38.0,33.0,4.0,0.0,33.0,115.15,1.15,2.0,38.0,43.0,38.0,6.79,1.13,Spinaceto,
Usman Khan,"Simar Cricket Ground, Rome",3.0,18.0,22.0,1.0,0.0,22.0,81.82,0.82,3.0,68.0,54.0,68.0,4.76,0.79,Rome,
Usman Khan,"Sky Stadium, Wellington",1.0,7.0,7.0,1.0,0.0,7.0,100.0,1.0,,,,,0.0,0.0,Wellington,
Usman Khan,"SuperSport Park, Centurion",1.0,3.0,5.0,0.0,0.0,5.0,60.0,0.6,,,,,0.0,0.0,Centurion,
Usman Khan,Sydney Cricket Ground,1.0,52.0,41.0,4.0,1.0,41.0,126.83,1.27,,,,,0.0,0.0,,
Usman Najeeb,Al Amerat Cricket Ground Oman Cricket (Ministry Turf 1),2.0,11.0,11.0,0.0,1.0,11.0,100.0,1.0,2.0,17.0,17.0,17.0,6.0,1.0,Al Amarat,
Usman Najeeb,Al Amerat Cricket Ground Oman Cricket (Ministry Turf 2),,0.0,,0.0,0.0,0.0,,,1.0,3.0,1.0,3.0,2.0,0.33,Al Amarat,
Usman Najeeb,"ICC Academy, Dubai",,0.0,,0.0,0.0,0.0,,,1.0,4.0,8.0,4.0,12.0,2.0,Dubai,
Usman Patel,Al Amerat Cricket Ground Oman Cricket (Ministry Turf 1),1.0,0.0,1.0,0.0,0.0,1.0,0.0,0.0,,,,,0.0,0.0,Al Amarat,
Usman Patel,Al Amerat Cricket Ground Oman Cricket (Ministry Turf 2),1.0,5.0,7.0,0.0,0.0,7.0,71.43,0.71,,,,,0.0,0.0,Al Amarat,
Usman Patel,"ICC Academy, Dubai",1.0,2.0,5.0,0.0,0.0,5.0,40.0,0.4,,,,,0.0,0.0,Dubai,
Usman Patel,"Mission Road Ground, Mong Kok, Hong Kong",2.0,14.0,8.0,1.0,1.0,8.0,175.0,1.75,,,,,0.0,0.0,Mong Kok,
Usman Patel,"West End Park International Cricket Stadium, Doha",1.0,9.0,14.0,0.0,0.0,14.0,64.29,0.64,,,,,0.0,0.0,Doha,
Usman Qadir,Rawalpindi Cricket Stadium,,0.0,,0.0,0.0,0.0,,,2.0,4.0,2.0,4.0,3.0,0.5,,
Usman Qadir,"Shere Bangla National Stadium, Mirpur",,0.0,,0.0,0.0,0.0,,,1.0,23.0,35.0,23.0,9.13,1.52,Dhaka,
Usman Rafiq,Prairie View Cricket Complex,,0.0,,0.0,0.0,0.0,,,1.0,1.0,1.0,1.0,6.0,1.0,Houston,
Usman Tariq,"Gaddafi Stadium, Lahore",,0.0,,0.0,0.0,0.0,,,1.0,26.0,26.0,26.0,6.0,1.0,Lahore,
Utkarsh Jain,Al Amerat Cricket Ground Oman Cricket (Ministry Turf 2),1.0,6.0,7.0,1.0,0.0,7.0,85.71,0.86,1.0,14.0,18.0,14.0,7.71,1.29,Al Amarat,
V Aravind,Al Amerat Cricket Ground Oman Cricket (Ministry Turf 1),1.0,13.0,10.0,1.0,1.0,10.0,130.0,1.3,,,,,0.0,0.0,Al Amarat,
V Aravind,Dubai International Cricket Stadium,2.0,10.0,12.0,1.0,0.0,12.0,83.33,0.83,,,,,0.0,0.0,,
V Aravind,"GMHBA Stadium, South Geelong, Victoria",1.0,5.0,6.0,1.0,0.0,6.0,83.33,0.83,,,,,0.0,0.0,Geelong,
V Aravind,Mulpani Cricket Ground,2.0,37.0,47.0,5.0,0.0,47.0,78.72,0.79,,,,,0.0,0.0,Kathmandu,
V Aravind,"Tribhuvan University International Cricket Ground, Kirtipur",1.0,15.0,12.0,2.0,0.0,12.0,125.0,1.25,,,,,0.0,0.0,Kirtipur,
V Aravind,"West End Park International Cricket Stadium, Doha",1.0,0.0,6.0,0.0,0.0,6.0,0.0,0.0,,,,,0.0,0.0,Doha,
V Balakrishnan,"Gahanga International Cricket Stadium, Rwanda",1.0,11.0,5.0,1.0,1.0,5.0,220.0,2.2,,,,,0.0,0.0,Kigali City,
V Balakrishnan,"Gymkhana Club Ground, Nairobi",1.0,1.0,2.0,0.0,0.0,2.0,50.0,0.5,,,,,0.0,0.0,Nairobi,
V Balakrishnan,"Willowmoore Park, Benoni",1.0,3.0,4.0,0.0,0.0,4.0,75.0,0.75,1.0,1.0,4.0,1.0,24.0,4.0,Benoni,
V Baskaran,Dubai International Cricket Stadium,,0.0,,0.0,0.0,0.0,,,1.0,6.0,13.0,6.0,13.0,2.17,,
V Baskaran,"Queens Sports Club, Bulawayo",,0.0,,0.0,0.0,0.0,,,1.0,1.0,1.0,1.0,6.0,1.0,Bulawayo,
V Ganesan,Al Amerat Cricket Ground Oman Cricket (Ministry Turf 1),1.0,3.0,5.0,0.0,0.0,5.0,60.0,0.6,,,,,0.0,0.0,Al Amarat,
V Ganesan,Bayer Uerdingen Cricket Ground,,0.0,,0.0,0.0,0.0,,,1.0,6.0,6.0,6.0,6.0,1.0,Krefeld,
V Kohli,Adelaide Oval,1.0,56.0,37.0,8.0,1.0,37.0,151.35,1.51,,,,,0.0,0.0,Adelaide,
V Kohli,Dubai International Cricket Stadium,4.0,133.0,116.0,10.0,3.0,116.0,114.66,1.15,,,,,0.0,0.0,,
V Kohli,"MA Chidambaram Stadium, Chepauk",1.0,24.0,11.0,5.0,0.0,11.0,218.18,2.18,,,,,0.0,0.0,Chennai,
V Kohli,Melbourne Cricket Ground,2.0,87.0,62.0,6.0,4.0,62.0,140.32,1.4,,,,,0.0,0.0,,
V Kohli,"Nassau County International Cricket Stadium, New York",1.0,4.0,3.0,1.0,0.0,3.0,133.33,1.33,,,,,0.0,0.0,New York,
V Kohli,Saurashtra Cricket Association Stadium,1.0,6.0,5.0,1.0,0.0,5.0,120.0,1.2,,,,,0.0,0.0,Rajkot,
V Kohli,Shere Bangla National Stadium,2.0,10.0,17.0,1.0,0.0,17.0,58.82,0.59,,,,,0.0,0.0,Mirpur,
V Kohli,"Sir Vivian Richards Stadium, North Sound, Antigua",1.0,27.0,25.0,1.0,2.0,25.0,108.0,1.08,,,,,0.0,0.0,North Sound,
V Kohli,Sydney Cricket Ground,1.0,3.0,3.0,0.0,0.0,3.0,100.0,1.0,,,,,0.0,0.0,,
V Kohli,"Vidarbha Cricket Association Stadium, Jamtha",1.0,2.0,6.0,0.0,0.0,6.0,33.33,0.33,,,,,0.0,0.0,Nagpur,
V Permaul,National Stadium,,0.0,,0.0,0.0,0.0,,,1.0,5.0,8.0,5.0,9.6,1.6,Karachi,
V Ravindran,"Moara Vlasiei Cricket Ground, Ilfov County",1.0,15.0,8.0,2.0,1.0,8.0,187.5,1.88,,,,,0.0,0.0,Ilfov County,
V Saini,Marsa Sports Club,,0.0,,0.0,0.0,0.0,,,1.0,10.0,27.0,10.0,16.2,2.7,Marsa,
V Shankar,"R.Premadasa Stadium, Khettarama",1.0,12.0,17.0,2.0,0.0,17.0,70.59,0.71,1.0,14.0,14.0,14.0,6.0,1.0,Colombo,
V Shukla,Al Amerat Cricket Ground Oman Cricket (Ministry Turf 1),4.0,41.0,27.0,2.0,2.0,27.0,151.85,1.52,,,,,0.0,0.0,Al Amarat,
V Shukla,Dubai International Cricket Stadium,1.0,2.0,4.0,0.0,0.0,4.0,50.0,0.5,,,,,0.0,0.0,,
V Shukla,"Zayed Cricket Stadium, Abu Dhabi",1.0,0.0,1.0,0.0,0.0,1.0,0.0,0.0,,,,,0.0,0.0,Abu Dhabi,
V Sibanda,Sheikh Abu Naser Stadium,2.0,19.0,14.0,2.0,1.0,14.0,135.71,1.36,,,,,0.0,0.0,Khulna,
V Sibanda,Sylhet Stadium,1.0,0.0,2.0,0.0,0.0,2.0,0.0,0.0,,,,,0.0,0.0,,
V Sibanda,"Vidarbha Cricket Association Stadium, Jamtha",1.0,1.0,1.0,0.0,0.0,1.0,100.0,1.0,,,,,0.0,0.0,Nagpur,
V Sukumaran,Al Amerat Cricket Ground Oman Cricket (Ministry Turf 1),3.0,41.0,33.0,5.0,1.0,33.0,124.24,1.24,,,,,0.0,0.0,Al Amarat,
V Sukumaran,"Wanderers Cricket Ground, Windhoek",2.0,24.0,14.0,0.0,3.0,14.0,171.43,1.71,1.0,8.0,25.0,8.0,18.75,3.12,Windhoek,
V Vijh,Marsa Sports Club,2.0,13.0,12.0,1.0,1.0,12.0,108.33,1.08,,,,,0.0,0.0,Marsa,
V Vijh,"Simar Cricket Ground, Rome",1.0,6.0,9.0,0.0,0.0,9.0,66.67,0.67,1.0,3.0,6.0,3.0,12.0,2.0,Rome,
VB Chikkannaiah,Al Amerat Cricket Ground Oman Cricket (Ministry Turf 1),1.0,1.0,7.0,0.0,0.0,7.0,14.29,0.14,,,,,0.0,0.0,Al Amarat,
VB Chikkannaiah,Bayer Uerdingen Cricket Ground,1.0,9.0,13.0,1.0,0.0,13.0,69.23,0.69,,,,,0.0,0.0,Krefeld,
VD Adewoye,"Takashinga Sports Club, Highfield, Harare",1.0,13.0,4.0,0.0,2.0,4.0,325.0,3.25,1.0,4.0,4.0,4.0,6.0,1.0,Harare,
VJ Kingma,Al Amerat Cricket Ground Oman Cricket (Ministry Turf 1),,0.0,,0.0,0.0,0.0,,,2.0,9.0,17.0,9.0,11.33,1.89,Al Amarat,
VJ Kingma,"Arnos Vale Ground, Kingstown, St Vincent",,0.0,,0.0,0.0,0.0,,,1.0,11.0,19.0,11.0,10.36,1.73,Kingstown,
VJ Kingma,"Grand Prairie Stadium, Dallas",,0.0,,0.0,0.0,0.0,,,1.0,4.0,4.0,4.0,6.0,1.0,Dallas,
VJ Kingma,"Sportpark Westvliet, The Hague",,0.0,,0.0,0.0,0.0,,,1.0,2.0,2.0,2.0,6.0,1.0,The Hague,
VJ Kingma,"Tribhuvan University International Cricket Ground, Kirtipur",,0.0,,0.0,0.0,0.0,,,7.0,62.0,64.0,62.0,6.19,1.03,Kirtipur,
VM Nyauchi,Harare Sports Club,1.0,1.0,3.0,0.0,0.0,3.0,33.33,0.33,1.0,15.0,20.0,15.0,8.0,1.33,,
VP Thamotharam,Dreux Sport Cricket Club,1.0,20.0,9.0,1.0,2.0,9.0,222.22,2.22,1.0,1.0,0.0,1.0,0.0,0.0,Dreux,
VP Thamotharam,Marsa Sports Club,3.0,18.0,15.0,2.0,1.0,15.0,120.0,1.2,,,,,0.0,0.0,Marsa,
VR Iyer,"Eden Gardens, Kolkata",,0.0,,0.0,0.0,0.0,,,1.0,1.0,0.0,1.0,0.0,0.0,Kolkata,
VR Iyer,"JSCA International Stadium Complex, Ranchi",1.0,5.0,4.0,1.0,0.0,4.0,125.0,1.25,,,,,0.0,0.0,Ranchi,
VV Morea,Tony Ireland Stadium,1.0,1.0,1.0,0.0,0.0,1.0,100.0,1.0,,,,,0.0,0.0,Townsville,
Vikramjit Singh,Al Amerat Cricket Ground Oman Cricket (Ministry Turf 1),1.0,6.0,5.0,1.0,0.0,5.0,120.0,1.2,,,,,0.0,0.0,Al Amarat,
Vikramjit Singh,"Arnos Vale Ground, Kingstown, St Vincent",1.0,26.0,16.0,0.0,3.0,16.0,162.5,1.62,,,,,0.0,0.0,Kingstown,
Vikramjit Singh,"Bellerive Oval, Hobart",1.0,0.0,1.0,0.0,0.0,1.0,0.0,0.0,,,,,0.0,0.0,Hobart,
Vikramjit Singh,"Daren Sammy National Cricket Stadium, Gros Islet, St Lucia",1.0,7.0,10.0,0.0,0.0,10.0,70.0,0.7,,,,,0.0,0.0,Gros Islet,
Vikramjit Singh,"GMHBA Stadium, South Geelong, Victoria",3.0,56.0,55.0,5.0,2.0,55.0,101.82,1.02,,,,,0.0,0.0,Geelong,
Vikramjit Singh,"Grand Prairie Stadium, Dallas",1.0,22.0,28.0,4.0,0.0,28.0,78.57,0.79,,,,,0.0,0.0,Dallas,
Vikramjit Singh,"Nassau County International Cricket Stadium, New York",1.0,12.0,17.0,1.0,0.0,17.0,70.59,0.71,1.0,6.0,11.0,6.0,11.0,1.83,New York,
Vikramjit Singh,"Sportpark Maarschalkerweerd, Utrecht",3.0,74.0,45.0,8.0,4.0,45.0,164.44,1.64,2.0,36.0,39.0,36.0,6.5,1.08,Utrecht,
Vikramjit Singh,"Sportpark Westvliet, The Hague",6.0,87.0,67.0,9.0,3.0,67.0,129.85,1.3,1.0,7.0,8.0,7.0,6.86,1.14,The Hague,
Vikramjit Singh,Sydney Cricket Ground,1.0,1.0,9.0,0.0,0.0,9.0,11.11,0.11,,,,,0.0,0.0,,
Vikramjit Singh,Sylhet International Cricket Stadium,2.0,28.0,29.0,4.0,0.0,29.0,96.55,0.97,1.0,3.0,14.0,3.0,28.0,4.67,,
Vikramjit Singh,"The Village, Malahide",1.0,15.0,13.0,1.0,0.0,13.0,115.38,1.15,,,,,0.0,0.0,Dublin,
Vikramjit Singh,"Titwood, Glasgow",3.0,36.0,39.0,0.0,2.0,39.0,92.31,0.92,3.0,50.0,97.0,50.0,11.64,1.94,Glasgow,
Vikramjit Singh,"Tribhuvan University International Cricket Ground, Kirtipur",2.0,30.0,28.0,0.0,3.0,28.0,107.14,1.07,,,,,0.0,0.0,Kirtipur,
Vimal Kumar,Al Amerat Cricket Ground Oman Cricket (Ministry Turf 2),2.0,8.0,20.0,0.0,0.0,20.0,40.0,0.4,,,,,0.0,0.0,Al Amarat,
Vinay Ravi,Bayer Uerdingen Cricket Ground,2.0,3.0,5.0,0.0,0.0,5.0,60.0,0.6,1.0,4.0,5.0,4.0,7.5,1.25,Krefeld,
Virandeep Singh,Al Amerat Cricket Ground Oman Cricket (Ministry Turf 1),1.0,18.0,14.0,1.0,1.0,14.0,128.57,1.29,1.0,8.0,4.0,8.0,3.0,0.5,Al Amarat,
Virandeep Singh,Indian Association Ground,1.0,9.0,9.0,1.0,0.0,9.0,100.0,1.0,,,,,0.0,0.0,Singapore,
Virandeep Singh,Kinrara Academy Oval,2.0,30.0,28.0,6.0,0.0,28.0,107.14,1.07,1.0,3.0,5.0,3.0,10.0,1.67,Kuala Lumpur,
Virandeep Singh,"Tribhuvan University International Cricket Ground, Kirtipur",5.0,80.0,77.0,7.0,2.0,77.0,103.9,1.04,3.0,26.0,33.0,26.0,7.62,1.27,Kirtipur,
Virandeep Singh,Zhejiang University of Technology Cricket Field,1.0,20.0,23.0,2.0,1.0,23.0,86.96,0.87,1.0,19.0,10.0,19.0,3.16,0.53,Hangzhou,
Vishil Patel,Harare Sports Club,,0.0,,0.0,0.0,0.0,,,1.0,5.0,5.0,5.0,6.0,1.0,,
Vraj Patel,Gahanga International Cricket Stadium. Rwanda,,0.0,,0.0,0.0,0.0,,,1.0,4.0,1.0,4.0,1.5,0.25,Kigali City,
Vraj Patel,"Gymkhana Club Ground, Nairobi",,0.0,,0.0,0.0,0.0,,,6.0,21.0,10.0,21.0,2.86,0.48,Nairobi,
Vraj Patel,Harare Sports Club,,0.0,,0.0,0.0,0.0,,,2.0,13.0,16.0,13.0,7.38,1.23,,
Vraj Patel,"United Cricket Club Ground, Windhoek",1.0,4.0,3.0,0.0,0.0,3.0,133.33,1.33,2.0,6.0,5.0,6.0,5.0,0.83,Windhoek,
Vraj Patel,"Wanderers Cricket Ground, Windhoek",,0.0,,0.0,0.0,0.0,,,1.0,10.0,13.0,10.0,7.8,1.3,Windhoek,
Vraj Patel,"Willowmoore Park, Benoni",,0.0,,0.0,0.0,0.0,,,1.0,10.0,5.0,10.0,3.0,0.5,Benoni,
W Barresi,Dubai International Cricket Stadium,1.0,2.0,4.0,0.0,0.0,4.0,50.0,0.5,,,,,0.0,0.0,,
W Barresi,Hazelaarweg,1.0,1.0,9.0,0.0,0.0,9.0,11.11,0.11,,,,,0.0,0.0,Rotterdam,
W Barresi,Himachal Pradesh Cricket Association Stadium,2.0,6.0,5.0,1.0,0.0,5.0,120.0,1.2,,,,,0.0,0.0,Dharamsala,
W Barresi,Lord's,1.0,21.0,11.0,2.0,1.0,11.0,190.91,1.91,,,,,0.0,0.0,London,
W Barresi,Sheikh Zayed Stadium,1.0,24.0,37.0,2.0,0.0,37.0,64.86,0.65,,,,,0.0,0.0,Abu Dhabi,
W Barresi,Sylhet Stadium,1.0,4.0,6.0,0.0,0.0,6.0,66.67,0.67,,,,,0.0,0.0,,
W Barresi,VRA Ground,1.0,12.0,3.0,0.0,2.0,3.0,400.0,4.0,,,,,0.0,0.0,Amstelveen,
W Madhevere,"Brisbane Cricket Ground, Woolloongabba, Brisbane",1.0,4.0,3.0,1.0,0.0,3.0,133.33,1.33,,,,,0.0,0.0,Brisbane,
W Madhevere,Harare Sports Club,16.0,307.0,258.0,33.0,4.0,258.0,118.99,1.19,9.0,66.0,85.0,66.0,7.73,1.29,,
W Madhevere,Perth Stadium,1.0,13.0,10.0,2.0,0.0,10.0,130.0,1.3,,,,,0.0,0.0,Perth,
W Madhevere,"Queens Sports Club, Bulawayo",1.0,7.0,7.0,1.0,0.0,7.0,100.0,1.0,,,,,0.0,0.0,Bulawayo,
W Madhevere,Rawalpindi Cricket Stadium,3.0,53.0,36.0,9.0,0.0,36.0,147.22,1.47,1.0,6.0,8.0,6.0,8.0,1.33,,
W Madhevere,"Shere Bangla National Stadium, Mirpur",2.0,4.0,6.0,0.0,0.0,6.0,66.67,0.67,2.0,27.0,28.0,27.0,6.22,1.04,Dhaka,
W Madhevere,"United Cricket Club Ground, Windhoek",2.0,3.0,3.0,0.0,0.0,3.0,100.0,1.0,1.0,7.0,12.0,7.0,10.29,1.71,Windhoek,
W Madhevere,"Wanderers Cricket Ground, Windhoek",1.0,3.0,3.0,0.0,0.0,3.0,100.0,1.0,1.0,5.0,8.0,5.0,9.6,1.6,Windhoek,
W McClintock,"Central Broward Regional Park Stadium Turf Ground, Lauderhill",1.0,1.0,3.0,0.0,0.0,3.0,33.33,0.33,,,,,0.0,0.0,Lauderhill,
W Niyitanga,"Gymkhana Club Ground, Nairobi",1.0,0.0,2.0,0.0,0.0,2.0,0.0,0.0,,,,,0.0,0.0,Nairobi,
W Niyitanga,"Ruaraka Sports Club Ground, Nairobi",1.0,1.0,5.0,0.0,0.0,5.0,20.0,0.2,,,,,0.0,0.0,Nairobi,
W O'Rourke,"Bay Oval, Mount Maunganui",,0.0,,0.0,0.0,0.0,,,1.0,21.0,25.0,21.0,7.14,1.19,Mount Maunganui,
W O'Rourke,"Gaddafi Stadium, Lahore",,0.0,,0.0,0.0,0.0,,,2.0,42.0,46.0,42.0,6.57,1.1,Lahore,
W O'Rourke,Rawalpindi Cricket Stadium,,0.0,,0.0,0.0,0.0,,,1.0,27.0,34.0,27.0,7.56,1.26,,
W O'Rourke,"Sky Stadium, Wellington",,0.0,,0.0,0.0,0.0,,,1.0,28.0,29.0,28.0,6.21,1.04,Wellington,
W Uisuk,Terdthai Cricket Ground,1.0,0.0,6.0,0.0,0.0,6.0,0.0,0.0,1.0,10.0,23.0,10.0,13.8,2.3,Bangkok,
WA Young,"Gaddafi Stadium, Lahore",3.0,25.0,27.0,3.0,1.0,27.0,92.59,0.93,,,,,0.0,0.0,Lahore,
WA Young,"Hagley Oval, Christchurch",2.0,5.0,11.0,0.0,0.0,11.0,45.45,0.45,,,,,0.0,0.0,Christchurch,
WA Young,McLean Park,1.0,14.0,17.0,0.0,1.0,17.0,82.35,0.82,,,,,0.0,0.0,Napier,
WA Young,Rawalpindi Cricket Stadium,2.0,5.0,6.0,1.0,0.0,6.0,83.33,0.83,,,,,0.0,0.0,,
WA Young,Seddon Park,1.0,53.0,30.0,2.0,4.0,30.0,176.67,1.77,,,,,0.0,0.0,Hamilton,
WA Young,"Shere Bangla National Stadium, Mirpur",5.0,67.0,81.0,8.0,0.0,81.0,82.72,0.83,,,,,0.0,0.0,Dhaka,
WB Rankin,Al Amerat Cricket Ground Oman Cricket (Ministry Turf 1),1.0,0.0,3.0,0.0,0.0,3.0,0.0,0.0,2.0,16.0,23.0,16.0,8.62,1.44,Al Amarat,
WB Rankin,Dubai International Cricket Stadium,1.0,0.0,1.0,0.0,0.0,1.0,0.0,0.0,2.0,8.0,5.0,8.0,3.75,0.62,,
WB Rankin,Himachal Pradesh Cricket Association Stadium,,0.0,,0.0,0.0,0.0,,,2.0,12.0,19.0,12.0,9.5,1.58,Dharamsala,
WB Rankin,Sheikh Zayed Stadium,,0.0,,0.0,0.0,0.0,,,1.0,6.0,5.0,6.0,5.0,0.83,Abu Dhabi,
WB Rankin,"The Village, Malahide",2.0,9.0,7.0,0.0,1.0,7.0,128.57,1.29,1.0,10.0,23.0,10.0,13.8,2.3,Dublin,
WB Rankin,Tolerance Oval,,0.0,,0.0,0.0,0.0,,,1.0,7.0,1.0,7.0,0.86,0.14,Abu Dhabi,
WD Parnell,"Arun Jaitley Stadium, Delhi",,0.0,,0.0,0.0,0.0,,,1.0,8.0,5.0,8.0,3.75,0.62,Delhi,
WD Parnell,"Barabati Stadium, Cuttack",,0.0,,0.0,0.0,0.0,,,1.0,7.0,6.0,7.0,5.14,0.86,Cuttack,
WD Parnell,"Barsapara Cricket Stadium, Guwahati",,0.0,,0.0,0.0,0.0,,,1.0,4.0,15.0,4.0,22.5,3.75,Guwahati,
WD Parnell,"County Ground, Bristol",,0.0,,0.0,0.0,0.0,,,2.0,6.0,10.0,6.0,10.0,1.67,Bristol,
WD Parnell,"Dr. Y.S. Rajasekhara Reddy ACA-VDCA Cricket Stadium, Visakhapatnam",1.0,7.0,5.0,1.0,0.0,5.0,140.0,1.4,1.0,10.0,10.0,10.0,6.0,1.0,Visakhapatnam,
WD Parnell,"Greenfield International Stadium, Thiruvananthapuram",1.0,1.0,1.0,0.0,0.0,1.0,100.0,1.0,1.0,19.0,10.0,19.0,3.16,0.53,Thiruvananthapuram,
WD Parnell,Perth Stadium,,0.0,,0.0,0.0,0.0,,,1.0,11.0,7.0,11.0,3.82,0.64,Perth,
WD Parnell,Shere Bangla National Stadium,,0.0,,0.0,0.0,0.0,,,2.0,15.0,16.0,15.0,6.4,1.07,Mirpur,
WD Parnell,Sydney Cricket Ground,2.0,1.0,4.0,0.0,0.0,4.0,25.0,0.25,2.0,27.0,29.0,27.0,6.44,1.07,,
WG Jacks,"Edgbaston, Birmingham",1.0,21.0,8.0,3.0,1.0,8.0,262.5,2.62,,,,,0.0,0.0,Birmingham,
WG Jacks,"Kennington Oval, London",1.0,20.0,18.0,1.0,1.0,18.0,111.11,1.11,,,,,0.0,0.0,London,
WG Jacks,"National Stadium, Karachi",2.0,22.0,18.0,4.0,0.0,18.0,122.22,1.22,,,,,0.0,0.0,Karachi,
WG Jacks,"Old Trafford, Manchester",1.0,4.0,2.0,1.0,0.0,2.0,200.0,2.0,,,,,0.0,0.0,Manchester,
WG Jacks,"Riverside Ground, Chester-le-Street",1.0,1.0,2.0,0.0,0.0,2.0,50.0,0.5,,,,,0.0,0.0,Chester-le-Street,
WG Jacks,"Sir Vivian Richards Stadium, North Sound, Antigua",1.0,5.0,7.0,1.0,0.0,7.0,71.43,0.71,,,,,0.0,0.0,North Sound,
WIA Fernando,Gaddafi Stadium,1.0,20.0,16.0,2.0,0.0,16.0,125.0,1.25,,,,,0.0,0.0,Lahore,
WIA Fernando,Holkar Cricket Stadium,1.0,1.0,2.0,0.0,0.0,2.0,50.0,0.5,,,,,0.0,0.0,Indore,
WIA Fernando,Pallekele International Cricket Stadium,1.0,11.0,17.0,0.0,0.0,17.0,64.71,0.65,,,,,0.0,0.0,Kandy,
WIA Fernando,Rangiri Dambulla International Stadium,1.0,2.0,5.0,0.0,0.0,5.0,40.0,0.4,,,,,0.0,0.0,Dambulla,
WIA Fernando,"Saurashtra Cricket Association Stadium, Rajkot",1.0,1.0,1.0,0.0,0.0,1.0,100.0,1.0,,,,,0.0,0.0,Rajkot,
WIA Fernando,Sylhet International Cricket Stadium,2.0,4.0,9.0,1.0,0.0,9.0,44.44,0.44,,,,,0.0,0.0,,
WIA Fernando,"Zayed Cricket Stadium, Abu Dhabi",1.0,6.0,4.0,0.0,1.0,4.0,150.0,1.5,,,,,0.0,0.0,Abu Dhabi,
WJ Cope,"Simar Cricket Ground, Rome",1.0,0.0,1.0,0.0,0.0,1.0,0.0,0.0,,,,,0.0,0.0,Rome,
WJ Lubbe,"The Wanderers Stadium, Johannesburg",2.0,16.0,10.0,4.0,0.0,10.0,160.0,1.6,,,,,0.0,0.0,Johannesburg,
WP Masakadza,"Castle Avenue, Dublin",,0.0,,0.0,0.0,0.0,,,1.0,2.0,1.0,2.0,3.0,0.5,Dublin,
WP Masakadza,Harare Sports Club,8.0,31.0,31.0,2.0,1.0,31.0,100.0,1.0,16.0,179.0,228.0,179.0,7.64,1.27,,
WP Masakadza,Melbourne Cricket Ground,,0.0,,0.0,0.0,0.0,,,1.0,2.0,1.0,2.0,3.0,0.5,,
WP Masakadza,"Queens Sports Club, Bulawayo",4.0,17.0,19.0,2.0,0.0,19.0,89.47,0.89,2.0,42.0,47.0,42.0,6.71,1.12,Bulawayo,
WP Masakadza,Rawalpindi Cricket Stadium,1.0,10.0,7.0,2.0,0.0,7.0,142.86,1.43,1.0,2.0,1.0,2.0,3.0,0.5,,
WP Masakadza,Sheikh Abu Naser Stadium,1.0,1.0,2.0,0.0,0.0,2.0,50.0,0.5,2.0,8.0,16.0,8.0,12.0,2.0,Khulna,
WP Masakadza,"Shere Bangla National Stadium, Mirpur",1.0,5.0,3.0,1.0,0.0,3.0,166.67,1.67,1.0,6.0,7.0,6.0,7.0,1.17,Dhaka,
WP Masakadza,"Wanderers Cricket Ground, Windhoek",1.0,1.0,3.0,0.0,0.0,3.0,33.33,0.33,1.0,1.0,4.0,1.0,24.0,4.0,Windhoek,
WP Masakadza,"Zahur Ahmed Chowdhury Stadium, Chattogram",2.0,47.0,55.0,3.0,2.0,55.0,85.45,0.85,1.0,24.0,34.0,24.0,8.5,1.42,Chattogram,
WT Gavera,"The Village, Malahide",,0.0,,0.0,0.0,0.0,,,1.0,3.0,2.0,3.0,4.0,0.67,Dublin,
WT Mashinge,Indian Association Ground,,0.0,,0.0,0.0,0.0,,,1.0,4.0,11.0,4.0,16.5,2.75,Singapore,
WT Mubayiwa,"Achimota Senior Secondary School A Field, Accra",,0.0,,0.0,0.0,0.0,,,1.0,2.0,1.0,2.0,3.0,0.5,Accra,
WTS Porterfield,"Civil Service Cricket Club, Stormont",1.0,9.0,6.0,2.0,0.0,6.0,150.0,1.5,,,,,0.0,0.0,Belfast,
WTS Porterfield,Dubai International Cricket Stadium,1.0,18.0,6.0,4.0,0.0,6.0,300.0,3.0,,,,,0.0,0.0,,
WTS Porterfield,Himachal Pradesh Cricket Association Stadium,1.0,3.0,1.0,0.0,0.0,1.0,300.0,3.0,,,,,0.0,0.0,Dharamsala,
WU Tharanga,Holkar Cricket Stadium,1.0,8.0,5.0,1.0,0.0,5.0,160.0,1.6,,,,,0.0,0.0,Indore,
WU Tharanga,R Premadasa Stadium,1.0,16.0,13.0,3.0,0.0,13.0,123.08,1.23,,,,,0.0,0.0,Colombo,
WU Tharanga,"R.Premadasa Stadium, Khettarama",3.0,7.0,13.0,1.0,0.0,13.0,53.85,0.54,,,,,0.0,0.0,Colombo,
WU Tharanga,"Shere Bangla National Stadium, Mirpur",1.0,2.0,2.0,0.0,0.0,2.0,100.0,1.0,,,,,0.0,0.0,Dhaka,
WU Tharanga,Sylhet International Cricket Stadium,1.0,2.0,5.0,0.0,0.0,5.0,40.0,0.4,,,,,0.0,0.0,,
WU Tharanga,Wankhede Stadium,1.0,6.0,5.0,1.0,0.0,5.0,120.0,1.2,,,,,0.0,0.0,Mumbai,
Wahab Riaz,Eden Park,1.0,9.0,4.0,0.0,1.0,4.0,225.0,2.25,1.0,2.0,2.0,2.0,6.0,1.0,Auckland,
Wahab Riaz,Rawalpindi Cricket Stadium,,0.0,,0.0,0.0,0.0,,,2.0,8.0,12.0,8.0,9.0,1.5,,
Wahab Riaz,Westpac Stadium,1.0,1.0,2.0,0.0,0.0,2.0,50.0,0.5,,,,,0.0,0.0,Wellington,
Waheed Ahmed,Sheikh Zayed Stadium,2.0,7.0,5.0,1.0,0.0,5.0,140.0,1.4,2.0,7.0,6.0,7.0,5.14,0.86,Abu Dhabi,
Wahidullah Sahak,Bayer Uerdingen Cricket Ground,2.0,4.0,6.0,0.0,0.0,6.0,66.67,0.67,,,,,0.0,0.0,Krefeld,
Waji Ul Hassan,Al Amerat Cricket Ground Oman Cricket (Ministry Turf 2),1.0,1.0,3.0,0.0,0.0,3.0,33.33,0.33,,,,,0.0,0.0,Al Amarat,
Waji Ul Hassan,"ICC Academy, Dubai",,0.0,,0.0,0.0,0.0,,,1.0,14.0,18.0,14.0,7.71,1.29,Dubai,
Waqas Ahmad,Marsa Sports Club,2.0,13.0,8.0,0.0,2.0,8.0,162.5,1.62,4.0,23.0,18.0,23.0,4.7,0.78,Marsa,
Waqas Ali,Dreux Sport Cricket Club,1.0,3.0,4.0,0.0,0.0,4.0,75.0,0.75,1.0,5.0,9.0,5.0,10.8,1.8,Dreux,
Waqas Barkat,Al Amerat Cricket Ground Oman Cricket (Ministry Turf 1),1.0,4.0,6.0,0.0,0.0,6.0,66.67,0.67,,,,,0.0,0.0,Al Amarat,
Waqas Barkat,Dubai International Cricket Stadium,1.0,0.0,1.0,0.0,0.0,1.0,0.0,0.0,,,,,0.0,0.0,,
Waqas Barkat,P Sara Oval,1.0,4.0,5.0,1.0,0.0,5.0,80.0,0.8,,,,,0.0,0.0,Colombo,
Waqas Barkat,Sheikh Zayed Stadium,4.0,9.0,10.0,1.0,0.0,10.0,90.0,0.9,1.0,23.0,24.0,23.0,6.26,1.04,Abu Dhabi,
Waqas Barkat,Tolerance Oval,1.0,5.0,6.0,1.0,0.0,6.0,83.33,0.83,1.0,5.0,6.0,5.0,7.2,1.2,Abu Dhabi,
Waqas Barkat,Zahur Ahmed Chowdhury Stadium,1.0,6.0,7.0,1.0,0.0,7.0,85.71,0.86,,,,,0.0,0.0,Chattogram,
Waqas Khan,Khan Shaheb Osman Ali Stadium,1.0,1.0,3.0,0.0,0.0,3.0,33.33,0.33,,,,,0.0,0.0,Fatullah,
Waqas Khan,Sheikh Zayed Stadium,2.0,4.0,11.0,0.0,0.0,11.0,36.36,0.36,,,,,0.0,0.0,Abu Dhabi,
Waseem Muhammad,Al Amerat Cricket Ground Oman Cricket (Ministry Turf 1),7.0,141.0,98.0,10.0,9.0,98.0,143.88,1.44,,,,,0.0,0.0,Al Amarat,
Waseem Muhammad,Dubai International Cricket Stadium,4.0,48.0,47.0,3.0,3.0,47.0,102.13,1.02,,,,,0.0,0.0,,
Waseem Muhammad,"GMHBA Stadium, South Geelong, Victoria",1.0,10.0,5.0,0.0,1.0,5.0,200.0,2.0,,,,,0.0,0.0,Geelong,
Waseem Muhammad,"ICC Academy, Dubai",1.0,15.0,10.0,3.0,0.0,10.0,150.0,1.5,,,,,0.0,0.0,Dubai,
Waseem Muhammad,Mulpani Cricket Ground,3.0,51.0,41.0,5.0,3.0,41.0,124.39,1.24,1.0,1.0,2.0,1.0,12.0,2.0,Kathmandu,
Waseem Muhammad,Sharjah Cricket Stadium,5.0,197.0,126.0,22.0,10.0,126.0,156.35,1.56,2.0,16.0,43.0,16.0,16.12,2.69,Sharjah,
Waseem Muhammad,"Tribhuvan University International Cricket Ground, Kirtipur",1.0,24.0,8.0,4.0,1.0,8.0,300.0,3.0,,,,,0.0,0.0,Kirtipur,
Waseem Muhammad,"Wanderers Cricket Ground, Windhoek",1.0,23.0,14.0,2.0,1.0,14.0,164.29,1.64,,,,,0.0,0.0,Windhoek,
Waseem Muhammad,"West End Park International Cricket Stadium, Doha",1.0,32.0,23.0,1.0,3.0,23.0,139.13,1.39,,,,,0.0,0.0,Doha,
Waseem Muhammad,"Zayed Cricket Stadium, Abu Dhabi",1.0,2.0,6.0,0.0,0.0,6.0,33.33,0.33,,,,,0.0,0.0,Abu Dhabi,
Waseeq Ahmed,Al Amerat Cricket Ground Oman Cricket (Ministry Turf 2),,0.0,,0.0,0.0,0.0,,,1.0,3.0,9.0,3.0,18.0,3.0,Al Amarat,
Washeem Abbas,Dreux Sport Cricket Club,1.0,0.0,1.0,0.0,0.0,1.0,0.0,0.0,1.0,1.0,1.0,1.0,6.0,1.0,Dreux,
Washeem Abbas,Marsa Sports Club,2.0,1.0,6.0,0.0,0.0,6.0,16.67,0.17,4.0,29.0,44.0,29.0,9.1,1.52,Marsa,
Washington Sundar,Arun Jaitley Stadium,1.0,14.0,5.0,0.0,2.0,5.0,280.0,2.8,1.0,24.0,25.0,24.0,6.25,1.04,Delhi,
Washington Sundar,"Arun Jaitley Stadium, Delhi",,0.0,,0.0,0.0,0.0,,,1.0,6.0,4.0,6.0,4.0,0.67,Delhi,
Washington Sundar,Bay Oval,,0.0,,0.0,0.0,0.0,,,1.0,18.0,20.0,18.0,6.67,1.11,Mount Maunganui,
Washington Sundar,"Bay Oval, Mount Maunganui",1.0,0.0,1.0,0.0,0.0,1.0,0.0,0.0,1.0,12.0,24.0,12.0,12.0,2.0,Mount Maunganui,
Washington Sundar,"Bellerive Oval, Hobart",1.0,49.0,23.0,3.0,4.0,23.0,213.04,2.13,,,,,0.0,0.0,Hobart,
Washington Sundar,"Bharat Ratna Shri Atal Bihari Vajpayee Ekana Cricket Stadium, Lucknow",1.0,10.0,9.0,1.0,0.0,9.0,111.11,1.11,1.0,19.0,17.0,19.0,5.37,0.89,Lucknow,
Washington Sundar,Carrara Oval,1.0,12.0,7.0,2.0,0.0,7.0,171.43,1.71,1.0,8.0,3.0,8.0,2.25,0.38,Carrara,
Washington Sundar,Central Broward Regional Park Stadium Turf Ground,1.0,8.0,5.0,0.0,1.0,5.0,160.0,1.6,2.0,32.0,31.0,32.0,5.81,0.97,Lauderhill,
Washington Sundar,Greenfield International Stadium,1.0,0.0,1.0,0.0,0.0,1.0,0.0,0.0,1.0,25.0,26.0,25.0,6.24,1.04,Thiruvananthapuram,
Washington Sundar,Harare Sports Club,2.0,28.0,38.0,1.0,1.0,38.0,73.68,0.74,5.0,109.0,93.0,109.0,5.12,0.85,,
Washington Sundar,Holkar Cricket Stadium,,0.0,,0.0,0.0,0.0,,,1.0,24.0,29.0,24.0,7.25,1.21,Indore,
Washington Sundar,"JSCA International Stadium Complex, Ranchi",1.0,50.0,33.0,5.0,3.0,33.0,151.52,1.52,1.0,24.0,22.0,24.0,5.5,0.92,Ranchi,
Washington Sundar,M.Chinnaswamy Stadium,1.0,4.0,2.0,1.0,0.0,2.0,200.0,2.0,1.0,24.0,28.0,24.0,7.0,1.17,Bengaluru,
Washington Sundar,"MA Chidambaram Stadium, Chepauk",,0.0,,0.0,0.0,0.0,,,1.0,27.0,33.0,27.0,7.33,1.22,Chennai,
Washington Sundar,"MA Chidambaram Stadium, Chepauk, Chennai",1.0,26.0,19.0,3.0,1.0,19.0,136.84,1.37,1.0,6.0,9.0,6.0,9.0,1.5,Chennai,
Washington Sundar,Maharashtra Cricket Association Stadium,1.0,0.0,1.0,0.0,0.0,1.0,0.0,0.0,1.0,24.0,38.0,24.0,9.5,1.58,Pune,
Washington Sundar,"Malahide, Dublin",1.0,0.0,1.0,0.0,0.0,1.0,0.0,0.0,2.0,32.0,38.0,32.0,7.12,1.19,Dublin,
Washington Sundar,Manuka Oval,1.0,7.0,6.0,1.0,0.0,6.0,116.67,1.17,1.0,24.0,18.0,24.0,4.5,0.75,Canberra,
Washington Sundar,Narendra Modi Stadium,2.0,7.0,7.0,1.0,0.0,7.0,100.0,1.0,5.0,93.0,139.0,93.0,8.97,1.49,Ahmedabad,
Washington Sundar,Pallekele International Cricket Stadium,1.0,25.0,18.0,2.0,1.0,18.0,138.89,1.39,1.0,28.0,26.0,28.0,5.57,0.93,Kandy,
Washington Sundar,"Providence Stadium, Guyana",,0.0,,0.0,0.0,0.0,,,1.0,21.0,23.0,21.0,6.57,1.1,Providence,
Washington Sundar,"Punjab Cricket Association IS Bindra Stadium, Mohali",,0.0,,0.0,0.0,0.0,,,1.0,18.0,19.0,18.0,6.33,1.06,Chandigarh,
Washington Sundar,"R.Premadasa Stadium, Khettarama",,0.0,,0.0,0.0,0.0,,,5.0,124.0,115.0,124.0,5.56,0.93,Colombo,
Washington Sundar,"Rajiv Gandhi International Stadium, Uppal",,0.0,,0.0,0.0,0.0,,,1.0,19.0,34.0,19.0,10.74,1.79,Hyderabad,
Washington Sundar,"Rajiv Gandhi International Stadium, Uppal, Hyderabad",1.0,1.0,1.0,0.0,0.0,1.0,100.0,1.0,1.0,7.0,4.0,7.0,3.43,0.57,Hyderabad,
Washington Sundar,Saurashtra Cricket Association Stadium,,0.0,,0.0,0.0,0.0,,,1.0,24.0,25.0,24.0,6.25,1.04,Rajkot,
Washington Sundar,"Saurashtra Cricket Association Stadium, Rajkot",1.0,6.0,15.0,0.0,0.0,15.0,40.0,0.4,1.0,6.0,15.0,6.0,15.0,2.5,Rajkot,
Washington Sundar,"Shrimant Madhavrao Scindia Cricket Stadium, Gwalior",,0.0,,0.0,0.0,0.0,,,1.0,12.0,12.0,12.0,6.0,1.0,Gwalior,
Washington Sundar,Sydney Cricket Ground,1.0,7.0,6.0,1.0,0.0,6.0,116.67,1.17,2.0,50.0,71.0,50.0,8.52,1.42,,
Washington Sundar,"Vidarbha Cricket Association Stadium, Jamtha",,0.0,,0.0,0.0,0.0,,,1.0,24.0,34.0,24.0,8.5,1.42,Nagpur,
Washington Sundar,Wankhede Stadium,,0.0,,0.0,0.0,0.0,,,2.0,31.0,27.0,31.0,5.23,0.87,Mumbai,
Washington Sundar,Westpac Stadium,1.0,0.0,3.0,0.0,0.0,3.0,0.0,0.0,1.0,12.0,24.0,12.0,12.0,2.0,Wellington,
Washington Sundar,Zhejiang University of Technology Cricket Field,,0.0,,0.0,0.0,0.0,,,2.0,31.0,26.0,31.0,5.03,0.84,Hangzhou,
Wasim Ali,Al Amerat Cricket Ground Oman Cricket (Ministry Turf 1),2.0,7.0,4.0,1.0,0.0,4.0,175.0,1.75,,,,,0.0,0.0,Al Amarat,
Wasim Ali,Al Amerat Cricket Ground Oman Cricket (Ministry Turf 2),1.0,8.0,3.0,0.0,1.0,3.0,266.67,2.67,1.0,1.0,1.0,1.0,6.0,1.0,Al Amarat,
XC Bartlett,"Bellerive Oval, Hobart",1.0,3.0,2.0,0.0,0.0,2.0,150.0,1.5,2.0,36.0,41.0,36.0,6.83,1.14,Hobart,
XC Bartlett,"Brisbane Cricket Ground, Woolloongabba, Brisbane",,0.0,,0.0,0.0,0.0,,,2.0,23.0,26.0,23.0,6.78,1.13,Brisbane,
XC Bartlett,Carrara Oval,1.0,0.0,1.0,0.0,0.0,1.0,0.0,0.0,1.0,16.0,21.0,16.0,7.88,1.31,Carrara,
XC Bartlett,"Manuka Oval, Canberra",,0.0,,0.0,0.0,0.0,,,1.0,8.0,11.0,8.0,8.25,1.38,Canberra,
XC Bartlett,Melbourne Cricket Ground,,0.0,,0.0,0.0,0.0,,,1.0,19.0,33.0,19.0,10.42,1.74,,
XC Bartlett,Sydney Cricket Ground,1.0,5.0,9.0,1.0,0.0,9.0,55.56,0.56,1.0,25.0,19.0,25.0,4.56,0.76,,
XM Marshall,"Coolidge Cricket Ground, Antigua",1.0,5.0,7.0,1.0,0.0,7.0,71.43,0.71,,,,,0.0,0.0,Coolidge,
XM Marshall,"White Hill Field, Sandys Parish",1.0,1.0,2.0,0.0,0.0,2.0,50.0,0.5,,,,,0.0,0.0,Hamilton,
Y Saranonnakkun,Sano International Cricket Ground,1.0,5.0,5.0,1.0,0.0,5.0,100.0,1.0,,,,,0.0,0.0,Sano,
YBK Jaiswal,Harare Sports Club,3.0,30.0,19.0,3.0,2.0,19.0,157.89,1.58,,,,,0.0,0.0,,
YBK Jaiswal,Zhejiang University of Technology Cricket Field,1.0,38.0,18.0,3.0,3.0,18.0,211.11,2.11,,,,,0.0,0.0,Hangzhou,
YM Nkanya,"Achimota Senior Secondary School B Field, Accra",,0.0,,0.0,0.0,0.0,,,1.0,1.0,1.0,1.0,6.0,1.0,Accra,
YM Nkanya,"Wanderers Cricket Ground, Windhoek",,0.0,,0.0,0.0,0.0,,,2.0,5.0,10.0,5.0,12.0,2.0,Windhoek,
YM Nkanya,"Willowmoore Park, Benoni",,0.0,,0.0,0.0,0.0,,,1.0,13.0,22.0,13.0,10.15,1.69,Benoni,
YS Chahal,Arun Jaitley Stadium,,0.0,,0.0,0.0,0.0,,,1.0,8.0,2.0,8.0,1.5,0.25,Delhi,
YS Chahal,Dubai International Cricket Stadium,,0.0,,0.0,0.0,0.0,,,2.0,33.0,51.0,33.0,9.27,1.55,,
YS Chahal,"Eden Gardens, Kolkata",,0.0,,0.0,0.0,0.0,,,1.0,3.0,1.0,3.0,2.0,0.33,Kolkata,
YS Chahal,Harare Sports Club,,0.0,,0.0,0.0,0.0,,,1.0,4.0,3.0,4.0,4.5,0.75,,
YS Chahal,"R.Premadasa Stadium, Khettarama",,0.0,,0.0,0.0,0.0,,,2.0,7.0,5.0,7.0,4.29,0.71,Colombo,
YS Chahal,Saurashtra Cricket Association Stadium,,0.0,,0.0,0.0,0.0,,,1.0,17.0,23.0,17.0,8.12,1.35,Rajkot,
YS Chahal,"The Village, Malahide",,0.0,,0.0,0.0,0.0,,,1.0,4.0,3.0,4.0,4.5,0.75,Dublin,
YS Chahal,"The Village, Malahide, Dublin",,0.0,,0.0,0.0,0.0,,,1.0,5.0,2.0,5.0,2.4,0.4,Dublin,
YS Chahal,"Vidarbha Cricket Association Stadium, Jamtha",,0.0,,0.0,0.0,0.0,,,1.0,11.0,29.0,11.0,15.82,2.64,Nagpur,
YS Samra,"Jimmy Powell Oval, Cayman Islands",1.0,3.0,7.0,0.0,0.0,7.0,42.86,0.43,,,,,0.0,0.0,George Town,
YS Samra,"Namibia Cricket Ground, Windhoek",1.0,2.0,9.0,0.0,0.0,9.0,22.22,0.22,,,,,0.0,0.0,Windhoek,
YSD Seneveratne,"Jimmy Powell Oval, Cayman Islands",1.0,2.0,5.0,0.0,0.0,5.0,40.0,0.4,,,,,0.0,0.0,George Town,
YSD Seneveratne,National Stadium,,0.0,,0.0,0.0,0.0,,,1.0,5.0,4.0,5.0,4.8,0.8,Karachi,
YSD Seneveratne,"White Hill Field, Sandys Parish",1.0,1.0,2.0,0.0,0.0,2.0,50.0,0.5,1.0,4.0,11.0,4.0,16.5,2.75,Hamilton,
Yasim Murtaza,Al Amerat Cricket Ground Oman Cricket (Ministry Turf 1),3.0,21.0,19.0,3.0,0.0,19.0,110.53,1.11,3.0,25.0,23.0,25.0,5.52,0.92,Al Amarat,
Yasim Murtaza,Bulawayo Athletic Club,1.0,2.0,2.0,0.0,0.0,2.0,100.0,1.0,1.0,10.0,3.0,10.0,1.8,0.3,Bulawayo,
Yasim Murtaza,Dubai International Cricket Stadium,1.0,8.0,6.0,2.0,0.0,6.0,133.33,1.33,1.0,10.0,8.0,10.0,4.8,0.8,,
Yasim Murtaza,Mulpani Cricket Ground,1.0,8.0,9.0,0.0,0.0,9.0,88.89,0.89,1.0,9.0,11.0,9.0,7.33,1.22,Kathmandu,
Yasim Murtaza,"Queens Sports Club, Bulawayo",1.0,5.0,3.0,1.0,0.0,3.0,166.67,1.67,1.0,6.0,6.0,6.0,6.0,1.0,Bulawayo,
Yasim Murtaza,Sharjah Cricket Stadium,,0.0,,0.0,0.0,0.0,,,1.0,24.0,36.0,24.0,9.0,1.5,Sharjah,
Yasim Murtaza,"Zayed Cricket Stadium, Abu Dhabi",1.0,28.0,20.0,2.0,2.0,20.0,140.0,1.4,1.0,25.0,39.0,25.0,9.36,1.56,Abu Dhabi,
Yasin Patel,Al Amerat Cricket Ground Oman Cricket (Ministry Turf 1),,0.0,,0.0,0.0,0.0,,,2.0,12.0,9.0,12.0,4.5,0.75,Al Amarat,
Yasin Patel,Al Amerat Cricket Ground Oman Cricket (Ministry Turf 2),1.0,8.0,13.0,0.0,0.0,13.0,61.54,0.62,1.0,13.0,22.0,13.0,10.15,1.69,Al Amarat,
Yasin Patel,"Mission Road Ground, Mong Kok, Hong Kong",2.0,2.0,5.0,0.0,0.0,5.0,40.0,0.4,2.0,16.0,14.0,16.0,5.25,0.88,Mong Kok,
Yasin Patel,"West End Park International Cricket Stadium, Doha",1.0,1.0,2.0,0.0,0.0,2.0,50.0,0.5,1.0,13.0,22.0,13.0,10.15,1.69,Doha,
Yasir Ali Chowdhury,Adelaide Oval,1.0,1.0,2.0,0.0,0.0,2.0,50.0,0.5,,,,,0.0,0.0,Adelaide,
Yasir Ali Chowdhury,"Bellerive Oval, Hobart",1.0,2.0,2.0,0.0,0.0,2.0,100.0,1.0,,,,,0.0,0.0,Hobart,
Yasir Ali Chowdhury,"Hagley Oval, Christchurch",3.0,26.0,13.0,3.0,1.0,13.0,200.0,2.0,,,,,0.0,0.0,Christchurch,
Yasir Ali Chowdhury,Zhejiang University of Technology Cricket Field,1.0,32.0,12.0,3.0,2.0,12.0,266.67,2.67,,,,,0.0,0.0,Hangzhou,
Yasir Mohammad,"Jimmy Powell Oval, Cayman Islands",1.0,1.0,1.0,0.0,0.0,1.0,100.0,1.0,2.0,13.0,15.0,13.0,6.92,1.15,George Town,
Yasir Mohammad,"Sportpark Maarschalkerweerd, Utrecht",1.0,2.0,4.0,0.0,0.0,4.0,50.0,0.5,,,,,0.0,0.0,Utrecht,
Yusuf Ebrahim,"National Stadium, Hamilton",1.0,3.0,7.0,0.0,0.0,7.0,42.86,0.43,,,,,0.0,0.0,Hamilton,
Yuvraj Singh,"MA Chidambaram Stadium, Chepauk",1.0,10.0,4.0,1.0,0.0,4.0,250.0,2.5,,,,,0.0,0.0,Chennai,
Yuvraj Singh,Shere Bangla National Stadium,1.0,6.0,3.0,1.0,0.0,3.0,200.0,2.0,,,,,0.0,0.0,Mirpur,
Yves Cyusa,"Ruaraka Sports Club Ground, Nairobi",1.0,6.0,2.0,0.0,1.0,2.0,300.0,3.0,,,,,0.0,0.0,Nairobi,
Z Bimenyimana,"Gymkhana Club Ground, Nairobi",,0.0,,0.0,0.0,0.0,,,1.0,4.0,7.0,4.0,10.5,1.75,Nairobi,
Z Bimenyimana,Integrated Polytechnic Regional Centre,,0.0,,0.0,0.0,0.0,,,1.0,4.0,9.0,4.0,13.5,2.25,Kigali City,
Z Bimenyimana,"Wanderers Cricket Ground, Windhoek",1.0,0.0,1.0,0.0,0.0,1.0,0.0,0.0,1.0,7.0,5.0,7.0,4.29,0.71,Windhoek,
Z Burgess,"Jimmy Powell Oval, Cayman Islands",,0.0,,0.0,0.0,0.0,,,2.0,15.0,23.0,15.0,9.2,1.53,George Town,
Z Burgess,"Maple Leaf North-West Ground, King City",1.0,0.0,4.0,0.0,0.0,4.0,0.0,0.0,,,,,0.0,0.0,King City,
Z Burgess,"National Stadium, Hamilton",1.0,1.0,2.0,0.0,0.0,2.0,50.0,0.5,1.0,3.0,3.0,3.0,6.0,1.0,Hamilton,
Z Burgess,"White Hill Field, Sandys Parish",1.0,1.0,4.0,0.0,0.0,4.0,25.0,0.25,1.0,7.0,2.0,7.0,1.71,0.29,Hamilton,
Z Hoque,Terdthai Cricket Ground,1.0,1.0,3.0,0.0,0.0,3.0,33.33,0.33,1.0,3.0,1.0,3.0,2.0,0.33,Bangkok,
Z McLaughlin,"White Hill Field, Sandys Parish",1.0,2.0,7.0,0.0,0.0,7.0,28.57,0.29,,,,,0.0,0.0,Hamilton,
Z Motara,Sharjah Cricket Stadium,,0.0,,0.0,0.0,0.0,,,1.0,3.0,5.0,3.0,10.0,1.67,Sharjah,
Z Shurentsetseg,Sano International Cricket Ground,1.0,1.0,4.0,0.0,0.0,4.0,25.0,0.25,,,,,0.0,0.0,Sano,
ZB Lion-Cachet,"Sportpark Maarschalkerweerd, Utrecht",3.0,12.0,17.0,0.0,0.0,17.0,70.59,0.71,3.0,21.0,19.0,21.0,5.43,0.9,Utrecht,
ZB Lion-Cachet,"Sportpark Westvliet, The Hague",1.0,0.0,7.0,0.0,0.0,7.0,0.0,0.0,1.0,8.0,12.0,8.0,9.0,1.5,The Hague,
ZB Lion-Cachet,"Titwood, Glasgow",1.0,1.0,1.0,0.0,0.0,1.0,100.0,1.0,1.0,2.0,1.0,2.0,3.0,0.5,Glasgow,
ZE Green,Al Amerat Cricket Ground Oman Cricket (Ministry Turf 1),4.0,20.0,29.0,1.0,0.0,29.0,68.97,0.69,,,,,0.0,0.0,Al Amarat,
ZE Green,Dubai International Cricket Stadium,1.0,5.0,7.0,1.0,0.0,7.0,71.43,0.71,,,,,0.0,0.0,,
ZE Green,"Namibia Cricket Ground, Windhoek",1.0,9.0,3.0,0.0,1.0,3.0,300.0,3.0,,,,,0.0,0.0,Windhoek,
ZE Green,"Queens Sports Club, Bulawayo",5.0,29.0,27.0,1.0,0.0,27.0,107.41,1.07,,,,,0.0,0.0,Bulawayo,
ZE Green,Sharjah Cricket Stadium,1.0,1.0,1.0,0.0,0.0,1.0,100.0,1.0,,,,,0.0,0.0,Sharjah,
ZE Green,"Tribhuvan University International Cricket Ground, Kirtipur",1.0,2.0,4.0,0.0,0.0,4.0,50.0,0.5,,,,,0.0,0.0,Kirtipur,
ZE Green,"United Cricket Club Ground, Windhoek",1.0,0.0,2.0,0.0,0.0,2.0,0.0,0.0,,,,,0.0,0.0,Windhoek,
ZE Green,"Wanderers Cricket Ground, Windhoek",1.0,5.0,14.0,0.0,0.0,14.0,35.71,0.36,,,,,0.0,0.0,Windhoek,
ZGF Foulkes,"Bay Oval, Mount Maunganui",1.0,3.0,3.0,0.0,0.0,3.0,100.0,1.0,1.0,26.0,25.0,26.0,5.77,0.96,Mount Maunganui,
ZGF Foulkes,"Gaddafi Stadium, Lahore",1.0,0.0,1.0,0.0,0.0,1.0,0.0,0.0,1.0,23.0,29.0,23.0,7.57,1.26,Lahore,
ZGF Foulkes,"Hagley Oval, Christchurch",,0.0,,0.0,0.0,0.0,,,1.0,19.0,12.0,19.0,3.79,0.63,Christchurch,
ZGF Foulkes,Rawalpindi Cricket Stadium,,0.0,,0.0,0.0,0.0,,,1.0,24.0,38.0,24.0,9.5,1.58,,
ZGF Foulkes,"University Oval, Dunedin",,0.0,,0.0,0.0,0.0,,,1.0,18.0,32.0,18.0,10.67,1.78,Dunedin,
ZM Tribe,"Goldenacre, Edinburgh",1.0,6.0,6.0,1.0,0.0,6.0,100.0,1.0,,,,,0.0,0.0,Edinburgh,
Zaheer Maqsood,Sheikh Zayed Stadium,,0.0,,0.0,0.0,0.0,,,1.0,7.0,11.0,7.0,9.43,1.57,Abu Dhabi,
Zahid Ali,Al Amerat Cricket Ground Oman Cricket (Ministry Turf 1),1.0,2.0,2.0,0.0,0.0,2.0,100.0,1.0,2.0,13.0,16.0,13.0,7.38,1.23,Al Amarat,
Zahir Mohammed,"Moara Vlasiei Cricket Ground, Ilfov County",1.0,3.0,3.0,0.0,0.0,3.0,100.0,1.0,,,,,0.0,0.0,Ilfov County,
Zahoor Khan,Al Amerat Cricket Ground Oman Cricket (Ministry Turf 1),,0.0,,0.0,0.0,0.0,,,2.0,8.0,8.0,8.0,6.0,1.0,Al Amarat,
Zahoor Khan,Dubai International Cricket Stadium,,0.0,,0.0,0.0,0.0,,,2.0,13.0,29.0,13.0,13.38,2.23,,
Zahoor Khan,ICC Academy,1.0,0.0,2.0,0.0,0.0,2.0,0.0,0.0,3.0,7.0,7.0,7.0,6.0,1.0,Dubai,
Zahoor Khan,"ICC Academy, Dubai",,0.0,,0.0,0.0,0.0,,,1.0,1.0,0.0,1.0,0.0,0.0,Dubai,
Zahoor Khan,Mulpani Cricket Ground,,0.0,,0.0,0.0,0.0,,,2.0,17.0,29.0,17.0,10.24,1.71,Kathmandu,
Zahoor Khan,Sheikh Zayed Stadium,1.0,0.0,2.0,0.0,0.0,2.0,0.0,0.0,2.0,13.0,15.0,13.0,6.92,1.15,Abu Dhabi,
Zahoor Khan,"Tribhuvan University International Cricket Ground, Kirtipur",,0.0,,0.0,0.0,0.0,,,1.0,10.0,9.0,10.0,5.4,0.9,Kirtipur,
Zahoor Khan,"West End Park International Cricket Stadium, Doha",,0.0,,0.0,0.0,0.0,,,1.0,15.0,16.0,15.0,6.4,1.07,Doha,
Zain Ul Abidin,Al Amerat Cricket Ground Oman Cricket (Ministry Turf 1),2.0,6.0,7.0,1.0,0.0,7.0,85.71,0.86,3.0,10.0,12.0,10.0,7.2,1.2,Al Amarat,
Zain Ul Abidin,"ICC Academy, Dubai",,0.0,,0.0,0.0,0.0,,,1.0,9.0,6.0,9.0,4.0,0.67,Dubai,
Zaker Taqawi,Bayer Uerdingen Cricket Ground,,0.0,,0.0,0.0,0.0,,,1.0,1.0,1.0,1.0,6.0,1.0,Krefeld,
Zaki Ul Hassan,Dreux Sport Cricket Club,,0.0,,0.0,0.0,0.0,,,1.0,5.0,5.0,5.0,6.0,1.0,Dreux,
Zaki Ul Hassan,"Moara Vlasiei Cricket Ground, Ilfov County",1.0,1.0,1.0,0.0,0.0,1.0,100.0,1.0,1.0,4.0,5.0,4.0,7.5,1.25,Ilfov County,
Zakir Hasan,Zhejiang University of Technology Cricket Field,1.0,0.0,2.0,0.0,0.0,2.0,0.0,0.0,,,,,0.0,0.0,Hangzhou,
Zawar Farid,Dubai International Cricket Stadium,2.0,9.0,8.0,1.0,0.0,8.0,112.5,1.12,2.0,27.0,44.0,27.0,9.78,1.63,,
Zeeshan Ali,Al Amerat Cricket Ground Oman Cricket (Ministry Turf 1),2.0,26.0,19.0,2.0,1.0,19.0,136.84,1.37,,,,,0.0,0.0,Al Amarat,
Zeeshan Ali,Bulawayo Athletic Club,1.0,2.0,2.0,0.0,0.0,2.0,100.0,1.0,,,,,0.0,0.0,Bulawayo,
Zeeshan Ali,Dubai International Cricket Stadium,1.0,18.0,7.0,2.0,1.0,7.0,257.14,2.57,,,,,0.0,0.0,,
Zeeshan Ali,Mulpani Cricket Ground,2.0,7.0,7.0,1.0,0.0,7.0,100.0,1.0,,,,,0.0,0.0,Kathmandu,
Zeeshan Ali,Sharjah Cricket Stadium,1.0,3.0,5.0,0.0,0.0,5.0,60.0,0.6,,,,,0.0,0.0,Sharjah,
Zeeshan Ali,"Zayed Cricket Stadium, Abu Dhabi",1.0,30.0,36.0,3.0,1.0,36.0,83.33,0.83,,,,,0.0,0.0,Abu Dhabi,
Zeeshan Maqsood,Al Amerat Cricket Ground Oman Cricket (Ministry Turf 1),21.0,524.0,398.0,45.0,25.0,398.0,131.66,1.32,27.0,473.0,499.0,473.0,6.33,1.05,Al Amarat,
Zeeshan Maqsood,Al Amerat Cricket Ground Oman Cricket (Ministry Turf 2),4.0,91.0,82.0,10.0,2.0,82.0,110.98,1.11,4.0,63.0,83.0,63.0,7.9,1.32,Al Amarat,
Zeeshan Maqsood,Dubai International Cricket Stadium,3.0,21.0,34.0,3.0,0.0,34.0,61.76,0.62,2.0,48.0,44.0,48.0,5.5,0.92,,
Zeeshan Maqsood,Himachal Pradesh Cricket Association Stadium,2.0,38.0,36.0,6.0,0.0,36.0,105.56,1.06,,,,,0.0,0.0,Dharamsala,
Zeeshan Maqsood,ICC Academy,1.0,19.0,12.0,0.0,2.0,12.0,158.33,1.58,,,,,0.0,0.0,Dubai,
Zeeshan Maqsood,"Kensington Oval, Bridgetown, Barbados",2.0,24.0,28.0,4.0,0.0,28.0,85.71,0.86,2.0,18.0,24.0,18.0,8.0,1.33,Bridgetown,
Zeeshan Maqsood,Khan Shaheb Osman Ali Stadium,1.0,17.0,13.0,1.0,1.0,13.0,130.77,1.31,1.0,24.0,54.0,24.0,13.5,2.25,Fatullah,
Zeeshan Maqsood,"Maple Leaf North-West Ground, King City",4.0,47.0,52.0,2.0,3.0,52.0,90.38,0.9,4.0,79.0,61.0,79.0,4.63,0.77,King City,
Zeeshan Maqsood,Sheikh Zayed Stadium,9.0,218.0,200.0,32.0,1.0,200.0,109.0,1.09,8.0,150.0,163.0,150.0,6.52,1.09,Abu Dhabi,
Zeeshan Maqsood,Shere Bangla National Stadium,1.0,46.0,44.0,5.0,1.0,44.0,104.55,1.05,1.0,12.0,18.0,12.0,9.0,1.5,Mirpur,
Zeeshan Maqsood,"Sir Vivian Richards Stadium, North Sound, Antigua",2.0,4.0,9.0,0.0,0.0,9.0,44.44,0.44,1.0,12.0,22.0,12.0,11.0,1.83,North Sound,
Zeeshan Maqsood,Tolerance Oval,1.0,3.0,5.0,0.0,0.0,5.0,60.0,0.6,2.0,36.0,37.0,36.0,6.17,1.03,Abu Dhabi,
Zeeshan Maqsood,"Tribhuvan University International Cricket Ground, Kirtipur",4.0,140.0,109.0,11.0,7.0,109.0,128.44,1.28,5.0,96.0,91.0,96.0,5.69,0.95,Kirtipur,
Zikria Islam,Dubai International Cricket Stadium,1.0,0.0,8.0,0.0,0.0,8.0,0.0,0.0,,,,,0.0,0.0,,
Zikria Islam,"Zayed Cricket Stadium, Abu Dhabi",1.0,0.0,2.0,0.0,0.0,2.0,0.0,0.0,1.0,4.0,4.0,4.0,6.0,1.0,Abu Dhabi,
Zubaidi Zulkifle,"Tribhuvan University International Cricket Ground, Kirtipur",3.0,57.0,38.0,7.0,1.0,38.0,150.0,1.5,,,,,0.0,0.0,Kirtipur,
Zubaidi Zulkifle,Zhejiang University of Technology Cricket Field,1.0,1.0,1.0,0.0,0.0,1.0,100.0,1.0,,,,,0.0,0.0,Hangzhou,
Zubair Ali,Al Amerat Cricket Ground Oman Cricket (Ministry Turf 1),1.0,8.0,6.0,1.0,0.0,6.0,133.33,1.33,,,,,0.0,0.0,Al Amarat,
Zubair Ali,Al Amerat Cricket Ground Oman Cricket (Ministry Turf 2),1.0,3.0,3.0,0.0,0.0,3.0,100.0,1.0,,,,,0.0,0.0,Al Amarat,
Zuhaib Zubair,Dubai International Cricket Stadium,1.0,3.0,4.0,0.0,0.0,4.0,75.0,0.75,,,,,0.0,0.0,,
Zuhaib Zubair,Sharjah Cricket Stadium,1.0,0.0,2.0,0.0,0.0,2.0,0.0,0.0,1.0,19.0,36.0,19.0,11.37,1.89,Sharjah,
